Date,Wholesale broiler composite,OT,Retail-wholesale spread for broiler composite,date,start_date,end_date,fact,preds,text_source,text_start_date,text_end_date,text_age_days,text_window_days
1980-01-01,,93.3039576,,1980-01-01,1980-01-01,1980-01-31,No information available,No information available,none,,,,31
1980-02-01,,92.39119,,1980-02-01,1980-02-01,1980-02-29,No information available,No information available,none,,,,31
1980-03-01,,90.8114008,,1980-03-01,1980-03-01,1980-03-31,No information available,No information available,none,,,,31
1980-04-01,,88.235892,,1980-04-01,1980-04-01,1980-04-30,No information available,No information available,none,,,,31
1980-05-01,,88.5777142,,1980-05-01,1980-05-01,1980-05-31,No information available,No information available,none,,,,31
1980-06-01,,90.2793988,,1980-06-01,1980-06-01,1980-06-30,No information available,No information available,none,,,,31
1980-07-01,,97.53958,,1980-07-01,1980-07-01,1980-07-31,No information available,No information available,none,,,,31
1980-08-01,,101.2356736,,1980-08-01,1980-08-01,1980-08-31,No information available,No information available,none,,,,31
1980-09-01,,106.4478102,,1980-09-01,1980-09-01,1980-09-30,No information available,No information available,none,,,,31
1980-10-01,,105.8828064,,1980-10-01,1980-10-01,1980-10-31,"The supply of broilers and fryers in the southeastern United States was adequate, with moderate demand, as of September 30, 1980. Weights were desirable for the market, with U.S. grade ready-to-cook broilers available.",NAHere is the summarized information:;NA,search,1980-09-29,1980-10-05,26.0,31
1980-11-01,,104.6288648,,1980-11-01,1980-11-01,1980-11-30,No information available,No information available,none,,,,31
1980-12-01,,104.725368,,1980-12-01,1980-12-01,1980-12-31,No information available,No information available,none,,,,31
1981-01-01,,104.2318882,,1981-01-01,1981-01-01,1981-01-31,No information available,No information available,none,,,,31
1981-02-01,,105.2244048,,1981-02-01,1981-02-01,1981-02-28,No information available,No information available,none,,,,31
1981-03-01,,104.6880228,,1981-03-01,1981-03-01,1981-03-31,No information available,No information available,none,,,,31
1981-04-01,,100.7707424,,1981-04-01,1981-04-01,1981-04-30,"The United States had more than a year's supply of live poultry on hand by the end of 1980, leading to low demand from manufacturers.",NAHere is the filtered information:;NA,search,1981-04-13,1981-04-19,11.0,31
1981-05-01,,101.115754,,1981-05-01,1981-05-01,1981-05-31,No information available,No information available,none,,,,31
1981-06-01,,102.1674952,,1981-06-01,1981-06-01,1981-06-30,No information available,No information available,none,,,,31
1981-07-01,,108.646997,,1981-07-01,1981-07-01,1981-07-31,The poultry industry in the United States has a long history of using rendering.,NAHere is the summarized output:;NA,search,1981-06-29,1981-07-05,26.0,31
1981-08-01,,106.6293088,,1981-08-01,1981-08-01,1981-08-31,"The United States broiler market is not explicitly mentioned in the provided search results. However, it is mentioned that poultry is one of the non-traded goods in the agricultural sector.","NAIt appears that the search result is not relevant to United States Retail Broiler or Retail Chicken. The article seems to be discussing fish oils and soybean oil in diets for rainbow trout and broiler rations, which is not related to the retail market of broilers or chickens in the United States. Here is the output:;NA",search,1981-08-10,1981-08-16,15.0,31
1981-09-01,,104.562828,,1981-09-01,1981-09-01,1981-09-30,"The article discusses the electrical energy used and time consumed when cooking foods, specifically comparing chicken cooked electronically with conventionally cooked chicken, and broiler-fryers fried by three different methods.",NA;NA,search,1981-08-31,1981-09-06,24.0,31
1981-10-01,,104.2693858,,1981-10-01,1981-10-01,1981-10-31,NA (No relevant information about the current United States broiler market situation was found in these search results.),NA (No relevant information was found to make long-term predictions about the United States broiler market.) NA (This search result is not relevant to the United States broiler market);NA (No relevant information was found to make short-term predictions about the United States broiler market.),search,1981-10-12,1981-10-18,13.0,31
1981-11-01,,103.0037,,1981-11-01,1981-11-01,1981-11-30,No information available,No information available,none,,,,31
1981-12-01,,102.241345,,1981-12-01,1981-12-01,1981-12-31,No information available,No information available,none,,,,31
1982-01-01,,104.3393132,,1982-01-01,1982-01-01,1982-01-31,No information available,No information available,none,,,,31
1982-02-01,,105.041272,,1982-02-01,1982-02-01,1982-02-28,No information available,No information available,none,,,,31
1982-03-01,,102.7946548,,1982-03-01,1982-03-01,1982-03-31,NA (No relevant information found related to United States broiler market),"NA (No relevant information found related to United States broiler market) Note: The provided search results are not related to the United States broiler market, so no useful information can be extracted.It appears that the provided text is not related to United States Retail Broiler or Retail Chicken. The text seems to be a list of entities with their registration details, and none of them appear to be related to the US retail broiler or retail chicken industry. Here is the output:;NA (No relevant information found related to United States broiler market)",search,1982-03-01,1982-03-07,24.0,31
1982-04-01,,101.9488548,,1982-04-01,1982-04-01,1982-04-30,No information available,No information available,none,,,,31
1982-05-01,,103.4390286,,1982-05-01,1982-05-01,1982-05-31,No information available,No information available,none,,,,31
1982-06-01,,103.6612094,,1982-06-01,1982-06-01,1982-06-30,No information available,No information available,none,,,,31
1982-07-01,,105.4098888,,1982-07-01,1982-07-01,1982-07-31,No information available,No information available,none,,,,31
1982-08-01,,104.0789592,,1982-08-01,1982-08-01,1982-08-31,No information available,No information available,none,,,,31
1982-09-01,,103.5172,,1982-09-01,1982-09-01,1982-09-30,No information available,No information available,none,,,,31
1982-10-01,,102.4454076,,1982-10-01,1982-10-01,1982-10-31,No information available,No information available,none,,,,31
1982-11-01,,101.300239,,1982-11-01,1982-11-01,1982-11-30,No information available,No information available,none,,,,31
1982-12-01,,100.6421184,,1982-12-01,1982-12-01,1982-12-31,No information available,No information available,none,,,,31
1983-01-01,,100.91756,,1983-01-01,1983-01-01,1983-01-31,No information available,No information available,none,,,,31
1983-02-01,,102.2133514,,1983-02-01,1983-02-01,1983-02-28,No information available,No information available,none,,,,31
1983-03-01,,103.0803168,,1983-03-01,1983-03-01,1983-03-31,No information available,No information available,none,,,,31
1983-04-01,,101.621263,,1983-04-01,1983-04-01,1983-04-30,"The United States broiler market is not directly mentioned in the provided search results. However, it is mentioned that Mississippi accounts for at least 70 percent of national catfish output.","NASince the provided search result is not relevant to predicting United States Retail Broiler or Retail Chicken, I will provide ""NA"" for each part.;NA",search,1983-03-28,1983-04-03,27.0,31
1983-05-01,,103.1935616,,1983-05-01,1983-05-01,1983-05-31,NA (This source is not relevant to predicting United States Retail Broiler or Retail Chicken),NA (No long-term predictions can be made from this source);NA (No short-term predictions can be made from this source),search,1983-04-25,1983-05-01,30.0,31
1983-06-01,,101.455072,,1983-06-01,1983-06-01,1983-06-30,No information available,No information available,none,,,,31
1983-07-01,,105.7291622,,1983-07-01,1983-07-01,1983-07-31,No information available,No information available,none,,,,31
1983-08-01,,106.9239986,,1983-08-01,1983-08-01,1983-08-31,No information available,No information available,none,,,,31
1983-09-01,,110.2481296,,1983-09-01,1983-09-01,1983-09-30,The Federal Register provides a uniform system for making available to the public regulations and legal notices issued by federal agencies in the United States.,NA;NA,search,1983-09-12,1983-09-18,12.0,31
1983-10-01,,105.9618056,,1983-10-01,1983-10-01,1983-10-31,No information available,No information available,none,,,,31
1983-11-01,,108.3355678,,1983-11-01,1983-11-01,1983-11-30,No information available,No information available,none,,,,31
1983-12-01,,114.1350754,,1983-12-01,1983-12-01,1983-12-31,"The national average market price received by farmers was below the target price, deficiency payments were made to eligible producers in 1983.",NAHere is the summarized information:;NA,search,1983-12-12,1983-12-18,13.0,31
1984-01-01,,120.6977236,,1984-01-01,1984-01-01,1984-01-31,No information available,No information available,none,,,,31
1984-02-01,,125.5589072,,1984-02-01,1984-02-01,1984-02-29,No information available,No information available,none,,,,31
1984-03-01,,124.1408596,,1984-03-01,1984-03-01,1984-03-31,No information available,No information available,none,,,,31
1984-04-01,,122.974829,,1984-04-01,1984-04-01,1984-04-30,No information available,No information available,none,,,,31
1984-05-01,,119.2377432,,1984-05-01,1984-05-01,1984-05-31,No information available,No information available,none,,,,31
1984-06-01,,120.4480128,,1984-06-01,1984-06-01,1984-06-30,No information available,No information available,none,,,,31
1984-07-01,,120.8759936,,1984-07-01,1984-07-01,1984-07-31,No information available,No information available,none,,,,31
1984-08-01,,116.215539,,1984-08-01,1984-08-01,1984-08-31,No information available,No information available,none,,,,31
1984-09-01,,117.94234,,1984-09-01,1984-09-01,1984-09-30,No information available,No information available,none,,,,31
1984-10-01,,114.7877024,,1984-10-01,1984-10-01,1984-10-31,No information available,No information available,none,,,,31
1984-11-01,,114.512484,,1984-11-01,1984-11-01,1984-11-30,No information available,No information available,none,,,,31
1984-12-01,,113.9187144,,1984-12-01,1984-12-01,1984-12-31,NA (No relevant information found about the United States broiler market),"NA (No relevant information found to make long-term predictions about the United States broiler market) Since the provided search result is not directly related to United States Retail Broiler or Retail Chicken, I will indicate ""NA"" for all parts.;NA (No relevant information found to make short-term predictions about the United States broiler market)",search,1984-11-26,1984-12-02,29.0,31
1985-01-01,,116.610535,,1985-01-01,1985-01-01,1985-01-31,No information available,No information available,none,,,,31
1985-02-01,,116.3889212,,1985-02-01,1985-02-01,1985-02-28,No information available,No information available,none,,,,31
1985-03-01,,115.2830096,,1985-03-01,1985-03-01,1985-03-31,No information available,No information available,none,,,,31
1985-04-01,,113.0111368,,1985-04-01,1985-04-01,1985-04-30,"The United States exports agricultural products, including poultry, to various countries, and the demand for these products can be affected by economic growth rates in these countries.",NAHere is the summary of the useful filtered information:;NA,search,1985-04-15,1985-04-21,9.0,31
1985-05-01,,112.843024,,1985-05-01,1985-05-01,1985-05-31,No information available,No information available,none,,,,31
1985-06-01,,114.328076,,1985-06-01,1985-06-01,1985-06-30,No information available,No information available,none,,,,31
1985-07-01,,115.3055992,,1985-07-01,1985-07-01,1985-07-31,"The United States Department of Labor, Bureau of Labor Statistics data and USD market basket statistics show that retail poultry prices averaged a certain amount in 1984.",NAHere is the summarized information:;NA,search,1985-07-15,1985-07-21,10.0,31
1985-08-01,,113.2766336,,1985-08-01,1985-08-01,1985-08-31,No information available,No information available,none,,,,31
1985-09-01,,114.7296,,1985-09-01,1985-09-01,1985-09-30,No information available,No information available,none,,,,31
1985-10-01,,112.6197552,,1985-10-01,1985-10-01,1985-10-31,No information available,No information available,none,,,,31
1985-11-01,,115.8473632,,1985-11-01,1985-11-01,1985-11-30,No information available,No information available,none,,,,31
1985-12-01,,121.074474,,1985-12-01,1985-12-01,1985-12-31,"The number of Kentucky Fried Chicken (KFC) restaurants in the US in 1985 was 4,500.",NA;NA,search,1985-11-25,1985-12-01,30.0,31
1986-01-01,,119.5894266,,1986-01-01,1986-01-01,1986-01-31,The southeastern states produce 88 percent of U.S. broilers.,NAHere is the summary of the search results:;NA,search,1985-12-30,1986-01-05,26.0,31
1986-02-01,,117.1964574,,1986-02-01,1986-02-01,1986-02-28,No information available,No information available,none,,,,31
1986-03-01,,115.4630568,,1986-03-01,1986-03-01,1986-03-31,The United States was considered the world's low-cost producer of food in 1986.,NAThis search result appears to be unrelated to United States Retail Broiler or Retail Chicken. There is no useful information that can be gleaned from this result to make predictions about the topic. Here is the output:;NA,search,1986-03-24,1986-03-30,1.0,31
1986-04-01,,116.4438852,,1986-04-01,1986-04-01,1986-04-30,"The United States was a major player in global trade, with a significant market share in 1986.","NAThis search result does not provide any relevant information about United States Retail Broiler or Retail Chicken. The content appears to be a handbook for subsistence specialists in the US Coast Guard, discussing various topics such as cooking and food preparation. Here is the summary:;NA",search,1986-04-14,1986-04-20,10.0,31
1986-05-01,,116.486737,,1986-05-01,1986-05-01,1986-05-31,No information available,No information available,none,,,,31
1986-06-01,,121.9123852,,1986-06-01,1986-06-01,1986-06-30,No information available,No information available,none,,,,31
1986-07-01,,132.924856,,1986-07-01,1986-07-01,1986-07-31,The poultry prices in the United States saw a 6.2 percent gain in July 1986.,"NA Note: The provided search results do not contain sufficient information to make predictions about the United States broiler market, except for the fact that poultry prices saw a 6.2 percent gain in July 1986. The other results are unrelated to the broiler market.This search result is not relevant to United States Retail Broiler or Retail Chicken, as it discusses animal behavior and feral state of chickens, which is not directly related to retail broiler or chicken market. Here is the output:;NA",search,1986-07-07,1986-07-13,18.0,31
1986-08-01,,144.088662,,1986-08-01,1986-08-01,1986-08-31,No information available,No information available,none,,,,31
1986-09-01,,139.6933952,,1986-09-01,1986-09-01,1986-09-30,NA (No relevant information found about the United States broiler market situation),"NA (No relevant predictions can be made for the long-term future based on the provided search results) After reviewing the search results, I found that there is no relevant information related to United States Retail Broiler or Retail Chicken. The search results appear to be unrelated to the topic. Here is the output:;NA (No relevant predictions can be made for the short-term future based on the provided search results)",search,1986-09-15,1986-09-21,9.0,31
1986-10-01,,136.1910876,,1986-10-01,1986-10-01,1986-10-31,The United States is a major supplier of frozen fish fillets.,"As the southeastern United States recovers from the adverse weather, broiler production and prices may return to normal, potentially leading to a decrease in prices. Here is the summarized information:;Broiler prices may continue to rise in the short term due to the ongoing effects of adverse weather on production and supply.",search,1986-10-13,1986-10-19,12.0,31
1986-11-01,,137.6625264,,1986-11-01,1986-11-01,1986-11-30,No information available,No information available,none,,,,31
1986-12-01,,137.3675716,,1986-12-01,1986-12-01,1986-12-31,No information available,No information available,none,,,,31
1987-01-01,,130.620512,,1987-01-01,1987-01-01,1987-01-31,The Consumer Price Index (CPI) is a measure of the average change in the price paid by urban consumers for a fixed market basket of goods and services.,"NASince the provided search results are not directly related to United States Retail Broiler or Retail Chicken, I will indicate ""NA"" for most parts.;NA",search,1987-01-12,1987-01-18,13.0,31
1987-02-01,,128.6062912,,1987-02-01,1987-02-01,1987-02-28,The United States broiler market has seen an increase in demand due to hazards of contaminants in food.,"NAThis search result appears to be irrelevant to United States Retail Broiler or Retail Chicken. The document is an industrial waste treatment handbook from 1987, and the snippet provided does not contain any information related to retail broiler or chicken prices, market trends, or industry insights. Here is the output:;NA",search,1987-01-26,1987-02-01,27.0,31
1987-03-01,,126.4429248,,1987-03-01,1987-03-01,1987-03-31,No information available,No information available,none,,,,31
1987-04-01,,124.838605,,1987-04-01,1987-04-01,1987-04-30,"The United States Department of Agriculture has published a report on the chicken broiler industry, including its structure, production, and cost, in 1971.",NAHere is the summary:;NA,search,1987-04-13,1987-04-19,11.0,31
1987-05-01,,123.2568428,,1987-05-01,1987-05-01,1987-05-31,No information available,No information available,none,,,,31
1987-06-01,,121.884657,,1987-06-01,1987-06-01,1987-06-30,No information available,No information available,none,,,,31
1987-07-01,,119.9991864,,1987-07-01,1987-07-01,1987-07-31,The president of the National Broiler Council mentioned the growing U.S. market as a significant opportunity.,"NAThis search result is not relevant to United States Retail Broiler or Retail Chicken. It appears to be a news article from 1987 discussing unrelated topics such as a murder confession and liquor store hours on July 4. There is a brief mention of chicken being nutritious and safe when cooked and handled properly, but this is not useful information for predicting United States Retail Broiler or Retail Chicken. Here is the output:;NA",search,1987-06-29,1987-07-05,26.0,31
1987-08-01,,123.388214,,1987-08-01,1987-08-01,1987-08-31,No information available,No information available,none,,,,31
1987-09-01,,122.5653976,,1987-09-01,1987-09-01,1987-09-30,"The United States broiler market exported 286,011 cartons during a certain period in September 1987.","NASince the provided search results do not contain relevant information about United States Retail Broiler or Retail Chicken, I will mark most parts as ""NA"" (Not Available).;NA",search,1987-09-14,1987-09-20,10.0,31
1987-10-01,,123.0200188,,1987-10-01,1987-10-01,1987-10-31,There is no relevant objective fact about the United States broiler market situation in the provided search results.,NAHere is the summarized information:;NA,search,1987-09-28,1987-10-04,27.0,31
1987-11-01,,119.561109,,1987-11-01,1987-11-01,1987-11-30,No information available,No information available,none,,,,31
1987-12-01,,118.9630352,,1987-12-01,1987-12-01,1987-12-31,NA (No relevant information found about the United States broiler market situation),"NA (No relevant information found to make long-term predictions about the United States broiler market) Since the provided search result is not directly related to United States Retail Broiler or Retail Chicken, I will not be able to extract useful information for predictions. The result appears to be discussing the poultry meat market in Australia, not the United States. Here is the output:;NA (No relevant information found to make short-term predictions about the United States broiler market)",search,1987-12-14,1987-12-20,11.0,31
1988-01-01,,119.2587638,,1988-01-01,1988-01-01,1988-01-31,The federal government supports farm income through price support loans and guaranteed crop market prices.,NAHere is the summarized output:;NA,search,1988-01-04,1988-01-10,21.0,31
1988-02-01,,117.2203504,,1988-02-01,1988-02-01,1988-02-29,There is no objective fact about the United States broiler market situation in the provided search results.,"NAThis search result does not provide any relevant information about United States Retail Broiler or Retail Chicken. The text appears to be unrelated to the topic and mentions chicken soup, which is not relevant to retail broiler or chicken sales. Therefore, I will provide ""NA"" for all parts.;NA",search,1988-02-15,1988-02-21,8.0,31
1988-03-01,,120.362984,,1988-03-01,1988-03-01,1988-03-31,No information available,No information available,none,,,,31
1988-04-01,,121.2307926,,1988-04-01,1988-04-01,1988-04-30,No information available,No information available,none,,,,31
1988-05-01,,126.364757,,1988-05-01,1988-05-01,1988-05-31,No information available,No information available,none,,,,31
1988-06-01,,134.732654,,1988-06-01,1988-06-01,1988-06-30,NA (No relevant information found about the United States broiler market situation),NA (No relevant information found to make long-term predictions about the United States broiler market) Note: The search results provided do not contain any relevant information about the United States broiler market.Here is the summarized information:;NA (No relevant information found to make short-term predictions about the United States broiler market),search,1988-06-13,1988-06-19,11.0,31
1988-07-01,,146.3912884,,1988-07-01,1988-07-01,1988-07-31,No information available,No information available,none,,,,31
1988-08-01,,148.071178,,1988-08-01,1988-08-01,1988-08-31,Objective facts about the United States broiler market situation: NA,"Predictions you can make for the long-term future: NA Note: The provided search results do not contain any relevant information about the United States broiler market. The results appear to be unrelated to the broiler market and instead discuss various topics such as agriculture, international markets, and other industries. Therefore, it is not possible to extract any useful information or make predictions about the United States broiler market based on these search results.Here is the filtered and summarized information:;Predictions you can make for the short-term future: NA",search,1988-08-15,1988-08-21,10.0,31
1988-09-01,,148.1555038,,1988-09-01,1988-09-01,1988-09-30,No information available,No information available,none,,,,31
1988-10-01,,144.568045,,1988-10-01,1988-10-01,1988-10-31,There is no relevant information about the United States broiler market situation in the provided search results.,"Similarly, it's not possible to make long-term predictions about the United States broiler market based on the provided search results.;Due to the lack of relevant information, it's not possible to make short-term predictions about the United States broiler market.",search,1988-10-17,1988-10-23,8.0,31
1988-11-01,,141.2297488,,1988-11-01,1988-11-01,1988-11-30,No information available,No information available,none,,,,31
1988-12-01,,141.6085104,,1988-12-01,1988-12-01,1988-12-31,"The United States has a growing market for certain commodities, and market forces of supply and demand play a role in shaping the market.",NAHere is the summary of the search result:;NA,search,1988-12-12,1988-12-18,13.0,31
1989-01-01,,142.441643,,1989-01-01,1989-01-01,1989-01-31,No information available,No information available,none,,,,31
1989-02-01,,140.5259184,,1989-02-01,1989-02-01,1989-02-28,No information available,No information available,none,,,,31
1989-03-01,,141.5946202,,1989-03-01,1989-03-01,1989-03-31,No information available,No information available,none,,,,31
1989-04-01,,145.5409952,,1989-04-01,1989-04-01,1989-04-30,The United States had a broiler market program in place in 1989 that affected market channels in the country. The program allowed for a reduction in transportation costs to be reflected in the selling price.,"NAIt appears that this search result is not relevant to predicting United States Retail Broiler or Retail Chicken. The article seems to be a recipe for ""Champagne Cabbage"" and mentions broiler in the context of cooking instructions. Here is the output:;NA",search,1989-03-27,1989-04-02,28.0,31
1989-05-01,,151.398214,,1989-05-01,1989-05-01,1989-05-31,No information available,No information available,none,,,,31
1989-06-01,,158.1133846,,1989-06-01,1989-06-01,1989-06-30,"The 1988 drought in the United States led to a 29% decrease in broiler production and a 21% decrease in turkey production, causing commodity prices to increase.",NAHere is the summarized information about United States Retail Broiler or Retail Chicken:;NA,search,1989-06-12,1989-06-18,12.0,31
1989-07-01,,155.3472036,,1989-07-01,1989-07-01,1989-07-31,No information available,No information available,none,,,,31
1989-08-01,,152.176598,,1989-08-01,1989-08-01,1989-08-31,"The United States Department of Agriculture (USDA) has published a report on U.S. agricultural trade negotiations, which provides insights into the country's agricultural market.","NA Note: The provided search results do not contain any relevant information about the United States broiler market, which is the topic of interest. The results seem to be unrelated to the broiler market and focus on other aspects of agriculture, such as trade negotiations, agricultural finance, and heritage studies.It appears that the provided search result is not relevant to making predictions about United States Retail Broiler or Retail Chicken. The result seems to be an excerpt from a government gazette in Namibia from 1989, discussing a restaurant and unrelated topics. Here is the output:;NA",search,1989-08-14,1989-08-20,11.0,31
1989-09-01,,146.4646338,,1989-09-01,1989-09-01,1989-09-30,No information available,No information available,none,,,,31
1989-10-01,,144.66489,,1989-10-01,1989-10-01,1989-10-31,The articles do not provide any objective facts about the current United States broiler market situation. The articles are from 1989 and seem to be unrelated to the broiler market.,NAThis article is not relevant to United States Retail Broiler or Retail Chicken. Here is the output:;NA,search,1989-10-16,1989-10-22,9.0,31
1989-11-01,,140.381244,,1989-11-01,1989-11-01,1989-11-30,The United States is a major exporter of cheese to countries like Korea.,"NA Note: The provided search results do not contain specific information about the United States broiler market, making it difficult to provide objective facts, insights, and predictions. The only relevant information found is about the US being a major exporter of cheese to Korea, which is not directly related to the broiler market.;NA",search,1989-11-06,1989-11-12,18.0,31
1989-12-01,,140.2829128,,1989-12-01,1989-12-01,1989-12-31,"The broiler industry is affected by market prices, particularly for major staples.",NA;NA,search,1989-12-11,1989-12-17,14.0,31
1990-01-01,59.27,139.8430278,80.5730278,1990-01-01,1990-01-01,1990-01-31,No information available,No information available,none,,,,31
1990-02-01,67.63,142.616444,74.986444,1990-02-01,1990-02-01,1990-02-28,No information available,No information available,none,,,,31
1990-03-01,67.78,148.343028,80.563028,1990-03-01,1990-03-01,1990-03-31,No information available,No information available,none,,,,31
1990-04-01,63.64,143.4922484,79.8522484,1990-04-01,1990-04-01,1990-04-30,"The United States broiler market is not mentioned explicitly in the search results. However, it's worth noting that the Agricultural Marketing Agreement Act of 1937 aims to regulate market supply and demand, which could have an indirect impact on the broiler market.","NAThis article appears to be a recipe article and not related to United States Retail Broiler or Retail Chicken. Therefore, I will discard this information as irrelevant. Here is the output:;NA",search,1990-03-26,1990-04-01,29.0,31
1990-05-01,66.56,147.9143296,81.3543296,1990-05-01,1990-05-01,1990-05-31,The United States has fully automated broiler and egg production units.,NAHere is the filtered and summarized information:;NA,search,1990-05-14,1990-05-20,11.0,31
1990-06-01,59.41,148.4474272,89.0374272,1990-06-01,1990-06-01,1990-06-30,NA (No relevant information found about the United States broiler market),NA (No relevant information found about the United States broiler market)Here is the filtered and summarized information:;NA (No relevant information found about the United States broiler market),search,1990-05-28,1990-06-03,27.0,31
1990-07-01,66.95,149.960894,83.010894,1990-07-01,1990-07-01,1990-07-31,NA (No relevant information found about the United States broiler market),"NA (No relevant information found about the United States broiler market) Note: The provided search results do not contain any relevant information about the United States broiler market. The results seem to be unrelated to the topic, discussing sheep industry, national parks, net metering schemes, government reports, and dog licenses.Since the provided search results are not directly related to United States Retail Broiler or Retail Chicken, I will indicate ""NA"" for all parts.;NA (No relevant information found about the United States broiler market)",search,1990-07-09,1990-07-15,16.0,31
1990-08-01,62.05,147.2178242,85.1678242,1990-08-01,1990-08-01,1990-08-31,No information available,No information available,none,,,,31
1990-09-01,64.91,148.5534434,83.6434434,1990-09-01,1990-09-01,1990-09-30,No information available,No information available,none,,,,31
1990-10-01,56.59,145.2224144,88.6324144,1990-10-01,1990-10-01,1990-10-31,NA (No relevant information found related to the United States broiler market),NA (No relevant information found related to the United States broiler market)Here is the summary of the useful information:;NA (No relevant information found related to the United States broiler market),search,1990-10-08,1990-10-14,17.0,31
1990-11-01,54.98,143.381864,88.401864,1990-11-01,1990-11-01,1990-11-30,The United States is a significant player in the poultry production and consumption market.,NAHere is the summary of the useful filtered information:;NA,search,1990-10-29,1990-11-04,26.0,31
1990-12-01,56.32,141.06048,84.74048,1990-12-01,1990-12-01,1990-12-31,No information available,No information available,none,,,,31
1991-01-01,60.17,144.31192,84.14192,1991-01-01,1991-01-01,1991-01-31,No information available,No information available,none,,,,31
1991-02-01,59.08,144.175024,85.095024,1991-02-01,1991-02-01,1991-02-28,No information available,No information available,none,,,,31
1991-03-01,57.46,142.7791984,85.3191984,1991-03-01,1991-03-01,1991-03-31,No information available,No information available,none,,,,31
1991-04-01,61.56,142.165684,80.605684,1991-04-01,1991-04-01,1991-04-30,"The United States broiler market has a demand for curry chicken, which is priced about 15% less than broiler price.","NAThis search result does not provide any relevant information about United States Retail Broiler or Retail Chicken. The information appears to be related to a USAID project in Sri Lanka, discussing prices of vegetables in a local market. Here is the output:;NA",search,1991-04-22,1991-04-28,2.0,31
1991-05-01,61.06,144.9524772,83.8924772,1991-05-01,1991-05-01,1991-05-31,The United States Department of Agriculture reports the national average cost of production.,NAHere is the summary of the filtered information:;NA,search,1991-05-13,1991-05-19,12.0,31
1991-06-01,61.25,144.61,83.36,1991-06-01,1991-06-01,1991-06-30,No information available,No information available,none,,,,31
1991-07-01,58.67,144.89,86.22,1991-07-01,1991-07-01,1991-07-31,"The United States broiler market is not explicitly mentioned in the search results, but it can be inferred that world market prices have an influence on the broiler production program in the Federated States of Micronesia.",NA;NA,search,1991-07-15,1991-07-21,10.0,31
1991-08-01,61.97,146.6,84.63,1991-08-01,1991-08-01,1991-08-31,There is no objective fact about the United States broiler market situation in the provided search results.,"No long-term predictions can be made due to the lack of relevant information. This search result is not relevant to making predictions about United States Retail Broiler or Retail Chicken. The result appears to be about the history of agriculture on Salt Spring Island and a story about a chicken business, but it does not provide any useful information about the current or future state of the retail broiler or chicken market in the United States. Here is the output:;No short-term predictions can be made due to the lack of relevant information.",search,1991-08-12,1991-08-18,13.0,31
1991-09-01,59.02,143.47,84.45,1991-09-01,1991-09-01,1991-09-30,No information available,No information available,none,,,,31
1991-10-01,56.99,140.71,83.72,1991-10-01,1991-10-01,1991-10-31,No information available,No information available,none,,,,31
1991-11-01,53.52,140.95,87.43,1991-11-01,1991-11-01,1991-11-30,No information available,No information available,none,,,,31
1991-12-01,51.67,141.52,89.85,1991-12-01,1991-12-01,1991-12-31,No information available,No information available,none,,,,31
1992-01-01,55.29,143.95,88.66,1992-01-01,1992-01-01,1992-01-31,No information available,No information available,none,,,,31
1992-02-01,55.4,138.64,83.24,1992-02-01,1992-02-01,1992-02-29,No information available,No information available,none,,,,31
1992-03-01,58.1,135.65,77.55,1992-03-01,1992-03-01,1992-03-31,NA (No relevant information found about the United States broiler market situation),"NA (No relevant information found to make long-term predictions about the United States broiler market) These search results seem to be unrelated to the United States broiler market, and instead focus on various topics such as cattle ranching, rural properties, historic resources, and rural market development. None of the results provide relevant information to make predictions about the United States broiler market.This search result does not provide any relevant information about United States Retail Broiler or Retail Chicken. The text appears to be discussing cattle ranching in Arizona from 1945-1970 and mentions poultry only in passing, without providing any useful information about retail broiler or chicken prices or trends. Here is the output:;NA (No relevant information found to make short-term predictions about the United States broiler market)",search,1992-03-09,1992-03-15,16.0,31
1992-04-01,56.56,138.22,81.66,1992-04-01,1992-04-01,1992-04-30,No information available,No information available,none,,,,31
1992-05-01,61.2,137.82,76.62,1992-05-01,1992-05-01,1992-05-31,"The United States broiler market is not directly mentioned in the search results. However, there is a mention of a record high production of poultry in 1991, which may have an impact on the broiler market.",NAHere is the summarized output:;NA,search,1992-05-11,1992-05-17,14.0,31
1992-06-01,58.81,142.28,83.47,1992-06-01,1992-06-01,1992-06-30,The United States is exploring ways to make broiler litter safe for feed.,"NA Note: There is limited information available in the provided search results that is directly relevant to predicting the United States broiler market. The only objective fact mentioned is about making broiler litter safe for feed, but it does not provide any insights or analysis about the current market situation or future predictions.This search result does not provide any useful information about United States Retail Broiler or Retail Chicken. Therefore, I will respond with ""NA"" for all parts.;NA",search,1992-06-22,1992-06-28,2.0,31
1992-07-01,62.6,144.17,81.57,1992-07-01,1992-07-01,1992-07-31,The market price of chicken legs in the United States was depressed to 11 cents due to imports from Guatemala.,NAHere is the summary of the information:;NA,search,1992-07-13,1992-07-19,12.0,31
1992-08-01,63.13,144.86,81.73,1992-08-01,1992-08-01,1992-08-31,The United States broiler market situation is not explicitly mentioned in the provided search results. NA,No long-term predictions can be made based on the provided information. NA Here is the summarized information:;No short-term predictions can be made based on the provided information. NA,search,1992-08-10,1992-08-16,15.0,31
1992-09-01,60.87,142.93,82.06,1992-09-01,1992-09-01,1992-09-30,No information available,No information available,none,,,,31
1992-10-01,63.7,144.04,80.34,1992-10-01,1992-10-01,1992-10-31,No information available,No information available,none,,,,31
1992-11-01,60.48,143.72,83.24,1992-11-01,1992-11-01,1992-11-30,NA (No relevant information found about the United States broiler market),"NA (No relevant information found about the United States broiler market) Note: The provided search results do not contain any relevant information about the United States broiler market. They appear to be unrelated to the topic, discussing topics such as international development, natural product chemistry, and drug discovery.;NA (No relevant information found about the United States broiler market)",search,1992-11-23,1992-11-29,1.0,31
1992-12-01,55.98,145.11,89.13,1992-12-01,1992-12-01,1992-12-31,"The United States has a significant broiler market, with farms having a capacity of 25,000 - 90,000 birds per farm in Florida alone.","NAThis search result appears to be irrelevant to the topic of United States Retail Broiler or Retail Chicken. It discusses nutrition and health in Thailand, and mentions chickens in the context of the Thai domestic market. There is no useful information that can be gleaned to make predictions about United States Retail Broiler or Retail Chicken. Here is the output:;NA",search,1992-12-14,1992-12-20,11.0,31
1993-01-01,59.94,142.66,82.72,1993-01-01,1993-01-01,1993-01-31,NA (No relevant information found about the United States broiler market),NA (No relevant information found about the United States broiler market)Here is the summary of the filtered information:;NA (No relevant information found about the United States broiler market),search,1993-01-25,1993-01-31,0.0,31
1993-02-01,61.21,141.34,80.13,1993-02-01,1993-02-01,1993-02-28,The U.S. swine industry needs to be the production-cost leaders to stay competitive.,NAHere is the summarized information:;NA,search,1993-02-15,1993-02-21,7.0,31
1993-03-01,60.8,143.87,83.07,1993-03-01,1993-03-01,1993-03-31,NA (No relevant information about the United States broiler market situation),"NA (No long-term predictions can be made)Since the search result is a bread recipe, it does not provide any useful information about United States Retail Broiler or Retail Chicken. Therefore, I will provide ""NA"" for all parts.;NA (No short-term predictions can be made)",search,1993-03-22,1993-03-28,3.0,31
1993-04-01,59.91,144.15,84.24,1993-04-01,1993-04-01,1993-04-30,NA (No relevant information about the United States broiler market was found in the search results),"NA (No relevant information about the United States broiler market was found in the search results)It appears that the search results provided are not relevant to the topic of United States Retail Broiler or Retail Chicken. The results seem to be related to Filipino companies and Odisha district gazetteers, which are unrelated to the topic. Therefore, I will provide the following output:;NA (No relevant information about the United States broiler market was found in the search results)",search,1993-03-29,1993-04-04,26.0,31
1993-05-01,64.5,145.0,80.5,1993-05-01,1993-05-01,1993-05-31,NA (No relevant information about the United States broiler market was found in the provided search results.),NA (No relevant information about the United States broiler market was found in the provided search results.) This search result is not relevant to United States Retail Broiler or Retail Chicken. Here is the output:;NA (No relevant information about the United States broiler market was found in the provided search results.),search,1993-05-24,1993-05-30,1.0,31
1993-06-01,59.88,143.21,83.33,1993-06-01,1993-06-01,1993-06-30,The livestock industry is an important sector in the United States economy.,NAIt appears that the provided search result is not relevant to United States Retail Broiler or Retail Chicken. Here is the output:;NA,search,1993-06-14,1993-06-20,10.0,31
1993-07-01,60.64,143.7,83.06,1993-07-01,1993-07-01,1993-07-31,No information available,No information available,none,,,,31
1993-08-01,64.08,141.36,77.28,1993-08-01,1993-08-01,1993-08-31,No information available,No information available,none,,,,31
1993-09-01,64.43,142.9,78.47,1993-09-01,1993-09-01,1993-09-30,No information available,No information available,none,,,,31
1993-10-01,59.84,145.92,86.08,1993-10-01,1993-10-01,1993-10-31,No information available,No information available,none,,,,31
1993-11-01,58.7,144.87,86.17,1993-11-01,1993-11-01,1993-11-30,No information available,No information available,none,,,,31
1993-12-01,56.89,149.09,92.2,1993-12-01,1993-12-01,1993-12-31,No information available,No information available,none,,,,31
1994-01-01,58.35,146.17,87.82,1994-01-01,1994-01-01,1994-01-31,NA (No relevant information found),"NA (No relevant information found) These search results do not provide any relevant information about the United States broiler market, so no objective facts, insights, analysis, or predictions can be made.This search result is not relevant to United States Retail Broiler or Retail Chicken. It appears to be an article about focaccia bread from 1994. Here is the output:;NA (No relevant information found)",search,1994-01-24,1994-01-30,1.0,31
1994-02-01,59.18,146.55,87.37,1994-02-01,1994-02-01,1994-02-28,NA (No relevant information found),"NA (No relevant information found) These search results do not provide any relevant information about the United States broiler market, so no objective facts, insights, analysis, or predictions can be made.This search result is not relevant to United States Retail Broiler or Retail Chicken. It appears to be an article about focaccia bread from 1994. Here is the output:;NA (No relevant information found)",search,1994-01-24,1994-01-30,29.0,31
1994-03-01,63.42,146.09,82.67,1994-03-01,1994-03-01,1994-03-31,No information available,No information available,none,,,,31
1994-04-01,63.38,145.76,82.38,1994-04-01,1994-04-01,1994-04-30,The United States was the most powerful nation on the face of the earth in 1994.,"NAIt seems that the provided search result is not relevant to the topic of United States Retail Broiler or Retail Chicken. The content appears to be a recipe book or a cooking-related article, which does not provide any useful information for making predictions about the retail broiler or chicken market in the United States. Here is the output in the required format:;NA",search,1994-04-11,1994-04-17,13.0,31
1994-05-01,65.81,146.47,80.66,1994-05-01,1994-05-01,1994-05-31,NA (No relevant information found about the United States broiler market),"NA (No long-term predictions can be made based on the provided information) The provided search results seem to be unrelated to the United States broiler market, discussing instead topics such as China's grain prices and a Kenyan gazette. Therefore, no useful information can be extracted for making predictions about the United States broiler market. Since this article is not relevant to predicting United States Retail Broiler or Retail Chicken, I will provide the following output:;NA (No short-term predictions can be made based on the provided information)",search,1994-05-02,1994-05-08,23.0,31
1994-06-01,62.99,148.66,85.67,1994-06-01,1994-06-01,1994-06-30,Objective facts about the United States broiler market situation: NA,Predictions you can make for the long-term future (next few months): NAHere is the summarized information:;Predictions you can make for the short-term future (next 1-4 weeks): NA,search,1994-05-30,1994-06-05,25.0,31
1994-07-01,63.9,147.68,83.78,1994-07-01,1994-07-01,1994-07-31,No information available,No information available,none,,,,31
1994-08-01,60.05,144.56,84.51,1994-08-01,1994-08-01,1994-08-31,No information available,No information available,none,,,,31
1994-09-01,61.65,146.53,84.88,1994-09-01,1994-09-01,1994-09-30,"The United States is the world's leading consumer of red meat, and demand for beef and poultry is climbing.","NAThis search result is not relevant to United States Retail Broiler or Retail Chicken. It appears to be an article about the quality of meat, specifically hamburger meat, and the importance of butcher shops and meat counters. There is no mention of broilers or retail chicken. Here is the output:;NA",search,1994-09-19,1994-09-25,5.0,31
1994-10-01,57.82,142.5,84.68,1994-10-01,1994-10-01,1994-10-31,"The United States broiler market is not directly mentioned in the search results. However, there is a mention of ""poultry labeling"" in the Public Law 103-103d Congress An Act, which suggests that there are regulations in place for labeling poultry products in the United States.",NAThis search result is not relevant to United States Retail Broiler or Retail Chicken. Here is the output:;NA,search,1994-10-10,1994-10-16,15.0,31
1994-11-01,54.82,140.56,85.74,1994-11-01,1994-11-01,1994-11-30,"The United States is one of the countries where field tests of engineered plants are being conducted, confirming their safety and potential.",NAHere is the summarized information:;NA,search,1994-11-14,1994-11-20,10.0,31
1994-12-01,55.69,138.69,83.0,1994-12-01,1994-12-01,1994-12-31,The share of agriculture in the United States market remains small in terms of demand.,"NASince the provided search results do not contain any relevant information about United States Retail Broiler or Retail Chicken, I will mark all parts as ""NA"" (Not Available).;NA",search,1994-12-12,1994-12-18,13.0,31
1995-01-01,57.26,139.27,82.01,1995-01-01,1995-01-01,1995-01-31,NA (No relevant information found about the United States broiler market situation),NA (No relevant information found to make long-term predictions about the United States broiler market) Note: The provided search results do not contain any relevant information about the United States broiler market.Here is the summarized information:;NA (No relevant information found to make short-term predictions about the United States broiler market),search,1995-01-09,1995-01-15,16.0,31
1995-02-01,58.88,141.58,82.7,1995-02-01,1995-02-01,1995-02-28,No information available,No information available,none,,,,31
1995-03-01,58.73,145.45,86.72,1995-03-01,1995-03-01,1995-03-31,No information available,No information available,none,,,,31
1995-04-01,58.52,144.1,85.58,1995-04-01,1995-04-01,1995-04-30,"The United States broiler market situation is not directly mentioned in the provided search results. However, there is a mention of ""imported frozen chicken"" in the context of the U.S. market, suggesting that imports may have an impact on the domestic broiler market.",NAHere is the summary of the filtered information:;NA,search,1995-04-17,1995-04-23,7.0,31
1995-05-01,60.77,143.72,82.95,1995-05-01,1995-05-01,1995-05-31,No information available,No information available,none,,,,31
1995-06-01,61.86,142.6,80.74,1995-06-01,1995-06-01,1995-06-30,"The U.S. chicken farms will put about 12 billion wings on the market in 1995, which is nearly a wing a week for every man.",NAHere is the summary of the useful filtered information:;NA,search,1995-05-29,1995-06-04,26.0,31
1995-07-01,65.56,141.35,75.79,1995-07-01,1995-07-01,1995-07-31,No information available,No information available,none,,,,31
1995-08-01,68.6,142.24,73.64,1995-08-01,1995-08-01,1995-08-31,No information available,No information available,none,,,,31
1995-09-01,67.26,147.52,80.26,1995-09-01,1995-09-01,1995-09-30,NA (no relevant information found),"NA (no relevant information found) Note: The search results do not provide any relevant information about the United States broiler market. The results appear to be unrelated to the topic, discussing various topics such as water management, architecture, pest control, and historical events.This search result is not relevant to predicting the United States broiler market. It appears to be a scientific article about food safety and does not provide any information about the broiler market. Here is the output:;NA (no relevant information found)",search,1995-09-11,1995-09-17,13.0,31
1995-10-01,64.05,145.79,81.74,1995-10-01,1995-10-01,1995-10-31,No information available,No information available,none,,,,31
1995-11-01,64.65,150.16,85.51,1995-11-01,1995-11-01,1995-11-30,"The United States has a significant poultry production industry, with a focus on expanding beyond seasonal limits to meet year-round demand.",NAIt appears that the provided search result is not relevant to the topic of United States Retail Broiler or Retail Chicken. The search result seems to be related to a report about the Swaziland Business Growth Trust and does not provide any information about the United States retail broiler or chicken market. Here is the output:;NA,search,1995-11-13,1995-11-19,11.0,31
1995-12-01,62.07,145.32,83.25,1995-12-01,1995-12-01,1995-12-31,No information available,No information available,none,,,,31
1996-01-01,63.45,146.72,83.27,1996-01-01,1996-01-01,1996-01-31,"The U.S. market price of wheat and other commodities affects the broiler market, as it influences the price of feed.","The U.S. broiler market is likely to continue to be influenced by global trade policies, feed prices, and export demand, which may lead to fluctuations in prices and production levels.;NA",search,1996-01-15,1996-01-21,10.0,31
1996-02-01,61.47,149.65,88.18,1996-02-01,1996-02-01,1996-02-29,No information available,No information available,none,,,,31
1996-03-01,59.24,144.5,85.26,1996-03-01,1996-03-01,1996-03-31,"The United States has a regional poultry operation, Cagle's, Inc., located in the southeastern region, which has benefited from the demand for chicken products.",NAHere is the filtered and summarized information:;NA,search,1996-03-11,1996-03-17,14.0,31
1996-04-01,60.62,146.78,86.16,1996-04-01,1996-04-01,1996-04-30,"The 1996 FAIR Act framed farm policy for 7 years, affecting the national market price of broilers.","NAAfter reviewing the search results, I found only one relevant piece of information related to United States Retail Broiler or Retail Chicken. Here is the summary:;NA",search,1996-04-15,1996-04-21,9.0,31
1996-05-01,71.4,149.48,78.08,1996-05-01,1996-05-01,1996-05-31,The worldwide import of poultry meat increased from US$ 509 million in 1980 to US$5.3 billion in 1993.,"NA Note: The provided search results do not contain relevant information about the United States broiler market, making it impossible to provide insights, analysis, or predictions.Here is the summarized output:;NA",search,1996-05-13,1996-05-19,12.0,31
1996-06-01,71.2,150.92,79.72,1996-06-01,1996-06-01,1996-06-30,"The United States is a major supplier of goods to Western Samoa, with a significant market share.","NAIt appears that the search results are not relevant to United States Retail Broiler or Retail Chicken. The results seem to be about a restaurant, nutritional values, and scientific studies unrelated to the topic. Here is the output:;NA",search,1996-06-10,1996-06-16,14.0,31
1996-07-01,70.02,150.19,80.17,1996-07-01,1996-07-01,1996-07-31,The United States broiler market situation is not directly mentioned in the provided search results.,No long-term predictions can be made for the United States broiler market based on the provided search results. Here is the summarized information:;No short-term predictions can be made for the United States broiler market based on the provided search results.,search,1996-07-22,1996-07-28,3.0,31
1996-08-01,70.76,152.16,81.4,1996-08-01,1996-08-01,1996-08-31,No information available,No information available,none,,,,31
1996-09-01,69.59,157.79,88.2,1996-09-01,1996-09-01,1996-09-30,The price of chicken in the market marks up to ₱99.28 per kilogram in 1996.,NAHere is the filtered and summarized information:;NA,search,1996-09-23,1996-09-29,1.0,31
1996-10-01,65.7,152.65,86.95,1996-10-01,1996-10-01,1996-10-31,"The United States broiler market is expanding to meet demand, with new pork production companies growing in the Plains region.","In the long-term, the impact of high corn prices on the broiler market may become more significant, potentially leading to increased production costs and prices for broilers. Note: The majority of the search results were not relevant to the United States broiler market, and therefore, most parts are empty or contain limited information.Here is the summarized information:;In the short-term, the broiler market is likely to continue its expansion, driven by demand from major players in the industry.",search,1996-09-30,1996-10-06,25.0,31
1996-11-01,66.95,151.28,84.33,1996-11-01,1996-11-01,1996-11-30,No information available,No information available,none,,,,31
1996-12-01,62.07,153.96,91.89,1996-12-01,1996-12-01,1996-12-31,There is no objective fact about the United States broiler market situation in the provided search results.,NAHere is the summarized information:;NA,search,1996-12-09,1996-12-15,16.0,31
1997-01-01,63.57,152.13,88.56,1997-01-01,1997-01-01,1997-01-31,"The United States broiler market is not directly mentioned in these search results. However, there are mentions of the food and dairy processing markets in the United States, which may be related to the broiler market.","NAIt appears that the search results provided are not relevant to the topic of United States Retail Broiler or Retail Chicken. The results seem to be related to unrelated topics such as the Supreme Court's death penalty jurisprudence, retail spaces, and the Military Order of the Loyal Legion of the United States. As a result, I must conclude that there is no useful information to analyze and make predictions about United States Retail Broiler or Retail Chicken. Here is the formatted output:;NA",search,1996-12-30,1997-01-05,26.0,31
1997-02-01,63.99,152.5,88.51,1997-02-01,1997-02-01,1997-02-28,"The United States is a major market for Argentine hides, skins, and leather.",NAHere is the filtered and summarized information:;NA,search,1997-02-10,1997-02-16,12.0,31
1997-03-01,62.35,149.02,86.67,1997-03-01,1997-03-01,1997-03-31,"The demand and supply of honey in the market determine the price, and the United States is one of the major importing countries of honey.",NAHere is the summarized information about United States Retail Broiler or Retail Chicken:;NA,search,1997-03-10,1997-03-16,15.0,31
1997-04-01,61.5,148.52,87.02,1997-04-01,1997-04-01,1997-04-30,The United States has a competitive market economy where price is determined by the free play of demand and supply.,NAHere is the summarized information:;NA,search,1997-04-14,1997-04-20,10.0,31
1997-05-01,60.54,151.56,91.02,1997-05-01,1997-05-01,1997-05-31,"The demand for premium products has pushed prices up in certain segments, such as wine grapes.",NAHere is the summarized output:;NA,search,1997-05-12,1997-05-18,13.0,31
1997-06-01,63.38,151.54,88.16,1997-06-01,1997-06-01,1997-06-30,No information available,No information available,none,,,,31
1997-07-01,68.9,153.08,84.18,1997-07-01,1997-07-01,1997-07-31,"The United States broiler market was affected by efforts to improve the U.S. meat and poultry inspection system in 1997, spurred by recent outbreaks of illness traced to E. coli bacteria in beef products.",The long-term impact of food safety regulations and improvements in inspection systems may lead to a more stable and growing broiler market in the United States. Here is the filtered and summarized information:;NA,search,1997-07-14,1997-07-20,11.0,31
1997-08-01,64.63,149.2,84.57,1997-08-01,1997-08-01,1997-08-31,"The United States broiler market is influenced by social and economic factors, which affect demand and prices.",NAHere is the summarized information:;NA,search,1997-08-11,1997-08-17,14.0,31
1997-09-01,59.28,152.32,93.04,1997-09-01,1997-09-01,1997-09-30,"The price of U.S. poultry is collected from ERS/USDA, and the prices of poultry imports from other countries are collected from FAO and Taiwanese.",NAHere is the filtered and summarized information:;NA,search,1997-09-15,1997-09-21,9.0,31
1997-10-01,56.44,148.43,91.99,1997-10-01,1997-10-01,1997-10-31,"The U.S. agricultural markets are quite concentrated at the national level, with four firms dominating every staple commodity sector except turkey production and processing.",NAHere is the filtered and summarized information:;NA,search,1997-10-13,1997-10-19,12.0,31
1997-11-01,56.1,151.37,95.27,1997-11-01,1997-11-01,1997-11-30,NA (No relevant information about the United States broiler market was found in the provided search results),"NA (No relevant information about the United States broiler market was found in the provided search results)Unfortunately, the search results provided do not contain any relevant information about United States Retail Broiler or Retail Chicken that can be used to make predictions. The results appear to be unrelated to the topic, discussing topics such as turkey history, a Costco warehouse, and a linguistic study. Here is the output:;NA (No relevant information about the United States broiler market was found in the provided search results)",search,1997-11-17,1997-11-23,7.0,31
1997-12-01,52.71,147.91,95.2,1997-12-01,1997-12-01,1997-12-31,No information available,No information available,none,,,,31
1998-01-01,55.76,153.02,97.26,1998-01-01,1998-01-01,1998-01-31,Total soybean meal consumption in the United States rose 2 percent to 24.6 mmt as demand by the poultry and pork industries remained high.,NAHere is the summarized information:;NA,search,1997-12-29,1998-01-04,27.0,31
1998-02-01,60.32,150.23,89.91,1998-02-01,1998-02-01,1998-02-28,No information available,No information available,none,,,,31
1998-03-01,61.34,149.93,88.59,1998-03-01,1998-03-01,1998-03-31,The United States pork prices have been extremely competitive in the world market except in the South American markets.,NAHere is the summarized information:;NA,search,1998-03-09,1998-03-15,16.0,31
1998-04-01,58.36,151.33,92.97,1998-04-01,1998-04-01,1998-04-30,The U.S. broiler market was valued at $36 billion in 1998.,NAHere is the filtered and summarized information:;NA,search,1998-04-13,1998-04-19,11.0,31
1998-05-01,62.14,151.19,89.05,1998-05-01,1998-05-01,1998-05-31,"As of 1998, the market prices of broilers have been relatively stable, and consumption has been growing.",NAHere is the summarized output:;NA,search,1998-05-11,1998-05-17,14.0,31
1998-06-01,65.16,154.7,89.54,1998-06-01,1998-06-01,1998-06-30,"The conditions in the modern broiler chicken industry were mentioned in a document dated June 15, 1998.",NAHere is the summarized information:;NA,search,1998-06-15,1998-06-21,9.0,31
1998-07-01,73.56,152.35,78.79,1998-07-01,1998-07-01,1998-07-31,The OK Industries company is a major processor and ranks among the top 100 poultry companies in the United States.,NAHere is the filtered and summarized information:;NA,search,1998-07-13,1998-07-19,12.0,31
1998-08-01,74.47,156.08,81.61,1998-08-01,1998-08-01,1998-08-31,"The United States exported 185,241 MT of poultry meat to Saudi Arabia in 1998.","NA Note: The provided search results do not contain relevant information about the current United States broiler market situation, making it difficult to provide insights, analysis, or predictions. The only relevant fact found is about the 1998 poultry meat export to Saudi Arabia, which may not be relevant to the current market situation.;NA",search,1998-08-17,1998-08-23,8.0,31
1998-09-01,71.55,154.43,82.88,1998-09-01,1998-09-01,1998-09-30,NA (no relevant information found),"NA (no relevant information found) Note: The provided search results do not contain any relevant information about the United States broiler market. They appear to be unrelated to the topic, discussing minimum wage, agricultural exports, government gazettes, and wind-powered desalination.It appears that the provided search results are not relevant to United States Retail Broiler or Retail Chicken. The results seem to be unrelated to the topic, with one being a description of a TV show on Amazon and the other being a government gazette from Africa. Therefore, I will provide the following output:;NA (no relevant information found)",search,1998-09-21,1998-09-27,3.0,31
1998-10-01,63.69,158.44,94.75,1998-10-01,1998-10-01,1998-10-31,"The United States broiler market situation is not directly mentioned in the provided search results. However, there are some general insights about the agricultural market and trade during the late 1990s.","NASince the provided search result does not contain relevant information about United States Retail Broiler or Retail Chicken, I will respond with ""NA"" for each part.;NA",search,1998-10-19,1998-10-25,6.0,31
1998-11-01,59.46,157.47,98.01,1998-11-01,1998-11-01,1998-11-30,The declining beef consumption in the United States has been prompted less by health concerns than by the price of beef compared with the prices of other meats.,NA;NA,search,1998-11-23,1998-11-29,1.0,31
1998-12-01,56.16,155.64,99.48,1998-12-01,1998-12-01,1998-12-31,"The United States broiler market is influenced by changes in demand, price, and supply to meet Food Guide Pyramid recommendations.","NABased on the provided search results, I found no relevant information related to United States Retail Broiler or Retail Chicken. The search results appear to be unrelated to the topic, discussing various topics such as nutrition, welfare of farmed poultry, bars in Bellevue, WA, a primary school, and a tour operator in Campania. Therefore, I will provide the following output:;NA",search,1998-12-14,1998-12-20,11.0,31
1999-01-01,56.08,154.85,98.77,1999-01-01,1999-01-01,1999-01-31,"The proportion of fat in the U.S. food supply contributed by meat, poultry, and fish in 1994 was near record-high per capita consumption of total meat.",NAHere is the summarized information relevant to making predictions about United States Retail Broiler or Retail Chicken:;NA,search,1999-01-11,1999-01-17,14.0,31
1999-02-01,55.58,153.68,98.1,1999-02-01,1999-02-01,1999-02-28,The market price received for broilers in the United States is cheaper on a live weight basis compared to other countries like Thailand.,NAHere is the filtered and summarized information:;NA,search,1999-02-15,1999-02-21,7.0,31
1999-03-01,52.39,155.45,103.06,1999-03-01,1999-03-01,1999-03-31,The United States broiler industry produced 29.3 billion pounds of broiler meat in 1996.,NAHere is the summarized information:;NA,search,1999-03-15,1999-03-21,10.0,31
1999-04-01,52.45,155.09,102.64,1999-04-01,1999-04-01,1999-04-30,The provided search results do not contain specific information about the United States broiler market situation.,NAHere is the filtered and summarized information:;NA,search,1999-04-12,1999-04-18,12.0,31
1999-05-01,55.63,151.18,95.55,1999-05-01,1999-05-01,1999-05-31,The United States broiler industry has continued to expand to meet the demand for breast meat since 1992.,"NA Note: The provided search results do not contain sufficient information to make predictions about the United States broiler market. Most of the results are unrelated to the broiler market, and the relevant information is limited to a single fact about the industry's expansion since 1992.Here is the summarized output:;NA",search,1999-04-26,1999-05-02,29.0,31
1999-06-01,56.36,155.08,98.72,1999-06-01,1999-06-01,1999-06-30,"The international rice prices were affected by slow recovery in Asian import demand and abundant supplies, especially in the United States.","NA Note: The majority of the search results were not related to the United States broiler market, and only one result mentioned the United States in the context of abundant supplies affecting international rice prices.;NA",search,1999-06-14,1999-06-20,10.0,31
1999-07-01,54.09,156.18,102.09,1999-07-01,1999-07-01,1999-07-31,"The United States has national databases by livestock species to support decision making by farmers, ranchers, and others.","NA Note: The provided search results do not contain relevant information about the United States broiler market, making it difficult to provide insights, analysis, or predictions. The only relevant fact found is about national databases by livestock species, but it does not provide specific information about the broiler market.Unfortunately, none of the provided search results appear to be relevant to United States Retail Broiler or Retail Chicken. Therefore, I will provide the following output:;NA",search,1999-07-12,1999-07-18,13.0,31
1999-08-01,54.23,154.62,100.39,1999-08-01,1999-08-01,1999-08-31,"The United States broiler market situation in 1999 was influenced by lower prices, leading to an increase in the use of soymeal in poultry feed. All other search results are irrelevant to the United States broiler market. Therefore, I will fill the remaining parts with ""NA"".",NAHere is the summarized information:;NA,search,1999-08-23,1999-08-29,2.0,31
1999-09-01,56.68333758,155.8780764,99.19473882,1999-09-01,1999-09-01,1999-09-30,NA (No relevant information about the United States broiler market situation),"NA (No relevant information to make long-term predictions about the United States broiler market) Note: All the search results seem to be unrelated to the United States broiler market, so there is no useful information to provide predictions or analysis.It appears that the search results provided are not directly related to United States Retail Broiler or Retail Chicken. However, I will summarize the information as per the instructions.;NA (No relevant information to make short-term predictions about the United States broiler market)",search,1999-09-20,1999-09-26,4.0,31
1999-10-01,49.7,155.23,105.53,1999-10-01,1999-10-01,1999-10-31,"The United States experienced a glut in agricultural production in 1999, leading to plummeting prices, which affected farmers in Cache Valley.","NAAfter reviewing the search results, I found no relevant information about United States Retail Broiler or Retail Chicken. The results seem to be unrelated to the topic, discussing various subjects such as scientific research, poultry raising, and unrelated reports. Here is the output:;NA",search,1999-10-11,1999-10-17,14.0,31
1999-11-01,53.1,156.1,103.0,1999-11-01,1999-11-01,1999-11-30,"The United States corn crop is used in animal feeds, either in the United States or for export, with over 70% of the crop being used for this purpose.",NAHere is the summarized information:;NA,search,1999-11-15,1999-11-21,9.0,31
1999-12-01,52.64,149.5,96.86,1999-12-01,1999-12-01,1999-12-31,No information available,No information available,none,,,,31
2000-01-01,51.27,154.29,103.02,2000-01-01,2000-01-01,2000-01-31,The United States continued to be the principal foreign market for organic products.,NA;NA,search,2000-01-24,2000-01-30,1.0,31
2000-02-01,49.49,150.67,101.18,2000-02-01,2000-02-01,2000-02-29,NA (No relevant information found about the United States broiler market situation),"NA (No relevant predictions can be made for the long-term future of the United States broiler market) The provided search results do not contain any relevant information about the United States broiler market. The results appear to be unrelated to the broiler market and instead cover topics such as water research, cancer institutes, labor relations, fisheries, and international organizations.;NA (No relevant predictions can be made for the short-term future of the United States broiler market)",search,2000-02-21,2000-02-27,2.0,31
2000-03-01,51.26,155.21,103.95,2000-03-01,2000-03-01,2000-03-31,The growth rate of the broiler industry is 2.8% per annum.,"With the growth rate of 2.8% per annum, the broiler market is expected to continue growing in the long-term future, driven by increasing demand for convenience products and higher value-added broiler products. Here is the filtered and summarized information relevant to predicting United States Retail Broiler or Retail Chicken:;NA",search,2000-03-20,2000-03-26,5.0,31
2000-04-01,52.12395358,156.2,104.07604642,2000-04-01,2000-04-01,2000-04-30,The United States broiler market experienced lower market demand in 2000.,"NAThis search result appears to be irrelevant to predicting United States Retail Broiler or Retail Chicken. The description mentions eggs, chicken manure, and the United States, but it does not provide any useful information about the retail broiler or retail chicken market. Here is the output:;NA",search,2000-04-24,2000-04-30,0.0,31
2000-05-01,48.63178788,156.68,108.04821212,2000-05-01,2000-05-01,2000-05-31,The United States broiler market is not mentioned in the provided search results.,"Similarly, no long-term predictions can be made about the United States broiler market based on the provided search results. Here is the summarized information:;Due to the lack of relevant information, no short-term predictions can be made about the United States broiler market.",search,2000-05-01,2000-05-07,24.0,31
2000-06-01,52.1784828,155.1,102.9215172,2000-06-01,2000-06-01,2000-06-30,The consumption of poultry has declined.,"NA Note: The provided search results do not contain sufficient information to make predictions about the short-term or long-term future of the United States broiler market. The only relevant information is the decline in poultry consumption, but it does not provide enough context to make predictions.Here is the summarized information:;NA",search,2000-06-19,2000-06-25,5.0,31
2000-07-01,50.42756682,155.82,105.39243318,2000-07-01,2000-07-01,2000-07-31,"The United States has a voluntary Federal-State egg grading system, and market price reporting is conducted in terms understood by all stakeholders.","NA Note: The provided search results do not contain any relevant information about the United States broiler market. The results appear to be related to eggs, coconut, rice, swine nutrition, and other topics unrelated to broilers. Therefore, no objective facts, insights, analysis, short-term predictions, or long-term predictions can be made about the United States broiler market based on these results.Here is the summarized information:;NA",search,2000-07-10,2000-07-16,15.0,31
2000-08-01,51.62057568,158.25,106.62942432,2000-08-01,2000-08-01,2000-08-31,"The United States broiler market is not directly mentioned in the provided search results. However, there are mentions of the livestock industry and related products, such as dairy and beef cattle, which could have indirect implications for the broiler market.",NAHere is the summarized output:;NA,search,2000-08-21,2000-08-27,4.0,31
2000-09-01,57.32,156.82,99.5,2000-09-01,2000-09-01,2000-09-30,The U.S. broiler industry is susceptible to market pressure to consolidate if growth in demand were to stall.,"NA (No information available to make long-term predictions) Note: The search results provided do not contain specific information about the current state of the U.S. broiler market, making it difficult to make predictions or provide insights. The information available is mostly related to other topics, such as tobacco, heart disease, and international trade.Here is the summarized information:;NA (No information available to make short-term predictions)",search,2000-09-11,2000-09-17,13.0,31
2000-10-01,60.81,156.25,95.44,2000-10-01,2000-10-01,2000-10-31,"The United States poultry industry is a significant contributor to the country's domestic production, valued at market prices.",NAHere is the summarized output:;NA,search,2000-10-09,2000-10-15,16.0,31
2000-11-01,60.27,151.45,91.18,2000-11-01,2000-11-01,2000-11-30,"The United States has a large agricultural sector, with various sub-sectors such as crop production, livestock, and food consumption.","NABased on the provided search results, I found no relevant information about United States Retail Broiler or Retail Chicken. The results appear to be unrelated to the topic, discussing a restaurant, urban agriculture, and a Costco warehouse. Here is the output:;NA",search,2000-11-13,2000-11-19,11.0,31
2000-12-01,57.09,157.15,100.06,2000-12-01,2000-12-01,2000-12-31,The Kerry Group Plc 2000 Annual Report mentions that Kerry continued to advance its position in foodservice markets and made excellent progress in the food processing markets of value-added poultry in the US.,"NA (No information available to make long-term predictions) Note: The provided search results do not contain sufficient information to make predictions about the United States broiler market. Most of the results are unrelated to the broiler market, and only one result from the Kerry Group Plc 2000 Annual Report provides some insight into the market situation in 2000.After reviewing the search results, I found that only one of the results is relevant to United States Retail Broiler or Retail Chicken. Here is the summarized information:;NA (No information available to make short-term predictions)",search,2000-12-25,2000-12-31,0.0,31
2001-01-01,51.56,157.25,105.69,2001-01-01,2001-01-01,2001-01-31,"The United States tends to export dark poultry meat, while U.S. consumers prefer white poultry meat.","In the long-term, changes in consumer preferences or trade agreements may impact the U.S. broiler market, potentially leading to shifts in production and trade patterns. Note: The provided search results did not yield much information directly related to the United States broiler market. The above response is based on a limited amount of relevant information.Here is the summarized output:;In the short-term, the demand for white meat broilers may remain strong, leading to stable prices and production levels.",search,2001-01-22,2001-01-28,3.0,31
2001-02-01,58.99,154.95,95.96,2001-02-01,2001-02-01,2001-02-28,NA (No relevant information found about the United States broiler market situation),"NA (No relevant information found to make long-term predictions about the United States broiler market) Note: The provided search results do not contain any relevant information about the United States broiler market. The search results appear to be unrelated to the topic and do not provide any useful data or insights.Based on the provided search results, I found no relevant information related to United States Retail Broiler or Retail Chicken. The search results appear to be unrelated to the topic, discussing topics such as video games, cooking recipes, and ITIL questionnaires. Here is the output:;NA (No relevant information found to make short-term predictions about the United States broiler market)",search,2001-02-05,2001-02-11,17.0,31
2001-03-01,59.68,155.96,96.28,2001-03-01,2001-03-01,2001-03-31,The cost of broilers exported from the United States is a relevant factor in the market.,NA Note: The provided search results do not contain sufficient information to make predictions about the United States broiler market. The results are mostly unrelated to the broiler market or do not provide specific data or insights about the market.Here is the synthesis of the search results:;NA,search,2001-03-12,2001-03-18,13.0,31
2001-04-01,60.87,156.55,95.68,2001-04-01,2001-04-01,2001-04-30,"The United States has laws and regulations in place for the poultry industry, such as the Poultry Products Inspection Act.","NA Unfortunately, the search results do not provide any specific information about the United States broiler market that can be used to make predictions. The results appear to be unrelated to the broiler market, focusing on topics such as taxation, crop diversification, food safety, and electricity markets. Therefore, I was unable to provide any insights, analysis, or predictions about the United States broiler market.NA This search result is not relevant to United States Retail Broiler or Retail Chicken. The topic is about animal models of hepatitis A and E, and its relation to chickens is not related to retail broiler or chicken market.;NA",search,2001-03-26,2001-04-01,29.0,31
2001-05-01,65.29,155.02,89.73,2001-05-01,2001-05-01,2001-05-31,The United States broiler cost and returns estimates were updated by Christensen in 2001.,"The demand for broilers may increase in the long-term future due to population growth and changes in food demand structures. Note: The search results did not provide much information directly related to predicting the United States broiler market. The available information was limited, and most of it was not relevant to making predictions about the market.Here is the summarized information:;NA",search,2001-05-14,2001-05-20,11.0,31
2001-06-01,65.5,154.81,89.31,2001-06-01,2001-06-01,2001-06-30,No information available,No information available,none,,,,31
2001-07-01,65.1,158.5,93.4,2001-07-01,2001-07-01,2001-07-31,NA (No relevant information about the United States broiler market was found in the search results.),"NA (No relevant information about the United States broiler market was found in the search results.) The search results do not contain any relevant information about the United States broiler market, so it is not possible to provide any objective facts, insights, analysis, or predictions.Here is the filtered and summarized information:;NA (No relevant information about the United States broiler market was found in the search results.)",search,2001-07-23,2001-07-29,2.0,31
2001-08-01,66.54,161.4553566,94.9153566,2001-08-01,2001-08-01,2001-08-31,The United States will become an even more dominant player in the global market demand for poultry meat.,"The US broiler market is likely to continue to grow, driven by increasing global demand and the country's dominant position in the market. Here is the summarized information:;NA",search,2001-08-13,2001-08-19,12.0,31
2001-09-01,68.27164216,157.4859172,89.21427504,2001-09-01,2001-09-01,2001-09-30,"The United States has a significant import market for food and agricultural products, with Saudi Arabia being a $5 billion market and the U.S. holding a 12% share.",NAHere is the filtered and summarized information about United States Retail Broiler or Retail Chicken:;NA,search,2001-09-10,2001-09-16,14.0,31
2001-10-01,65.07,161.69,96.62,2001-10-01,2001-10-01,2001-10-31,The United States exports more food and beverage products to Asia.,NAHere is the summarized information:;NA,search,2001-10-15,2001-10-21,10.0,31
2001-11-01,60.49,159.03,98.54,2001-11-01,2001-11-01,2001-11-30,The United States Department of Agriculture's Economic Research Service provides research and analysis on the broiler market.,NAHere is the filtered and summarized information relevant to predicting United States Retail Broiler or Retail Chicken:;NA,search,2001-11-12,2001-11-18,12.0,31
2001-12-01,57.07,159.85,102.78,2001-12-01,2001-12-01,2001-12-31,"The favored sources of proteins in the animal feed market are, in order of preference, fish, poultry, beef, and lastly pork.","In the long term, the U.S. poultry industry may need to adapt to changing global demand and prices, potentially leading to shifts in production and marketing strategies. Here is the summarized information:;In the short term, prices of U.S. poultry exports may fluctuate based on demand in the European Union market.",search,2001-12-10,2001-12-16,15.0,31
2002-01-01,58.87,159.15,100.28,2002-01-01,2002-01-01,2002-01-31,NA (No relevant information found),"NA (No relevant information found) The provided search results do not contain any relevant information about the United States broiler market. The results appear to be unrelated to the topic, discussing various subjects such as poultry markets in Thailand, mad cow disease, African agriculture development, books, and miscellaneous topics.Based on the provided search results, I did not find any relevant information about United States Retail Broiler or Retail Chicken that can be used to make predictions. The search results appear to be unrelated to the topic, discussing topics such as poultry in Thailand, a court case in the United States, and retail management services in New Zealand. Here is the output:;NA (No relevant information found)",search,2002-01-21,2002-01-27,4.0,31
2002-02-01,57.65,161.95,104.3,2002-02-01,2002-02-01,2002-02-28,"The United States remains the world's leading producer of broilers, with a 21.6% market share.","NA Note: The provided search results do not contain relevant information about the United States broiler market, except for one fact about the US being the leading producer of broilers. The other results are unrelated to the broiler market or do not provide useful information for making predictions.Here is the summarized information about United States Retail Broiler or Retail Chicken:;NA",search,2002-02-11,2002-02-17,11.0,31
2002-03-01,56.27,159.37,103.1,2002-03-01,2002-03-01,2002-03-31,"The meat industry in the United States is a significant sector, and Tyson, a major poultry producer, has been involved in lobbying efforts to influence policy decisions. All other search results are irrelevant to the United States broiler market, so I will indicate ""NA"" for the remaining parts:",NA Please note that the single relevant result does not provide sufficient information to make predictions about the United States broiler market.Here is the filtered and summarized information about United States Retail Broiler or Retail Chicken:;NA,search,2002-03-11,2002-03-17,14.0,31
2002-04-01,54.18,161.31,107.13,2002-04-01,2002-04-01,2002-04-30,The demand for broiler chickens was established in markets throughout the Eastern United States and up into Canada.,"NA Note: There is only one relevant fact about the United States broiler market, which is the demand for broiler chickens in the Eastern United States and Canada. The rest of the search results are not related to the United States broiler market.Here is the summarized information:;NA",search,2002-04-22,2002-04-28,2.0,31
2002-05-01,58.67,159.76,101.09,2002-05-01,2002-05-01,2002-05-31,"The 2002 Farm Act projected strengthening global trade and U.S. agricultural exports, resulting in rising market prices in the sector over the next few years.",The broiler market in the United States may experience growth and increased prices in the long term due to the projected strengthening of global trade and U.S. agricultural exports. Here is the filtered and summarized information relevant to predicting United States Retail Broiler or Retail Chicken:;NA,search,2002-05-13,2002-05-19,12.0,31
2002-06-01,59.38,158.93,99.55,2002-06-01,2002-06-01,2002-06-30,"The U.S. national rank in 2000 for grocery stores was led by chicken market, followed by Chick-fil-A, with chicken accounting for a significant percent of the market.",NAHere is the summarized information:;NA,search,2002-06-10,2002-06-16,14.0,31
2002-07-01,58.41,160.3,101.89,2002-07-01,2002-07-01,2002-07-31,The United States broiler market is not mentioned in the provided search results.,NAHere is the summarized information:;NA,search,2002-07-22,2002-07-28,3.0,31
2002-08-01,57.26,163.62,106.36,2002-08-01,2002-08-01,2002-08-31,"The per capita consumption of milk in Canada dropped by 14 percent since 1980, and farm gate milk prices in Canada are 41 percent higher than in the US.",NAHere is the summarized information:;NA,search,2002-08-12,2002-08-18,13.0,31
2002-09-01,56.97,164.52,107.55,2002-09-01,2002-09-01,2002-09-30,NA (No relevant information found about the United States broiler market situation),"NA (No predictions can be made for the long-term future of the United States broiler market) Since none of the provided search results contain relevant information about the United States broiler market, it is not possible to provide any objective facts, insights, analysis, or predictions about the market.This search result appears to be unrelated to predicting United States Retail Broiler or Retail Chicken. The content is from a Jeopardy! game FAQ and discusses various trivia questions and answers, including one about broilers and fryers, which are types of chickens. However, this information is not relevant to predicting retail broiler or chicken prices or trends. Here is the output:;NA (No predictions can be made for the short-term future of the United States broiler market)",search,2002-09-23,2002-09-29,1.0,31
2002-10-01,50.67,163.23,112.56,2002-10-01,2002-10-01,2002-10-31,"The United States is the world's largest market for poultry products, with about 70% of production consumed domestically.","In the long term, the US broiler market is likely to continue growing, driven by increasing demand for poultry products and opportunities for exports. Note: There is limited information available in the provided search results to make more specific predictions about the US broiler market.Here is the summarized information:;In the short term, prices are likely to remain stable or increase slightly due to strong demand and steady production levels.",search,2002-10-14,2002-10-20,11.0,31
2002-11-01,52.37,165.85,113.48,2002-11-01,2002-11-01,2002-11-30,The United States broiler market situation is not mentioned in the provided search results.,"NAAfter filtering the search results, I found that only one result is relevant to United States Retail Broiler or Retail Chicken:;NA",search,2002-11-18,2002-11-24,6.0,31
2002-12-01,50.7,164.2,113.5,2002-12-01,2002-12-01,2002-12-31,"The United States has a significant demand for broilers, with a large portion of grain fed to animals, ranging from over 60 percent in the United States.",NAHere is the filtered and summarized information about United States Retail Broiler or Retail Chicken:;NA,search,2002-12-09,2002-12-15,16.0,31
2003-01-01,55.55,159.28,103.73,2003-01-01,2003-01-01,2003-01-31,"The United States broiler market is affected by market demand, and the available egg and broiler meat in the market is positively correlated with demand.","NAHere is the filtered and summarized information, focusing on United States Retail Broiler or Retail Chicken:;NA",search,2003-01-13,2003-01-19,12.0,31
2003-02-01,60.65,157.99,97.34,2003-02-01,2003-02-01,2003-02-28,The United States market is affected by consumer characteristics and factors affecting demand.,NA;NA,search,2003-02-17,2003-02-23,5.0,31
2003-03-01,60.59,159.92,99.33,2003-03-01,2003-03-01,2003-03-31,NA (No relevant information found about the United States broiler market situation),NA (No long-term predictions can be made based on the provided search results)Here is the summarized information:;NA (No short-term predictions can be made based on the provided search results),search,2003-03-17,2003-03-23,8.0,31
2003-04-01,59.64,162.2,102.56,2003-04-01,2003-04-01,2003-04-30,"The United States has a significant influence on international grain markets, which can lead to rising prices and pressure on poor countries.","NA Note: The provided search results do not contain specific and relevant information about the current United States broiler market situation, making it difficult to make predictions or provide insights.Here is the summarized information:;NA",search,2003-04-14,2003-04-20,10.0,31
2003-05-01,64.03,160.43,96.4,2003-05-01,2003-05-01,2003-05-31,The USDA still regulates the sale of poultry carcasses in the United States.,NAHere is the summarized information:;NA,search,2003-05-12,2003-05-18,13.0,31
2003-06-01,66.41,159.224922698348,92.8149226983483,2003-06-01,2003-06-01,2003-06-30,"The European poultrymeat market was disrupted due to a fall in prices, which may have an impact on the United States broiler market.","NAUnfortunately, the provided search results do not contain any relevant information about United States Retail Broiler or Retail Chicken that can be used to make predictions. The results appear to be unrelated to the topic, discussing cooking, patents, and software documentation. Here is the output:;NA",search,2003-06-23,2003-06-29,1.0,31
2003-07-01,68.39,162.032345373773,93.6423453737733,2003-07-01,2003-07-01,2003-07-31,"The price of a chicken would have to increase to reflect the true cost of animal welfare in the Chilean poultry market, which is relevant to the United States broiler market. All other results are not relevant to the United States broiler market, so I will write ""NA"" for the remaining parts.",NAHere is the summarized information:;NA,search,2003-07-21,2003-07-27,4.0,31
2003-08-01,71.96,161.068306885793,89.1083068857933,2003-08-01,2003-08-01,2003-08-31,"The demand and consumption of livestock products, including broilers, is expected to nearly double in the next few decades.","The long-term demand for broilers is expected to increase, potentially leading to an expansion of the market and opportunities for producers. Here is the summarized output:;NA",search,2003-08-25,2003-08-31,0.0,31
2003-09-01,72.02,161.131393087117,89.1113930871173,2003-09-01,2003-09-01,2003-09-30,The U.S. and Canadian poultry markets are segmented markets due to supply management policies in Canada.,"The U.S. poultry market may see increased competition from other countries, particularly Canada, as trade policies evolve. Here is the summarized information:;The demand for U.S. poultry products is likely to remain strong in the short term, driven by international demand.",search,2003-09-15,2003-09-21,9.0,31
2003-10-01,68.86,164.649967563251,95.7899675632505,2003-10-01,2003-10-01,2003-10-31,NA (No relevant information found about the United States broiler market situation),NA (No relevant long-term predictions can be made about the United States broiler market) Note: The search results do not contain any relevant information about the United States broiler market.Here is the filtered and summarized information:;NA (No relevant short-term predictions can be made about the United States broiler market),search,2003-10-13,2003-10-19,12.0,31
2003-11-01,69.44,163.230204609403,93.790204609403,2003-11-01,2003-11-01,2003-11-30,"The National Turkey Federation and United Egg are involved in the United States poultry market, which is a primary market for poultry meat.","Based on the estimated increase in poultry meat demand by 2050, the United States broiler market is likely to experience growth in the long term. Here is the filtered and summarized information relevant to predicting United States Retail Broiler or Retail Chicken:;NA",search,2003-11-24,2003-11-30,0.0,31
2003-12-01,70.29,164.600239457311,94.3102394573108,2003-12-01,2003-12-01,2003-12-31,"The market demand for poultry products, such as broilers, is driven by factors like supply and demand, price, and national food security.",NAHere is the filtered and summarized information relevant to predicting United States Retail Broiler or Retail Chicken:;NA,search,2003-12-15,2003-12-21,10.0,31
2004-01-01,74.03,165.575212246574,91.5452122465735,2004-01-01,2004-01-01,2004-01-31,"The U.S. broiler market is not explicitly mentioned in these search results. However, it is mentioned that the prices of outputs are determined by consumers in the market place, which could be applicable to the broiler market.",NAHere is the summarized information relevant to predicting United States Retail Broiler or Retail Chicken:;NA,search,2004-01-12,2004-01-18,13.0,31
2004-02-01,79.57,166.569964132559,86.9999641325593,2004-02-01,2004-02-01,2004-02-29,"The United States broiler market has experienced strong consumer demand, which has helped support prices after the closure of most U.S. export markets.","In the long-term, the broiler market may experience changes in response to shifting consumer preferences, policy developments, and global market trends, potentially leading to increased competition and innovation in the industry. Here is the summarized information:;In the short-term, prices are likely to remain stable or increase slightly due to continued strong demand and potential supply constraints.",search,2004-02-23,2004-02-29,0.0,31
2004-03-01,83.25,166.876984425657,83.6269844256569,2004-03-01,2004-03-01,2004-03-31,"The poultry business in the United States has a significant presence, with a large flock of hens.",NAHere is the summarized information:;NA,search,2004-03-22,2004-03-28,3.0,31
2004-04-01,84.75,167.113878020627,82.3638780206268,2004-04-01,2004-04-01,2004-04-30,The United States broiler output in 1990 was a significant reference point for comparing the rise of obesity in the country.,NAHere is the summarized output:;NA,search,2004-04-19,2004-04-25,5.0,31
2004-05-01,87.77,174.274684097624,86.504684097624,2004-05-01,2004-05-01,2004-05-31,Objective facts about the United States broiler market situation: NA,"Predictions you can make for the long-term future (next few months): NA Unfortunately, none of the search results provided any relevant information about the United States broiler market. The results seemed to be unrelated to the topic, discussing various other subjects such as economics, education, and international development. Therefore, I was unable to extract any useful information or make predictions about the United States broiler market.Here is the summary of the filtered information:;Predictions you can make for the short-term future (next 1-4 weeks): NA",search,2004-05-24,2004-05-30,1.0,31
2004-06-01,88.58,173.604682812657,85.0246828126572,2004-06-01,2004-06-01,2004-06-30,"The United States Department of Agriculture (USDA) notes that there are four primary reasons for the per capita increase in demand for certain products, including changing lifestyles.",NAHere is the filtered and summarized information about United States Retail Broiler or Retail Chicken:;NA,search,2004-06-14,2004-06-20,10.0,31
2004-07-01,86.64,176.184321593399,89.544321593399,2004-07-01,2004-07-01,2004-07-31,"The United States is a major exporter of broiler chicken, with Japan being the number one export market.",NAHere is the summarized information:;NA,search,2004-07-19,2004-07-25,6.0,31
2004-08-01,79.65,177.359881214514,97.7098812145138,2004-08-01,2004-08-01,2004-08-31,The average consumption of chicken per person in the United States is 30.5 kg.,NAHere is the summarized information about United States Retail Broiler or Retail Chicken:;NA,search,2004-08-23,2004-08-29,2.0,31
2004-09-01,69.21,178.279077010989,109.069077010989,2004-09-01,2004-09-01,2004-09-30,The United States broiler market accounts for about 93.6% of the total poultry-meat production.,NAHere is the filtered and summarized information:;NA,search,2004-09-06,2004-09-12,18.0,31
2004-10-01,64.57,178.878251065031,114.308251065031,2004-10-01,2004-10-01,2004-10-31,NA (No relevant objective facts about the United States broiler market were found),"NA (No relevant long-term predictions for the United States broiler market were possible based on the search results) Please note that the search results did not provide any direct or relevant information about the United States broiler market, making it challenging to provide meaningful predictions or analysis.Here is the filtered and summarized information:;NA (No relevant short-term predictions for the United States broiler market were possible based on the search results)",search,2004-10-18,2004-10-24,7.0,31
2004-11-01,60.25,173.343936091499,113.093936091499,2004-11-01,2004-11-01,2004-11-30,"In the USA in 2000, the price of broiler meat was affected by market demands, which led to poultry selection focusing on growth rate and muscle mass in broiler.",NAHere is the filtered and summarized information relevant to predicting United States Retail Broiler or Retail Chicken:;NA,search,2004-11-22,2004-11-28,2.0,31
2004-12-01,62.07,175.332480500917,113.262480500917,2004-12-01,2004-12-01,2004-12-31,The United States broiler market is not mentioned explicitly in the provided search results.,"Similarly, long-term predictions cannot be made without relevant information about the market. Here is the summarized information:;Due to the lack of information, it is impossible to make short-term predictions about the United States broiler market.",search,2004-12-20,2004-12-26,5.0,31
2005-01-01,67.56,171.93,104.37,2005-01-01,2005-01-01,2005-01-31,The national injury rate in the meat and poultry industry is more than twice the national average.,NAHere is the filtered and summarized information relevant to predicting United States Retail Broiler or Retail Chicken:;NA,search,2005-01-24,2005-01-30,1.0,31
2005-02-01,70.9,173.39,102.49,2005-02-01,2005-02-01,2005-02-28,"The Consumer Price Index (CPI) in the United States increased in January 2005, with price increases for pork, poultry, beef, and fish.","In the long-term, the broiler market in the United States may experience fluctuations in prices and demand based on factors such as global market trends, trade policies, and domestic production levels. Note: The provided search results do not contain specific information about the United States broiler market, so the insights and predictions are based on general trends and market principles.Here is the summarized output:;In the short-term, prices for broiler products in the United States may continue to rise due to sustained demand.",search,2005-02-21,2005-02-27,1.0,31
2005-03-01,69.59,172.09,102.5,2005-03-01,2005-03-01,2005-03-31,"The United States broiler market is not directly mentioned in the provided search results. However, there is a mention of the livestock sub-sector, including poultry farmers, having limited access to credit facilities.",NAHere is the summarized information about United States Retail Broiler or Retail Chicken:;NA,search,2005-03-14,2005-03-20,11.0,31
2005-04-01,68.73,173.02,104.29,2005-04-01,2005-04-01,2005-04-30,"The United States broiler market is not explicitly mentioned in the provided search results. However, it is mentioned that growing consumer demand in the United States for fresh vegetables has also driven growth in the Indian market broiler prices.",NAHere is the summarized information:;NA,search,2005-04-11,2005-04-17,13.0,31
2005-05-01,70.26,172.26,102.0,2005-05-01,2005-05-01,2005-05-31,The revenue from the poultry business jumped 7% to $1.3 billion in the past year.,NAHere is the summarized information:;NA,search,2005-05-16,2005-05-22,9.0,31
2005-06-01,71.17,174.35,103.18,2005-06-01,2005-06-01,2005-06-30,The United States is considered to be Vietnam's most important market in the future for seafood exports.,NAHere is the summarized information relevant to United States Retail Broiler or Retail Chicken:;NA,search,2005-06-13,2005-06-19,11.0,31
2005-07-01,71.77,173.04,101.27,2005-07-01,2005-07-01,2005-07-31,The United States has regulations on live poultry and poultry product imports from certain states.,NAHere is the filtered and summarized information about United States Retail Broiler or Retail Chicken:;NA,search,2005-07-25,2005-07-31,0.0,31
2005-08-01,70.53,174.34,103.81,2005-08-01,2005-08-01,2005-08-31,"The United States Department of Agriculture (USDA) has complex requirements and prohibitions governing meat, poultry, and egg products.",NAHere is the summarized information relevant to predicting United States Retail Broiler or Retail Chicken:;NA,search,2005-08-15,2005-08-21,10.0,31
2005-09-01,73.7,177.52,103.82,2005-09-01,2005-09-01,2005-09-30,The United States Poultry and Egg Export Council (USAPEEC) represents the interests of the U.S. poultry and egg industry worldwide.,"NA Note: There is limited information directly related to the United States broiler market in the provided search results. Most of the results are unrelated to the broiler market or provide general information about the poultry industry. Therefore, it is challenging to make predictions or provide insights about the United States broiler market based on this data.Here is the filtered and summarized information:;NA",search,2005-09-19,2005-09-25,5.0,31
2005-10-01,65.43,175.5,110.07,2005-10-01,2005-10-01,2005-10-31,"The United States broiler market is not directly mentioned in the provided search results. However, there are mentions of agricultural pricing policies, farm price-support, and adjustment legislation in the United States.",NAHere is the summarized information:;NA,search,2005-10-24,2005-10-30,1.0,31
2005-11-01,58.02,178.21,120.19,2005-11-01,2005-11-01,2005-11-30,"The Philippines consumes broiler products, and the demand may be affected by fears of a bird flu pandemic.","In the long term, the broiler market in the United States may recover from the impact of the bird flu pandemic, but it will depend on the effectiveness of measures to control the outbreak. Here is the filtered and summarized information:;In the short term, the broiler market in the United States may experience a decline in demand due to fears of a bird flu pandemic.",search,2005-11-21,2005-11-27,3.0,31
2005-12-01,54.62,173.18,118.56,2005-12-01,2005-12-01,2005-12-31,The US National Institute of Allergy and Infectious Diseases was involved in addressing the bird flu outbreak in 2005.,NAHere is the filtered and summarized information about United States Retail Broiler or Retail Chicken:;NA,search,2005-12-19,2005-12-25,6.0,31
2006-01-01,54.89816716,169.52404668342,114.62587952342,2006-01-01,2006-01-01,2006-01-31,"The trend of export demand for high-quality, U.S. poultry products is expected to continue to grow across the globe.","In the long term, the United States broiler market may continue to benefit from growing global demand for protein and a competitive advantage in the international market, leading to sustained growth and potential expansion of production capacity. Here is the summarized output:;In the short term, the United States broiler market is likely to experience continued growth in export demand, leading to potential increases in production and prices.",search,2006-01-23,2006-01-29,2.0,31
2006-02-01,53.18150794,154.1487508,100.96724286,2006-02-01,2006-02-01,2006-02-28,"The United States has over 2,500 Community Supported Agriculture (CSAs) farms, which may impact the demand for organic and sustainably-grown broilers.",NAHere is the summarized information relevant to predicting United States Retail Broiler or Retail Chicken:;NA,search,2006-02-20,2006-02-26,2.0,31
2006-03-01,48.83509032,163.469826095798,114.634735775798,2006-03-01,2006-03-01,2006-03-31,"The United States has a large broiler market, with market prices based on National Agricultural Statistics.",NAHere is the summarized information:;NA,search,2006-03-20,2006-03-26,5.0,31
2006-04-01,48.98767598,164.423937851518,115.436261871518,2006-04-01,2006-04-01,2006-04-30,"The United States broiler market is not directly mentioned in the search results. However, it is mentioned that 50% of antibiotics are used in the United States of America, which could have implications for the broiler industry.",NAHere is the summarized information:;NA,search,2006-04-24,2006-04-30,0.0,31
2006-05-01,53.3669066,151.5207012,98.1537946,2006-05-01,2006-05-01,2006-05-31,"The United States exported some 156,000 metric tons of poultry to China in 2005, making China the third-largest export market for U.S. poultry behind Russia and Mexico.","In the long-term, the United States broiler market may benefit from continued growth in international demand, particularly in emerging markets like China, and potentially lead to increased production and exports. Here is the filtered and summarized information:;In the short-term, the demand for U.S. poultry in international markets, particularly China, may continue to support the United States broiler market.",search,2006-05-22,2006-05-28,3.0,31
2006-06-01,57.75349416,149.5857604,91.83226624,2006-06-01,2006-06-01,2006-06-30,The market for poultry and poultry products has demand throughout the year in the United States.,NAHere is the filtered and summarized information:;NA,search,2006-06-19,2006-06-25,5.0,31
2006-07-01,59.21798642,153.3753634,94.15737698,2006-07-01,2006-07-01,2006-07-31,"The United States is mentioned in several contexts, including agriculture, livestock, and bioenergy crops, but there is no specific information about the United States broiler market situation.",NAHere is the filtered and summarized information about United States Retail Broiler or Retail Chicken:;NA,search,2006-07-24,2006-07-30,1.0,31
2006-08-01,63.5507227,156.648016,93.0972933,2006-08-01,2006-08-01,2006-08-31,"The United States is one of the major chicken-producing states, with beef prices remaining strong at record or near-record levels.",NAHere is the summarized information:;NA,search,2006-08-21,2006-08-27,4.0,31
2006-09-01,63.54795314,153.9879392,90.43998606,2006-09-01,2006-09-01,2006-09-30,"The United States broiler market has a high demand for poultry products, with market prices more than double those of other fish products.","In the long-term, I predict that the United States broiler market will continue to grow, driven by increasing consumer demand and investment in the poultry industry. Note: There is limited information available in the search results, and some parts may not be applicable to the United States broiler market.Here is the filtered and summarized information:;In the short-term, I predict that the demand for broiler products will continue to be high, driven by consumer demand and economic growth.",search,2006-09-18,2006-09-24,6.0,31
2006-10-01,56.63776698,154.7133196,98.07555262,2006-10-01,2006-10-01,2006-10-31,The Lohmann Indian River broilers are sold by Aviagen and have a significant share of the US broiler market.,NAHere is the summarized information:;NA,search,2006-10-23,2006-10-29,2.0,31
2006-11-01,54.66394772,156.9072168,102.24326908,2006-11-01,2006-11-01,2006-11-30,The United States broiler market is affected by demand and market prices.,"In the long term, the United States broiler market may be influenced by factors such as export markets, consumer preferences, and production costs, potentially leading to changes in market trends and prices. Note: There is limited information available in the search results that directly relate to the United States broiler market. The above analysis is based on the available information and may not be comprehensive.Here is the summarized information:;In the short term, the demand for broiler products may fluctuate based on changes in consumer preferences and prices, potentially affecting market prices.",search,2006-11-20,2006-11-26,4.0,31
2006-12-01,60.69173094,156.4838386,95.79210766,2006-12-01,2006-12-01,2006-12-31,NA (no relevant information found),"NA (no relevant information found) Since none of the search results provided relevant information about the United States broiler market, I couldn't extract any objective facts, insights, analysis, or predictions.Here is the summarized information relevant to predicting United States Retail Broiler or Retail Chicken:;NA (no relevant information found)",search,2006-12-25,2006-12-31,0.0,31
2007-01-01,67.59721172,154.1575298,86.56031808,2007-01-01,2007-01-01,2007-01-31,"The United States is a significant market for poultry products, with market demand influencing prices and production.","In the long-term, the United States broiler market is likely to continue growing, driven by consumer preferences and trade policies, leading to increased production and prices. Note: There is limited information directly related to the United States broiler market in the provided search results. The above summary is based on indirect information and expert analysis.Here is the summarized information about United States Retail Broiler or Retail Chicken:;In the short-term, prices for broiler products may increase due to steady demand and potential supply chain disruptions.",search,2007-01-15,2007-01-21,10.0,31
2007-02-01,74.31942428,161.4163292,87.09690492,2007-02-01,2007-02-01,2007-02-28,"The United States broiler market is not explicitly mentioned in the provided search results. However, there is a mention of poultry bearing a good price around Christmas in the ""SPELLING BOOK; ENGLISH LANGUAGE UNITED STATES"" document.",NAHere is the summarized information:;NA,search,2007-02-19,2007-02-25,3.0,31
2007-03-01,77.36929086,162.1404408,84.77114994,2007-03-01,2007-03-01,2007-03-31,"The United States broiler market is influenced by production decisions, such as those made by Jamaicabroilersgroup.com, which realigned its company towards producing larger fish for fresh fillet markets in the USA and Europe.",NAHere is the filtered and summarized information:;NA,search,2007-03-19,2007-03-25,6.0,31
2007-04-01,79.4653863,165.1371132,85.6717269,2007-04-01,2007-04-01,2007-04-30,The demand for corn by the poultry industry alone has contributed to the market.,NAHere is the filtered and summarized information about United States Retail Broiler or Retail Chicken:;NA,search,2007-04-16,2007-04-22,8.0,31
2007-05-01,83.3813916,165.6846044,82.3032128,2007-05-01,2007-05-01,2007-05-31,The United States Department of Agriculture estimates the national demand for beef in the US market.,NAHere is the summarized output:;NA,search,2007-05-21,2007-05-27,4.0,31
2007-06-01,82.52330632,165.2659174,82.74261108,2007-06-01,2007-06-01,2007-06-30,"The United States has a significant poultry industry, with local markets influencing prices and demand for poultry and poultry products.",NAHere is the filtered and summarized information:;NA,search,2007-06-18,2007-06-24,6.0,31
2007-07-01,81.6803329,170.139357,88.4590241,2007-07-01,2007-07-01,2007-07-31,NA (No relevant information about the United States broiler market was found in the search results),"NA (No predictions can be made for the long-term future of the United States broiler market based on the search results) Note: The search results do not provide any relevant information about the United States broiler market, so no objective facts, insights, analysis, or predictions can be made.Here is the summarized information:;NA (No predictions can be made for the short-term future of the United States broiler market based on the search results)",search,2007-07-23,2007-07-29,2.0,31
2007-08-01,81.3986971,167.351711,85.9530139,2007-08-01,2007-08-01,2007-08-31,NA (no relevant information found),"NA (no relevant information found) Note: Since none of the search results provided relevant information about the United States broiler market, I was unable to extract any useful data or make predictions about the market.Here is the summarized information:;NA (no relevant information found)",search,2007-08-20,2007-08-26,5.0,31
2007-09-01,77.50753444,166.6265962,89.11906176,2007-09-01,2007-09-01,2007-09-30,The demand for grain to feed livestock is increasing in the U.S.,NAHere is the filtered and summarized information relevant to making predictions about United States Retail Broiler or Retail Chicken:;NA,search,2007-09-24,2007-09-30,0.0,31
2007-10-01,68.16195838,165.1841226,97.02216422,2007-10-01,2007-10-01,2007-10-31,Per capita consumption of poultry in the US is forecasted to decline slightly in 2007 and 2008 due to higher retail prices.,"If the trend of declining consumption continues, the US broiler market may experience a shift towards more competitive pricing and innovation in the industry. Note: The other search results were not relevant to predicting the United States broiler market, so they were discarded.Here is the summarized information:;In the short-term, prices of poultry may continue to rise, and consumption may remain low.",search,2007-10-22,2007-10-28,3.0,31
2007-11-01,71.72536468,168.944759,97.21939432,2007-11-01,2007-11-01,2007-11-30,"The United States broiler market produces and markets fresh, refrigerated chicken for sale to retailers, wholesalers, and foodservice providers.",NA;NA,search,2007-11-19,2007-11-25,5.0,31
2007-12-01,69.55171616,169.28747,99.73575384,2007-12-01,2007-12-01,2007-12-31,The searched results do not provide any direct information about the United States broiler market situation.,NAHere is the summarized information:;NA,search,2007-12-17,2007-12-23,8.0,31
2008-01-01,72.96069574,169.4171036,96.45640786,2008-01-01,2008-01-01,2008-01-31,"As of January 2008, broiler prices are affordable and reasonable in the western United States.",NAHere is the filtered and summarized information about United States Retail Broiler or Retail Chicken:;NA,search,2008-01-21,2008-01-27,4.0,31
2008-02-01,75.65560762,172.7571058,97.10149818,2008-02-01,2008-02-01,2008-02-29,"The broiler industry in the United States has seen increased demand in the market. All other parts are NA, as there is no relevant information available in the search results.",NAHere is the summarized information:;NA,search,2008-02-18,2008-02-24,5.0,31
2008-03-01,71.75111782,173.168554,101.41743618,2008-03-01,2008-03-01,2008-03-31,"The United States broiler market is affected by corn prices, and a sharp drop in corn prices can encourage buying of meat company shares.",NAHere is the summarized output:;NA,search,2008-03-17,2008-03-23,8.0,31
2008-04-01,68.9349185,173.2424176,104.3074991,2008-04-01,2008-04-01,2008-04-30,"The broiler market is a significant sector in the United States, with a focus on national biosecurity and registration with the FDA.",NAHere is the filtered and summarized information:;NA,search,2008-04-21,2008-04-27,3.0,31
2008-05-01,73.12473514,174.1240584,100.99932326,2008-05-01,2008-05-01,2008-05-31,"The United States is a major player in the global market for commodities, including poultry, and is affected by international market prices.",The US broiler market may experience continued volatility in prices and demand due to global market trends and competition. Here is the summarized output:;NA,search,2008-05-19,2008-05-25,6.0,31
2008-06-01,72.31191592,176.2918898,103.97997388,2008-06-01,2008-06-01,2008-06-30,"The poultry industry in the United States has a significant presence, with events like the Chicken of Tomorrow contest held in Fayetteville in 1951, which attracted poultry breeders from 25 states.","In the long term, the broiler market may see opportunities for growth and expansion, particularly in low-income communities, if producers can adapt to changing demand and market conditions. Note: The provided search results do not contain much specific information about the United States broiler market, so the insights and predictions are based on general trends and factors that may affect the market.Here is the summarized information:;In the short term, the broiler market may experience fluctuations in prices and demand due to the ongoing grain price crisis.",search,2008-06-23,2008-06-29,1.0,31
2008-07-01,72.69321756,175.511135,102.81791744,2008-07-01,2008-07-01,2008-07-31,"The United States broiler market is not directly mentioned in the search results. However, there are some related information about the poultry industry and market prices.",NAHere is the filtered and summarized information about United States Retail Broiler or Retail Chicken:;NA,search,2008-07-21,2008-07-27,4.0,31
2008-08-01,71.91577508,174.1379356,102.22216052,2008-08-01,2008-08-01,2008-08-31,"The United States broiler market situation is affected by avian influenza news, which can influence consumer purchasing behavior.","In the long-term future (next few months), the broiler market may stabilize as the industry adapts to disease outbreaks and consumer demand adjusts to new market conditions. Note: The provided search results did not yield much specific information about the current United States broiler market situation, so the insights and predictions are based on general knowledge and analysis of the provided information.Here is the summarized output:;In the short-term future (next 1-4 weeks), broiler prices may continue to fluctuate based on consumer demand and the impact of avian influenza news.",search,2008-08-25,2008-08-31,0.0,31
2008-09-01,67.58610586,175.6414158,108.05530994,2008-09-01,2008-09-01,2008-09-30,The U.S. broiler marketing is dominated by large companies and six trans-national breeders dominate the world industrial broiler market.,"In the long term, the U.S. broiler market may see increased consolidation and vertical integration, leading to changes in the market structure and potentially affecting prices and competition. Here is the summarized information:;In the short term, the U.S. broiler market may experience volatility in prices due to fluctuations in grain markets and biofuel production.",search,2008-09-15,2008-09-21,9.0,31
2008-10-01,70.24448,174.005199,103.760719,2008-10-01,2008-10-01,2008-10-31,The United States broiler market is affected by factors such as demand for poultry products and government policies.,NAHere is the summary of the useful information:;NA,search,2008-10-20,2008-10-26,5.0,31
2008-11-01,69.68308,179.3128816,109.6298016,2008-11-01,2008-11-01,2008-11-30,The national average egg production in 1960 was 194 eggs per hen.,"NA Note: The search results provided do not contain specific and relevant information about the current United States broiler market situation, making it difficult to make predictions about the short-term or long-term future.Here is the summarized information:;NA",search,2008-11-24,2008-11-30,0.0,31
2008-12-01,67.087072,178.110772,111.0237,2008-12-01,2008-12-01,2008-12-31,The United States Department of Agriculture (2006) forecasts an increase in broiler production.,"NA Note: The provided search results do not contain sufficient information to make predictions about the United States broiler market. Most of the results are unrelated to the broiler market, and the few relevant ones do not provide enough information to make meaningful predictions.Here is the summarized information:;NA",search,2008-12-15,2008-12-21,10.0,31
2009-01-01,75.022568,183.6631846,108.6406166,2009-01-01,2009-01-01,2009-01-31,"The U.S. broiler industry has transformed to contract with farmers to “grow out” broiler chicks to market, reducing retail prices and increasing quantities demanded.",NAHere is the summarized information:;NA,search,2009-01-19,2009-01-25,6.0,31
2009-02-01,75.45672,180.160637,104.703917,2009-02-01,2009-02-01,2009-02-28,"The United States broiler market is affected by national check-offs, which are used to promote demand for beef and poultry through consumer advertising.","In the long term, the U.S. broiler market may be impacted by changes in international trade policies and consumer preferences, which could affect demand and prices. Here is the summarized information:;Based on the available information, it is difficult to make short-term predictions for the U.S. broiler market. However, it is likely that the market will continue to be influenced by consumer demand and advertising efforts.",search,2009-02-16,2009-02-22,6.0,31
2009-03-01,76.171216,171.5518214,95.3806054,2009-03-01,2009-03-01,2009-03-31,"The turkey markets continued to deal with challenges related to demand, and prices were 9.0% lower than the previous year.","In the long term, the United States broiler market may be influenced by the ongoing trends in biofuel production and its impact on corn prices, which could lead to changes in the demand and supply of poultry products. Note: The search results did not provide a wealth of information specifically about the United States broiler market, so the insights and predictions are based on limited data.Here is the summarized information:;In the short term, it is likely that the demand for poultry products will continue to be affected by the challenges in the turkey market, potentially leading to fluctuations in prices.",search,2009-03-23,2009-03-29,2.0,31
2009-04-01,76.919016,181.6935954,104.7745794,2009-04-01,2009-04-01,2009-04-30,NA (No relevant information found about the United States broiler market situation),"NA (No relevant information found to make long-term predictions about the United States broiler market) Note: The search results provided do not contain any relevant information about the United States broiler market. They appear to be unrelated to the topic, discussing various other subjects such as Canadian turkey industry, US dairy industry, horticulture in Andhra Pradesh, economic growth, water quality management, market feasibility analysis, Marxism, and more.Here is the summarized output:;NA (No relevant information found to make short-term predictions about the United States broiler market)",search,2009-04-06,2009-04-12,18.0,31
2009-05-01,80.980736,185.6795232,104.6987872,2009-05-01,2009-05-01,2009-05-31,"The demand for animal source food is increasing, and people are willing to pay market price for Day-Old Chicks (DOCs).",NAHere is the summarized information relevant to predicting United States Retail Broiler or Retail Chicken:;NA,search,2009-05-25,2009-05-31,0.0,31
2009-06-01,82.590784,182.5495194,99.9587354,2009-06-01,2009-06-01,2009-06-30,"The United States broiler market situation is affected by national price competition within market regions, and marketing risks faced by farmers when selling in local markets include price volatility.","In the long-term, the broiler market may adapt to changing consumer demand and marketing strategies, potentially leading to more stable prices and increased competitiveness. Here is the summarized information:;In the short-term, prices may continue to fluctuate due to market competition and external factors such as crude oil prices.",search,2009-06-22,2009-06-28,2.0,31
2009-07-01,79.157272,174.8797508,95.7224788,2009-07-01,2009-07-01,2009-07-31,Objective facts about the United States broiler market situation: NA,"Predictions you can make for the long-term future: NA The provided search results do not contain any relevant information about the United States broiler market. The results appear to be unrelated to the broiler market, focusing on topics such as regulation, oil production, agriculture, and local market analysis in various countries. Therefore, no useful information can be extracted for making predictions about the United States broiler market.Here is the summarized information:;Predictions you can make for the short-term future: NA",search,2009-07-20,2009-07-26,5.0,31
2009-08-01,76.13232,176.9175078,100.7851878,2009-08-01,2009-08-01,2009-08-31,There are no objective facts about the United States broiler market situation in the provided search results.,"Similarly, it's not possible to make long-term predictions about the United States broiler market without relevant information. Here is the summarized information:;Due to the lack of relevant information, it's not possible to make short-term predictions about the United States broiler market.",search,2009-08-24,2009-08-30,1.0,31
2009-09-01,71.617144,176.0476656,104.4305216,2009-09-01,2009-09-01,2009-09-30,"The United States consumes approximately 24% of the soybean oil produced, and the high demand for soybean oil affects its price.","In the long term, the United States broiler market is likely to grow driven by increasing demand for protein-rich foods, but may face competition from other protein sources and trade agreements. Note: There is limited information directly related to the United States broiler market in the provided search results. The above analysis is based on indirect indicators and expert opinion.Here is the summarized information:;In the short term, the broiler market in the United States may experience fluctuations in prices and demand due to changes in global commodity prices and trade policies.",search,2009-09-21,2009-09-27,3.0,31
2009-10-01,70.249048,173.456788,103.20774,2009-10-01,2009-10-01,2009-10-31,"The U.S. beef, pork, and poultry markets operate nationally.",NAHere is the filtered and summarized information:;NA,search,2009-10-19,2009-10-25,6.0,31
2009-11-01,69.789128,174.3157924,104.5266644,2009-11-01,2009-11-01,2009-11-30,"The United States poultry market is a major industry in the country, with broiler meat being a significant source of campylobacteriosis.","The increasing demand for high-quality broiler products from the United States may lead to a potential increase in exports and prices in the long term. Note: The provided search results do not contain specific and relevant information about the United States broiler market, making it difficult to make accurate predictions. The above summary is based on the limited information available.Here is the summarized information:;NA",search,2009-11-23,2009-11-29,1.0,31
2009-12-01,71.877776,174.6797494,102.8019734,2009-12-01,2009-12-01,2009-12-31,The split between brown- and white-egg layers in the United States in 2008 was 60% to 40% in favor of brown eggs.,NAHere is the filtered and summarized information relevant to predicting United States Retail Broiler or Retail Chicken:;NA,search,2009-12-21,2009-12-27,4.0,31
2010-01-01,74.581456,173.0778786,98.4964226,2010-01-01,2010-01-01,2010-01-31,"The United States has a market for broilers, with processes eggs and broilers for the local and export market.",NAHere is the summarized information:;NA,search,2010-01-25,2010-01-31,0.0,31
2010-02-01,73.291648,173.0267814,99.7351334,2010-02-01,2010-02-01,2010-02-28,"The United States broiler market is expected to see increased demand in the coming months, driven by higher prices and increased demand.","In the long-term, the broiler market is likely to continue growing, driven by increasing demand and prices, potentially leading to increased production and investment in the industry. Note: The provided search results do not contain much specific information about the United States broiler market. The above analysis is based on limited information and should be taken as a general assessment rather than a detailed market analysis.Here is the summary of the search results:;In the short-term, broiler producers can expect increased demand and higher prices, leading to potential profits.",search,2010-02-22,2010-02-28,0.0,31
2010-03-01,74.99928,167.803967,92.804687,2010-03-01,2010-03-01,2010-03-31,The U.S. Department of Agriculture's Economic Research Service (ERS) collects data to estimate demand for agricultural products.,"In the long-term, the United States broiler market may be shaped by trends such as increased demand for sustainable and locally sourced products, changes in global trade agreements, and advancements in agricultural technology. Here is the summarized information:;In the short-term, the United States broiler market is likely to be influenced by global market trends, trade agreements, and domestic supply and demand factors, which may lead to fluctuations in prices and quantities marketed.",search,2010-03-22,2010-03-28,3.0,31
2010-04-01,75.507752,165.2834544,89.7757024,2010-04-01,2010-04-01,2010-04-30,The broiler chicken business is highly competitive in the United States.,NAHere is the summarized information:;NA,search,2010-04-19,2010-04-25,5.0,31
2010-05-01,77.23232,175.4540298,98.2217098,2010-05-01,2010-05-01,2010-05-31,"As of 2006, the most popular product category sold at farmers' markets in the United States was poultry.",NAHere is the filtered and summarized information:;NA,search,2010-05-17,2010-05-23,8.0,31
2010-06-01,75.934456,176.6493428,100.7148868,2010-06-01,2010-06-01,2010-06-30,"The United States broiler market is part of a mature industry, with national brands and lower price points.","In the long-term, the market may see changes in demand and supply patterns, potentially driven by shifts in consumer behavior and global market trends. Here is the summarized information:;In the short-term, the market may experience fluctuations in demand and pricing due to national and global economic factors.",search,2010-06-21,2010-06-27,3.0,31
2010-07-01,76.296184,178.5128844,102.2167004,2010-07-01,2010-07-01,2010-07-31,"The U.S. estimated cost of production for June 2010 was 57.0 cents per dozen ex farm, 0.8 cents lower than the previous year.","NA Note: There is no relevant information about the United States broiler market in the provided search results. The information provided is mostly about other topics such as nutmeg market, pork industry, egg prices, and fisheries management systems.Here is the summarized information:;NA",search,2010-07-19,2010-07-25,6.0,31
2010-08-01,78.192768,174.6585698,96.4658018,2010-08-01,2010-08-01,2010-08-31,Objective facts about the United States broiler market situation: NA,"Long-term predictions: NA The search results do not provide any relevant information about the United States broiler market. The results appear to be related to various topics such as electric power industry, hog markets, sheep production, databases, annual reports, and economic research papers, but none of them provide useful information about the broiler market.Here is the filtered and summarized information:;Short-term predictions: NA",search,2010-08-23,2010-08-29,2.0,31
2010-09-01,78.134584,178.5718902,100.4373062,2010-09-01,2010-09-01,2010-09-30,The United States has a national and regional supply shock that drives broiler prices.,NAHere is the filtered and summarized information about United States Retail Broiler or Retail Chicken:;NA,search,2010-09-20,2010-09-26,4.0,31
2010-10-01,72.116304,180.0262006,107.9098966,2010-10-01,2010-10-01,2010-10-31,"The United States is a significant producer of corn, with corn prices in the US market affecting the global supply and demand.",NAHere is the summary of the search results:;NA,search,2010-10-25,2010-10-31,0.0,31
2010-11-01,68.60464,181.761359,113.156719,2010-11-01,2010-11-01,2010-11-30,"The United States broiler market is dominated by a few large companies, with 4 companies controlling more than 80% of the US beef-packing market.",NAHere is the summarized information:;NA,search,2010-11-22,2010-11-28,2.0,31
2010-12-01,66.9352,178.5278312,111.5926312,2010-12-01,2010-12-01,2010-12-31,The United States has 0.21 percent of market share in the food processing ingredients sector in Guatemala.,"The demand for high-quality broiler products may continue to grow in the long term, driven by consumer preferences for healthy and safe food options. Here is the summarized information:;NA",search,2010-12-20,2010-12-26,5.0,31
2011-01-01,67.284936,175.7709138,108.4859778,2011-01-01,2011-01-01,2011-01-31,"The Poultry Industry in the United States is impacted by legislation, regulations, and media activity.","The US broiler market may experience changes in demand and prices due to shifts in consumer preferences and market trends. Note: There is limited information available in the provided search results that is directly related to the United States broiler market. Most of the results are related to broader topics such as agriculture, economy, and trade, but not specifically about the broiler market.Here is the summarized information about United States Retail Broiler or Retail Chicken:;NA",search,2011-01-24,2011-01-30,1.0,31
2011-02-01,66.385104,177.5734544,111.1883504,2011-02-01,2011-02-01,2011-02-28,The United States broiler market is not explicitly mentioned in the search results.,NAHere is the summarized information:;NA,search,2011-02-21,2011-02-27,1.0,31
2011-03-01,71.990432,178.508172,106.51774,2011-03-01,2011-03-01,2011-03-31,"The United States has a large number of small family farms, with roughly ninety percent of family farms being small and having a market share of just under twenty-five percent.","NA Note: The provided search results do not contain specific information about the United States broiler market, making it difficult to make predictions or provide insights. The information provided is mostly related to general agricultural topics, and there is no direct connection to the broiler market.Here is the filtered and summarized information relevant to making predictions about United States Retail Broiler or Retail Chicken:;NA",search,2011-03-14,2011-03-20,11.0,31
2011-04-01,72.616904,174.4091004,101.7921964,2011-04-01,2011-04-01,2011-04-30,"The United States has seen an increase in demand for food, including broilers, with the demand exceeding supply in some cases.","In the long-term, the broiler market may shift towards more sustainable and environmentally-friendly practices, potentially leading to changes in pricing and availability. Here is the summarized information about United States Retail Broiler or Retail Chicken:;In the short-term, prices for broilers may remain steady or increase due to ongoing demand and potential supply chain disruptions.",search,2011-04-18,2011-04-24,6.0,31
2011-05-01,72.684168,170.066244,97.382076,2011-05-01,2011-05-01,2011-05-31,The National Chicken Council represents the interests of the U.S. broiler industry.,NAHere is the summarized information about United States Retail Broiler or Retail Chicken:;NA,search,2011-05-23,2011-05-29,2.0,31
2011-06-01,71.800312,175.520283,103.719971,2011-06-01,2011-06-01,2011-06-30,The National Domestic Violence Hotline in the United States registered an increase in calls.,"The US broiler market may continue to be shaped by international trade agreements and subsidies, potentially affecting prices and demand. Here is the summarized information:;NA (No short-term predictions can be made based on the available information)",search,2011-06-20,2011-06-26,4.0,31
2011-07-01,70.626112,174.0359222,103.4098102,2011-07-01,2011-07-01,2011-07-31,"The United States broiler market is competitive, with multiple firms competing for sales in the national retail food and restaurant market, but one firm often dominates a growing region or territory.",NAHere is the summarized information:;NA,search,2011-07-25,2011-07-31,0.0,31
2011-08-01,72.591744,178.728915,106.137171,2011-08-01,2011-08-01,2011-08-31,"The majority of ""meat, poultry, eggs, and milk"" sold in the U.S. today is produced by Concentrated Animal Feeding Operations (CAFOs), also known as factory farms.",NAHere is the filtered and summarized information:;NA,search,2011-08-22,2011-08-28,3.0,31
2011-09-01,73.960392,176.7019294,102.7415374,2011-09-01,2011-09-01,2011-09-30,"The United States is mentioned as a country in the context of food prices, market access, and agricultural value chains, but there is no specific information about the broiler market.",NAHere is the summarized information:;NA,search,2011-09-19,2011-09-25,5.0,31
2011-10-01,71.185856,180.7178794,109.5320234,2011-10-01,2011-10-01,2011-10-31,"The United States has around 80,000 poultry farms, holding 60 million birds.",NAHere is the filtered and summarized information about United States Retail Broiler or Retail Chicken:;NA,search,2011-10-24,2011-10-30,1.0,31
2011-11-01,71.633752,179.334259,107.700507,2011-11-01,2011-11-01,2011-11-30,"The United States had 180 turkey hatcheries in 1975, but the number decreased to 2011.","In the long-term, the broiler market may experience a significant change in its structure, leading to potential changes in prices, availability, and market share of broiler products. Note: The provided search results do not contain much information directly related to the United States broiler market. The above summary is based on limited relevant information and may not be comprehensive.Here is the summarized information:;In the short-term, prices of broiler products may fluctuate due to the potential shift in supply and demand.",search,2011-11-21,2011-11-27,3.0,31
2011-12-01,74.73756,179.315310626775,104.577750626775,2011-12-01,2011-12-01,2011-12-31,The growing demand for poultry meat has led to an increase in the availability of poultry in a variety of processed ready meals.,"In the long-term, the demand for poultry meat is likely to continue to grow, driven by consumer preferences for convenient and affordable protein sources, leading to sustained growth in the broiler market. Here is the summarized information relevant to predicting United States Retail Broiler or Retail Chicken:;In the short-term, it is likely that poultry producers will continue to meet the growing demand for poultry products, leading to stable or increasing prices.",search,2011-12-19,2011-12-25,6.0,31
2012-01-01,81.416632,185.472459267163,104.055827267163,2012-01-01,2012-01-01,2012-01-31,"The United States broiler market is affected by the feed market, and changes in feed prices can impact the broiler industry.","In the long term, the broiler market may see increased demand for alternative feed sources, such as insects, which could impact the traditional feed market and the broiler industry as a whole. Note: The search results did not provide a lot of direct information about the United States broiler market, so the analysis and predictions are based on indirect information and expert opinion.Here is the summarized information:;In the short term, the broiler market may experience fluctuations in prices and demand due to changes in feed prices and availability.",search,2012-01-23,2012-01-29,2.0,31
2012-02-01,83.149,182.670133533498,99.5211335334982,2012-02-01,2012-02-01,2012-02-29,"The National Chicken Council provides statistics on U.S. broiler performance, including market age, market weight, feed-to-meat gain, and more.",NAHere is the summary of the search results:;NA,search,2012-02-20,2012-02-26,3.0,31
2012-03-01,85.888912,190.42021230268,104.53130030268,2012-03-01,2012-03-01,2012-03-31,"The United States has a significant poultry industry, with rising consumer demand for chicken.","The US broiler market is expected to continue growing in the long term, driven by increasing demand for chicken and the industry's efforts to meet this demand through increased production and exports. Here is the summary of the useful filtered information:;NA",search,2012-03-12,2012-03-18,13.0,31
2012-04-01,83.065248,188.664984253312,105.599736253312,2012-04-01,2012-04-01,2012-04-30,"The United States continues to dominate trade in cereals, with a diversified export base.","The continued dominance of the United States in cereal trade may lead to a stable or increasing supply of feed for broilers, potentially affecting prices and demand in the long term. Here is the summarized information:;NA (no information available to make short-term predictions about the United States broiler market)",search,2012-04-23,2012-04-29,1.0,31
2012-05-01,89.220312,186.897146932127,97.6768349321265,2012-05-01,2012-05-01,2012-05-31,"The United States is a major player in the global agriculture market, with soybeans, cotton, wood, grains, and seafood being top exports.","The long-term future of the United States broiler market may be affected by changes in immigration policy, trade liberalization, and world price changes, which could impact domestic production and exports. Here is the summarized information:;NA",search,2012-05-21,2012-05-27,4.0,31
2012-06-01,83.287344,191.021810102725,107.734466102725,2012-06-01,2012-06-01,2012-06-30,The average price of various types of organic and “no antibiotics” meat and poultry in the 13 chains was generally higher than the national average.,"The demand for broiler products in the US market may continue to be influenced by consumer preferences for organic and “no antibiotics” products, potentially leading to a shift in market trends. Here is the summarized information:;NA",search,2012-06-18,2012-06-24,6.0,31
2012-07-01,81.947048,192.088897492728,110.141849492728,2012-07-01,2012-07-01,2012-07-31,"The United States provided 207,000 MT of broilers in the 2010/11 and 2011/12 seasons.","In the long-term, the United States broiler market may see increased competition from other protein sources, potentially leading to fluctuations in demand and prices. Note: There is limited information available specifically about the United States broiler market in the provided search results.Here is the summarized information about United States Retail Broiler or Retail Chicken:;In the short-term, broiler prices may continue to rise due to increasing global demand and supply chain disruptions.",search,2012-07-23,2012-07-29,2.0,31
2012-08-01,85.124112,190.615099781845,105.490987781845,2012-08-01,2012-08-01,2012-08-31,"The United States is a significant consumer of poultry products, with animal agriculture being the No. 1 customer of U.S. corn and soybeans.","In the long-term, the broiler market may shift towards more sustainable and locally sourced products, driven by consumer preferences and government regulations. Note: There is limited information directly related to the United States broiler market in the provided search results. The above summary is based on indirect information and expert analysis.Here is the summary of the useful filtered information about United States Retail Broiler or Retail Chicken:;In the short-term, prices of broiler meat may fluctuate due to changes in demand and supply, but overall demand is expected to remain steady.",search,2012-08-20,2012-08-26,5.0,31
2012-09-01,82.764752,185.55337332995,102.78862132995,2012-09-01,2012-09-01,2012-09-30,The global agricultural supply and demand factors contribute to the recent increase in food commodity prices.,NAHere is the summary of the useful filtered information:;NA,search,2012-09-24,2012-09-30,0.0,31
2012-10-01,83.654912,186.965164180757,103.310252180757,2012-10-01,2012-10-01,2012-10-31,The US Department of Agriculture's National Agriculture Statistics Service publishes data on the broiler market.,"NA Note: The provided search results do not contain specific information about the United States broiler market. The only relevant information is the mention of the US Department of Agriculture's National Agriculture Statistics Service, which suggests that data on the broiler market might be available. However, without more specific data, it is not possible to make predictions about the market.Here is the summarized information:;NA",search,2012-10-22,2012-10-28,3.0,31
2012-11-01,84.080216,193.484690745001,109.404474745001,2012-11-01,2012-11-01,2012-11-30,"The beef cow inventory has decreased by 8.5% in the United States since 1986, but has grown by 44% in Wisconsin.","In the long-term, the broiler market may experience changes in demand and supply dynamics, potentially leading to shifts in market share and prices. Here is the filtered and summarized information:;In the short-term, broiler prices may remain high due to high feed costs and potential supply chain disruptions.",search,2012-11-19,2012-11-25,5.0,31
2012-12-01,90.720952,197.147871314561,106.426919314561,2012-12-01,2012-12-01,2012-12-31,"The National Chicken Council in the USA noted that in the first time in history, the US faced an alarming situation for the poultry feed industry.","In the long-term, the US broiler market may see changes in market dynamics, such as increased imports or changes in production levels, to address demand and supply imbalances. Note: The provided search results did not yield much relevant information about the United States broiler market, hence the limited output.Here is the filtered information, summarized into 5 parts:;In the short-term, the US broiler market may experience fluctuations in prices and demand due to the uncertainty in the poultry feed industry.",search,2012-12-24,2012-12-30,1.0,31
2013-01-01,92.206432,193.95554339543,101.74911139543,2013-01-01,2013-01-01,2013-01-31,"The United States broiler market demand is high, especially during events like the Super Bowl, with Americans expected to eat 1.23 billion chicken wings.","The demand for broilers in the United States is likely to continue to be driven by consumer preferences and events, leading to a stable market in the long term. Here is the summarized information:;Based on the high demand for chicken wings during the Super Bowl, it is likely that the broiler market will remain strong in the short term.",search,2013-01-21,2013-01-27,4.0,31
2013-02-01,90.258968,194.785893096294,104.526925096294,2013-02-01,2013-02-01,2013-02-28,"The US Department of Agriculture's Agricultural Marketing Service reports on the consumption of organic fluid milk, which may have an impact on the broiler market.","NA Note: There is limited information directly related to the United States broiler market in the provided search results. The information available is mostly about other agricultural markets, such as rice, beef, and dairy. Therefore, it is challenging to make predictions about the broiler market based on this data.Here is the summarized output:;NA",search,2013-02-18,2013-02-24,4.0,31
2013-03-01,91.655144,189.995113958636,98.3399699586359,2013-03-01,2013-03-01,2013-03-31,"The United States was the 28th-largest export market and 16th-largest source of imports for Russia, with a growing demand for meat in the Russian diet.","With the growing demand for meat in countries like Russia, the United States broiler market may see increased exports and potentially higher prices in the long term. Here is the summarized information:;NA",search,2013-03-25,2013-03-31,0.0,31
2013-04-01,90.738344,191.241723111961,100.503379111961,2013-04-01,2013-04-01,2013-04-30,Objective facts about the United States broiler market situation: NA,"Predictions you can make for the long-term future (next few months): NA Note: The provided search results do not contain any relevant information about the United States broiler market. The results appear to be unrelated to the topic, and no useful information can be extracted.Here is the filtered and summarized information about United States Retail Broiler or Retail Chicken:;Predictions you can make for the short-term future (next 1-4 weeks): NA",search,2013-04-22,2013-04-28,2.0,31
2013-05-01,96.29592,194.708736505108,98.4128165051079,2013-05-01,2013-05-01,2013-05-31,"The United States broiler market is related to the cattle industry, and production economics can impact market prices.",NAHere is the summarized output:;NA,search,2013-05-20,2013-05-26,5.0,31
2013-06-01,96.017712,199.188666778058,103.170954778058,2013-06-01,2013-06-01,2013-06-30,"The farmdoc Team's article mentions that broiler production expanded rapidly due to high market prices, causing demand to increase when crop price declines occur.",NAHere is the summarized information:;NA,search,2013-06-24,2013-06-30,0.0,31
2013-07-01,93.60156,197.586795406466,103.985235406466,2013-07-01,2013-07-01,2013-07-31,"The United States has a large market for chicken meat, and its relatively cheaper price makes it a popular choice.","The increasing demand for locally grown products could lead to a shift in the broiler market, with more emphasis on local production and marketing. Note: There was limited information directly related to the United States broiler market in the provided search results. The summarized information is based on indirect insights and analysis.Here is the summary of the search results:;NA",search,2013-07-22,2013-07-28,3.0,31
2013-08-01,92.051496,200.207027051269,108.155531051269,2013-08-01,2013-08-01,2013-08-31,The average market value of a cow in the North Central United States is $245.,NAHere is the summarized information about United States Retail Broiler or Retail Chicken:;NA,search,2013-08-19,2013-08-25,6.0,31
2013-09-01,88.63252,200.549237940742,111.916717940742,2013-09-01,2013-09-01,2013-09-30,"The United States has processed over 105 billion broilers since 2000, with production parameters, mortality, and condemnation rates shown in a figure.",NAHere is the summarized information:;NA,search,2013-09-23,2013-09-29,1.0,31
2013-10-01,80.3716,203.097528417285,122.725928417285,2013-10-01,2013-10-01,2013-10-31,The United States broiler market is not explicitly mentioned in the provided search results.,NAHere is the summarized information:;NA,search,2013-10-21,2013-10-27,4.0,31
2013-11-01,74.77368,195.574910968511,120.801230968511,2013-11-01,2013-11-01,2013-11-30,"The cost of feed ingredients, such as corn and soybean meal, represents roughly 71% of production costs for vertically-integrated poultry processors in the United States.","In the long-term, the broiler market may be influenced by trends in the ethanol and gasoline markets, as well as changes in global demand and supply of feed ingredients, which could impact prices and profitability for poultry processors. Here is the filtered and summarized information about United States Retail Broiler or Retail Chicken:;In the short-term, the broiler market may experience fluctuations in prices and demand due to changes in feed ingredient costs, but it is difficult to make specific predictions without more information.",search,2013-11-18,2013-11-24,6.0,31
2013-12-01,73.050912,196.707246778341,123.656334778342,2013-12-01,2013-12-01,2013-12-31,"The demand for U.S. meats influences prices in the United States, Canada, and other markets.","NA Note: The search results did not provide much information directly related to the United States broiler market. The only relevant fact found was about the demand for U.S. meats influencing prices. The insight about growing poultry meat consumption is based on a general trend mentioned in one of the search results, but it's not specifically about the United States broiler market.Here is the summarized information:;NA",search,2013-12-23,2013-12-29,2.0,31
2014-01-01,74.935904,193.841928425394,118.906024425394,2014-01-01,2014-01-01,2014-01-31,"The National Chicken Council reports that Americans are expected to eat 1.25 billion chicken wings during Super Bowl weekend in 2014, and the ""Great Wing Shortage"" of 2013 is officially over.","The broiler market is likely to continue to grow in the long term, driven by increasing demand for protein and stable supply chains. However, factors like biofuel mandates and changing consumer preferences may impact the market in the future. Here is the summarized information:;The demand for chicken wings is expected to remain high in the short term, particularly during the Super Bowl weekend, and prices are likely to remain stable.",search,2014-01-20,2014-01-26,5.0,31
2014-02-01,75.612016,195.294023686247,119.682007686247,2014-02-01,2014-02-01,2014-02-28,"The United States Department of Agriculture (USDA) prohibits discrimination in all its programs and activities on the basis of race, color, national origin, age, etc.",NAHere is the summarized information:;NA,search,2014-02-17,2014-02-23,5.0,31
2014-03-01,79.85368,194.729807421684,114.876127421684,2014-03-01,2014-03-01,2014-03-31,"The United States has an expanding corn-derived ethanol fuel sector, which rose in late 2006 and early 2007, fuelled by demand for corn and consequently prices.",NAHere is the summarized information:;NA,search,2014-03-24,2014-03-30,1.0,31
2014-04-01,85.90756,192.907863806749,107.000303806749,2014-04-01,2014-04-01,2014-04-30,Record-high prices for U.S. beef burgers and pork chops are helping to make 2014 the most profitable year ever for chicken producers.,"In the long-term, the profitability of chicken producers may lead to an increase in chicken production, which could potentially lead to a surplus in the market, affecting prices and profitability. Note: There is limited information directly related to the United States broiler market in the provided search results. The above summary is based on the available information and expert analysis.Here is the summarized information:;In the short-term, the demand for chicken is likely to remain high, and chicken producers may continue to experience high profits.",search,2014-04-21,2014-04-27,3.0,31
2014-05-01,90.424832,194.61366934358,104.18883734358,2014-05-01,2014-05-01,2014-05-31,: NA,": With increasing global population and consumer demand for omega-3 oils, there may be an impact on the sustainability of broiler production in the long term. Here is the summarized information, filtered to focus on United States Retail Broiler or Retail Chicken:;: NA",search,2014-05-19,2014-05-25,6.0,31
2014-06-01,92.893544,194.857753804384,101.964209804384,2014-06-01,2014-06-01,2014-06-30,"As of 2021-2022, there is no specific data on the United States broiler market in the provided search results. However, the agribusiness industry accounts for nearly one-fifth of the U.S. gross national product and employs close to one-fourth of the U.S. labor force.",NAHere is the filtered and summarized information:;NA,search,2014-06-23,2014-06-29,1.0,31
2014-07-01,94.030216,195.589074164657,101.558858164657,2014-07-01,2014-07-01,2014-07-31,The United States chicken consumption peaked at 91.5 pounds a year.,"The long-term outlook for the broiler market in the United States is positive, with potential for continued growth in demand and consumption.;In the short-term, the demand for chicken is likely to remain high, supporting prices and production levels.",search,2014-07-21,2014-07-27,4.0,31
2014-08-01,92.249984,197.044680350667,104.794696350667,2014-08-01,2014-08-01,2014-08-31,"The United States has a significant poultry industry, with Mesa County in Colorado ranking third in the state in production of eggs and poultry.","In the long-term, the broiler market may see increased demand for biotech wheat, which could impact the feed grain market and, in turn, affect the broiler industry. Note: There is limited information directly related to the United States broiler market in the provided search results. The above summary is based on inferences and indirect connections to the market.Here is the filtered and summarized information:;In the short-term, the broiler market may experience volatility in prices due to global market trends and trade agreements.",search,2014-08-25,2014-08-31,0.0,31
2014-09-01,92.346936,197.123507917038,104.776571917038,2014-09-01,2014-09-01,2014-09-30,"The United States imports and exports poultry products, with a growing demand for U.S.-raised poultry in China.","In the long-term, the U.S. broiler market may see increased competition from other poultry-producing countries, potentially affecting market share and prices. Here is the summarized information:;In the short-term, the U.S. broiler market is expected to continue experiencing growth, driven by steady demand from China and other international markets.",search,2014-09-22,2014-09-28,2.0,31
2014-10-01,90.403608,198.986816421706,108.583208421706,2014-10-01,2014-10-01,2014-10-31,"The United States recorded the highest total meat consumption and demand, and market and trade.","In the long-term, the broiler market may be affected by factors such as climate change, national water demand, and market effects, which could lead to fluctuations in demand and prices. Note: The information provided is limited, and most of the search results are not directly related to the United States broiler market. Therefore, the analysis and predictions are based on indirect connections and may not be entirely accurate.Here is the summarized information about United States Retail Broiler or Retail Chicken:;In the short-term, the demand for broilers may remain high, leading to stable or increasing prices.",search,2014-10-20,2014-10-26,5.0,31
2014-11-01,87.906176,200.79913387223,112.89295787223,2014-11-01,2014-11-01,2014-11-30,"The United States has a strong livestock industry, with a growing export demand, and the price of livestock products is expected to rebound.","In the long-term, the United States broiler market is expected to continue growing, driven by increasing export demand and a strong livestock industry. Here is the summarized information:;In the short-term, broiler prices are likely to increase due to growing export demand and rebounding livestock prices.",search,2014-11-24,2014-11-30,0.0,31
2014-12-01,86.087896,199.433797961797,113.345901961797,2014-12-01,2014-12-01,2014-12-31,The United States Department of Agriculture (USDA) buys ground beef for the National School Lunch Program.,"With growing demand for chicken products, the broiler market is likely to experience an increase in production and sales in the long term. Here is the summarized information about United States Retail Broiler or Retail Chicken:;NA",search,2014-12-22,2014-12-28,3.0,31
2015-01-01,87.9496,197.842341953172,109.892741953172,2015-01-01,2015-01-01,2015-01-31,"The United States has a large poultry production industry, with broiler chickens being a significant part of it.","In the long-term, the broiler market may shift towards antibiotic-free production, driven by consumer demand and potential regulatory changes. Note: The search results did not provide much specific information about the United States broiler market, so the insights and predictions are based on general knowledge and analysis.Here is the summarized information:;In the short-term, the demand for broiler chickens may remain steady, driven by domestic consumption and export markets.",search,2015-01-19,2015-01-25,6.0,31
2015-02-01,86.184552,197.796222590227,111.611670590227,2015-02-01,2015-02-01,2015-02-28,The United States broiler market is expected to increase in 2015 with moderate economic growth and larger meat supplies.,"In the long-term, the broiler market is likely to continue growing, driven by moderate economic growth and increasing demand for meat products. Note: There is limited information directly related to the United States broiler market in the provided search results. The information provided is based on the available data and may not be comprehensive.Here is the summarized information:;In the short-term, broiler prices may increase due to higher demand and larger meat supplies.",search,2015-02-16,2015-02-22,6.0,31
2015-03-01,85.781784,198.729136770233,112.947352770233,2015-03-01,2015-03-01,2015-03-31,"The United States broiler market was affected by the USDA shutdown, which resulted in delayed reports such as the weekly Broiler Hatchery report.","NA (No information found related to long-term predictions)Here is the summarized information:;In the short-term, broiler prices may fluctuate due to the uncertainty caused by the delayed reports.",search,2015-03-23,2015-03-29,2.0,31
2015-04-01,84.81892,199.733342665093,114.914422665093,2015-04-01,2015-04-01,2015-04-30,"The U.S. weighted average advertised retail price for an 8 ounce pack of natural chicken breast was reported in the DMN National Retail Report-Dairy for the week of April 17 - 23, 2015.","In the long-term, the United States broiler market may experience growth driven by increasing demand from countries like China, which imports turkey meat from the U.S. Here is the summarized information:;In the short-term, poultry prices may remain stable or experience a slight decrease due to the availability of lower-cost pork as a substitute meat.",search,2015-04-20,2015-04-26,4.0,31
2015-05-01,85.555152,193.183912017407,107.628760017407,2015-05-01,2015-05-01,2015-05-31,"The USDA prohibits discrimination against its customers, employees, and applicants for employment on the bases of race, among other factors.",NAHere is the summarized information:;NA,search,2015-05-25,2015-05-31,0.0,31
2015-06-01,83.990376,198.692764518882,114.702388518882,2015-06-01,2015-06-01,2015-06-30,The United States broiler market was worth $1.59 billion in 2015.,NAHere is the summarized information about United States Retail Broiler or Retail Chicken:;NA,search,2015-06-22,2015-06-28,2.0,31
2015-07-01,78.4968,196.334491509052,117.837691509052,2015-07-01,2015-07-01,2015-07-31,"In 2014, the United States exported 19% of its broiler production.","In the long term, the U.S. broiler market may experience growth driven by increasing exports to countries like China and domestic demand. Here is the filtered and summarized information about United States Retail Broiler or Retail Chicken:;In the short term, prices of broilers may remain stable due to the current supply and demand balance.",search,2015-07-20,2015-07-26,5.0,31
2015-08-01,72.561232,196.029247796208,123.468015796208,2015-08-01,2015-08-01,2015-08-31,The United States has national food price databases available for research purposes.,NAHere is the filtered information relevant to predicting United States Retail Broiler or Retail Chicken:;NA,search,2015-08-24,2015-08-30,1.0,31
2015-09-01,69.345792,194.99827757768,125.65248557768,2015-09-01,2015-09-01,2015-09-30,"The United States is a significant producer of broilers, with output influencing global demand and prices.","The growing demand for alternative meats, such as goat meat, could lead to increased competition for broiler farmers in the long term, potentially affecting prices and market share. Here is the summarized information:;NA",search,2015-09-21,2015-09-27,3.0,31
2015-10-01,65.523248,196.538951607338,131.015703607338,2015-10-01,2015-10-01,2015-10-31,"The United States broiler market is not directly mentioned in the provided search results. However, some information related to the agricultural market and trade can be found.",NAHere is the filtered and summarized information about United States Retail Broiler or Retail Chicken:;NA,search,2015-10-19,2015-10-25,6.0,31
2015-11-01,63.536568,196.985538424661,133.448970424661,2015-11-01,2015-11-01,2015-11-30,"The U.S. Department of Agriculture (USDA) prohibits discrimination in all its programs and activities on the basis of race, color, national origin, age, etc.","In the long-term, the U.S. broiler market may adapt to the new regulations and find alternative production methods, leading to a potential stabilization of prices and production. Here is the summarized information:;In the short-term, the U.S. broiler market may continue to experience fluctuations in prices and production due to the ongoing impact of the antibiotic use restriction.",search,2015-11-23,2015-11-29,1.0,31
2015-12-01,64.158168,193.14616632087,128.98799832087,2015-12-01,2015-12-01,2015-12-31,"The United States remains the Philippines' largest supplier for food products, including broiler products.","The U.S. broiler market is expected to continue to grow in the long term, driven by increasing demand from export markets and domestic consumption. Here is the summarized information about United States Retail Broiler or Retail Chicken:;NA",search,2015-12-21,2015-12-27,4.0,31
2016-01-01,67.663504,192.66047089575,124.99696689575,2016-01-01,2016-01-01,2016-01-31,"According to the National Chicken Council, Americans are expected to eat 1.3 billion chicken wings during the Super Bowl weekend.","In the long-term, the market-driven shift towards cage-free eggs and animal welfare may lead to changes in the broiler industry, potentially affecting prices and production methods. Here is the summarized information:;In the short-term, the demand for broilers is likely to remain high, especially with the Super Bowl weekend approaching, which may lead to an increase in prices.",search,2016-01-25,2016-01-31,0.0,31
2016-02-01,67.413848,187.421060859499,120.007212859499,2016-02-01,2016-02-01,2016-02-29,"The United States is one of the largest players in the global food and agribusiness market, with high prices for land and labor.","In the long-term, the broiler market may experience a shift towards more sustainable and organic production methods, driven by consumer demand and potentially leading to changes in market prices and structures. Note: There is limited information available in the provided search results that is directly relevant to the United States broiler market. The above summary is based on the available information and may not provide a comprehensive picture of the market.Here is the summarized information:;In the short-term, prices for broiler products may remain steady or increase slightly due to the growing demand for organic and antibiotic-free products.",search,2016-02-22,2016-02-28,1.0,31
2016-03-01,69.5224,188.725939044871,119.203539044871,2016-03-01,2016-03-01,2016-03-31,"The National Pork Board reports that Easter ranks as one of the top holidays for pork consumption, which could help pork prices in the coming months.",NAHere is the summarized information:;NA,search,2016-03-21,2016-03-27,4.0,31
2016-04-01,74.143808,192.131098067108,117.987290067108,2016-04-01,2016-04-01,2016-04-30,"The demand for specialty grain to feed dairy cows, hogs, and egg-laying hens is increasing in the United States, with demand getting further away from supply every year.","In the long-term, the U.S. broiler market is likely to shift towards more sustainable and environmentally-friendly practices, with a greater emphasis on specialty grain and biogas production, leading to potential growth opportunities for farmers and industry players. Here is the filtered and summarized information:;In the short-term, the demand for specialty grain and biogas production is likely to continue to increase, driving up prices and incentivizing farmers to adopt more sustainable practices.",search,2016-04-18,2016-04-24,6.0,31
2016-05-01,77.452248,189.806227783356,112.353979783356,2016-05-01,2016-05-01,2016-05-31,"The United States broiler market imports primarily from Brazil and the United States, with an expected import of 75 metric tons of U.S. poultry in 2016.","The broiler market may continue to see a trend towards premium products, potentially leading to increased demand and prices for high-quality broilers. Here is the summarized information:;NA",search,2016-05-23,2016-05-29,2.0,31
2016-06-01,76.892064,191.54746778014,114.65540378014,2016-06-01,2016-06-01,2016-06-30,"The annual cost in the United States of antibiotic-resistant infections is significant, and the use of antibiotics in poultry is responding to market demand.","In the long term, the broiler market may see changes in response to growing demand for imported food products and increasing concerns about antibiotic resistance. Here is the summarized information:;In the short term, the broiler market may experience fluctuations in price and demand due to the ongoing impact of the British fallout and the strength of the U.S. dollar.",search,2016-06-20,2016-06-26,4.0,31
2016-07-01,75.725144,189.916101395763,114.190957395763,2016-07-01,2016-07-01,2016-07-31,"Objective facts about the United States broiler market situation: The demand for broiler meat is influenced by market price, and price rigidities can occur in the presence of shocks.",Predictions you can make for the long-term future (next few months): NAHere is the summarized information:;Predictions you can make for the short-term future (next 1-4 weeks): NA,search,2016-07-25,2016-07-31,0.0,31
2016-08-01,74.015496,191.13384253491,117.11834653491,2016-08-01,2016-08-01,2016-08-31,The United States Government is considering allowing imports of poultry products.,"In the long-term future (next few months), the demand for poultry products is expected to continue rising, which could lead to an increase in prices. Note: The information provided is limited, and most of the search results are not directly related to the United States broiler market. Therefore, the analysis and predictions are based on limited information.Here is the summarized information about United States Retail Broiler or Retail Chicken:;In the short-term future (next 1-4 weeks), prices of poultry products may decline due to oversupply.",search,2016-08-22,2016-08-28,3.0,31
2016-09-01,75.927792,190.822404856261,114.894612856262,2016-09-01,2016-09-01,2016-09-30,"The United States has 15,904 certified organic operations, according to the Organic Integrity Database.","The increasing demand for organic products may lead to an increase in organic broiler production in the United States, potentially affecting the overall broiler market. Here is the summarized information:;NA",search,2016-09-19,2016-09-25,5.0,31
2016-10-01,74.094032,189.309080813747,115.215048813747,2016-10-01,2016-10-01,2016-10-31,"As of 2016, U.S. chicken consumption remains high, with 2016 consumption at an all-time high.","In the long-term, the industry is likely to continue to grow, driven by factors such as increasing demand and expansion of hatcheries and other industry infrastructure. Here is the summarized information:;In the short-term, it is likely that the demand for chicken will remain strong, driving prices and consumption up.",search,2016-10-24,2016-10-30,1.0,31
2016-11-01,74.890264,189.40551288703,114.51524888703,2016-11-01,2016-11-01,2016-11-30,"As of 2016, the farm price of broilers in the southern states has decreased, and relatively cheaper feed prices have contributed to an increase in broiler production.","Based on the trend of decreasing farm prices and relatively cheaper feed prices, it is possible that broiler production will continue to increase in the southern states, leading to lower prices for consumers. Here is the summarized information:;NA",search,2016-11-21,2016-11-27,3.0,31
2016-12-01,76.695904,183.831393951005,107.135489951005,2016-12-01,2016-12-01,2016-12-31,"The National Chicken Council states that in 2016, approximately 35 companies were involved in the business of raising, processing, and marketing chicken on a large scale in the United States.","The demand for U.S. broiler products may increase in the long term due to growing exports to countries like Peru, which is a dynamic sector of the national economy with a growing demand for U.S.-origin food processing ingredients. Here is the summarized information:;NA",search,2016-12-19,2016-12-25,6.0,31
2017-01-01,77.333424,186.066406798929,108.732982798929,2017-01-01,2017-01-01,2017-01-31,The national broiler flock in the United States eats about 27.5 billion pounds of chicken meat produced in the country.,"In the long-term, the United States broiler market may be influenced by trade agreements and exports, potentially leading to changes in demand and prices. Here is the summarized information:;In the short-term, the price of chicken may fluctuate based on the demand and supply of broiler meat.",search,2017-01-23,2017-01-29,2.0,31
2017-02-01,77.599792,187.159264948333,109.559472948333,2017-02-01,2017-02-01,2017-02-28,"The demand for U.S. foods can push food prices up in Canada, and marketing and distribution costs are generally higher in Canada than in the United States.","In the long term, the broiler market may shift towards more premium and specialty products, leading to increased competition and potential changes in market share. Note: There is limited information available specifically about the United States broiler market, so the analysis and predictions are based on related information and trends.Here is the summarized information:;In the short term, prices of broiler products may increase due to the growing demand for premium and specialty products.",search,2017-02-20,2017-02-26,2.0,31
2017-03-01,83.396312,187.817986732238,104.421674732238,2017-03-01,2017-03-01,2017-03-31,"The Chinese market has pulled Brazilian beef and poultry from their shelves due to a deepening scandal over food safety, which may impact the global poultry market.",NAHere is the summarized information:;NA,search,2017-03-20,2017-03-26,5.0,31
2017-04-01,88.804808,188.652272009137,99.8474640091372,2017-04-01,2017-04-01,2017-04-30,"The United States is a large supplier of soybeans to world markets, and corn is the key energy source for poultry feed in the US.","In the long-term, the broiler market may be affected by changes in global trade policies, technological advancements in feed production, and shifts in consumer demand for poultry products. Note: There is limited information available in the search results that directly relates to the United States broiler market, so some parts may be incomplete or marked as ""NA"".Here is the summarized information:;In the short-term, the broiler market is likely to be influenced by changes in feed prices and demand for poultry products.",search,2017-04-24,2017-04-30,0.0,31
2017-05-01,94.475288,187.694182381629,93.218894381629,2017-05-01,2017-05-01,2017-05-31,The U.S. poultry meat exports hold over 35 percent market share in Ghana.,"As the US Department of Agriculture forecasts higher demand and exports, it is likely that the US broiler market will continue to experience growth and increasing prices in the long-term. Note: There is limited information directly related to the US broiler market in the provided search results. Most of the information is related to other markets or industries.Here is the summarized information:;It is likely that the US broiler market will continue to experience high demand and exports in the short-term, leading to stable or increasing prices.",search,2017-05-22,2017-05-28,3.0,31
2017-06-01,98.229936,186.784396497238,88.5544604972381,2017-06-01,2017-06-01,2017-06-30,"The United States Department of Agriculture (USDA) has standards for the National Poultry Improvement Plan, which Aviagen's new veterinary diagnostic lab in Tennessee meets.","As the poultry industry continues to invest in improved production and health measures, the long-term outlook for the broiler market may be more stable and potentially lead to increased demand. Here is the summarized information about United States Retail Broiler or Retail Chicken:;In the short term, prices may increase due to the potential imbalance of supply and demand in the broiler market.",search,2017-06-19,2017-06-25,5.0,31
2017-07-01,99.144464,186.315469450375,87.1710054503747,2017-07-01,2017-07-01,2017-07-31,"The National Chicken Council is involved in enhancing economic opportunities for US farmers and ranchers, and conducts safety and health inspections on meat and poultry products.","In the long term, the US broiler market may be impacted by changes in trade relationships, such as the renegotiation of NAFTA, which could affect exports and prices. Additionally, investigations into price-fixing could lead to changes in the market dynamics and potentially impact prices. Here is the summarized information:;In the short term, the market is likely to remain stable, with no significant changes in prices or supply expected.",search,2017-07-24,2017-07-30,1.0,31
2017-08-01,94.68312,188.564348518199,93.8812285181986,2017-08-01,2017-08-01,2017-08-31,"The United States broiler market is not directly mentioned in the provided search results. However, there are some related information about the meat industry in the United States.",NAHere is the summarized information:;NA,search,2017-08-21,2017-08-27,4.0,31
2017-09-01,86.02968,187.421600321248,101.391920321248,2017-09-01,2017-09-01,2017-09-30,"In 2016, imports from the United States for broiler meat represented nearly 92 percent of the market.",NAHere is the summarized information:;NA,search,2017-09-18,2017-09-24,6.0,31
2017-10-01,78.9474,187.428896084381,108.481496084381,2017-10-01,2017-10-01,2017-10-31,The National Chicken Council reported that the trend of antibiotic-free (ABF) poultry production is driven by consumer demand and marketing strategies.,"The trend towards ABF poultry production may continue to shape the broiler market in the long term, potentially leading to changes in production practices and market dynamics. Here is the summarized output:;NA",search,2017-10-23,2017-10-29,2.0,31
2017-11-01,76.54128,187.147795618612,110.606515618612,2017-11-01,2017-11-01,2017-11-30,"The United States broiler market is dominated by a few large companies, with the defendant companies controlling 90 percent of the market.","In the long-term, the market may see increased competition and potentially lower prices if the price-fixing claims lead to regulatory changes or increased market competition. Note: There is limited information directly related to predicting the United States broiler market in the provided search results. The above summary is based on the available information and may not provide a comprehensive view of the market.Here is the summarized output:;In the short-term, the market may experience fluctuations in prices due to the ongoing price-fixing claims and potential changes in demand.",search,2017-11-20,2017-11-26,4.0,31
2017-12-01,79.249072,189.726883915999,110.477811915999,2017-12-01,2017-12-01,2017-12-31,"The demand for poultry meat in the US has been growing rapidly over the past 50 years, driven by fast-growing demand.","In the long term, the demand for broilers is likely to continue growing, driven by consumer preferences and population growth, which may lead to increased production and potentially higher prices. Here is the summarized information about United States Retail Broiler or Retail Chicken:;In the short term, the market prices for broilers may be affected by the predicted increase in soybean acres, leading to lower prices.",search,2017-12-25,2017-12-31,0.0,31
2018-01-01,79.371936,181.710860910118,102.338924910118,2018-01-01,2018-01-01,2018-01-31,"The U.S. Department of Agriculture predicts that Americans will eat a record amount of beef, pork, and poultry in 2018.","In the long-term, the U.S. broiler market may experience continued growth, driven by increasing demand and large-scale production in states like Georgia. Note: There is limited information directly related to the U.S. broiler market in the provided search results. The insights and predictions are based on indirect information and may not be as accurate as desired.Here is the summary of the useful information:;In the short-term, prices of poultry may remain stable or increase slightly due to high demand.",search,2018-01-22,2018-01-28,3.0,31
2018-02-01,80.867624,186.051022709124,105.183398709124,2018-02-01,2018-02-01,2018-02-28,"The demand for dressed, ready-to-cook, and processed poultry products is increasing in the United States market.","In the long-term, the United States broiler market may experience continued growth in demand and exports, potentially leading to higher prices and increased production. Note: There is limited information specifically about the United States broiler market in the provided search results, so some parts may be incomplete or speculative.Here is the summarized information about United States Retail Broiler or Retail Chicken:;In the short-term, prices of broiler products may remain stable or decrease due to the expected increase in exports and potential competition from imports.",search,2018-02-19,2018-02-25,3.0,31
2018-03-01,83.336552,186.711870353977,103.375318353977,2018-03-01,2018-03-01,2018-03-31,"The United States is not the largest market for broilers, and the provided information does not give a clear picture of the current situation in the US broiler market.",NAHere is the filtered and summarized information:;NA,search,2018-03-19,2018-03-25,6.0,31
2018-04-01,85.095656,189.987831001879,104.892175001879,2018-04-01,2018-04-01,2018-04-30,"The United States broiler market is estimated to produce 22 million tonnes of poultry meat in 2018, a 2.4% increase from 2016, driven by strong domestic and international demand.","In the long-term, the U.S. broiler market may continue to grow, driven by increasing demand from countries like Thailand and Chile, as well as potential opportunities in other international markets. Here is the summarized output:;In the short-term, the demand for U.S. broiler products is likely to remain strong, driven by international demand and domestic consumption.",search,2018-04-23,2018-04-29,1.0,31
2018-05-01,87.028808,189.228647249475,102.199839249475,2018-05-01,2018-05-01,2018-05-31,"The United States has a large poultry industry, with over 30 million chickens trucked to poultry plants across the US every day.","In the long-term, the US broiler market may continue to grow, driven by increasing demand for protein and changing consumer preferences, but may also face challenges such as disease outbreaks, trade tensions, and environmental concerns. Note: The provided search results did not contain specific data or information about the current market situation, prices, or trends in the US broiler market, which limited the analysis and predictions.Here are the filtered and summarized results:;In the short-term, the US broiler market may experience fluctuations in prices and supply due to factors such as weather, trade policies, and global demand.",search,2018-05-21,2018-05-27,4.0,31
2018-06-01,87.67996,188.417319811687,100.737359811687,2018-06-01,2018-06-01,2018-06-30,"The United States is a significant player in the global poultry market, with a growing demand for organically grown poultry.","In the long term, the broiler market may see a shift towards more organic and sustainable production methods, driven by consumer demand and export market requirements. Note: There is limited information directly related to the United States broiler market in the provided search results. The above summary is based on indirect information and insights.Here is the summarized information:;In the short term, the market may experience fluctuations based on export demand and national herd size.",search,2018-06-18,2018-06-24,6.0,31
2018-07-01,85.573256,189.195323858573,103.622067858573,2018-07-01,2018-07-01,2018-07-31,The US National Chicken Council represents approximately 95% of broiler chickens raised in the United States.,"Based on the current market share and demand, it is likely that the US broiler market will continue to dominate the Mexican market in the long term. Here is the summarized information about United States Retail Broiler or Retail Chicken:;NA",search,2018-07-23,2018-07-29,2.0,31
2018-08-01,76.355584,188.406947958964,112.051363958964,2018-08-01,2018-08-01,2018-08-31,The national average negotiated carcass price on USDA's Friday afternoon report was falling like a rock during the last two months.,"In the long-term, the broiler market may be affected by changes in consumer preferences, trade policies, and supply chain disruptions, leading to potential price fluctuations. Note: There is limited information directly related to the broiler market in the provided search results. The analysis and predictions are based on indirect indicators and market trends.Here is the filtered and summarized information:;In the short-term, broiler prices may remain stable or slightly decrease due to the current supply and demand dynamics.",search,2018-08-20,2018-08-26,5.0,31
2018-09-01,73.171008,186.400159248981,113.229151248981,2018-09-01,2018-09-01,2018-09-30,The National Chicken Council reports on per capita consumption of chicken in the United States.,NAHere is the summarized information:;NA,search,2018-09-24,2018-09-30,0.0,31
2018-10-01,71.343048,188.914593625299,117.571545625299,2018-10-01,2018-10-01,2018-10-31,The broiler industry is a major industry in several U.S. states.,NAHere is the summarized information:;NA,search,2018-10-22,2018-10-28,3.0,31
2018-11-01,69.9982,185.326153165534,115.327953165534,2018-11-01,2018-11-01,2018-11-30,"The market activity is seasonally slow to moderate, and retail demand is light to moderate.","In the long-term, I predict a stabilization of Monthly Retail broiler Composite prices as the demand and supply balance out, potentially leading to a slight increase in prices.;In the short-term, I predict a slight decrease in Monthly Retail broiler Composite prices due to the slow market activity and light retail demand.",report,2018-11-30,2018-11-30,0.0,31
2018-12-01,71.255864,187.077571357876,115.821707357876,2018-12-01,2018-12-01,2018-12-31,"The National Composite Weighted Average for 12/28/18 is 96.21 compared to 91.01 a week earlier, and 89.80 a year ago.","If the demand from retail and food service sectors remains strong, and production levels remain moderate, I predict that the Monthly Retail Broiler Composite will continue to trend upwards in the long-term, potentially reaching new highs in the next 4-18 months.;Based on the current market trends, I predict that the Monthly Retail Broiler Composite will remain strong in the short-term, potentially reaching the high 90s or low 100s in the next 1-3 months.",report,2018-12-31,2018-12-31,0.0,31
2019-01-01,77.5246,185.189056916355,107.664456916355,2019-01-01,2019-01-01,2019-01-31,"The current broiler market is characterized by steady to weak whole broiler/fryer prices, light to moderate offerings, and light to moderate retail and food service demand.","In the long-term, I predict that the Monthly Retail broiler Composite will trend upwards as the industry adjusts to weather-related disruptions and demand increases with the approach of spring and summer.;In the short-term, I predict that the Monthly Retail broiler Composite will remain steady or slightly decline due to the current market conditions and weather-related delays.",report,2019-01-31,2019-01-31,0.0,31
2019-02-01,76.77436,187.562168442905,110.787808442905,2019-02-01,2019-02-01,2019-02-28,Whole broiler/fryer prices are steady at best with a weakening undertone. Retail demand is light to moderate with anticipation that first of the month interest and ads will increase movement.,"If the trend of weakening undertones in whole broiler/fryer prices and light to moderate retail demand continues, I predict a potential decrease in Monthly Retail broiler Composite over the next 4-18 months.;Based on the current situation, I predict a slight decrease or stability in Monthly Retail broiler Composite for the next 1-3 months.",report,2019-02-28,2019-02-28,0.0,31
2019-03-01,79.526976,185.471513770449,105.944537770449,2019-03-01,2019-03-01,2019-03-31,The United States Department of Agriculture reports that demand for healthier products is increasing.,"In the long-term, the United States broiler market may see a shift towards more premium and healthier broiler products, leading to changes in production and supply chain strategies. Note: There is limited information directly related to the United States broiler market in the provided search results. The above summary is based on the available information and may not provide a comprehensive view of the market.Here is the summarized information:;In the short-term, the demand for broiler products may remain steady or increase slightly due to the growing trend towards healthier protein options.",search,2019-03-25,2019-03-31,0.0,31
2019-04-01,81.667976,188.393141143791,106.725165143791,2019-04-01,2019-04-01,2019-04-30,"Whole broiler/fryer prices are in a full range, and demand into retail and food service channels ranged light to mostly moderate.","As the market is currently balanced, it is difficult to predict a significant trend in the long-term future. However, if demand remains moderate and supplies stay balanced, the Monthly Retail Broiler Composite may experience a slight increase in the next 4-18 months.;Based on the current situation, it is likely that the Monthly Retail Broiler Composite will remain stable or experience a slight fluctuation in the next 1-3 months.",report,2019-04-30,2019-04-30,0.0,31
2019-05-01,82.244816,188.499577805661,106.254761805661,2019-05-01,2019-05-01,2019-05-31,"The whole broiler/fryer prices are steady to some instances weak on heavier sizes, and retail and food service demand is light to moderate with interest anticipated to increase for the first of the month.","If the demand increases as anticipated for the first of the month, the Monthly Retail broiler Composite may experience a slight upward trend in the long-term future (next 4-18 months). However, this is uncertain and depends on various factors such as production and supply chain dynamics.;Based on the current situation, it is likely that the Monthly Retail broiler Composite will remain stable or slightly decrease in the short-term future (next 1-3 months).",report,2019-05-31,2019-05-31,0.0,31
2019-06-01,82.409472,187.613849412492,105.204377412492,2019-06-01,2019-06-01,2019-06-30,"The United States poultry industry has a history of using antibiotic growth promoters in commercial poultry feeds, but there is a shift towards No Antibiotics Ever (NAE) production.","In the long term, the US broiler market may see a significant shift towards NAE production, driven by consumer demand and regulatory pressures, potentially leading to changes in the market structure and competition. Here is the summarized information:;In the short term, we can expect to see a continued increase in NAE production and exports, potentially leading to higher prices for sustainably produced poultry products.",search,2019-06-24,2019-06-30,0.0,31
2019-07-01,82.059784,187.320158979241,105.260374979241,2019-07-01,2019-07-01,2019-07-31,"The United States remains the largest agricultural product supplier to Peru, with more than two-thirds of current U.S. agricultural exports entering Peru duty-free.","The increasing demand for higher welfare chicken may lead to a shift in the broiler market, potentially resulting in higher prices for producers who adapt to the new demand and lower prices for those who do not. Here is the summarized information:;NA",search,2019-07-22,2019-07-28,3.0,31
2019-08-01,77.828024,186.45916895802,108.63114495802,2019-08-01,2019-08-01,2019-08-31,"Objective facts about the Monthly Retail broiler Composite situation** * Whole broiler/fryer prices remain steady to weak entering the weekend. (Source) * National Whole Broiler/Fryer Composite Weighted Average prices are not reported due to confidentiality. (Source) * Ready-to-Cook Weight and Dressing Percentage are at 825,168 and 76.0%, respectively, for the current week. (Source) **","Long-term predictions (next 4-18 months)** * The broiler market is expected to experience a seasonal demand increase during the holiday season, which may lead to a slight increase in prices. * The market is expected to remain stable, with prices fluctuating based on demand and supply factors. Here is the filtered and summarized information relevant to predicting Monthly Retail broiler Composite:;Short-term predictions (next 1-3 months)** * Prices are expected to remain stable or experience a slight decrease due to moderate demand and heavy supplies. * The market activity is expected to remain slow to moderate, with no significant changes in prices. **",report,2019-08-26,2019-08-31,0.0,31
2019-09-01,73.459472,186.104476176997,112.645004176997,2019-09-01,2019-09-01,2019-09-30,"National consumption of broilers in the United States reached 59.8, with demand for chicken making up 59.7% of total consumption.","With the US broiler industry being a significant player in the global market, it is likely that the industry will continue to experience growth, driven by domestic demand and potential export opportunities. Here is the summary of the search results:;NA",search,2019-09-23,2019-09-29,1.0,31
2019-10-01,69.819928,187.929038730795,118.109110730795,2019-10-01,2019-10-01,2019-10-31,The market for poultry products has tripled in the last decade.,"In the long-term, the US broiler market is expected to continue its upward trend, with exports potentially reaching 1.5 million tonnes cwt by 2020. Note: The information available is limited, and most of the search results are not directly related to the US broiler market. The insights and predictions made are based on the limited available information and may not be entirely accurate.Here is the summarized information about United States Retail Broiler or Retail Chicken:;In the short-term, US broiler exports are likely to continue growing, driven by demand from countries like India.",search,2019-10-21,2019-10-27,4.0,31
2019-11-01,68.1326,189.518629293928,121.386029293928,2019-11-01,2019-11-01,2019-11-30,"The current week's broiler/fryer prices are trending steady for all sizes, with moderate to available offerings for current needs. Retail and foodservice demand is light to moderate.","In the long term (next 4-18 months), the Monthly Retail broiler Composite may experience some fluctuations due to changes in demand and supply, but overall, it is expected to remain relatively stable. Here is the filtered information relevant to predicting Monthly Retail broiler Composite:;Based on the current situation, it is likely that the Monthly Retail broiler Composite will remain steady or experience a slight increase in the short term (next 1-3 months).",report,2019-11-25,2019-11-30,0.0,31
2019-12-01,69.691096,191.770022422534,122.078926422534,2019-12-01,2019-12-01,2019-12-31,"The Big Picture Market Outlook report by J.S. Ferraro provides in-depth commentary on the US poultry market outlook, availability, and price forecasts for meat and poultry.",NAHere is the summarized information:;NA,search,2019-12-23,2019-12-29,2.0,31
2020-01-01,71.331888,187.030936968583,115.699048968583,2020-01-01,2020-01-01,2020-01-31,"The United States is a significant player in the global poultry market, with a large domestic market and exports to countries like Saudi Arabia.","In the long term, the United States broiler market may face challenges from international competition, trade policies, and shifting consumer preferences, which could impact prices and demand. Note: The provided search results do not contain specific and recent data on the United States broiler market, making it challenging to provide more detailed and accurate predictions.Here is the summarized information:;In the short term, broiler prices may remain stable or experience slight fluctuations due to steady demand from domestic and international markets.",search,2020-01-20,2020-01-26,5.0,31
2020-02-01,69.291544,188.2372623333,118.9457183333,2020-02-01,2020-02-01,2020-02-29,"- Whole broiler/fryer prices are trending steady to weak for all sizes. - National Whole Broiler/Fryer prices are at 45.5 cents per pound for the current week. - Ready-to-cook weight and dressing percentage are at 805,629 and 76.0% respectively. - Estimated U.S. slaughter for the current period is 173.1 million head, or 2.3 million more than estimated available.","- If the surplus of supply continues, it may lead to a longer-term decline in prices. - However, any changes in demand or supply chain disruptions could affect the price trend. Here is the filtered information relevant to predicting Monthly Retail broiler Composite:;- Based on the current trend, it is likely that the Monthly Retail Broiler Composite price will remain steady or decline in the short term. - The surplus of supply and heavier broilers may continue to put downward pressure on prices.",report,2020-02-24,2020-02-29,0.0,31
2020-03-01,71.214968,192.790680090807,121.575712090807,2020-03-01,2020-03-01,2020-03-31,The higher export demand puts upward pressure on broiler prices.,"In the long term, the US broiler market may face challenges from competition with Brazil and other countries, which could impact prices and demand. Note: There is limited information available about the United States broiler market in the provided search results. The insights and predictions are based on the available information and may not be comprehensive.Here is the summarized information:;In the next 1-4 weeks, broiler prices may continue to rise due to higher export demand.",search,2020-03-23,2020-03-29,2.0,31
2020-04-01,63.179624,203.092243038219,139.912619038219,2020-04-01,2020-04-01,2020-04-30,The National Purchase Diary (NPD) group reported growth in chicken wing consumption and branding over the years.,"As the lockdown is lifted and consumer behavior returns to normal, the broiler chicken market is likely to stabilize, with demand and prices returning to pre-pandemic levels. Here is the summarized information:;In the short-term, broiler chicken prices may continue to fluctuate due to the ongoing lockdown and changes in consumer demand.",search,2020-04-20,2020-04-26,4.0,31
2020-05-01,68.275792,204.497048157904,136.221256157904,2020-05-01,2020-05-01,2020-05-31,"The USDA has been investigating potential price manipulation in the beef market, particularly due to the coronavirus pandemic.","In the long-term, the broiler market may recover as the pandemic subsides, but it may also lead to changes in consumer behavior and demand, potentially affecting the market. Note: There is limited information directly related to the United States broiler market in the provided search results. The predictions and insights are based on indirect information and the expert's analysis.Here is the summarized information:;In the short-term, prices of broilers may fluctuate due to the ongoing pandemic and potential price manipulation, leading to uncertainty in the market.",search,2020-05-25,2020-05-31,0.0,31
2020-06-01,68.676376,207.882678481534,139.206302481534,2020-06-01,2020-06-01,2020-06-30,The United States has a greater demand for lamb and mutton meat.,"In the long-term, the demand for poultry may increase, driven by the growing demand for protein and the development of the agricultural market in the United States. Here is the summarized information:;In the short-term, the demand for poultry is likely to remain steady, influenced by the current market conditions and consumer behavior.",search,2020-06-22,2020-06-28,2.0,31
2020-07-01,67.097024,203.244749463861,136.147725463861,2020-07-01,2020-07-01,2020-07-31,The demand for U.S. chicken paws is strong.,"In the long-term, the United States broiler market may experience changes in demand patterns and prices due to factors such as market manipulation, global demand, and trade regulations. Here is the summarized output:;In the short-term, broiler prices may remain stable or increase due to strong demand and potential supply constraints.",search,2020-07-20,2020-07-26,5.0,31
2020-08-01,65.882336,201.04705417446,135.16471817446,2020-08-01,2020-08-01,2020-08-31,"The United States broiler meat prices are lower compared to other countries, which affects import decisions.","In the long-term future, the United States broiler market may recover as the pandemic subsides and demand increases, leading to higher prices. Note: There is limited information available in the search results to make more specific predictions about the United States broiler market.Here is the report on United States Retail Broiler or Retail Chicken:;In the short-term future, broiler prices may continue to weaken due to the current market conditions and demand.",search,2020-08-24,2020-08-30,1.0,31
2020-09-01,62.607936,200.1160561716,137.5081201716,2020-09-01,2020-09-01,2020-09-30,"The United States broiler market has faced challenging production and market conditions in recent years, including demand decline and price drops.","In the long term, the market may see some recovery as the pandemic subsides, but the concentration of the industry in a few large corporations may continue to affect prices and market efficiency. Here is the summarized information:;In the short term, prices may continue to decline due to decreased demand and increased imports from countries like Russia.",search,2020-09-21,2020-09-27,3.0,31
2020-10-01,63.176216,199.853331648476,136.677115648476,2020-10-01,2020-10-01,2020-10-31,"- Whole broiler/fryer prices are mostly steady for all sizes. - Retail and food service demand is light to moderate. - Processing schedules are normal to reduced. - Floor stocks are balanced. - Market activity is slow to moderate. - Estimated U.S. slaughter for the period was 170.5 million head, or 4.4 million more than estimated available. - The estimated U.S. slaughter this week is 166.3 million head or -0.8 million less than estimated available. - The estimated available is 167.5 million head for the week of 31-Oct-20. - Year to date totals reflect comparable time periods, with a 1% increase in ready-to-cook weight and a 1% decrease in dressing percentage compared to last year.","- The year-to-date totals suggest a stable market, but the potential shift in demand or supply may impact prices in the long term. - The estimated slaughter and available numbers may indicate a potential shortage or surplus in the market, which could impact prices in the long term. Here is the summary of the useful information filtered from the Daily USDA Broiler Market News Report:;- Based on the current market situation, it is likely that prices will remain steady in the short term. - There may be a potential shift in demand or supply in the future, which could impact prices.",report,2020-10-26,2020-10-31,0.0,31
2020-11-01,66.30412,201.686942515756,135.382822515756,2020-11-01,2020-11-01,2020-11-30,"The US poultry market has been affected by price competitive imports from the EU, GCC, and Asian countries, leading to a loss of market share.","In the long-term, the US broiler market may need to adapt to changing consumer demands, such as increased transparency and traceability, to remain competitive and regain market share. Here is the summarized information:;In the short-term, the US broiler market may continue to face challenges due to the ongoing pandemic and competitive imports, leading to potential price fluctuations and market volatility.",search,2020-11-23,2020-11-29,1.0,31
2020-12-01,67.235296,200.693534232004,133.458238232004,2020-12-01,2020-12-01,2020-12-31,"Objective facts about the Monthly Retail broiler Composite situation** The report does not provide direct information about the Monthly Retail Broiler Composite. However, it provides data on broiler production, slaughter, and prices, which can be used to make inferences about the retail market. **","Long-term predictions (next 4-18 months)** In the long term, the broiler market is likely to be influenced by factors such as changes in consumer demand, production trends, and global market dynamics. While it is difficult to make precise predictions, the current surplus of broiler meat could lead to a period of consolidation in the industry, potentially resulting in more stable prices in the long term. Here is the filtered information relevant to predicting Monthly Retail broiler Composite:;Short-term predictions (next 1-3 months)** Based on the current market situation, it is possible that broiler prices may continue to trend steady to weak in the short term, potentially leading to lower retail prices. However, this will depend on various factors, including demand, production, and supply chain dynamics. **",report,2020-12-28,2020-12-29,2.0,31
2021-01-01,68.376432,202.846956998092,134.470524998092,2021-01-01,2021-01-01,2021-01-31,"The U.S. market expects feed cost inflation in 2021 of 27%, the largest year-over-year increase.","In the long term, the broiler market may see adjustments in supply and demand as producers adapt to higher feed costs, potentially leading to changes in production levels and prices. Note: There is limited information directly related to the United States broiler market in the provided search results. The insights and predictions are based on indirect information and the analyst's expertise.Here is the summarized information:;In the next 1-4 weeks, broiler prices may increase due to the expected feed cost inflation, leading to higher production costs for producers.",search,2021-01-25,2021-01-31,0.0,31
2021-02-01,72.59148,199.012017022978,126.420537022978,2021-02-01,2021-02-01,2021-02-28,"The United States is one of the top chicken exporting countries, along with Thailand and the European Union.","In the long term, the market may experience increased competition and potentially lower prices as a result of increased scrutiny and regulatory action. Note: There is limited information available in the provided search results that directly relates to predicting the United States broiler market. The above report is based on the available information and may not provide a comprehensive picture of the market.Here is the summarized information:;In the short term, prices may remain high due to continued demand and potential supply chain disruptions.",search,2021-02-22,2021-02-28,0.0,31
2021-03-01,76.898664,200.645387887115,123.746723887115,2021-03-01,2021-03-01,2021-03-31,"The United States broiler market is part of the larger poultry industry, which includes chicken and egg production.",NAHere is the summarized information:;NA,search,2021-03-22,2021-03-28,3.0,31
2021-04-01,87.509496,201.874646378665,114.365150378665,2021-04-01,2021-04-01,2021-04-30,"The United States is a significant producer and consumer of pork, with pork being the second-most consumed meat in the world.",NAHere is the summarized information:;NA,search,2021-04-19,2021-04-25,5.0,31
2021-05-01,94.735936,204.11241612211,109.37648012211,2021-05-01,2021-05-01,2021-05-31,"The United States broiler market is not directly mentioned in the search results. However, the tight hog supplies in the cash market and high prices paid in the open market may indicate a potential impact on the broiler market.",NAHere is the summarized information:;NA,search,2021-05-24,2021-05-30,1.0,31
2021-06-01,93.055992,205.642655871087,112.586663871087,2021-06-01,2021-06-01,2021-06-30,"The United States broiler market is indirectly affected by the Canadian commercial poultry and egg industry, which was affected by highly pathogenic avian influenza in 2022.","The increasing demand for antibiotic-free poultry may lead to changes in the broiler market, potentially affecting prices and production in the long term. Here is the summarized information:;NA",search,2021-06-21,2021-06-27,3.0,31
2021-07-01,90.66208,208.178325796027,117.516245796027,2021-07-01,2021-07-01,2021-07-31,"Objective facts about the Monthly Retail broiler Composite situation: The report does not provide direct information on the Monthly Retail broiler Composite. However, it provides insights into the broiler market, which can be used to make predictions about the Monthly Retail broiler Composite.","Long-term predictions (next 4-18 months): In the long term, the Monthly Retail broiler Composite may experience some fluctuations due to changes in demand and supply. However, based on the current trends, it is likely that the prices will remain stable to slightly increase. The broiler industry is expected to continue to produce at a moderate pace, which will keep prices stable. Here is the filtered information relevant to predicting Monthly Retail Broiler Composite:;Short-term predictions (next 1-3 months): Based on the current market trends, it is likely that the Monthly Retail broiler Composite will remain steady to firm in the short term. The demand for broilers is expected to remain moderate, and the supply is expected to be adequate, which will keep prices stable.",report,2021-07-25,2021-07-31,0.0,31
2021-08-01,90.166056,214.868321360033,124.702265360033,2021-08-01,2021-08-01,2021-08-31,The United States broiler production figures are relevant to understanding the market situation.,"In the long term, the market is likely to be driven by consumer preferences, income, and demand for alternative protein sources, which may lead to a continuation of current trends. Here is the filtered and summarized information:;In the short term, the broiler market may experience fluctuations in prices due to changes in exports and domestic supply.",search,2021-08-23,2021-08-29,2.0,31
2021-09-01,89.663232,216.121921844424,126.458689844424,2021-09-01,2021-09-01,2021-09-30,The United States broiler market is expected to grow 2 percent in 2022 as the economy reopens and food service demand rebounds.,"In the long-term, the market is expected to continue growing, driven by consumer demand for antibiotic-free products and the rebound of the economy. Note: There is limited information available in the search results to make specific predictions about the United States broiler market.Here is the summarized information:;In the short-term, prices of chicken products may increase due to growing demand and the rebound of food service demand.",search,2021-09-20,2021-09-26,4.0,31
2021-10-01,86.595696,217.360424426863,130.764728426863,2021-10-01,2021-10-01,2021-10-31,The United States poultry industry processed over 9.22 billion broilers in 2020.,"The broiler market is likely to continue to be influenced by market demand and prices, with potential growth in the industry. Here is the filtered and summarized information about United States Retail Broiler or Retail Chicken:;No specific short-term predictions can be made based on the available information. NA",search,2021-10-25,2021-10-31,0.0,31
2021-11-01,85.172352,221.037033719168,135.864681719168,2021-11-01,2021-11-01,2021-11-30,"The United States had declared COVID-19 a national emergency in 2020, which affected the food service and grocery retail demand.","In the long term, investments in supply chain strengthening and digitization may help the broiler market recover and become more resilient, potentially leading to increased production and more stable prices. Here is the summary of the useful information:;In the short term, the broiler market may continue to face challenges due to ongoing supply chain issues and labor shortages, potentially leading to higher prices and reduced production.",search,2021-11-22,2021-11-28,2.0,31
2021-12-01,88.882456,221.5509621428,132.6685061428,2021-12-01,2021-12-01,2021-12-31,Objective facts about the Monthly Retail Broiler Composite situation** * Whole broiler/fryer prices are trending firm for all sizes. * Offerings of all sizes are tight to short for current needs. * Retail and foodservice demand is moderate to very good for the approaching holiday weekend. * Floor stocks are sufficient. **,"Long-term predictions (next 4-18 months)** * The broiler market may experience a more balanced supply and demand situation in the long term, which could lead to more stable prices. * However, factors such as production costs, feed prices, and export demand may influence the market and impact prices in the long term. Here is the filtered information relevant to making predictions about the Monthly Retail Broiler Composite:;Short-term predictions (next 1-3 months)** * Prices are likely to remain firm or increase in the short term due to tight supplies and good demand. **",report,2021-12-26,2021-12-31,0.0,31
2022-01-01,90.918192,221.666726054699,130.748534054699,2022-01-01,2022-01-01,2022-01-31,"The United States dominates China's chicken paw import market with its unique ""jumbo"" paw.","In the long term, the US broiler market is expected to continue growing, driven by increasing global demand and the country's dominant position in the market. Note: There is limited information available on the US broiler market in the provided search results, so some parts may not have any information.Here is the summarized report:;In the short term, broiler prices are likely to remain high due to strong demand and supply chain issues.",search,2022-01-24,2022-01-30,1.0,31
2022-02-01,91.449792,226.952458639737,135.502666639737,2022-02-01,2022-02-01,2022-02-28,"The United States broiler market is expected to have larger supplies, but higher domestic prices may dampen demand in price-sensitive markets such as Mexico and China.","In the long term, the US broiler market may be influenced by international trade agreements and policies, which could impact demand and prices. Additionally, changes in global demand and prices for other commodities, such as sunflower oil, may also affect the broiler market. Here are the filtered results, summarized into 5 parts:;In the short term, it is likely that domestic prices will continue to impact demand in price-sensitive markets, leading to a potential decrease in exports to these markets.",search,2022-02-21,2022-02-27,1.0,31
2022-03-01,100.798536,231.657030108883,130.858494108883,2022-03-01,2022-03-01,2022-03-31,"The demand for poultry products, including broilers, appears to be strong in the market, with prices influenced by demand, input costs, and other factors.","In the long term, the broiler market is likely to recover from the avian flu outbreak, but the industry may need to adapt to new biosecurity measures to prevent future outbreaks. Here is the summarized information:;In the short term, prices of broiler products are likely to increase due to the supply disruption caused by the avian flu outbreak.",search,2022-03-21,2022-03-27,4.0,31
2022-04-01,113.090808,239.303742518709,126.212934518709,2022-04-01,2022-04-01,2022-04-30,"The national whole broiler/fryer prices are generally trending steady to firm for all sizes, with offerings of all sizes balanced to tight for current trade needs.","In the long term (next 4-18 months), the Monthly Retail broiler Composite may experience some fluctuations due to seasonal demand and supply changes, but overall, it is expected to remain relatively stable. Here is the filtered information relevant to predicting Monthly Retail broiler Composite:;Based on the current trends, it is likely that the Monthly Retail broiler Composite will remain steady to firm in the short term (next 1-3 months).",report,2022-04-24,2022-04-30,0.0,31
2022-05-01,125.75624,242.186901872479,116.430661872479,2022-05-01,2022-05-01,2022-05-31,"The Biden-Harris Administration has announced new actions to promote fair and competitive agricultural markets, prevent abuse of farmers by poultry processors, and make prices fairer for farmers and American consumers.","In the long term, the U.S. broiler market is likely to continue to be shaped by the administration's efforts to promote fair competition and prevent abuse of farmers, potentially leading to a more equitable and sustainable market structure. Here is the summarized output:;In the short term, the U.S. broiler market may experience some volatility as the administration's new actions take effect, potentially leading to changes in prices and market share.",search,2022-05-23,2022-05-29,2.0,31
2022-06-01,128.949176,245.441707217413,116.492531217413,2022-06-01,2022-06-01,2022-06-30,"The operating company Defendants (CMS, JBS USA, Swift/Packerland, National Beef, and Tyson Fresh) sold broilers in the US market in 2018.",The growth in demand for chicken meat in other countries could lead to increased competition for US broiler producers in the long term. Here is the filtered and summarized information about United States Retail Broiler or Retail Chicken:;NA (no information available to make short-term predictions),search,2022-06-20,2022-06-26,4.0,31
2022-07-01,123.096,245.319882080533,122.223882080533,2022-07-01,2022-07-01,2022-07-31,"The United States broiler market is connected to the global market, with the U.S. Meat Export Federation partnering with the United Soybean Board to promote U.S.-grown soybeans.","NAHere is the summarized information, filtered to focus on United States Retail Broiler or Retail Chicken:;NA",search,2022-07-25,2022-07-31,0.0,31
2022-08-01,114.090768,254.166955760503,140.076187760503,2022-08-01,2022-08-01,2022-08-31,"The United States exports pork products to Vietnam, and there is a growing demand for U.S. pork products in Vietnam.","The growing demand for U.S. pork products in Vietnam and China may lead to increased competition for the broiler market, potentially affecting broiler prices and market share. Here is the summarized information:;NA",search,2022-08-22,2022-08-28,3.0,31
2022-09-01,111.981566,254.173933287431,142.192367287431,2022-09-01,2022-09-01,2022-09-30,"The United States broiler market is affected by various factors, including consumer demand, prices, and supply chain responses.","In the long term, the broiler market is likely to be shaped by factors such as sustainability and environmental concerns, as well as government policies and programs aimed at promoting agricultural development and trade. Note: The provided search results do not contain specific data or trends on the United States broiler market, so the analysis is more general and based on the context of the search results.Here is the summarized information:;In the short term, the broiler market is likely to be influenced by consumer demand and prices, with potential fluctuations in response to changes in market conditions.",search,2022-09-19,2022-09-25,5.0,31
2022-10-01,103.897944,253.519871143702,149.621927143702,2022-10-01,2022-10-01,2022-10-31,The US broiler market has seen prices soften recently due to increased domestic consumption and competitive domestic prices.,"In the long term, the US broiler market may be influenced by factors such as agricultural productivity growth, feed costs, and international market demand, which can impact prices and output growth. Here is the summarized information:;In the short term, prices in the US broiler market are likely to remain soft due to increased domestic consumption and competitive domestic prices.",search,2022-10-24,2022-10-30,1.0,31
2022-11-01,89.6160752,252.104074862977,162.487999662977,2022-11-01,2022-11-01,2022-11-30,"The poultry meat market share in Ghana was affected by the Bank of Ghana's policy restricting poultry imports, with the U.S. being a major supplier.","In the long term, the U.S. broiler market may see changes in the industry structure and market dynamics due to policy changes and shifts in consumer demand for animal products. Here is the filtered and summarized information:;In the short term, prices for broiler products are likely to remain high or increase due to the shortage of turkeys and high demand.",search,2022-11-21,2022-11-27,3.0,31
2022-12-01,84.32966,247.02711126286,162.69745126286,2022-12-01,2022-12-01,2022-12-31,The national composite broiler price (whole bird) is an important indicator of the US broiler market situation.,"In the long-term, the US broiler market may experience growth driven by the increasing demand for healthy, organic, and sustainable poultry products, as well as the rising importance of animal welfare and responsible sourcing. Here is the summarized information:;In the short-term, broiler prices may be influenced by the recent trend of higher cattle prices, which could lead to increased competition for consumer demand.",search,2022-12-19,2022-12-25,6.0,31
2023-01-01,83.838316,242.334120008082,158.495804008082,2023-01-01,2023-01-01,2023-01-31,"The U.S. poultry industry provides 2,012,269 jobs and $125.6 billion in wages.","As supply continues to rebound, prices may stabilize or decrease, leading to increased demand and sales growth in the long term. Note: There is limited information specifically about the broiler market, and most of the results are related to the broader poultry industry or other agricultural markets. As a result, some parts may be marked as ""NA"" or have limited information.Here is the summarized information:;Prices may continue to remain high in the short term, potentially affecting demand and sales growth.",search,2023-01-23,2023-01-29,2.0,31
2023-02-01,88.472318,241.666462426704,153.194144426704,2023-02-01,2023-02-01,2023-02-28,"The National Composite wholesale broiler price is forecast to average $1.27 per pound in 2023, ten percent lower than the previous year.","In the long term, the US broiler market may experience a shift in demand towards more competitive prices, leading to a potential increase in exports to price-sensitive markets. Here is the summarized information:;In the next 1-4 weeks, broiler prices may continue to decline or stabilize at a lower level due to the forecasted surplus in supply.",search,2023-02-20,2023-02-26,2.0,31
2023-03-01,93.8711888,241.546129664209,147.674940864209,2023-03-01,2023-03-01,2023-03-31,"The United States broiler market has seen an increase in demand from the animal feed industry, driven by the growth of the poultry sector.","In the long-term, the United States broiler market is likely to continue to grow, driven by increasing demand for protein and a shift towards more sustainable and organic production methods, leading to increased prices and revenue for broiler producers. Note: There is limited information available specifically about the United States broiler market in the provided search results, so some parts may be incomplete or marked as ""NA"".Here is the summarized information about United States Retail Broiler or Retail Chicken:;In the short-term, prices for broilers are likely to remain stable or increase slightly, driven by strong demand from the animal feed industry and limited supply.",search,2023-03-20,2023-03-26,5.0,31
2023-04-01,97.21999,246.135333677844,148.915343677844,2023-04-01,2023-04-01,2023-04-30,"The United States broiler market produced a total of broilers in 2022, with strong market prices driving the industry's growth.","In the long-term, the broiler market may see changes in production practices, driven by consumer preferences for sustainable and locally sourced products, as well as the impact of animal welfare policies on market access. Here is the summarized information:;In the short-term, the market is likely to be driven by strong demand and prices, with potential disruptions from global events, such as the Ukrainian wheat initiative.",search,2023-04-24,2023-04-30,0.0,31
2023-05-01,96.7402816,245.386133126834,148.645851526834,2023-05-01,2023-05-01,2023-05-31,The U.S. poultry production and exports are affected by bird flu vaccination for turkeys.,"In the long-term, the U.S. broiler market may shift towards more sustainable and alternative protein sources due to growing consumer concerns about sustainability.;In the short-term, meat prices may continue to rise due to ongoing food price inflation and supply chain disruptions.",search,2023-05-22,2023-05-28,3.0,31
2023-06-01,94.759304,250.39453590573,155.63523190573,2023-06-01,2023-06-01,2023-06-30,"The United States Department of Agriculture (USDA) Food Safety Inspection Service (FSIS) approved the sale of cell-cultured chicken on June 21, 2023.","In the long-term, the broiler market may experience a shift towards more sustainable and alternative protein sources, driven by consumer demand and environmental concerns. Here is the summarized information about United States Retail Broiler or Retail Chicken:;In the short-term, prices of conventional broiler meat may remain steady or slightly decrease due to the introduction of cell-cultured chicken.",search,2023-06-19,2023-06-25,5.0,31
2023-07-01,91.615102,250.149395073567,158.534293073567,2023-07-01,2023-07-01,2023-07-31,"The United States farms spent an average of $32,540 on feed, $22,458 on farm services, $21,161 on livestock, poultry, and related expenses, and $18,366 on labor in 2021.","As demand for broilers increases as an alternative to scarcer beef and pork, the broiler market may see growth over the next few months. Here is the summarized information:;In the short-term, the broiler market may see continued pressure on producer margins due to rising feed costs and limited labor.",search,2023-07-24,2023-07-30,1.0,31
2023-08-01,92.8447648,252.587533001156,159.742768201156,2023-08-01,2023-08-01,2023-08-31,The United States is one of the main exporters of chicken paws to China.,NAHere is the summarized information:;NA,search,2023-08-21,2023-08-27,4.0,31
2023-09-01,96.0405,246.162284130495,150.121784130495,2023-09-01,2023-09-01,2023-09-30,"The United States chicken industry accounts for $4.4 billion in exports, with foreign markets increasingly important to the industry.","In the long term, the US broiler market may see increased competition from alternative protein sources, such as cell-cultivated meat, which could impact demand and prices. Here is the summary of the useful information related to United States Retail Broiler or Retail Chicken:;It is likely that the US broiler market will continue to be influenced by global demand and trade policies in the short term, with potential fluctuations in prices and exports.",search,2023-09-18,2023-09-24,6.0,31
2023-10-01,93.897508,247.639569987472,153.742061987472,2023-10-01,2023-10-01,2023-10-31,The annual broiler per-capita consumption is reported in the Today's Beef Consumer Fall 2023 Update.,"The demand for broilers might remain resilient, similar to the US meat demand, as outlined in the Agricultural Projections Going into 2024 report. Here is the summarized information relevant to predicting United States Retail Broiler or Retail Chicken:;No specific predictions can be made for the short-term future based on the provided information. NA",search,2023-10-23,2023-10-29,2.0,31
2023-11-01,92.3662032,243.691939648209,151.325736448209,2023-11-01,2023-11-01,2023-11-30,The United States is the second-leading pork producer in the world.,"In the long-term, the U.S. broiler market may need to adapt to changes in consumer habits and preferences, potentially leading to shifts in demand and prices. Note: There is limited information directly related to the U.S. broiler market in the provided search results. The analysis and predictions are based on indirect information and trends in the pork and protein markets.Here is the summarized information:;In the short-term, broiler prices may be pressured by the current uncertainty in the market and weakening demand for pork.",search,2023-11-20,2023-11-26,4.0,31
2023-12-01,94.600368,244.235446852391,149.635078852391,2023-12-01,2023-12-01,2023-12-31,"The United States is one of the largest poultry producers in the world, with per capita meat consumption being high.","In the long term, the United States broiler market may see growth driven by increasing demand and exports, as well as potential trade agreements with other countries. Note: There is limited information directly related to the United States broiler market in the provided search results. The insights and predictions are based on indirect information and expert analysis.Here is the summarized information:;In the short term, poultry prices may remain steady due to stable demand and supply.",search,2023-12-25,2023-12-31,0.0,31
2024-01-01,,242.350564006333,,2024-01-01,2024-01-01,2024-01-31,"The United States imports and exports poultry products, with Romania importing $211 million of U.S. food and agricultural products in 2023, up nearly 11% .","In the long-term future (next few months), the United States broiler market may be affected by factors such as farm policies, corn demand, and trade agreements with countries like Mexico and El Salvador .Here is the summarized information:;In the short-term future (next 1-4 weeks), prices for poultry products may fluctuate based on consumer demand and market power in the meatpacking industry .",search,2024-01-22,2024-01-28,3.0,31
2024-02-01,,237.414961146284,,2024-02-01,2024-02-01,2024-02-29,"The U.S. agricultural market is experiencing a strong demand for exports, with a focus on diversifying opportunities in the global marketplace.",NAHere is the summarized information:;NA,search,2024-02-19,2024-02-25,4.0,31
2024-03-01,,243.267957494361,,2024-03-01,2024-03-01,2024-03-31,The United States broiler meat export markets are affected by pricing-to-market and exchange rate pass-through.,"In the long-term, the United States broiler market may see increased exports to Latin America, particularly Mexico, driven by strong beef prices and growing demand for pork. Here is the summarized information:;In the short-term, prices of broiler meat may remain steady or increase slightly due to continued demand and limited supply.",search,2024-03-25,2024-03-31,0.0,31
2024-04-01,,241.076619580479,,2024-04-01,2024-04-01,2024-04-30,"The demand for animal protein, including broiler meat, is high in the United States, with meat consumption being highest in the country.","In the long-term, the broiler market may continue to grow, driven by consumer demand for animal protein, but may also be influenced by factors such as disease outbreaks, trade policies, and environmental concerns. Note: There is limited information specific to the broiler market in the provided search results, so the insights and predictions are based on general trends and demand for animal protein.Here is the summarized information:;In the short-term, it is likely that the broiler market will continue to experience high demand and stable prices.",search,2024-04-22,2024-04-28,2.0,31
