MapDate,AreaOfInterest,OT,D0,D1,D2,D3,D4,ValidStart,ValidEnd,StatisticFormatID,date,start_date,end_date,fact,preds,text_source,text_start_date,text_end_date,text_age_days,text_window_days
20000104,Total,57.29,42.71,19.61,7.9,0.0,0.0,2000-01-04,2000-01-10,1,2000-01-04,2000-01-04,2000-01-10,"The contiguous United States experienced a warmer-than-normal monthly mean temperature in January 2000, ranking as one of the warmest on record.",NA;NA,search,2000-01-03,2000-01-09,1,31
20000111,Total,48.27,51.73,20.93,8.27,0.0,0.0,2000-01-11,2000-01-17,1,2000-01-11,2000-01-11,2000-01-17,"The contiguous United States experienced above-average precipitation in January 2000, particularly in eastern areas.","The long-term pattern of precipitation in the contiguous United States suggests that there may be a continuation of above-average precipitation in the next few months.;Based on the historical data, it is likely that the contiguous United States will experience above-average precipitation in the next 1-4 weeks.",search,2000-01-10,2000-01-16,1,31
20000118,Total,43.26,56.74,21.75,8.67,0.0,0.0,2000-01-18,2000-01-24,1,2000-01-18,2000-01-18,2000-01-24,The United States experiences spatial and temporal variations in streamflow.,NA;NA,search,2000-01-17,2000-01-23,1,31
20000125,Total,42.03,57.97,21.39,8.45,0.0,0.0,2000-01-25,2000-01-31,1,2000-01-25,2000-01-25,2000-01-31,"The contiguous U.S. averaged near normal for precipitation in January 2000, with about 10% of the country being much wetter than normal and about 7% being much drier than normal.","In the long term, it's difficult to predict a specific trend in precipitation patterns, but the expansion of drought areas and the decrease in severe to extreme wetness areas may suggest a drier-than-normal trend for the next 4-12 months.;Based on the current pattern, it's possible that the next 1-3 months may see continued variability in precipitation patterns, with some areas experiencing above-normal precipitation and others remaining dry.",report,2000-01-01,2000-01-31,0,31
20000201,Total,45.6,54.4,24.29,8.53,0.0,0.0,2000-02-01,2000-02-07,1,2000-02-01,2000-02-01,2000-02-07,"The precipitation has increased by ~10% across the contiguous USA since 1910, with an increase in heavy and extreme daily precipitation events.","In the next few months, it is possible that this trend will continue, leading to a wetter-than-average spring season in the contiguous US, with potential implications for agriculture, water resources, and extreme weather events.;Based on the trend, it is likely that the next 1-4 weeks will see above-average precipitation in the contiguous US, potentially leading to more frequent and intense weather events.",search,2000-01-31,2000-02-06,1,31
20000208,Total,46.5,53.5,24.65,9.22,0.0,0.0,2000-02-08,2000-02-14,1,2000-02-08,2000-02-08,2000-02-14,The data from February 2000 shows that convective precipitation was intermittent in the interior portions of the U.S.,NA;NA,search,2000-02-07,2000-02-13,1,31
20000215,Total,47.17,52.83,26.77,9.13,0.0,0.0,2000-02-15,2000-02-21,1,2000-02-15,2000-02-15,2000-02-21,The monthly mean temperature in the contiguous United States was warmer than normal in February 2000.,NA;NA,search,2000-02-14,2000-02-20,1,31
20000222,Total,52.59,47.41,25.74,9.15,0.0,0.0,2000-02-22,2000-02-28,1,2000-02-22,2000-02-22,2000-02-28,The continental U.S. except its far west has been shaped by the ceaseless work of rainfall and rivers.,"NA Note: The provided search results do not contain any relevant information about Monthly Contiguous U.S. Precipitation, making it impossible to provide insights, analysis, short-term predictions, or long-term predictions.;NA",search,2000-02-21,2000-02-27,1,31
20000229,Total,54.35,45.65,27.28,11.75,0.0,0.0,2000-02-29,2000-03-06,1,2000-02-29,2000-02-29,2000-03-06,"The contiguous United States has a wide range of temperatures and precipitation patterns, with California experiencing a Mediterranean climate with rainfall primarily between October and May.",NA;NA,search,2000-02-28,2000-03-05,1,31
20000307,Total,54.73,45.27,26.97,12.6,0.0,0.0,2000-03-07,2000-03-13,1,2000-03-07,2000-03-07,2000-03-13,Maximum precipitation volumes typically occur in the eastern portion of cyclonic type storms.,NA;NA,search,2000-03-06,2000-03-12,1,31
20000314,Total,59.44,40.56,25.6,13.43,0.0,0.0,2000-03-14,2000-03-20,1,2000-03-14,2000-03-14,2000-03-20,"The contiguous United States experienced varying levels of precipitation in March 2000, with some areas receiving above-average precipitation and others receiving below-average precipitation.","Long-term trends in extreme precipitation events in the contiguous United States suggest an increase in frequency and severity, which may impact future precipitation patterns. Note: The provided search results do not contain enough information to make short-term predictions (next 1-4 weeks) about Monthly Contiguous U.S. Precipitation.;NA",search,2000-03-13,2000-03-19,1,31
20000321,Total,59.74,40.26,25.01,13.06,0.0,0.0,2000-03-21,2000-03-27,1,2000-03-21,2000-03-21,2000-03-27,"The tree-ring data document a 16th century megadrought over North America, and longer tree-ring reconstructions of PDSI (Palmer Drought Severity Index) for the United States and precipitation for northwestern Mexico and western Canada indicate that the drought was widespread.",NA;NA,search,2000-03-20,2000-03-26,1,31
20000328,Total,61.97,38.03,22.27,10.42,0.0,0.0,2000-03-28,2000-04-03,1,2000-03-28,2000-03-28,2000-04-03,"The average annual precipitation in Carter County, Tennessee is 54 inches.",NA;NA,search,2000-03-27,2000-04-02,1,31
20000404,Total,59.35,40.65,21.5,12.08,0.0,0.0,2000-04-04,2000-04-10,1,2000-04-04,2000-04-04,2000-04-10,"The heavy rainfall and contiguous federal lands within Redwood National and State Parks are mentioned, indicating the importance of precipitation in the region.",NA;NA,search,2000-04-03,2000-04-09,1,31
20000411,Total,62.16,37.84,22.19,11.43,0.0,0.0,2000-04-11,2000-04-17,1,2000-04-11,2000-04-11,2000-04-17,The contiguous U.S. experienced above-normal precipitation in April 2000.,"In the long-term future (next few months), the contiguous U.S. may experience a shift in precipitation patterns due to changes in global climate phenomena, such as the transition from El Niño to La Niña.;In the short-term future (next 1-4 weeks), it is possible that the contiguous U.S. will continue to experience above-normal precipitation, especially if larger-scale climate patterns persist.",search,2000-04-10,2000-04-16,1,31
20000418,Total,60.64,39.36,22.35,12.2,0.0,0.0,2000-04-18,2000-04-24,1,2000-04-18,2000-04-18,2000-04-24,The National Weather Service provides monthly and annual precipitation data for the contiguous United States.,NA;NA,search,2000-04-17,2000-04-23,1,31
20000425,Total,63.2,36.8,20.42,10.91,1.24,0.0,2000-04-25,2000-05-01,1,2000-04-25,2000-04-25,2000-05-01,The contiguous USA has experienced an increase in average daily temperatures since 1900.,NA;NA,search,2000-04-24,2000-04-30,1,31
20000502,Total,62.61,37.39,21.58,11.05,1.39,0.0,2000-05-02,2000-05-08,1,2000-05-02,2000-05-02,2000-05-08,The contiguous United States has experienced heavy precipitation and high streamflow changes.,"In the long-term, it is possible that the contiguous United States will experience more frequent and intense extreme precipitation events due to climate change.;In the short-term, it is likely that the contiguous United States will continue to experience variable precipitation patterns, with some regions experiencing heavy precipitation and others experiencing drought.",search,2000-05-01,2000-05-07,1,31
20000509,Total,62.87,37.13,20.76,10.73,1.39,0.0,2000-05-09,2000-05-15,1,2000-05-09,2000-05-09,2000-05-15,The May 2000 monthly mean temperature averaged across the contiguous United States was based on preliminary data.,NA;NA,search,2000-05-08,2000-05-14,1,31
20000516,Total,60.21,39.79,23.81,13.02,2.5,0.0,2000-05-16,2000-05-22,1,2000-05-16,2000-05-16,2000-05-22,"Since 1900, average daily temperatures in the contiguous USA have increased, and there is variability and trends of precipitation and snowfall over the contiguous United States.",NA;NA,search,2000-05-15,2000-05-21,1,31
20000523,Total,64.63,35.37,19.99,11.84,3.0,0.0,2000-05-23,2000-05-29,1,2000-05-23,2000-05-23,2000-05-29,"The continental United States receives its highest rainfall on the Pacific coast, particularly in Washington state.",NA;NA,search,2000-05-22,2000-05-28,1,31
20000530,Total,68.15,31.85,20.32,11.48,4.25,0.22,2000-05-30,2000-06-05,1,2000-05-30,2000-05-30,2000-06-05,"The contiguous United States covers about 40 percent of the country's total area, and native grasslands once covered a significant portion of it.",NA;NA,search,2000-05-29,2000-06-04,1,31
20000606,Total,68.61,31.39,17.97,10.7,4.52,0.25,2000-06-06,2000-06-12,1,2000-06-06,2000-06-06,2000-06-12,The provided search results do not contain any relevant information about Monthly Contiguous U.S. Precipitation.,NA;NA,search,2000-06-05,2000-06-11,1,31
20000613,Total,63.01,36.99,19.72,11.9,6.13,1.28,2000-06-13,2000-06-19,1,2000-06-13,2000-06-13,2000-06-19,"The contiguous United States experienced above-normal precipitation in June 2000, with high pressure dominating the west and low pressure dominating the east.","The increase in precipitation system scale from 2001 to 2020 could lead to more frequent and intense precipitation events in the long-term future (next few months).;Based on the current situation, it is likely that the contiguous United States will continue to experience above-normal precipitation in the short-term future (next 1-4 weeks).",search,2000-06-12,2000-06-18,1,31
20000620,Total,64.25,35.75,19.13,11.86,5.62,1.37,2000-06-20,2000-06-26,1,2000-06-20,2000-06-20,2000-06-26,There is no direct information about Monthly Contiguous U.S. Precipitation in the provided search results.,NA;NA,search,2000-06-19,2000-06-25,1,31
20000627,Total,61.12,38.88,19.95,10.52,3.78,1.39,2000-06-27,2000-07-03,1,2000-06-27,2000-06-27,2000-07-03,The contiguous United States has variability and trends of total precipitation.,NA;NA,search,2000-06-26,2000-07-02,1,31
20000704,Total,57.8,42.2,14.97,6.91,3.61,1.05,2000-07-04,2000-07-10,1,2000-07-04,2000-07-04,2000-07-10,"The United States Department of Agriculture provides soil data for the Town of Glen, New York.",NA;NA,search,2000-07-03,2000-07-09,1,31
20000711,Total,56.32,43.68,17.1,6.87,3.92,1.38,2000-07-11,2000-07-17,1,2000-07-11,2000-07-11,2000-07-17,The July 2000 monthly mean temperature averaged across the contiguous United States was based on data from the U.S. Historical Climate Network (USHCN).,NA;NA,search,2000-07-10,2000-07-16,1,31
20000718,Total,55.65,44.35,18.87,7.42,4.57,1.77,2000-07-18,2000-07-24,1,2000-07-18,2000-07-18,2000-07-24,"The search results do not provide direct information about Monthly Contiguous U.S. Precipitation. However, it is mentioned that in Mongolia, 60-80% of the annual precipitation occurs in a specific period .",NA;NA,search,2000-07-17,2000-07-23,1,31
20000725,Total,56.81,43.19,19.24,7.88,4.36,2.16,2000-07-25,2000-07-31,1,2000-07-25,2000-07-25,2000-07-31,The preliminary national standardized precipitation index ranked July 2000 as the 14th driest July since 1895. About 23% of the country was much drier than normal during July while about four percent of the country was much wetter than normal.,"The long-term trend suggests that the country may experience a prolonged period of drought, similar to the one in the late 1980s. However, it is difficult to make precise predictions beyond 3 months.;Based on the current patterns, it is likely that the dry conditions in the Southeast and West will persist for the next 1-3 months, while the Northeast and central Great Plains may continue to experience above-normal precipitation.",report,2000-07-01,2000-07-31,0,31
20000801,Total,58.33,41.67,20.29,8.74,4.13,2.01,2000-08-01,2000-08-07,1,2000-08-01,2000-08-01,2000-08-07,"The United States government monitors precipitation through various agencies, including the National Weather Service (NWS) and the U.S. Geological Survey (USGS).",NA;NA,search,2000-07-31,2000-08-06,1,31
20000808,Total,57.11,42.89,20.61,9.07,3.75,1.78,2000-08-08,2000-08-14,1,2000-08-08,2000-08-08,2000-08-14,"Precipitation has been below normal in the south and normal in the north of the contiguous United States as of August 8, 2000.","NA;It is likely that the dry conditions in the south will continue in the short term, potentially leading to an increased risk of forest fires.",search,2000-08-07,2000-08-13,1,31
20000815,Total,56.7,43.3,23.11,10.95,3.69,1.66,2000-08-15,2000-08-21,1,2000-08-15,2000-08-15,2000-08-21,"The August 2000 monthly mean temperature averaged across the contiguous United States, based on data from the U.S. Historical Climate Network (USHCN).",NA;NA,search,2000-08-14,2000-08-20,1,31
20000822,Total,57.99,42.01,24.45,11.69,4.52,2.0,2000-08-22,2000-08-28,1,2000-08-22,2000-08-22,2000-08-28,The United States (US) AMEDD Center and School provides data on seasonal precipitation.,"NA (no long-term predictions) Note: The provided search results do not contain much relevant information about Monthly Contiguous U.S. Precipitation, hence the limited output.;NA (no short-term predictions)",search,2000-08-21,2000-08-27,1,31
20000829,Total,52.85,47.15,27.02,13.24,5.74,2.06,2000-08-29,2000-09-04,1,2000-08-29,2000-08-29,2000-09-04,"The AVN MOS precipitation type guidance is available for approximately 1000 sites in the contiguous United States and Alaska, with forecasts valid every 3 hours.",NA;NA,search,2000-08-28,2000-09-03,1,31
20000905,Total,52.06,47.94,29.06,16.22,6.75,2.18,2000-09-05,2000-09-11,1,2000-09-05,2000-09-05,2000-09-11,"The search results do not provide any direct information about Monthly Contiguous U.S. Precipitation. However, some results mention precipitation, rain, and climate in the context of specific locations or topics.",NA;NA,search,2000-09-04,2000-09-10,1,31
20000912,Total,52.86,47.14,32.28,20.28,7.44,1.43,2000-09-12,2000-09-18,1,2000-09-12,2000-09-12,2000-09-18,The average lower tropospheric temperature over the continental U.S. and climate divisions in the contiguous United States were reported in September 2000.,NA;NA,search,2000-09-11,2000-09-17,1,31
20000919,Total,51.09,48.91,33.37,21.9,7.0,1.37,2000-09-19,2000-09-25,1,2000-09-19,2000-09-19,2000-09-25,There is no direct information about Monthly Contiguous U.S. Precipitation in the provided search results.,NA;NA,search,2000-09-18,2000-09-24,1,31
20000926,Total,51.58,48.42,32.09,20.06,5.76,0.62,2000-09-26,2000-10-02,1,2000-09-26,2000-09-26,2000-10-02,The 2000 drought in the contiguous United States was as extensive as other droughts of the 20th Century.,NA;NA,search,2000-09-25,2000-10-01,1,31
20001003,Total,49.36,50.64,34.31,21.9,5.84,0.62,2000-10-03,2000-10-09,1,2000-10-03,2000-10-03,2000-10-09,"The mountainous eastern region of Fresno County, California receives up to 70 inches of precipitation annually, mostly in the winter months. All other results are irrelevant to Monthly Contiguous U.S. Precipitation. Therefore, the remaining parts will be marked as ""NA"".",NA;NA,search,2000-10-02,2000-10-08,1,31
20001010,Total,50.18,49.82,34.34,20.33,4.91,0.39,2000-10-10,2000-10-16,1,2000-10-10,2000-10-10,2000-10-16,The average lower tropospheric temperature over the continental U.S. in October 2000 was affected by climate divisions in the contiguous United States.,"In the long-term, the increased precipitation in the western contiguous United States may lead to changes in drought patterns and climate divisions across the region, but more data is needed to make specific predictions.;Based on the patterns in October 2000, it is likely that the next 1-4 weeks will see continued drought in some regions and increased precipitation in others, with a focus on the western contiguous United States.",search,2000-10-09,2000-10-15,1,31
20001017,Total,49.92,50.08,34.29,18.59,5.92,0.87,2000-10-17,2000-10-23,1,2000-10-17,2000-10-17,2000-10-23,"The Sierra Nevada mountains, including Yosemite, Kings Canyon, and Sequoia National Parks, are located in the contiguous 48 states.",NA;NA,search,2000-10-16,2000-10-22,1,31
20001024,Total,46.23,53.77,32.84,14.42,6.42,1.41,2000-10-24,2000-10-30,1,2000-10-24,2000-10-24,2000-10-30,"The loftiness of the Santa Rosa and San Jacinto Mountains captures significant amounts of rain and snow, making the Coachella Valley a garden spot.","NA Note: The provided search results do not contain sufficient information to make predictions about Monthly Contiguous U.S. Precipitation. The results are mostly unrelated to precipitation or climate, and the few relevant mentions are too general or specific to a particular region to be useful for making predictions.;NA",search,2000-10-23,2000-10-29,1,31
20001031,Total,49.98,50.02,29.05,14.21,7.6,2.2,2000-10-31,2000-11-06,1,2000-10-31,2000-10-31,2000-11-06,"The continental United States has a structured precipitation field, allowing for distinction between vertical motion-induced precipitation and other factors.","NA Note: The majority of the search results were not relevant to predicting Monthly Contiguous U.S. Precipitation, and there was limited useful information available.;NA",search,2000-10-30,2000-11-05,1,31
20001107,Total,62.07,37.93,16.67,10.4,6.26,0.83,2000-11-07,2000-11-13,1,2000-11-07,2000-11-07,2000-11-13,"The effects of climate change can be seen globally, including in the United States, and can lead to intense rainfall events.","Based on the predicted increase in intense rainfall events, it is possible that Monthly Contiguous U.S. Precipitation may be higher than usual in the coming months. Note: The provided search results do not yield much information directly related to Monthly Contiguous U.S. Precipitation. The insights and predictions made are based on indirect connections to climate change and its potential effects on precipitation patterns.;NA",search,2000-11-06,2000-11-12,1,31
20001114,Total,69.11,30.89,15.81,9.97,4.87,0.6,2000-11-14,2000-11-20,1,2000-11-14,2000-11-14,2000-11-20,The average lower tropospheric temperature over the continental U.S. was recorded in November 2000.,NA;NA,search,2000-11-13,2000-11-19,1,31
20001121,Total,70.05,29.95,14.8,8.94,2.21,0.0,2000-11-21,2000-11-27,1,2000-11-21,2000-11-21,2000-11-27,"The search results do not provide any direct information about Monthly Contiguous U.S. Precipitation. However, one result mentions ""precipitation or snowmelt"" in the context of Montana's 303(d) List, which is a compilation of impaired and threatened waters.",NA;NA,search,2000-11-20,2000-11-26,1,31
20001128,Total,70.22,29.78,13.58,7.55,0.59,0.0,2000-11-28,2000-12-04,1,2000-11-28,2000-11-28,2000-12-04,The contiguous United States refers to the 48 states excluding Alaska and Hawaii.,"NA Note: The provided search results do not contain relevant information about Monthly Contiguous U.S. Precipitation, so most parts are marked as ""NA"". The objective fact (;NA",search,2000-11-27,2000-12-03,1,31
20001205,Total,71.61,28.39,14.02,7.57,0.68,0.11,2000-12-05,2000-12-11,1,2000-12-05,2000-12-05,2000-12-11,These processes send back 70 percent of annual precipitation in the USA.,NA;NA,search,2000-12-04,2000-12-10,1,31
20001212,Total,72.21,27.79,14.26,7.76,0.92,0.21,2000-12-12,2000-12-18,1,2000-12-12,2000-12-12,2000-12-18,"The contiguous United States experienced drought affecting just under 10% of the area in December 2000, with precipitation shortfalls evident in the mid-Atlantic states.",NA;NA,search,2000-12-11,2000-12-17,1,31
20001219,Total,75.39,24.61,12.82,6.29,0.74,0.25,2000-12-19,2000-12-25,1,2000-12-19,2000-12-19,2000-12-25,"The U.S. Geological Survey says there are 67 active or potentially active volcanoes in the United States: seven in Hawaii, 16 in mainland Alaska, 24 in the Aleutian Islands, and 20 in the contiguous United States. All other search results are irrelevant to predicting Monthly Contiguous U.S. Precipitation, so the remaining parts are:",NA;NA,search,2000-12-18,2000-12-24,1,31
20001226,Total,76.73,23.27,12.05,6.28,0.8,0.3,2000-12-26,2001-01-01,1,2000-12-26,2000-12-26,2001-01-01,"The contiguous United States has radar maps and animations available for viewing on the NOAA Climate.gov website, allowing for the observation of precipitation patterns.","Long-term predictions can be made about trends in floods and low flows in the United States, including the impact of spatial correlation on precipitation quantiles, which can inform decision-making on water resource management. Note: There is limited information available in the search results that is directly relevant to making predictions about Monthly Contiguous U.S. Precipitation. The information provided is based on the available data, but more specific and relevant data would be needed to make more accurate predictions.;Based on the availability of radar maps and animations, short-term predictions can be made about precipitation events in the contiguous United States, such as identifying areas of high precipitation intensity.",search,2000-12-25,2000-12-31,1,31
20010102,Total,75.53,24.47,11.65,5.14,0.8,0.28,2001-01-02,2001-01-08,1,2001-01-02,2001-01-02,2001-01-08,The climate division drought database consists of monthly data for 344 climate divisions in the contiguous United States.,NA;NA,search,2001-01-01,2001-01-07,1,31
20010109,Total,73.35,26.65,11.96,5.46,1.19,0.28,2001-01-09,2001-01-15,1,2001-01-09,2001-01-09,2001-01-15,"The contiguous United States experienced severe drought in January 2001, affecting about 11% of the region.",NA;NA,search,2001-01-08,2001-01-14,1,31
20010116,Total,74.71,25.29,12.07,5.13,1.29,0.28,2001-01-16,2001-01-22,1,2001-01-16,2001-01-16,2001-01-22,"The Carrizo Plain National Monument in California experiences variable weather patterns, including El Niño years, which affect precipitation.","Long-term predictions are difficult to make without more specific data, but it is possible that precipitation patterns in the next few months may be influenced by larger-scale climate patterns, such as El Niño events. Note: The majority of the search results were not relevant to making predictions about Monthly Contiguous U.S. Precipitation, so the output is limited.;Based on the correlation between ANPP and annual precipitation, it is possible that precipitation patterns in the next 1-4 weeks may be influenced by ecosystem dynamics. However, more specific data is needed to make a more accurate prediction.",search,2001-01-15,2001-01-21,1,31
20010123,Total,63.51,36.49,10.87,4.78,0.81,0.29,2001-01-23,2001-01-29,1,2001-01-23,2001-01-23,2001-01-29,"The U.S. Government Printing Office publishes a monthly catalog of United States government publications, which includes data on precipitation within the continental limits of the United States. All other search results are irrelevant to Monthly Contiguous U.S. Precipitation.",NA;NA,search,2001-01-22,2001-01-28,1,31
20010130,Total,67.34,32.66,9.92,4.19,0.74,0.29,2001-01-30,2001-02-05,1,2001-01-30,2001-01-30,2001-02-05,The annual mean precipitation in the contiguous United States shows a gradual transition east of the eastern Rocky Mountains.,NA;NA,search,2001-01-29,2001-02-04,1,31
20010206,Total,67.59,32.41,10.15,4.57,0.86,0.28,2001-02-06,2001-02-12,1,2001-02-06,2001-02-06,2001-02-12,"The contiguous United States experienced drought conditions as of the end of February 2001, with varying precipitation conditions in the Northeast.",NA;NA,search,2001-02-05,2001-02-11,1,31
20010213,Total,68.75,31.25,18.67,4.72,1.35,0.51,2001-02-13,2001-02-19,1,2001-02-13,2001-02-13,2001-02-19,"The contiguous United States experienced varying levels of precipitation in February 2001, with some states receiving above-average precipitation and others experiencing drought.",NA;NA,search,2001-02-12,2001-02-18,1,31
20010220,Total,71.05,28.95,18.26,4.75,1.44,0.53,2001-02-20,2001-02-26,1,2001-02-20,2001-02-20,2001-02-26,"The contiguous United States experienced varying levels of precipitation in February 2001, with some states receiving above-average precipitation and others experiencing drought.",NA;NA,search,2001-02-12,2001-02-18,8,31
20010227,Total,70.78,29.22,18.22,4.76,1.45,0.61,2001-02-27,2001-03-05,1,2001-02-27,2001-02-27,2001-03-05,The western United States experiences variations in precipitation due to El Nino and La Nina events.,NA;NA,search,2001-02-26,2001-03-04,1,31
20010306,Total,72.05,27.95,17.88,4.61,1.39,0.59,2001-03-06,2001-03-12,1,2001-03-06,2001-03-06,2001-03-12,"Continental polar air masses originate on the plains of Canada and the northern United States, including the upper Mississippi River Basin.","NA;Based on the current winter weather patterns, it is likely that precipitation will continue to be influenced by continental polar air masses and other weather systems in the short-term future (next 1-4 weeks).",search,2001-03-05,2001-03-11,1,31
20010313,Total,71.45,28.55,17.7,7.91,1.33,0.59,2001-03-13,2001-03-19,1,2001-03-13,2001-03-13,2001-03-19,The graph shows March monthly mean temperature averaged across the contiguous United States based on long-term data from the U.S. Historical Climatology Network.,"In the long-term future (next few months), it is possible that the precipitation patterns will continue to be influenced by climate change and other factors, leading to more frequent and intense droughts and floods in different regions of the contiguous United States.;Based on the available data, it is likely that the precipitation patterns in the short-term future (next 1-4 weeks) will continue to vary across different regions of the contiguous United States, with some areas experiencing above-normal precipitation and others experiencing below-normal precipitation.",search,2001-03-12,2001-03-18,1,31
20010320,Total,71.39,28.61,18.04,8.33,1.27,0.57,2001-03-20,2001-03-26,1,2001-03-20,2001-03-20,2001-03-26,"The 20th century saw trends in drought over the continental United States, with effects of temperature and precipitation trends on U.S. drought.",NA;NA,search,2001-03-19,2001-03-25,1,31
20010327,Total,68.45,31.55,17.76,8.33,1.23,0.54,2001-03-27,2001-04-02,1,2001-03-27,2001-03-27,2001-04-02,Heavy precipitation and high streamflow have been trending upward in the 20th century in the contiguous United States.,"The long-term trend suggests that the contiguous US will continue to experience heavier precipitation and higher streamflow in the coming months, potentially leading to increased flood risk and water resource management challenges. Note: The provided search results do not offer a wealth of information directly relevant to predicting Monthly Contiguous U.S. Precipitation. The above summary is based on a single relevant source and some inferred insights.;Based on the trend, it is likely that the next 1-4 weeks will see above-average precipitation in the contiguous US.",search,2001-03-26,2001-04-01,1,31
20010403,Total,68.05,31.95,17.26,8.47,1.2,0.15,2001-04-03,2001-04-09,1,2001-04-03,2001-04-03,2001-04-09,"The contiguous United States experiences thunderstorm rainfall, and the national pattern of this rainfall is influenced by temporal shifts in storm frequencies.","Climate change may lead to changes in precipitation patterns, potentially resulting in more extreme events and altered monthly contiguous U.S. precipitation patterns in the long term.;Based on the current patterns, it is likely that monthly contiguous U.S. precipitation will be influenced by shifts in storm frequencies and thunderstorm rainfall in the short term.",search,2001-04-02,2001-04-08,1,31
20010410,Total,70.26,29.74,17.78,8.48,1.2,0.17,2001-04-10,2001-04-16,1,2001-04-10,2001-04-10,2001-04-16,"The contiguous United States was generally warmer than normal in April 2001, especially in the Central region.","NA (not enough information to make long-term predictions) Note: The provided search results do not contain sufficient information to make predictions about Monthly Contiguous U.S. Precipitation. Most of the results are related to temperature, climate, and weather patterns, but do not provide direct information about precipitation.;NA (not enough information to make short-term predictions)",search,2001-04-09,2001-04-15,1,31
20010417,Total,70.65,29.35,17.9,8.53,1.29,0.22,2001-04-17,2001-04-23,1,2001-04-17,2001-04-17,2001-04-23,"The United States has experienced an increase in precipitation of 5% to 10% since 1900, although this trend has been interrupted by multi-year droughts.",NA;NA,search,2001-04-16,2001-04-22,1,31
20010424,Total,70.52,29.48,18.55,8.63,1.29,0.22,2001-04-24,2001-04-30,1,2001-04-24,2001-04-24,2001-04-30,"April 2001 was severely dry across much of the country from the Northeast to Texas and Florida, with the Palmer Z Index showing moisture conditions departing from normal.","The long-term trend suggests that the drought may continue to impact the country over the next 4-12 months, particularly in regions that have experienced prolonged dryness.;Based on the current patterns, it is likely that the drought will persist in the Pacific Northwest, Southeast, and southern Plains regions over the next 1-3 months.",report,2001-04-01,2001-04-30,0,31
20010501,Total,69.08,30.92,20.9,8.73,1.29,0.22,2001-05-01,2001-05-07,1,2001-05-01,2001-05-01,2001-05-07,"The contiguous United States is affected by five of the six basic air masses types, which influence weather and precipitation.",NA;NA,search,2001-04-30,2001-05-06,1,31
20010508,Total,60.26,39.74,23.89,11.03,1.66,0.22,2001-05-08,2001-05-14,1,2001-05-08,2001-05-08,2001-05-14,"The climatology of freezing rain in the contiguous United States has been studied, with preliminary results presented at a conference on Weather Analysis and Forecasting.","NA (No information available to make long-term predictions) Note: The search results do not provide direct information about Monthly Contiguous U.S. Precipitation, making it difficult to make predictions or analyze the current situation.;NA (No information available to make short-term predictions)",search,2001-05-07,2001-05-13,1,31
20010515,Total,59.35,40.65,26.7,12.82,2.34,0.38,2001-05-15,2001-05-21,1,2001-05-15,2001-05-15,2001-05-21,"The Atlantic Multidecadal Oscillation (AMO) has a relation to rainfall and river flows in the continental U.S., with most of the United States seeing less than normal precipitation during AMO warmings, except for the western United States.","The AMO's multidecadal cycle may continue to influence precipitation patterns in the continental U.S. over the next few months, leading to potential drought conditions in certain regions. Note: The other search results did not provide directly relevant information for predicting Monthly Contiguous U.S. Precipitation.;Based on the AMO's influence, it is possible that the next 1-4 weeks will see below-normal precipitation in most of the United States, except for the western region.",search,2001-05-14,2001-05-20,1,31
20010522,Total,61.28,38.72,26.73,11.17,2.15,0.41,2001-05-22,2001-05-28,1,2001-05-22,2001-05-22,2001-05-28,There is no objective fact about Monthly Contiguous U.S. Precipitation in the provided search results.,No long-term predictions can be made about Monthly Contiguous U.S. Precipitation based on the provided search results.;No short-term predictions can be made about Monthly Contiguous U.S. Precipitation based on the provided search results.,search,2001-05-21,2001-05-27,1,31
20010529,Total,62.43,37.57,25.26,11.36,2.05,0.41,2001-05-29,2001-06-04,1,2001-05-29,2001-05-29,2001-06-04,"The continental United States has been studied for climate variation from 1874 to 1988, with precipitation being an important factor .",NA;NA,search,2001-05-28,2001-06-03,1,31
20010605,Total,66.75,33.25,22.62,10.98,1.96,0.33,2001-06-05,2001-06-11,1,2001-06-05,2001-06-05,2001-06-11,The western portion of the three states in the South is more frequently affected by rainfall than the eastern portion.,NA;NA,search,2001-06-04,2001-06-10,1,31
20010612,Total,68.35,31.65,21.28,10.63,1.7,0.08,2001-06-12,2001-06-18,1,2001-06-12,2001-06-12,2001-06-18,The graph shows June monthly mean temperature averaged across the contiguous United States based on long-term data from the U.S. Historical Climate Network.,"Long-term predictions are also uncertain, but based on historical climate data, the contiguous United States may experience above-average temperatures and precipitation in the next few months.;Short-term predictions are uncertain, but there is a possibility of excessive rainfall and severe thunderstorms in the Southern U.S. in the next 1-4 weeks.",search,2001-06-11,2001-06-17,1,31
20010619,Total,64.11,35.89,20.52,12.13,1.61,0.0,2001-06-19,2001-06-25,1,2001-06-19,2001-06-19,2001-06-25,The contiguous United States refers to the 48 states excluding Alaska and Hawaii.,NA;NA,search,2001-06-18,2001-06-24,1,31
20010626,Total,62.01,37.99,21.86,13.7,1.66,0.0,2001-06-26,2001-07-02,1,2001-06-26,2001-06-26,2001-07-02,The contiguous United States refers to the 48 states excluding Alaska and Hawaii.,NA Note: The provided search results do not contain any direct information about Monthly Contiguous U.S. Precipitation. The facts mentioned are general and do not provide any insights or analysis related to precipitation.;NA,search,2001-06-25,2001-07-01,1,31
20010703,Total,59.65,40.35,22.56,14.89,3.35,0.0,2001-07-03,2001-07-09,1,2001-07-03,2001-07-03,2001-07-09,The continental United States has a semi-arid climate and glacial geology.,NA;NA,search,2001-07-02,2001-07-08,1,31
20010710,Total,63.86,36.14,21.62,14.03,3.17,0.0,2001-07-10,2001-07-16,1,2001-07-10,2001-07-10,2001-07-16,The average precipitation in the contiguous United States can be measured as a percent of the 1961-1990 average.,NA;NA,search,2001-07-09,2001-07-15,1,31
20010717,Total,58.59,41.41,21.95,14.81,2.97,0.0,2001-07-17,2001-07-23,1,2001-07-17,2001-07-17,2001-07-23,NA (No relevant information found),"NA (No relevant information found) The search results do not contain any relevant information about Monthly Contiguous U.S. Precipitation. The results appear to be unrelated to the topic, discussing various subjects such as travel, cartography, DVDs, zoning ordinances, and more.;NA (No relevant information found)",search,2001-07-16,2001-07-22,1,31
20010724,Total,55.38,44.62,23.17,14.24,2.95,0.0,2001-07-24,2001-07-30,1,2001-07-24,2001-07-24,2001-07-30,The United States Department of Agriculture (USDA) provides data on precipitation at locations both upstream and downstream of the Flint River in Michigan.,NA;NA,search,2001-07-23,2001-07-29,1,31
20010731,Total,55.8,44.2,25.95,14.86,4.37,0.0,2001-07-31,2001-08-06,1,2001-07-31,2001-07-31,2001-08-06,The climate to the west of the continental divide affects precipitation patterns in the United States.,NA;NA,search,2001-07-30,2001-08-05,1,31
20010807,Total,56.94,43.06,26.0,15.44,4.37,0.0,2001-08-07,2001-08-13,1,2001-08-07,2001-08-07,2001-08-13,The contiguous United States refers to the 48 states excluding Alaska and Hawaii.,NA;NA,search,2001-08-06,2001-08-12,1,31
20010814,Total,59.05,40.95,25.88,15.55,4.18,0.0,2001-08-14,2001-08-20,1,2001-08-14,2001-08-14,2001-08-20,"The contiguous United States receives varying amounts of precipitation, with some areas receiving the least amount in the country, such as Death Valley National Park.",NA;NA,search,2001-08-13,2001-08-19,1,31
20010821,Total,61.49,38.51,25.92,16.05,6.0,0.0,2001-08-21,2001-08-27,1,2001-08-21,2001-08-21,2001-08-27,"The Prineville area has a dry climate, and the largest contiguous wetlands are found in the region.",NA;NA,search,2001-08-20,2001-08-26,1,31
20010828,Total,60.22,39.78,25.47,16.68,7.11,0.0,2001-08-28,2001-09-03,1,2001-08-28,2001-08-28,2001-09-03,": The contiguous United States has experienced warming, but at a smaller rate than most of the world, with a slight cooling observed in some areas.",: NA;: NA,search,2001-08-27,2001-09-02,1,31
20010904,Total,57.91,42.09,23.9,15.81,7.43,0.0,2001-09-04,2001-09-10,1,2001-09-04,2001-09-04,2001-09-10,The search results do not provide any objective facts about Monthly Contiguous U.S. Precipitation.,NA;NA,search,2001-09-03,2001-09-09,1,31
20010911,Total,57.43,42.57,25.16,16.66,7.83,0.0,2001-09-11,2001-09-17,1,2001-09-11,2001-09-11,2001-09-17,"Historical temperature, precipitation, and Palmer drought data from 1895 to present for climate divisions, states, and regions in the contiguous U.S. are available.","In the long-term, it is possible that climate change will lead to changes in precipitation patterns, with some regions experiencing increased precipitation and others experiencing decreased precipitation. Note: The other search results were not relevant to predicting Monthly Contiguous U.S. Precipitation and were therefore discarded.;In the short-term, it is likely that precipitation patterns will continue to be influenced by these factors, with potential for increased precipitation in some eastern regions.",search,2001-09-10,2001-09-16,1,31
20010918,Total,59.46,40.54,24.78,16.66,7.83,0.0,2001-09-18,2001-09-24,1,2001-09-18,2001-09-18,2001-09-24,"The contiguous states of the USA experience rainfall from extreme events, which can lead to economic damages from weather-related disasters.","NA Note: The provided search results do not contain sufficient information to make predictions about Monthly Contiguous U.S. Precipitation. Most of the results are unrelated to precipitation or weather patterns in the contiguous United States. The only relevant fact is the mention of rainfall from extreme events, but it does not provide enough information to make predictions or analysis.;NA",search,2001-09-17,2001-09-23,1,31
20010925,Total,63.35,36.65,23.78,16.54,7.84,0.0,2001-09-25,2001-10-01,1,2001-09-25,2001-09-25,2001-10-01,The Thirtymile Fire Investigation Report mentions that the second lowest precipitation producer in the past 30 years occurred over the south central United States.,"NA Note: The provided search results do not contain sufficient information to make predictions about Monthly Contiguous U.S. Precipitation. Most of the results are unrelated to precipitation, and the only relevant mention is a historical fact about a specific event, which is not enough to make predictions.;NA",search,2001-09-24,2001-09-30,1,31
20011002,Total,62.99,37.01,23.64,15.84,8.06,0.0,2001-10-02,2001-10-08,1,2001-10-02,2001-10-02,2001-10-08,"The interior United States has a continental territory with a temperate climate, and 70% of the annual precipitation falls during certain months.",NA;NA,search,2001-10-01,2001-10-07,1,31
20011009,Total,60.29,39.71,24.41,15.84,8.36,0.0,2001-10-09,2001-10-15,1,2001-10-09,2001-10-09,2001-10-15,"The contiguous United States experiences varying levels of precipitation, with Utah being the second driest state and Nevada having a mean statewide precipitation.","Long-term predictions are also challenging without more data, but it is possible that larger-scale climate patterns may influence precipitation trends in the contiguous United States. NA (no other relevant long-term predictions found);Short-term predictions are difficult to make without more specific data, but it is likely that regional factors will continue to influence precipitation patterns in the contiguous United States. NA (no other relevant short-term predictions found)",search,2001-10-08,2001-10-14,1,31
20011016,Total,61.31,38.69,23.97,16.01,8.36,0.0,2001-10-16,2001-10-22,1,2001-10-16,2001-10-16,2001-10-22,"The contiguous United States spans a vast elevation range, including the highest peak (Mt. Whitney) and the largest alpine lake in North America.","Based on the predicted increase in precipitation in North Carolina, it is possible that other areas in the contiguous United States may also experience increased precipitation in the long-term future.;NA",search,2001-10-15,2001-10-21,1,31
20011023,Total,56.51,43.49,26.29,16.48,8.36,0.0,2001-10-23,2001-10-29,1,2001-10-23,2001-10-23,2001-10-29,The average annual precipitation in the state of is 4.24 in (Fig. 2),NA Note: The provided search results do not contain any relevant information about Monthly Contiguous U.S. Precipitation that can be used to make predictions. Most of the results are unrelated to precipitation or weather patterns in the contiguous United States.;NA,search,2001-10-22,2001-10-28,1,31
20011030,Total,53.64,46.36,29.86,17.47,8.33,0.0,2001-10-30,2001-11-05,1,2001-10-30,2001-10-30,2001-11-05,"The Storm Prediction Center (SPC) monitors heavy rain, heavy snow, and fire weather events over the contiguous United States.","NA Note: The provided search results do not contain sufficient information to make predictions about Monthly Contiguous U.S. Precipitation. The results are mostly unrelated to precipitation or climate, and the few relevant mentions do not provide enough data or insights to make predictions.;NA",search,2001-10-29,2001-11-04,1,31
20011106,Total,51.46,48.54,31.16,18.65,9.54,0.0,2001-11-06,2001-11-12,1,2001-11-06,2001-11-06,2001-11-12,The Amazonian rain forest is larger than the 48 contiguous states of the U.S.,NA;NA,search,2001-11-05,2001-11-11,1,31
20011113,Total,48.74,51.26,32.74,19.35,9.54,0.0,2001-11-13,2001-11-19,1,2001-11-13,2001-11-13,2001-11-19,"The continental United States has diverse biomes, including forests that cover about 7% of the earth's surface, with half of that being tropical.","NA Note: The provided search results do not contain relevant information about Monthly Contiguous U.S. Precipitation, making it difficult to provide useful insights, analysis, or predictions.;NA",search,2001-11-12,2001-11-18,1,31
20011120,Total,48.93,51.07,32.76,20.55,9.25,0.0,2001-11-20,2001-11-26,1,2001-11-20,2001-11-20,2001-11-26,The climate in the midwestern United States is humid continental.,"NA Note: The provided search results do not contain direct information about Monthly Contiguous U.S. Precipitation, making it difficult to make predictions or provide insights. The only relevant fact found is the description of the climate in the midwestern United States as humid continental, which may have some implications for precipitation patterns.;NA",search,2001-11-19,2001-11-25,1,31
20011127,Total,52.79,47.21,31.75,19.99,9.13,0.0,2001-11-27,2001-12-03,1,2001-11-27,2001-11-27,2001-12-03,"The contiguous United States experienced above normal temperatures in every state in November 2001, making it the 36th wettest November on record.",NA;NA,search,2001-11-26,2001-12-02,1,31
20011204,Total,53.23,46.77,32.33,19.79,7.87,0.0,2001-12-04,2001-12-10,1,2001-12-04,2001-12-04,2001-12-10,"The contiguous United States has experienced climate change in the past, as indicated by diatom analysis.",NA;NA,search,2001-12-03,2001-12-09,1,31
20011211,Total,54.54,45.46,31.03,18.3,7.26,0.0,2001-12-11,2001-12-17,1,2001-12-11,2001-12-11,2001-12-17,"The contiguous United States was much warmer than average in 2001, with a preliminary 2001 average annual temperature of 54.3° F (12.4° C).",NA;NA,search,2001-12-10,2001-12-16,1,31
20011218,Total,55.47,44.53,30.89,19.24,7.22,0.0,2001-12-18,2001-12-24,1,2001-12-18,2001-12-18,2001-12-24,"The continental United States has varying levels of precipitation, with high rainfall in some areas, such as the Pacific Islands, and droughts in others, like Massachusetts.",NA;NA,search,2001-12-17,2001-12-23,1,31
20011225,Total,55.39,44.61,30.39,18.88,6.79,0.0,2001-12-25,2001-12-31,1,2001-12-25,2001-12-25,2001-12-31,"December 2001 averaged near normal when precipitation is integrated across the nation. Eleven of the last 29 months have averaged well below normal, while only three averaged well above normal.","In the long-term, it is possible that the drought conditions in the eastern seaboard will persist, while the western U.S. may experience a more normal precipitation pattern. However, the ongoing drought in Montana and other areas may continue to affect the region's water resources.;In the short-term, it is likely that the eastern seaboard will continue to experience dry conditions, while the western U.S. may receive more precipitation.",report,2001-12-01,2001-12-31,0,31
20020101,Total,55.28,44.72,30.63,18.98,7.31,0.0,2002-01-01,2002-01-07,1,2002-01-01,2002-01-01,2002-01-07,The frequency of vegetation cover in the moister areas south of the Sahel has likely decreased continental evapotranspiration and reduced precipitation.,NA;NA,search,2001-12-31,2002-01-06,1,31
20020108,Total,54.46,45.54,29.01,16.94,5.27,0.0,2002-01-08,2002-01-14,1,2002-01-08,2002-01-08,2002-01-14,"Objective facts about the Monthly Contiguous U.S. Precipitation situation: The United States has a national system for monitoring and controlling precipitation, with double coverage in every area of the continental United States . There is a record of interannual variability in CO2 exchange, with rainfall being a factor in the wet year (1999) .",Predictions you can make for the long-term future (next few months): NA;Predictions you can make for the short-term future (next 1-4 weeks): NA,search,2002-01-07,2002-01-13,1,31
20020115,Total,52.93,47.07,28.13,15.26,4.82,0.0,2002-01-15,2002-01-21,1,2002-01-15,2002-01-15,2002-01-21,The contiguous United States refers to the 48 states excluding Alaska and Hawaii.,NA;NA,search,2002-01-14,2002-01-20,1,31
20020122,Total,52.81,47.19,27.55,14.84,4.72,0.0,2002-01-22,2002-01-28,1,2002-01-22,2002-01-22,2002-01-28,"The contiguous United States has distinct seasons, with a continental climate in some regions, such as northeastern Kansas.",NA;NA,search,2002-01-21,2002-01-27,1,31
20020129,Total,52.12,47.88,27.05,13.95,4.43,0.0,2002-01-29,2002-02-04,1,2002-01-29,2002-01-29,2002-02-04,The average annual rainfall in the eastern and southern portions of the Piedmont in South Carolina ranges from 45 to 50 inches.,NA;NA,search,2002-01-28,2002-02-03,1,31
20020205,Total,51.82,48.18,26.82,13.8,4.61,0.0,2002-02-05,2002-02-11,1,2002-02-05,2002-02-05,2002-02-11,The average yearly precipitation for Nebraska from 1971 to 2000 is shown on a chart from Oregon State University.,NA;NA,search,2002-02-04,2002-02-10,1,31
20020212,Total,50.97,49.03,28.25,13.85,4.41,0.0,2002-02-12,2002-02-18,1,2002-02-12,2002-02-12,2002-02-18,"The contiguous United States experienced excessive accumulations of water from 1975 through 1995, leading to floods and heavy rainfall events.",NA;NA,search,2002-02-11,2002-02-17,1,31
20020219,Total,49.28,50.72,29.58,14.01,4.71,0.0,2002-02-19,2002-02-25,1,2002-02-19,2002-02-19,2002-02-25,"The United States has various regions with different land ownership and land use patterns, such as Washington state with 30% of its land in private ownership.",NA;NA,search,2002-02-18,2002-02-24,1,31
20020226,Total,46.61,53.39,30.27,15.13,4.81,0.0,2002-02-26,2002-03-04,1,2002-02-26,2002-02-26,2002-03-04,"The contiguous United States experienced near-normal precipitation in February 2002, with some states receiving significant precipitation and others experiencing dryness.",NA;NA,search,2002-02-25,2002-03-03,1,31
20020305,Total,46.85,53.15,30.53,15.17,4.73,0.0,2002-03-05,2002-03-11,1,2002-03-05,2002-03-05,2002-03-11,"The National Weather Service (NWS) has a system for monitoring and predicting weather patterns, including precipitation.","NA Note: The provided search results do not contain specific information about Monthly Contiguous U.S. Precipitation, making it difficult to provide more detailed insights, analysis, or predictions.;NA",search,2002-03-04,2002-03-10,1,31
20020312,Total,41.19,58.81,36.71,18.01,5.65,0.0,2002-03-12,2002-03-18,1,2002-03-12,2002-03-12,2002-03-18,"The contiguous U.S. experienced varying precipitation patterns in March 2002, with the West and Southwest receiving above-average precipitation.","In the long term, it is possible that the contiguous U.S. will experience more frequent and intense precipitation events due to climate change, leading to increased flooding and drought risks.;In the short term, it is likely that the West and Southwest will continue to experience above-average precipitation, while East Central Florida will start to see an increase in rainfall frequency as the Wet Season begins.",search,2002-03-11,2002-03-17,1,31
20020319,Total,42.55,57.45,34.08,16.78,5.53,0.0,2002-03-19,2002-03-25,1,2002-03-19,2002-03-19,2002-03-25,"The Piping Plover is listed as “endangered” in the Great Lakes area of the United States, and “threatened,” elsewhere.",NA;NA,search,2002-03-18,2002-03-24,1,31
20020326,Total,42.51,57.49,34.66,19.52,5.37,0.0,2002-03-26,2002-04-01,1,2002-03-26,2002-03-26,2002-04-01,"The continental United States experiences varying levels of precipitation, with some areas receiving heavy rainfall and others being arid or semiarid.",NA;NA,search,2002-03-25,2002-03-31,1,31
20020402,Total,44.2,55.8,34.44,20.42,4.37,0.0,2002-04-02,2002-04-08,1,2002-04-02,2002-04-02,2002-04-08,The Continental Divide affects the climate and precipitation patterns in the United States.,NA;NA,search,2002-04-01,2002-04-07,1,31
20020409,Total,45.28,54.72,35.58,21.53,4.68,0.0,2002-04-09,2002-04-15,1,2002-04-09,2002-04-09,2002-04-15,"The continental United States experiences varying levels of precipitation, with more rainfall in the eastern portions and less in the western mountainous regions.",NA;NA,search,2002-04-08,2002-04-14,1,31
20020416,Total,45.91,54.09,36.1,22.92,5.64,0.0,2002-04-16,2002-04-22,1,2002-04-16,2002-04-16,2002-04-22,The Evaporation Atlas for the Contiguous 48 United States provides data on evaporation rates across the country.,"NA Note: The provided search results do not contain any relevant information about Monthly Contiguous U.S. Precipitation, making it impossible to provide insights, analysis, or predictions.;NA",search,2002-04-15,2002-04-21,1,31
20020423,Total,45.12,54.88,36.06,24.9,7.83,0.0,2002-04-23,2002-04-29,1,2002-04-23,2002-04-23,2002-04-29,The graph shows monthly mean temperature averaged across the contiguous United States based on long-term data from the U.S.,NA;NA,search,2002-04-22,2002-04-28,1,31
20020430,Total,46.16,53.84,35.84,25.89,9.98,0.23,2002-04-30,2002-05-06,1,2002-04-30,2002-04-30,2002-05-06,"The climate in the vicinity of Poplar, Montana is semi-arid.","NA Note: The provided search results do not contain sufficient information to make predictions about Monthly Contiguous U.S. Precipitation. Most of the results are unrelated to precipitation or climate, and the few relevant ones do not provide enough data or insights to make predictions.;NA",search,2002-04-29,2002-05-05,1,31
20020507,Total,44.27,55.73,36.73,26.47,9.53,0.51,2002-05-07,2002-05-13,1,2002-05-07,2002-05-07,2002-05-13,"The average annual precipitation in the northern Rocky Mountains, west of the Continental Divide, is mentioned in the context of a water delineation study.","NA Note: The search results do not provide any relevant information about Monthly Contiguous U.S. Precipitation, making it difficult to provide insights, analysis, or predictions. The only relevant fact found is about average annual precipitation in a specific region, but it is not directly related to monthly contiguous U.S. precipitation.;NA",search,2002-05-06,2002-05-12,1,31
20020514,Total,46.09,53.91,39.07,26.19,13.73,0.54,2002-05-14,2002-05-20,1,2002-05-14,2002-05-14,2002-05-20,The twelve-month precipitation averaged across the contiguous United States ranked as the 33rd driest from June 2001 to May 2002.,NA;NA,search,2002-05-13,2002-05-19,1,31
20020521,Total,47.59,52.41,37.04,25.4,14.1,0.51,2002-05-21,2002-05-27,1,2002-05-21,2002-05-21,2002-05-27,"The Continental United States has experienced droughts in the past, with reconstructions of droughts available for the region.",NA;NA,search,2002-05-20,2002-05-26,1,31
20020528,Total,45.99,54.01,38.02,25.83,14.72,2.28,2002-05-28,2002-06-03,1,2002-05-28,2002-05-28,2002-06-03,"The National Centers for Environmental Information (NCEI) provides historical temperature, precipitation, and Palmer drought data from 1895 to present for climate divisions, states, and regions in the contiguous U.S.",NA;NA,search,2002-05-27,2002-06-02,1,31
20020604,Total,39.99,60.01,37.23,25.07,14.08,2.26,2002-06-04,2002-06-10,1,2002-06-04,2002-06-04,2002-06-10,The graph shows monthly mean temperature averaged across the contiguous United States based on long-term data from the U.S.,NA;NA,search,2002-06-03,2002-06-09,1,31
20020611,Total,40.93,59.07,37.77,25.36,13.94,1.73,2002-06-11,2002-06-17,1,2002-06-11,2002-06-11,2002-06-17,"The United States is one of the areas with high precipitation, particularly in the western and eastern coastal regions.",NA;NA,search,2002-06-10,2002-06-16,1,31
20020618,Total,42.7,57.3,39.23,26.56,14.98,2.07,2002-06-18,2002-06-24,1,2002-06-18,2002-06-18,2002-06-24,"The Fermi Problems Site and other sources do not provide direct information about Monthly Contiguous U.S. Precipitation. However, some sources mention precipitation in the context of weather forecasts, effects on military operations, and hydro-climatological trends.",NA;NA,search,2002-06-17,2002-06-23,1,31
20020625,Total,41.68,58.32,39.95,27.96,16.64,2.93,2002-06-25,2002-07-01,1,2002-06-25,2002-06-25,2002-07-01,The pattern of the NAO-related winter precipitation anomalies indicates that most of the contiguous United States experiences above-average precipitation during the positive phase of the NAO.,"The correlation between summer precipitation and forage potential in Montana suggests that monthly precipitation patterns in the summer months may have a significant impact on the region's ecosystem and agriculture in the next few months. Note: There is limited information directly related to Monthly Contiguous U.S. Precipitation in the provided search results. The above summary is based on the available information and may not provide a comprehensive understanding of the topic.;Based on the NAO-related winter precipitation anomalies, it is likely that the contiguous United States will experience above-average precipitation in the next 1-4 weeks if the NAO is in its positive phase.",search,2002-06-24,2002-06-30,1,31
20020702,Total,40.93,59.07,40.22,28.96,17.48,4.42,2002-07-02,2002-07-08,1,2002-07-02,2002-07-02,2002-07-08,"The United States experiences varying levels of precipitation throughout the year, with snow cover advancing and retreating seasonally.","NA Note: The search results did not provide specific information about monthly contiguous U.S. precipitation, so the predictions for short-term and long-term future are not available.;NA",search,2002-07-01,2002-07-07,1,31
20020709,Total,40.37,59.63,39.93,27.69,17.14,4.6,2002-07-09,2002-07-15,1,2002-07-09,2002-07-09,2002-07-15,"The contiguous United States experiences a summer climate with precipitation regimes, and La Niña events can lead to persistent drought in the region.",NA;NA,search,2002-07-08,2002-07-14,1,31
20020716,Total,40.01,59.99,40.55,28.44,17.81,4.61,2002-07-16,2002-07-22,1,2002-07-16,2002-07-16,2002-07-22,"The continental United States has a sensitivity of streamflow to changes in precipitation, with precipitation elasticity of streamflow varying across the region.","NA Note that most of the search results were not directly relevant to predicting Monthly Contiguous U.S. Precipitation, and therefore, I couldn't find much useful information. The two objective facts I found were related to precipitation patterns in the continental United States, but they were not specifically about monthly contiguous U.S. precipitation. I couldn't make any predictions or analysis based on the available information.;NA",search,2002-07-15,2002-07-21,1,31
20020723,Total,34.92,65.08,43.01,30.0,18.84,5.0,2002-07-23,2002-07-29,1,2002-07-23,2002-07-23,2002-07-29,"The contiguous United States experienced a warm July in 2002, with an average temperature above the long-term mean.","NA;Based on the correlation with the North American Monsoon, it is possible that the contiguous United States may experience above-average precipitation in the short term (next 1-4 weeks).",search,2002-07-22,2002-07-28,1,31
20020730,Total,34.13,65.87,42.15,28.95,18.8,5.1,2002-07-30,2002-08-05,1,2002-07-30,2002-07-30,2002-08-05,"The National Centers for Environmental Information (NCEI) provides historical temperature, precipitation, and Palmer drought data from 1895 to present for climate divisions, states, and regions in the contiguous U.S.",Analyzing historical precipitation data and trends can help inform predictions about monthly contiguous U.S. precipitation patterns in the long term.;NA (No specific short-term predictions can be made based on the provided information.),search,2002-07-29,2002-08-04,1,31
20020806,Total,34.11,65.89,41.85,29.9,19.4,5.83,2002-08-06,2002-08-12,1,2002-08-06,2002-08-06,2002-08-12,"The search results do not provide direct information about Monthly Contiguous U.S. Precipitation. However, some papers mention precipitation or rain in the context of other topics, such as deforestation, water hazards, and aquatic macroinvertebrates.",NA;NA,search,2002-08-05,2002-08-11,1,31
20020813,Total,34.39,65.61,42.19,29.53,19.56,6.22,2002-08-13,2002-08-19,1,2002-08-13,2002-08-13,2002-08-19,"Historical temperature, precipitation, and Palmer drought data from 1895 to present for climate divisions, states, and regions in the contiguous U.S. are available.",NA;NA,search,2002-08-12,2002-08-18,1,31
20020820,Total,39.13,60.87,40.98,29.34,19.81,6.56,2002-08-20,2002-08-26,1,2002-08-20,2002-08-20,2002-08-26,"The continental United States has experienced severe drought, with around 37% of the area affected as of August 2002.",NA;NA,search,2002-08-19,2002-08-25,1,31
20020827,Total,40.95,59.05,41.2,29.48,19.63,6.19,2002-08-27,2002-09-02,1,2002-08-27,2002-08-27,2002-09-02,Heavy precipitation and high streamflow in the contiguous United States showed trends in the twentieth century.,"Heavy precipitation and high streamflow trends in the contiguous United States may continue in the long-term future, although the exact timing and magnitude are uncertain.;NA",search,2002-08-26,2002-09-01,1,31
20020903,Total,39.07,60.93,41.73,30.18,17.9,5.2,2002-09-03,2002-09-09,1,2002-09-03,2002-09-03,2002-09-09,The continental United States experiences high seasonal variability in temperature and precipitation.,NA;NA,search,2002-09-02,2002-09-08,1,31
20020910,Total,40.62,59.38,45.64,31.78,17.15,4.18,2002-09-10,2002-09-16,1,2002-09-10,2002-09-10,2002-09-16,Objective facts about the Monthly Contiguous U.S. Precipitation situation: The Evaporation Atlas for the Contiguous 48 United States (1982) provides annual evaporation values.,"Predictions you can make for the long-term future (next few months): Regional details of the precipitation response to greenhouse warming are unclear, but hydrologic feedbacks on other aspects of the climate system may be important.;Predictions you can make for the short-term future (next 1-4 weeks): NA",search,2002-09-09,2002-09-15,1,31
20020917,Total,40.32,59.68,44.7,30.99,16.64,3.24,2002-09-17,2002-09-23,1,2002-09-17,2002-09-17,2002-09-23,The contiguous United States received significantly below-average precipitation in September 2002.,NA Note: There is limited information available in the search results that is directly relevant to making predictions about Monthly Contiguous U.S. Precipitation. The results are mostly descriptive and do not provide enough data or analysis to make informed predictions.;NA,search,2002-09-16,2002-09-22,1,31
20020924,Total,43.09,56.91,44.05,29.83,15.7,2.75,2002-09-24,2002-09-30,1,2002-09-24,2002-09-24,2002-09-30,"The contiguous U.S. experienced moderate to extreme drought in about 45% of the area, with severe drought affecting about 32% of the area as of the end of September 2002.","In the long term (next 4-12 months), the trend of unusual wetness in the last two decades may continue, with the possibility of short periods of extensive droughts. However, it is difficult to predict with certainty, and long-term drought conditions may persist in some regions.;In the short term (next 1-3 months), precipitation patterns may continue to be influenced by tropical systems, bringing short-term relief to some areas. However, long-term drought conditions are likely to persist in many regions.",report,2002-09-01,2002-09-30,0,31
20021001,Total,40.73,59.27,40.6,27.89,14.91,2.62,2002-10-01,2002-10-07,1,2002-10-01,2002-10-01,2002-10-07,The contiguous United States experiences interannual climate variability and snowpack.,NA;NA,search,2002-09-30,2002-10-06,1,31
20021008,Total,40.47,59.53,41.94,27.05,14.09,1.75,2002-10-08,2002-10-14,1,2002-10-08,2002-10-08,2002-10-14,NA (no relevant objective facts found),NA (no long-term predictions can be made based on the search results);NA (no short-term predictions can be made based on the search results),search,2002-10-07,2002-10-13,1,31
20021015,Total,43.42,56.58,41.62,26.11,13.25,1.12,2002-10-15,2002-10-21,1,2002-10-15,2002-10-15,2002-10-21,"The National Centers for Environmental Information (NCEI) provides historical temperature, precipitation, and Palmer drought data from 1895 to present for climate divisions, states, and regions in the contiguous U.S.",NA;NA,search,2002-10-14,2002-10-20,1,31
20021022,Total,45.96,54.04,40.48,25.38,12.93,1.12,2002-10-22,2002-10-28,1,2002-10-22,2002-10-22,2002-10-28,"The Continental United States experiences various weather patterns, including winter thunderstorms and summer monsoons, which affect precipitation levels.",NA;NA,search,2002-10-21,2002-10-27,1,31
20021029,Total,49.03,50.97,39.11,24.8,12.63,1.13,2002-10-29,2002-11-04,1,2002-10-29,2002-10-29,2002-11-04,"The contiguous United States experienced a specific temperature and precipitation pattern in October 2002, with a graph showing monthly mean temperature averaged across the contiguous United States based on long-term data from the U.S. Historical Climatology.",NA;NA,search,2002-10-28,2002-11-03,1,31
20021105,Total,49.14,50.86,40.23,25.19,12.32,1.11,2002-11-05,2002-11-11,1,2002-11-05,2002-11-05,2002-11-11,"The annual precipitation in the Umpqua National Forest of southwestern Oregon is approximately 2 m, with 70% of it falling between October and April.",NA;NA,search,2002-11-04,2002-11-10,1,31
20021112,Total,50.54,49.46,35.81,22.2,11.31,0.93,2002-11-12,2002-11-18,1,2002-11-12,2002-11-12,2002-11-18,The contiguous United States has historical monthly average precipitation and temperature data available at 344 climate divisions.,NA;NA,search,2002-11-11,2002-11-17,1,31
20021119,Total,50.7,49.3,34.99,21.96,11.34,0.96,2002-11-19,2002-11-25,1,2002-11-19,2002-11-19,2002-11-25,The contiguous United States refers to the 48 states excluding Alaska and Hawaii.,NA;NA,search,2002-11-18,2002-11-24,1,31
20021126,Total,50.95,49.05,34.65,21.91,11.31,0.93,2002-11-26,2002-12-02,1,2002-11-26,2002-11-26,2002-12-02,The contiguous zone refers to the waters of the United States.,NA;NA,search,2002-11-25,2002-12-01,1,31
20021203,Total,50.67,49.33,35.13,22.22,11.07,0.91,2002-12-03,2002-12-09,1,2002-12-03,2002-12-03,2002-12-09,The contiguous United States is divided into 344 climate divisions for tracking precipitation values.,NA;NA,search,2002-12-02,2002-12-08,1,31
20021210,Total,48.6,51.4,36.59,25.7,11.41,1.05,2002-12-10,2002-12-16,1,2002-12-10,2002-12-10,2002-12-16,"Historical temperature, precipitation, and Palmer drought data from 1895 to present for climate divisions, states, and regions in the contiguous U.S. are available.",NA;NA,search,2002-12-09,2002-12-15,1,31
20021217,Total,51.63,48.37,35.57,25.71,11.61,1.07,2002-12-17,2002-12-23,1,2002-12-17,2002-12-17,2002-12-23,The graph to the left shows monthly mean temperature averaged across the contiguous United States based on long-term data from the U.S. Historical Climatology.,NA;NA,search,2002-12-16,2002-12-22,1,31
20021224,Total,52.59,47.41,35.2,25.61,11.62,1.07,2002-12-24,2002-12-30,1,2002-12-24,2002-12-24,2002-12-30,Objective facts about the Monthly Contiguous U.S. Precipitation situation: NA (No relevant information found),"Predictions you can make for the long-term future (next few months): NA (No relevant information found) Note: The provided search results do not contain any relevant information about Monthly Contiguous U.S. Precipitation, so all parts are marked as ""NA"" (Not Available).;Predictions you can make for the short-term future (next 1-4 weeks): NA (No relevant information found)",search,2002-12-23,2002-12-29,1,31
20021231,Total,53.87,46.13,34.47,25.34,11.91,1.07,2002-12-31,2003-01-06,1,2002-12-31,2002-12-31,2003-01-06,"The U.S. National Weather Service provides climatic data, which can be used to analyze precipitation patterns in the contiguous United States.",NA;NA,search,2002-12-30,2003-01-05,1,31
20030107,Total,51.62,48.38,35.59,26.08,13.62,1.41,2003-01-07,2003-01-13,1,2003-01-07,2003-01-07,2003-01-13,The satellite map of snow cover shows that every state in the contiguous U.S. had snow cover in January 2003.,"The long-term precipitation patterns in the contiguous U.S. may be influenced by larger climate cycles, such as the multidecadal change in winter-spring precipitation over the Southwestern United States.;Based on the historical data, it is possible that the next 1-4 weeks may see similar widespread precipitation patterns in the contiguous U.S.",search,2003-01-06,2003-01-12,1,31
20030114,Total,51.48,48.52,36.79,26.89,15.34,2.15,2003-01-14,2003-01-20,1,2003-01-14,2003-01-14,2003-01-20,The contiguous United States refers to the 48 states excluding Alaska and Hawaii.,"Long-term predictions are difficult to make based on the available information, but it's possible that regional precipitation patterns may continue to vary significantly over the next few months.;Based on the CPC Prognastic ENSO Discussion, there may be below-normal precipitation in the southeast and above-normal precipitation in the northern continental U.S. in the short term (next 1-4 weeks).",search,2003-01-13,2003-01-19,1,31
20030121,Total,49.63,50.37,37.02,27.34,17.16,1.97,2003-01-21,2003-01-27,1,2003-01-21,2003-01-21,2003-01-27,"Nearly three-fourths of the annual precipitation falls in the growing season in Las Cruces, New Mexico.","In the long-term, it is possible that changes in climate patterns may impact the frequency and intensity of precipitation events in the contiguous United States, leading to shifts in precipitation patterns.;In the short-term, it is likely that precipitation patterns will continue to be influenced by these factors, leading to varying levels of precipitation across the contiguous United States.",search,2003-01-20,2003-01-26,1,31
20030128,Total,48.7,51.3,37.13,27.49,17.43,2.09,2003-01-28,2003-02-03,1,2003-01-28,2003-01-28,2003-02-03,"The contiguous United States has historical temperature, precipitation, and Palmer drought data available from 1895 to present for climate divisions, states, and regions.",NA;NA,search,2003-01-27,2003-02-02,1,31
20030204,Total,47.94,52.06,37.11,26.75,17.16,1.88,2003-02-04,2003-02-10,1,2003-02-04,2003-02-04,2003-02-10,"The conterminous (i.e., contiguous) United States has background soil concentrations taken from uncontaminated areas across the country.",NA;NA,search,2003-02-03,2003-02-09,1,31
20030211,Total,46.74,53.26,37.9,27.41,17.26,1.93,2003-02-11,2003-02-17,1,2003-02-11,2003-02-11,2003-02-17,"The contiguous United States receives most of its precipitation in the spring and summer season, with 60 percent of the precipitation falling during this time.","It is difficult to make long-term predictions based on the available information, but it is likely that the precipitation patterns will continue to follow the seasonal trend, with more precipitation occurring in the spring and summer months.;Based on the seasonal pattern, it is likely that the contiguous United States will experience more precipitation in the coming weeks as the spring season approaches.",search,2003-02-10,2003-02-16,1,31
20030218,Total,48.11,51.89,37.05,26.67,16.81,1.74,2003-02-18,2003-02-24,1,2003-02-18,2003-02-18,2003-02-24,The Mississippi River drains 41% of the continental United States.,NA;NA,search,2003-02-17,2003-02-23,1,31
20030225,Total,47.61,52.39,36.36,27.14,16.65,1.74,2003-02-25,2003-03-03,1,2003-02-25,2003-02-25,2003-03-03,The graph shows monthly mean temperature averaged across the contiguous United States based on long-term data from the U.S. Historical Climatology.,NA;NA,search,2003-02-24,2003-03-02,1,31
20030304,Total,47.21,52.79,37.46,27.18,16.63,1.67,2003-03-04,2003-03-10,1,2003-03-04,2003-03-04,2003-03-10,"The continental United States has experienced extensive channelization of streams, which is expected to continue with urban development.",NA;NA,search,2003-03-03,2003-03-09,1,31
20030311,Total,45.45,54.55,37.46,27.04,16.13,1.41,2003-03-11,2003-03-17,1,2003-03-11,2003-03-11,2003-03-17,"The National Centers for Environmental Information (NCEI) provides historical temperature, precipitation, and Palmer drought data from 1895 to present for climate divisions, states, and regions in the contiguous U.S.","NA Note: Most of the search results are not relevant to predicting Monthly Contiguous U.S. Precipitation, and only one result provides useful information about historical climate data.;NA",search,2003-03-10,2003-03-16,1,31
20030318,Total,43.14,56.86,40.56,26.47,16.03,1.41,2003-03-18,2003-03-24,1,2003-03-18,2003-03-18,2003-03-24,Normal rainfall in Santa Rosa is 76 centimeters (cm) (30 in) per year.,NA;NA,search,2003-03-17,2003-03-23,1,31
20030325,Total,44.4,55.6,40.11,25.75,14.29,1.02,2003-03-25,2003-03-31,1,2003-03-25,2003-03-25,2003-03-31,"March 2003 precipitation averaged slightly below normal, ranking as the 51st driest March in the 1895-2003 record.","The long-term drought patterns in the western U.S. and the Great Plains may persist, leading to continued below-normal precipitation in these regions. However, the eastern U.S. may experience more variability in precipitation patterns.;Based on the current trends, it is likely that the western U.S. and the Great Plains will continue to experience below-normal precipitation in the short term, while the eastern U.S. may experience near-normal to above-normal precipitation.",report,2003-03-01,2003-03-31,0,31
20030401,Total,44.69,55.31,37.29,24.45,13.03,0.49,2003-04-01,2003-04-07,1,2003-04-01,2003-04-01,2003-04-07,The contiguous United States has a humid continental climate with cold winters and warm summers.,"The long-term precipitation patterns in the contiguous United States are likely to be influenced by seasonal changes, with increased precipitation expected during the spring and summer months.;Based on the climate data, it is likely that the contiguous United States will experience a mix of warm and cold temperatures in the short-term future, with potential for precipitation variability.",search,2003-03-31,2003-04-06,1,31
20030408,Total,46.7,53.3,35.89,22.71,12.35,0.22,2003-04-08,2003-04-14,1,2003-04-08,2003-04-08,2003-04-14,"The contiguous United States has experienced various weather conditions, including snow and ice storms, rain, and hail, in different regions and times of the year.",NA;NA,search,2003-04-07,2003-04-13,1,31
20030415,Total,45.21,54.79,36.32,22.76,12.1,0.19,2003-04-15,2003-04-21,1,2003-04-15,2003-04-15,2003-04-21,"The average annual rainfall total for State College, PA is 38.51 inches.","NA Note: The search results do not provide direct information about Monthly Contiguous U.S. Precipitation, so most parts are marked as ""NA"" (not available). The objective facts provided are related to precipitation and water resources in specific regions or states, but not directly to Monthly Contiguous U.S. Precipitation.;NA",search,2003-04-14,2003-04-20,1,31
20030422,Total,46.7,53.3,35.85,22.73,11.99,0.22,2003-04-22,2003-04-28,1,2003-04-22,2003-04-22,2003-04-28,"Historical temperature, precipitation, and Palmer drought data from 1895 to present for climate divisions, states, and regions in the contiguous U.S. are available.",NA;NA,search,2003-04-21,2003-04-27,1,31
20030429,Total,42.38,57.62,36.55,23.63,10.89,0.22,2003-04-29,2003-05-05,1,2003-04-29,2003-04-29,2003-05-05,"The continental United States experiences a significant amount of precipitation, with an average yearly precipitation in New York State.",NA;NA,search,2003-04-28,2003-05-04,1,31
20030506,Total,45.78,54.22,35.82,19.59,9.08,0.22,2003-05-06,2003-05-12,1,2003-05-06,2003-05-06,2003-05-12,The National Weather Service provides storm survey reports that include information on precipitation in the contiguous United States.,NA;NA,search,2003-05-05,2003-05-11,1,31
20030513,Total,50.04,49.96,35.08,17.74,8.67,0.52,2003-05-13,2003-05-19,1,2003-05-13,2003-05-13,2003-05-19,"The contiguous United States (CONUS) is a region of interest for precipitation studies, and datasets such as ds612.5 CONUS (Continental U.S.) II High Resolution Present and Future Climate are available for analysis.",NA;NA,search,2003-05-12,2003-05-18,1,31
20030520,Total,51.13,48.87,35.71,21.3,8.48,0.5,2003-05-20,2003-05-26,1,2003-05-20,2003-05-20,2003-05-26,The contiguous United States has undergone geological formation as a result of plate tectonic movements in the Proterozoic period.,NA;NA,search,2003-05-19,2003-05-25,1,31
20030527,Total,51.74,48.26,35.13,20.53,8.56,0.5,2003-05-27,2003-06-02,1,2003-05-27,2003-05-27,2003-06-02,The Continental United States has a smaller stratiform rain area compared to other regions .,NA;NA,search,2003-05-26,2003-06-01,1,31
20030603,Total,48.97,51.03,35.12,20.56,8.46,0.51,2003-06-03,2003-06-09,1,2003-06-03,2003-06-03,2003-06-09,Meteorological causes of secular variations in observed extreme precipitation events for the conterminous United States have been studied.,NA;NA,search,2003-06-02,2003-06-08,1,31
20030610,Total,50.02,49.98,32.9,19.99,8.55,0.85,2003-06-10,2003-06-16,1,2003-06-10,2003-06-10,2003-06-16,"Historical temperature, precipitation, and Palmer drought data are available from 1895 to present for climate divisions, states, and regions in the contiguous U.S.",NA;NA,search,2003-06-09,2003-06-15,1,31
20030617,Total,50.27,49.73,29.71,18.45,9.13,0.84,2003-06-17,2003-06-23,1,2003-06-17,2003-06-17,2003-06-23,The National Weather Service has a National Verification Plan to determine hail risk in the contiguous United States.,"NA Note: The provided search results do not contain any relevant information about Monthly Contiguous U.S. Precipitation, making it impossible to provide insights, analysis, or predictions.;NA",search,2003-06-16,2003-06-22,1,31
20030624,Total,50.27,49.73,29.33,18.51,8.95,0.74,2003-06-24,2003-06-30,1,2003-06-24,2003-06-24,2003-06-30,Above-normal precipitation fell across some of the Plains and Ohio Valley drought areas during June 2003.,"In the next 4-12 months, long-term moisture deficits may persist in the West and parts of the Great Lakes to Northeast, potentially leading to continued dry conditions.;In the next 1-3 months, precipitation may continue to be above normal in the Plains and Ohio Valley, but dry conditions may persist in the West and parts of the Great Lakes to Northeast.",report,2003-06-01,2003-06-30,0,31
20030701,Total,53.93,46.07,25.75,18.21,9.05,0.63,2003-07-01,2003-07-07,1,2003-07-01,2003-07-01,2003-07-07,"The contiguous United States spans a large area, including deserts, grasslands, and coastal regions, which can experience different types of precipitation patterns.",NA;NA,search,2003-06-30,2003-07-06,1,31
20030708,Total,57.18,42.82,24.76,18.65,9.57,0.68,2003-07-08,2003-07-14,1,2003-07-08,2003-07-08,2003-07-14,The passage of precipitation and wind patterns can impact wildlife habitat fragmentation in the southwestern United States.,NA;NA,search,2003-07-07,2003-07-13,1,31
20030715,Total,51.29,48.71,26.74,19.91,10.45,0.68,2003-07-15,2003-07-21,1,2003-07-15,2003-07-15,2003-07-21,"The National Centers for Environmental Information (NCEI) provides historical temperature, precipitation, and Palmer drought data from 1895 to present for climate divisions, states, and regions in the contiguous U.S.",NA;NA,search,2003-07-14,2003-07-20,1,31
20030722,Total,53.05,46.95,32.13,21.82,12.4,1.39,2003-07-22,2003-07-28,1,2003-07-22,2003-07-22,2003-07-28,The National Weather Service is responsible for flood forecasting in the United States.,"Long-term predictions are also challenging, but it is possible that shifts in snow timing and changes in precipitation patterns during the 21st century may impact the overall hydrologic cycle in the contiguous United States.;Based on the available information, it is difficult to make precise short-term predictions for the next 1-4 weeks. However, it is likely that precipitation patterns will continue to be influenced by the mentioned factors.",search,2003-07-21,2003-07-27,1,31
20030729,Total,53.41,46.59,39.44,24.2,12.62,1.8,2003-07-29,2003-08-04,1,2003-07-29,2003-07-29,2003-08-04,"The contiguous United States experienced above-average rainfall in July 2003, particularly in the Ohio Valley.","In the long term, it is possible that the contiguous United States will experience a shift towards a drier or wetter climate pattern, depending on the evolution of larger climate factors. Note: The provided search results are limited, and most of the information is not directly related to Monthly Contiguous U.S. Precipitation. The above summary is based on the only relevant information found, which is the first search result.;In the short term, it is likely that the contiguous United States will continue to experience above-average rainfall, particularly in the East and Ohio Valley.",search,2003-07-28,2003-08-03,1,31
20030805,Total,51.64,48.36,40.24,25.19,12.47,1.65,2003-08-05,2003-08-11,1,2003-08-05,2003-08-05,2003-08-11,The Continental United States has a clear example of where precipitation that falls inches apart on the ground can have different effects due to the continental divide.,NA;NA,search,2003-08-04,2003-08-10,1,31
20030812,Total,50.21,49.79,40.92,27.2,12.82,1.63,2003-08-12,2003-08-18,1,2003-08-12,2003-08-12,2003-08-18,The Climate Atlas of the Contiguous United States provides data on precipitation and other climate variables.,NA;NA,search,2003-08-11,2003-08-17,1,31
20030819,Total,45.33,54.67,41.47,28.56,14.52,1.77,2003-08-19,2003-08-25,1,2003-08-19,2003-08-19,2003-08-25,"The Eastern states in the USA receive 1,000 to 1,750 mm of precipitation","In the long-term, precipitation patterns in the contiguous United States may be influenced by larger climate trends and weather systems, such as El Niño events;In the short-term, precipitation patterns are likely to continue to vary across the contiguous United States, with some areas experiencing more rainfall than others",search,2003-08-18,2003-08-24,1,31
20030826,Total,43.51,56.49,45.88,31.15,15.77,1.84,2003-08-26,2003-09-01,1,2003-08-26,2003-08-26,2003-09-01,"The National Centers for Environmental Information (NCEI) provides historical temperature, precipitation, and Palmer drought data from 1895 to present for climate divisions, states, and regions in the contiguous U.S.",NA;NA,search,2003-08-25,2003-08-31,1,31
20030902,Total,45.79,54.21,43.88,28.79,14.29,1.61,2003-09-02,2003-09-08,1,2003-09-02,2003-09-02,2003-09-08,"The continental United States has a humid continental climate, which includes rainfall.",NA;NA,search,2003-09-01,2003-09-07,1,31
20030909,Total,45.44,54.56,45.44,31.54,15.09,1.85,2003-09-09,2003-09-15,1,2003-09-09,2003-09-09,2003-09-15,"The contiguous United States has been studied for its precipitation patterns, with research focusing on diurnal cycles, urban vs. rural temperatures, and land surface data assimilation.",NA;NA,search,2003-09-08,2003-09-14,1,31
20030916,Total,47.29,52.71,42.09,28.84,14.35,1.83,2003-09-16,2003-09-22,1,2003-09-16,2003-09-16,2003-09-22,"The article ""Ion‐aerosol‐cloud processes in the lower atmosphere"" mentions the state of the atmosphere and weather by-product or climatic modulator, U.S. Natl.",NA;NA,search,2003-09-15,2003-09-21,1,31
20030923,Total,46.88,53.12,42.1,28.31,14.09,1.73,2003-09-23,2003-09-29,1,2003-09-23,2003-09-23,2003-09-29,Objective facts about the Monthly Contiguous U.S. Precipitation situation: NA (no relevant information found),"Predictions you can make for the long-term future (next few months): NA (no relevant information found) Note: The provided search results do not contain any relevant information about Monthly Contiguous U.S. Precipitation, so all parts are marked as ""NA"" (not applicable).;Predictions you can make for the short-term future (next 1-4 weeks): NA (no relevant information found)",search,2003-09-22,2003-09-28,1,31
20030930,Total,48.06,51.94,40.51,27.73,14.1,1.75,2003-09-30,2003-10-06,1,2003-09-30,2003-09-30,2003-10-06,The HadCM2 model predicts seasonal precipitation regimes for the continental United States.,NA;NA,search,2003-09-29,2003-10-05,1,31
20031007,Total,50.09,49.91,40.49,28.14,13.99,1.73,2003-10-07,2003-10-13,1,2003-10-07,2003-10-07,2003-10-13,"The contiguous United States experiences seasonal precipitation patterns, with varying amounts of rainfall throughout the year.","Long-term precipitation patterns are likely to be influenced by climate change and its impact on continental North America. Note: There is limited information available in the provided search results to make specific predictions about Monthly Contiguous U.S. Precipitation. The above summary is based on general insights and analysis of the available information.;In the short-term, precipitation patterns are likely to be influenced by the location of storm systems and weather patterns over the continental United States.",search,2003-10-06,2003-10-12,1,31
20031014,Total,49.33,50.67,38.95,28.57,14.64,1.71,2003-10-14,2003-10-20,1,2003-10-14,2003-10-14,2003-10-20,"The National Weather Service provides sounding data for contiguous or nearly contiguous weather systems, which can be used to study warm-season precipitation in the United States.","Long-term predictions (next few months) about precipitation patterns in the contiguous United States can be made by analyzing trends and patterns in the data provided by the National Weather Service and weather radar coverage. Note: The other search results were not relevant to predicting Monthly Contiguous U.S. Precipitation and were discarded.;Based on the availability of weather radar coverage and National Weather Service sounding data, short-term predictions (next 1-4 weeks) can be made about precipitation patterns in specific regions of the contiguous United States.",search,2003-10-13,2003-10-19,1,31
20031021,Total,47.73,52.27,39.05,28.94,14.43,1.7,2003-10-21,2003-10-27,1,2003-10-21,2003-10-21,2003-10-27,"The continental US has 344 climate divisions, and the Climate Office generates a FNEP precipitation dataset for these divisions.","Extreme Precipitation Events under Climate Change in the Iberian Peninsula may provide insights into potential changes in Monthly Contiguous U.S. Precipitation patterns. Note: The provided search results do not contain much information directly relevant to predicting Monthly Contiguous U.S. Precipitation. Most of the results are unrelated to precipitation or climate, and the few relevant results are too vague or indirect to provide useful insights.;NA",search,2003-10-20,2003-10-26,1,31
20031028,Total,46.26,53.74,40.82,29.36,15.27,2.12,2003-10-28,2003-11-03,1,2003-10-28,2003-10-28,2003-11-03,"The U.S. Climate Extremes Index (CEI) quantifies observed climate changes in temperature, precipitation, and drought within the contiguous United States.","The long-term trend suggests that precipitation patterns in the contiguous United States will continue to experience changes, with potential increases in heavy rainfall events. Note: The provided search results did not yield a wealth of information directly related to Monthly Contiguous U.S. Precipitation. The above summary is based on the limited relevant information found.;It is likely that the next 1-4 weeks will see continued heavy rainfall events in certain regions of the contiguous United States.",search,2003-10-27,2003-11-02,1,31
20031104,Total,47.27,52.73,40.11,28.37,15.34,2.18,2003-11-04,2003-11-10,1,2003-11-04,2003-11-04,2003-11-10,"The climate of New York State is broadly representative of the humid continental type, which prevails in the northeastern United States.",NA;NA,search,2003-11-03,2003-11-09,1,31
20031111,Total,46.21,53.79,40.91,28.55,15.41,2.79,2003-11-11,2003-11-17,1,2003-11-11,2003-11-11,2003-11-17,Average Annual Precipitation in the Continental United States is a relevant factor in understanding water sustainability and moisture problems.,NA;NA,search,2003-11-10,2003-11-16,1,31
20031118,Total,47.49,52.51,40.55,28.21,14.79,2.65,2003-11-18,2003-11-24,1,2003-11-18,2003-11-18,2003-11-24,"The contiguous U.S. has a history of drought and precipitation patterns, with a 2129-year reconstruction of precipitation available.","NA Note: The provided search results do not contain sufficient information to make predictions about Monthly Contiguous U.S. Precipitation. The results appear to be mostly unrelated to the topic, with a few mentions of precipitation and drought in specific contexts, but no relevant data or analysis that can be used for prediction.;NA",search,2003-11-17,2003-11-23,1,31
20031125,Total,48.59,51.41,40.15,28.1,14.74,2.75,2003-11-25,2003-12-01,1,2003-11-25,2003-11-25,2003-12-01,"The Gulf of Mexico and the Caribbean Ocean serve as source regions for maritime tropical (mT) air masses, which affect precipitation in the contiguous United States.","In the long term, continued research into the relationships between ENSO, Pacific decadal variability, and air mass source regions will be important for improving predictions of monthly contiguous U.S. precipitation.;Based on the current situation, it is likely that precipitation patterns in the contiguous United States will continue to be influenced by these factors in the short term, with potential for drought or heavy precipitation events.",search,2003-11-24,2003-11-30,1,31
20031202,Total,49.29,50.71,39.96,28.11,14.43,2.8,2003-12-02,2003-12-08,1,2003-12-02,2003-12-02,2003-12-08,The United States Environmental Protection Agency (EPA) has funded projects related to watershed management and water quality.,NA;NA,search,2003-12-01,2003-12-07,1,31
20031209,Total,48.77,51.23,40.07,28.2,14.36,2.76,2003-12-09,2003-12-15,1,2003-12-09,2003-12-09,2003-12-15,"The contiguous nation ranked 21st warmest in 109 years of record-keeping in December 2003, and the precipitation signal was more mixed across the lower 48 states with wetter than normal conditions in some areas and drier than normal conditions in others.",NA;NA,search,2003-12-08,2003-12-14,1,31
20031216,Total,50.8,49.2,39.77,28.36,14.67,2.82,2003-12-16,2003-12-22,1,2003-12-16,2003-12-16,2003-12-22,"The continental United States receives varying amounts of precipitation, with some areas receiving as little as 6 inches of average annual precipitation.",NA;NA,search,2003-12-15,2003-12-21,1,31
20031223,Total,50.53,49.47,39.78,28.32,14.74,3.11,2003-12-23,2003-12-29,1,2003-12-23,2003-12-23,2003-12-29,The 1930s dust bowl era was a period of severe drought conditions in the central USA.,NA;NA,search,2003-12-22,2003-12-28,1,31
20031230,Total,50.82,49.18,38.33,28.22,13.36,2.84,2003-12-30,2004-01-05,1,2003-12-30,2003-12-30,2004-01-05,"The continental United States experienced extreme weather conditions, including a snowstorm in 1964 and cold temperatures in 2003-2004, with every state in the continental U.S. and Canada experiencing at least one night of below freezing temperature during the winter.","It is possible that the continental United States will continue to experience a pattern of intense winter weather in the long-term future, with potential implications for precipitation patterns and temperature fluctuations. However, more data is needed to make a more accurate prediction.;Based on the historical data, it is likely that the continental United States will continue to experience extreme weather conditions in the short-term future, including cold temperatures and potential snowfall.",search,2003-12-29,2004-01-04,1,31
20040106,Total,48.35,51.65,38.41,27.19,13.57,3.1,2004-01-06,2004-01-12,1,2004-01-06,2004-01-06,2004-01-12,"The North American Regional Reanalysis (NARR) project assimilates 24-h rain gauge data into hourly bins over the continental United States, Mexico, and Canada.",NA;NA,search,2004-01-05,2004-01-11,1,31
20040113,Total,49.65,50.35,37.09,26.52,13.31,2.64,2004-01-13,2004-01-19,1,2004-01-13,2004-01-13,2004-01-19,"The contiguous United States experiences varying precipitation patterns, with maximum rainfall in the south (200 cm) and minimum in the north (110 cm) along the Mississippi River.","In the long-term, it is possible that changes in climate patterns could impact precipitation patterns in the contiguous U.S., leading to more extreme weather events and altered regional climate differences.;Based on the regional climate differences, it is likely that precipitation patterns will continue to vary across the contiguous U.S. in the short-term, with potential heavy rainfall in the south and lighter rainfall in the north.",search,2004-01-12,2004-01-18,1,31
20040120,Total,51.37,48.63,36.62,26.12,13.02,2.41,2004-01-20,2004-01-26,1,2004-01-20,2004-01-20,2004-01-26,"The climate of McPherson County, Kansas is typical continental, and precipitation in the county is influenced by its location.",NA Note: The provided search results do not contain sufficient information to make predictions about Monthly Contiguous U.S. Precipitation. The results are mostly unrelated to precipitation patterns or are too specific to a particular region or topic.;NA,search,2004-01-19,2004-01-25,1,31
20040127,Total,51.97,48.03,35.55,25.87,12.99,2.52,2004-01-27,2004-02-02,1,2004-01-27,2004-01-27,2004-02-02,"The contiguous United States receives various types of precipitation, including rain and freezing drizzle.",NA;NA,search,2004-01-26,2004-02-01,1,31
20040203,Total,51.97,48.03,34.98,25.76,12.5,2.48,2004-02-03,2004-02-09,1,2004-02-03,2004-02-03,2004-02-09,The warm season precipitation over the central United States is dominated by contributions from Mesoscale Convective Systems (MCSs) that account for 40–60% of the total April to September precipitation.,"In the long-term, climate change may lead to increased precipitation in the Western U.S. under the RCP 8.5 scenario, potentially altering precipitation patterns and soil moisture regimes. Note: There is limited information available to make specific predictions about Monthly Contiguous U.S. Precipitation.;In the short-term, precipitation patterns in the central United States may continue to be dominated by MCSs, leading to above-average precipitation during the warm season.",search,2004-02-02,2004-02-08,1,31
20040210,Total,50.78,49.22,34.36,25.63,12.11,2.36,2004-02-10,2004-02-16,1,2004-02-10,2004-02-10,2004-02-16,"The contiguous United States experienced moderate to extreme drought in 2004, covering about one-third of the region, particularly in the West.",NA;NA,search,2004-02-09,2004-02-15,1,31
20040217,Total,50.81,49.19,34.5,25.69,12.06,2.36,2004-02-17,2004-02-23,1,2004-02-17,2004-02-17,2004-02-23,"The contiguous U.S. has historical temperature, precipitation, and Palmer drought data from 1895 to present for climate divisions, states, and regions.","In the long-term, it is possible that precipitation patterns will shift, potentially leading to increased precipitation in regions that are currently dry. However, this is speculative and more data is needed to make a confident prediction. Note: The other search results did not provide relevant information about Monthly Contiguous U.S. Precipitation and were therefore discarded.;In the short-term, it is likely that dry conditions will persist in certain regions, potentially exacerbating drought conditions.",search,2004-02-16,2004-02-22,1,31
20040224,Total,51.75,48.25,34.23,25.69,12.29,2.36,2004-02-24,2004-03-01,1,2004-02-24,2004-02-24,2004-03-01,The annual precipitation in the Scotts Valley Basin ranges from 31- to,NA (no information to make long-term predictions);NA (no information to make short-term predictions),search,2004-02-23,2004-02-29,1,31
20040302,Total,52.52,47.48,32.74,23.61,10.47,1.74,2004-03-02,2004-03-08,1,2004-03-02,2004-03-02,2004-03-08,The Geography of South Korea article mentions that about two-thirds of the annual precipitation in South Korea occurs during the summer months.,NA;NA,search,2004-03-01,2004-03-07,1,31
20040309,Total,55.32,44.68,32.14,22.99,10.41,1.61,2004-03-09,2004-03-15,1,2004-03-09,2004-03-09,2004-03-15,"The continental United States (CONUS) has a seasonal total precipitation pattern, with a comparison of seasonal total precipitation illustrating the Climate Prediction Center (CPC) Merged Analysis of Precipitation (CMAP)",NA;NA,search,2004-03-08,2004-03-14,1,31
20040316,Total,55.59,44.41,31.51,22.62,10.31,1.61,2004-03-16,2004-03-22,1,2004-03-16,2004-03-16,2004-03-22,The United States can be divided into two large watersheds.,NA;NA,search,2004-03-15,2004-03-21,1,31
20040323,Total,52.42,47.58,32.06,22.71,10.57,1.61,2004-03-23,2004-03-29,1,2004-03-23,2004-03-23,2004-03-29,The PDO (Pacific Decadal Oscillation) has been shown to modulate winter precipitation in the U.S.,NA;NA,search,2004-03-22,2004-03-28,1,31
20040330,Total,51.68,48.32,31.21,22.67,10.93,1.61,2004-03-30,2004-04-05,1,2004-03-30,2004-03-30,2004-04-05,"The Continental United States is affected by acid rain, with the most rapid increase in acid precipitation observed in the region.","NA Note: The provided search results do not contain relevant information about Monthly Contiguous U.S. Precipitation, which is the topic of interest. The results seem to be related to various unrelated topics such as acid rain, grammar guides, flood geology, and more. Therefore, I couldn't find any useful information to make predictions about Monthly Contiguous U.S. Precipitation.;NA",search,2004-03-29,2004-04-04,1,31
20040406,Total,51.09,48.91,30.09,21.15,8.61,0.54,2004-04-06,2004-04-12,1,2004-04-06,2004-04-06,2004-04-12,The precipitation data (P) is directly used in the calculation of various climatic parameters and is published monthly from climatic stations established throughout the continental United States.,NA;NA,search,2004-04-05,2004-04-11,1,31
20040413,Total,49.98,50.02,30.43,21.08,8.65,0.68,2004-04-13,2004-04-19,1,2004-04-13,2004-04-13,2004-04-19,"The National Centers for Environmental Information (NCEI) provides historical temperature, precipitation, and Palmer drought data from 1895 to present for climate divisions, states, and regions in the contiguous U.S.","In the long term, the analysis of historical precipitation data can help identify patterns and trends that can inform predictions about future precipitation patterns in the contiguous U.S., such as the potential for droughts or heavy rainfall events.;Based on the historical data, it is likely that the precipitation patterns in the next 1-4 weeks will continue to be mixed, with some areas experiencing above-average precipitation and others experiencing below-average precipitation.",search,2004-04-12,2004-04-18,1,31
20040420,Total,47.96,52.04,32.0,21.72,9.1,0.7,2004-04-20,2004-04-26,1,2004-04-20,2004-04-20,2004-04-26,"The continental United States, excluding Alaska, has various regions with different ecological and climatic conditions.",NA;NA,search,2004-04-19,2004-04-25,1,31
20040427,Total,49.85,50.15,32.45,21.66,8.82,0.7,2004-04-27,2004-05-03,1,2004-04-27,2004-04-27,2004-05-03,The Malheur Subbasin in the contiguous United States has a mean annual precipitation.,NA;NA,search,2004-04-26,2004-05-02,1,31
20040504,Total,51.13,48.87,33.16,22.32,10.05,0.9,2004-05-04,2004-05-10,1,2004-05-04,2004-05-04,2004-05-10,"The United States has experienced droughts and climate-induced ecohydrological state shifts in wetland ecosystems, particularly in the Great Plains.",NA;NA,search,2004-05-03,2004-05-09,1,31
20040511,Total,50.73,49.27,32.68,22.53,10.32,0.91,2004-05-11,2004-05-17,1,2004-05-11,2004-05-11,2004-05-17,"The contiguous U.S. has historical temperature, precipitation, and Palmer drought data from 1895 to present for climate divisions, states, and regions.","Long-term predictions are uncertain, but it is possible that the contiguous U.S. will experience more frequent and severe precipitation events due to global climate projections.;Based on the historical data and current climate reports, it is likely that the next 1-4 weeks will continue to experience above-average temperatures and varied precipitation patterns across the contiguous U.S.",search,2004-05-10,2004-05-16,1,31
20040518,Total,51.76,48.24,31.18,21.26,10.15,0.93,2004-05-18,2004-05-24,1,2004-05-18,2004-05-18,2004-05-24,"The term ""CONUS"" stands for Contiguous or Continental United States, and it is used in the context of weather and climate discussions.",NA;NA,search,2004-05-17,2004-05-23,1,31
20040525,Total,48.83,51.17,33.36,21.63,10.8,0.67,2004-05-25,2004-05-31,1,2004-05-25,2004-05-25,2004-05-31,"Monthly Contiguous U.S. Precipitation situation: May 2004 was warmer than normal and dry across the Southeast, southern and central Plains, and parts of the West, resulting in a slight increase in the national percentage drought area.","Long-term predictions indicate that the western U.S. may continue to experience dry conditions, as the recent droughts are part of a larger pattern of moderate drought extremes in the 20th and 21st centuries, with periods of high occurrence of extreme drought years in past centuries.;Short-term predictions suggest that the drought conditions may continue to persist in the affected areas, especially in the West, where reservoirs are still low or depleted, and streamflow levels are below seasonal norms.",report,2004-05-01,2004-05-31,0,31
20040601,Total,50.99,49.01,32.87,21.51,10.7,0.67,2004-06-01,2004-06-07,1,2004-06-01,2004-06-01,2004-06-07,"The continental United States has experienced climate variability, which affects rainfall and river flows.",NA;NA,search,2004-05-31,2004-06-06,1,31
20040608,Total,53.84,46.16,32.21,21.58,10.58,0.49,2004-06-08,2004-06-14,1,2004-06-08,2004-06-08,2004-06-14,"The geological history of the Western United States has involved continental rocks erupting in a volcanic manner, and in the ancient history of the Mono Basin, rainfall was common.",NA;NA,search,2004-06-07,2004-06-13,1,31
20040615,Total,56.65,43.35,31.4,21.27,10.49,1.07,2004-06-15,2004-06-21,1,2004-06-15,2004-06-15,2004-06-21,"The contiguous United States has been studied for its precipitation patterns, including the development of methods for estimating global precipitation and creating atlases of depth-duration frequency of precipitation annual maxima.",NA;NA,search,2004-06-14,2004-06-20,1,31
20040622,Total,59.0,41.0,30.14,20.3,9.34,1.02,2004-06-22,2004-06-28,1,2004-06-22,2004-06-22,2004-06-28,"The National Centers for Environmental Information (NCEI) provides historical temperature, precipitation, and Palmer drought data from 1895 to present for climate divisions, states, and regions in the contiguous U.S.","With access to historical precipitation data, it may be possible to identify seasonal patterns or trends that can inform predictions about Monthly Contiguous U.S. Precipitation in the long-term future. Note: The search results did not provide much relevant information about Monthly Contiguous U.S. Precipitation, so most parts are marked as ""NA"" (not available). The few relevant facts and insights are summarized above.;NA",search,2004-06-21,2004-06-27,1,31
20040629,Total,57.91,42.09,28.2,19.67,9.23,1.02,2004-06-29,2004-07-05,1,2004-06-29,2004-06-29,2004-07-05,"The contiguous United States experienced wildfires in July 2004, with fire activity decreasing towards the end of the month due to precipitation.",NA;NA,search,2004-06-28,2004-07-04,1,31
20040706,Total,57.32,42.68,28.19,19.59,8.83,1.0,2004-07-06,2004-07-12,1,2004-07-06,2004-07-06,2004-07-12,"The continental United States has varying temperatures, precipitation, and other climatic elements due to its strong continental climate.",NA;NA,search,2004-07-05,2004-07-11,1,31
20040713,Total,56.64,43.36,27.96,20.21,8.87,1.0,2004-07-13,2004-07-19,1,2004-07-13,2004-07-13,2004-07-19,The contiguous United States of America has a network of cloud-to-ground lightning strokes that can be used to study precipitation patterns.,NA;NA,search,2004-07-12,2004-07-18,1,31
20040720,Total,54.74,45.26,28.73,20.19,8.87,1.19,2004-07-20,2004-07-26,1,2004-07-20,2004-07-20,2004-07-26,The Continental Divide affects the climate of Yellowstone and Grand Teton National Parks.,NA;NA,search,2004-07-19,2004-07-25,1,31
20040727,Total,53.71,46.29,28.06,19.79,8.96,1.15,2004-07-27,2004-08-02,1,2004-07-27,2004-07-27,2004-08-02,The North Cascades receive massive amounts of precipitation.,NA;NA,search,2004-07-26,2004-08-01,1,31
20040803,Total,52.57,47.43,28.38,20.09,9.14,1.15,2004-08-03,2004-08-09,1,2004-08-03,2004-08-03,2004-08-09,"Average annual precipitation at lower elevations near Newport is mentioned, but no specific data is provided.",NA;NA,search,2004-08-02,2004-08-08,1,31
20040810,Total,53.99,46.01,29.05,19.9,9.48,1.05,2004-08-10,2004-08-16,1,2004-08-10,2004-08-10,2004-08-16,"The contiguous U.S. experienced above-average precipitation in August 2004, with seven states having much above-average precipitation.",NA;NA,search,2004-08-09,2004-08-15,1,31
20040817,Total,56.49,43.51,30.78,19.75,10.02,1.05,2004-08-17,2004-08-23,1,2004-08-17,2004-08-17,2004-08-23,"The contiguous United States experiences varying levels of precipitation, with annual precipitation ranging from less than 20 inches in Kansas to higher amounts in other regions.",NA;NA,search,2004-08-16,2004-08-22,1,31
20040824,Total,58.14,41.86,30.1,19.26,9.72,1.03,2004-08-24,2004-08-30,1,2004-08-24,2004-08-24,2004-08-30,"Historical temperature, precipitation, and Palmer drought data from 1895 to present for climate divisions, states, and regions in the contiguous U.S. are available.",NA;NA,search,2004-08-23,2004-08-29,1,31
20040831,Total,59.13,40.87,29.74,19.0,9.64,1.01,2004-08-31,2004-09-06,1,2004-08-31,2004-08-31,2004-09-06,The contiguous U.S. is expected to experience changes in precipitation and climate by the end of this century under high emissions scenarios.,"Predictions suggest that the contiguous U.S. may experience changes in precipitation patterns by the end of this century, potentially leading to more extreme weather events. Note: The search results did not provide specific information on short-term predictions for monthly contiguous U.S. precipitation. The results were more focused on long-term climate changes and general information about precipitation patterns.;NA",search,2004-08-30,2004-09-05,1,31
20040907,Total,60.4,39.6,27.23,18.76,8.94,0.99,2004-09-07,2004-09-13,1,2004-09-07,2004-09-07,2004-09-13,The Continental Divide plays a significant role in the precipitation patterns of the contiguous United States.,NA;NA,search,2004-09-06,2004-09-12,1,31
20040914,Total,59.33,40.67,25.86,18.53,8.58,0.81,2004-09-14,2004-09-20,1,2004-09-14,2004-09-14,2004-09-20,"The Stage IV radar–gauge merged precipitation product is available over the continental United States at hourly, roughly 4-km resolution.",NA;NA,search,2004-09-13,2004-09-19,1,31
20040921,Total,58.68,41.32,25.58,18.37,8.11,0.78,2004-09-21,2004-09-27,1,2004-09-21,2004-09-21,2004-09-27,The Continental United States (CONUS) is a term used to refer to the 48 contiguous states of the United States.,"The increasing precipitation, evaporation, and freshwater discharge in continental river basins draining to the ocean may have implications for long-term precipitation patterns in the contiguous United States.;NA",search,2004-09-20,2004-09-26,1,31
20040928,Total,60.74,39.26,25.49,18.23,8.1,0.78,2004-09-28,2004-10-04,1,2004-09-28,2004-09-28,2004-10-04,The continental United States receives anywhere from 3.5 to 4 cubic miles — 12 trillion gallons — of precipitation each day.,NA;NA,search,2004-09-27,2004-10-03,1,31
20041005,Total,56.61,43.39,27.01,18.03,7.86,0.78,2004-10-05,2004-10-11,1,2004-10-05,2004-10-05,2004-10-11,The Mississippi Basin occupies the center section of the contiguous 48 states of the United States.,NA;NA,search,2004-10-04,2004-10-10,1,31
20041012,Total,59.84,40.16,26.47,17.77,8.06,0.83,2004-10-12,2004-10-18,1,2004-10-12,2004-10-12,2004-10-18,"The contiguous U.S. has experienced varying precipitation patterns, with only 11 states having normal precipitation in October 2004 .","Increased rainfall volume from future convective storms in the US is predicted, particularly in the southern Great Plains of the continental United States .;NA",search,2004-10-11,2004-10-17,1,31
20041019,Total,61.81,38.19,25.76,17.28,8.03,0.81,2004-10-19,2004-10-25,1,2004-10-19,2004-10-19,2004-10-25,The contiguous United States has a continental climate with peak precipitation during certain times of the year,NA;NA,search,2004-10-18,2004-10-24,1,31
20041026,Total,61.81,38.19,24.88,16.08,6.96,0.78,2004-10-26,2004-11-01,1,2004-10-26,2004-10-26,2004-11-01,The National Weather Service's National Region provides data on snow cover in the contiguous United States.,NA;NA,search,2004-10-25,2004-10-31,1,31
20041102,Total,63.39,36.61,23.89,15.99,6.97,0.78,2004-11-02,2004-11-08,1,2004-11-02,2004-11-02,2004-11-08,"The contiguous U.S. experienced varying precipitation patterns in November 2004, with only 11 states having above-average precipitation.","Based on observed trends, it is possible that the contiguous U.S. may continue to experience an increase in precipitation in the long term, potentially leading to more extreme weather events.;NA",search,2004-11-01,2004-11-07,1,31
20041109,Total,63.54,36.46,23.86,15.12,6.73,0.78,2004-11-09,2004-11-15,1,2004-11-09,2004-11-09,2004-11-15,The contiguous United States experienced record warmth and generally dry weather in July 1964.,NA;NA,search,2004-11-08,2004-11-14,1,31
20041116,Total,62.97,37.03,23.88,14.84,6.69,0.78,2004-11-16,2004-11-22,1,2004-11-16,2004-11-16,2004-11-22,"The continental United States receives around 12 trillion gallons of precipitation each day, which translates to 3.5 to 4 cubic miles.",NA;NA,search,2004-11-15,2004-11-21,1,31
20041123,Total,63.56,36.44,23.76,14.78,6.59,0.78,2004-11-23,2004-11-29,1,2004-11-23,2004-11-23,2004-11-29,"The continental United States receives around 12 trillion gallons of precipitation each day, which translates to 3.5 to 4 cubic miles.",NA;NA,search,2004-11-15,2004-11-21,8,31
20041130,Total,65.9,34.1,22.55,13.97,5.43,0.78,2004-11-30,2004-12-06,1,2004-11-30,2004-11-30,2004-12-06,The Palmer Drought Severity Index (PDSI) is a dataset that can be used to analyze drought and flood patterns in the contiguous United States.,"There is a secular trend of increasing precipitation amount, frequency, and intensity in the contiguous United States. Note: The provided search results do not contain much information directly related to predicting Monthly Contiguous U.S. Precipitation. Most of the results are related to drought indices, extreme weather events, or climate patterns in other regions. The only relevant information found is the mention of secular trends in precipitation patterns in the contiguous United States.;NA",search,2004-11-29,2004-12-05,1,31
20041207,Total,66.42,33.58,22.57,13.78,5.43,0.78,2004-12-07,2004-12-13,1,2004-12-07,2004-12-07,2004-12-13,One study found that winter season climate variability affects the snow-precipitation ratio in the western United States on a continental scale.,NA;NA,search,2004-12-06,2004-12-12,1,31
20041214,Total,67.13,32.87,22.46,13.44,5.23,0.75,2004-12-14,2004-12-20,1,2004-12-14,2004-12-14,2004-12-20,"The contiguous U.S. experienced below-average precipitation in December 2004, with only 11 states receiving average or above-average precipitation.",NA;NA,search,2004-12-13,2004-12-19,1,31
20041221,Total,65.79,34.21,22.66,13.85,5.34,0.77,2004-12-21,2004-12-27,1,2004-12-21,2004-12-21,2004-12-27,"The Emergency Watershed Protection Program is a program by the U.S. Department of Agriculture, Natural Resources to address exigencies in the United States.",NA;NA,search,2004-12-20,2004-12-26,1,31
20041228,Total,67.59,32.41,22.64,13.8,5.45,0.77,2004-12-28,2005-01-03,1,2004-12-28,2004-12-28,2005-01-03,The temperature regime in the United States in April 1963 was a continuation of the previous month's pattern.,NA;NA,search,2004-12-27,2005-01-02,1,31
20050104,Total,69.09,30.91,21.42,12.86,4.94,0.64,2005-01-04,2005-01-10,1,2005-01-04,2005-01-04,2005-01-10,The United States is expected to experience significant warming trends over continental areas in the 21st century.,NA;NA,search,2005-01-03,2005-01-09,1,31
20050111,Total,66.66,33.34,20.35,11.39,4.06,0.63,2005-01-11,2005-01-17,1,2005-01-11,2005-01-11,2005-01-17,The Palmer Drought Index uses numerical values derived from weather and climate data to classify moisture conditions throughout the contiguous United States.,"Based on the projected increases in winter precipitation in Utah, it is possible that the western U.S. may experience above-average precipitation in the long term (next few months).;Given the current dry spell, it is likely that precipitation will remain below average in the short term (next 1-4 weeks) in the affected regions.",search,2005-01-10,2005-01-16,1,31
20050118,Total,67.41,32.59,20.27,11.19,4.01,0.6,2005-01-18,2005-01-24,1,2005-01-18,2005-01-18,2005-01-24,The Quinault region in the northwest corner of Washington state reliably holds the wetness record in the contiguous United States.,La Niña may influence precipitation patterns in the contiguous United States in the coming months. Note: The provided search results do not yield much information directly related to predicting Monthly Contiguous U.S. Precipitation. The facts and insights mentioned above are based on limited relevant information.;NA,search,2005-01-17,2005-01-23,1,31
20050125,Total,67.27,32.73,20.59,11.29,4.18,0.6,2005-01-25,2005-01-31,1,2005-01-25,2005-01-25,2005-01-31,"January was dry across the Pacific Northwest, northern Rockies, northern High Plains, and Southeast, as well as parts of New England.","In the long-term, the persistence of long-term moisture deficits across the West and northern High Plains may lead to continued drought conditions in these regions, unless significant precipitation events occur.;In the short-term, it is likely that the dry conditions in the Pacific Northwest, northern Rockies, and Southeast will continue, while the southwestern U.S. may experience continued wetness.",report,2005-01-01,2005-01-31,0,31
20050201,Total,67.34,32.66,23.77,11.89,4.07,0.6,2005-02-01,2005-02-07,1,2005-02-01,2005-02-01,2005-02-07,"The contiguous United States has regions with high precipitation, such as the Olympic National Forest and the Great Basin, which has some of the highest precipitation rates in the 48 states.",NA;NA,search,2005-01-31,2005-02-06,1,31
20050208,Total,67.62,32.38,23.34,11.78,4.7,0.87,2005-02-08,2005-02-14,1,2005-02-08,2005-02-08,2005-02-14,"Annual precipitation in the contiguous United States varies by region, with some areas receiving over 250 inches of snow per year.",NA;NA,search,2005-02-07,2005-02-13,1,31
20050215,Total,67.23,32.77,22.76,11.86,4.82,0.87,2005-02-15,2005-02-21,1,2005-02-15,2005-02-15,2005-02-21,"February 2005 was a month with varied precipitation patterns in the contiguous United States, with 37 states experiencing below-average precipitation and 13 states experiencing above-average precipitation.",NA;NA,search,2005-02-14,2005-02-20,1,31
20050222,Total,66.84,33.16,22.7,12.87,4.88,0.87,2005-02-22,2005-02-28,1,2005-02-22,2005-02-22,2005-02-28,"February 2005 was the fourth consecutive dry month across the Pacific Northwest, with record dryness occurring in places. The month was also dry across the northern and central Rockies and High Plains, and parts of the Southeast and Mid-Atlantic.","The long-term precipitation patterns suggest that the West and northern High Plains may continue to experience moisture deficits, while the southwestern U.S. may remain wetter than normal.;There is a high likelihood of continued dryness in the Pacific Northwest and other regions that have experienced prolonged drought conditions, at least in the short term.",report,2005-02-01,2005-02-28,0,31
20050301,Total,67.92,32.08,22.31,13.59,4.6,1.1,2005-03-01,2005-03-07,1,2005-03-01,2005-03-01,2005-03-07,The National Oceanic and Atmospheric Administration (NOAA) is a US agency involved in environmental protection and management.,NA;NA,search,2005-02-28,2005-03-06,1,31
20050308,Total,66.49,33.51,22.36,14.03,4.64,1.11,2005-03-08,2005-03-14,1,2005-03-08,2005-03-08,2005-03-14,The standardized precipitation index for the United States for the 12-month period through August 2002 shows a drought in North Carolina during that time.,NA;NA,search,2005-03-07,2005-03-13,1,31
20050315,Total,66.28,33.72,22.42,14.68,5.59,1.31,2005-03-15,2005-03-21,1,2005-03-15,2005-03-15,2005-03-21,"The contiguous U.S. had a mixed precipitation pattern in March 2005, with 16 states having above-average precipitation and 13 states having below-average precipitation.",NA;NA,search,2005-03-14,2005-03-20,1,31
20050322,Total,66.63,33.37,22.42,14.68,5.59,1.31,2005-03-22,2005-03-28,1,2005-03-22,2005-03-22,2005-03-28,"The contiguous United States experiences varying weather patterns, including drought and precipitation.",NA;NA,search,2005-03-21,2005-03-27,1,31
20050329,Total,68.7,31.3,21.66,13.81,4.87,1.26,2005-03-29,2005-04-04,1,2005-03-29,2005-03-29,2005-04-04,"The western United States experienced a pluvial in the 20th century, confirmed through analysis of annual precipitation at 136 climate stations from the National Weather Service cooperative.",NA;NA,search,2005-03-28,2005-04-03,1,31
20050405,Total,69.38,30.62,21.03,13.66,4.75,1.21,2005-04-05,2005-04-11,1,2005-04-05,2005-04-05,2005-04-11,The continental interior of the United States receives less precipitation than coastal areas at the same latitude.,NA;NA,search,2005-04-04,2005-04-10,1,31
20050412,Total,72.58,27.42,19.59,12.9,4.6,1.24,2005-04-12,2005-04-18,1,2005-04-12,2005-04-12,2005-04-18,April 2005 was a month with no state in the contiguous U.S. averaging below normal precipitation.,"NA (not enough information to make long-term predictions) Note: The provided search results do not contain sufficient information to make predictions about Monthly Contiguous U.S. Precipitation, so the short-term and long-term prediction sections are marked as ""NA"".;NA (not enough information to make short-term predictions)",search,2005-04-11,2005-04-17,1,31
20050419,Total,70.13,29.87,18.53,11.69,4.82,1.28,2005-04-19,2005-04-25,1,2005-04-19,2005-04-19,2005-04-25,The continental United States experienced severe drought conditions in April 2005.,NA;NA,search,2005-04-18,2005-04-24,1,31
20050426,Total,70.18,29.82,18.5,11.11,3.97,0.71,2005-04-26,2005-05-02,1,2005-04-26,2005-04-26,2005-05-02,Nationwide (contiguous U.S.) annual precipitation has increased by 0.1% over the climate record.,"NA Note: The provided search results do not contain sufficient information to make predictions about Monthly Contiguous U.S. Precipitation, so most parts are marked as ""NA"". The only relevant objective fact is the increase in nationwide annual precipitation, and the insight is a possible connection to a changing climate.;NA",search,2005-04-25,2005-05-01,1,31
20050503,Total,62.91,37.09,18.2,11.02,3.87,0.56,2005-05-03,2005-05-09,1,2005-05-03,2005-05-03,2005-05-09,The National Weather Service provides daily weather maps over the contiguous United States.,NA;NA,search,2005-05-02,2005-05-08,1,31
20050510,Total,60.28,39.72,18.81,11.07,2.75,0.0,2005-05-10,2005-05-16,1,2005-05-10,2005-05-10,2005-05-16,"In May 2005, 12 states in the contiguous U.S. had much above normal precipitation, while 15 states had much below normal precipitation.",NA (no information available to make long-term predictions) Note: The provided search results do not contain sufficient information to make predictions about Monthly Contiguous U.S. Precipitation. Most of the results are unrelated to precipitation or focus on specific regions or topics.;NA (no information available to make short-term predictions),search,2005-05-09,2005-05-15,1,31
20050517,Total,66.31,33.69,17.83,8.71,1.58,0.0,2005-05-17,2005-05-23,1,2005-05-17,2005-05-17,2005-05-23,The monthly self-calibrating Palmer drought severity index (SCPDSI) has been calculated for the period 1901–2002 for the contiguous United States.,NA;NA,search,2005-05-16,2005-05-22,1,31
20050524,Total,62.64,37.36,18.7,8.92,1.58,0.0,2005-05-24,2005-05-30,1,2005-05-24,2005-05-24,2005-05-30,"The continental United States contains 104 regions, whereas the conterminous United States has 84 regions.",NA;NA,search,2005-05-23,2005-05-29,1,31
20050531,Total,62.2,37.8,19.92,8.82,1.58,0.0,2005-05-31,2005-06-06,1,2005-05-31,2005-05-31,2005-06-06,The highest parts of the Green Mountains receive over 70 inches of precipitation in an average year.,NA (No information available to make long-term predictions);NA (No information available to make short-term predictions),search,2005-05-30,2005-06-05,1,31
20050607,Total,62.43,37.57,22.58,7.39,0.9,0.0,2005-06-07,2005-06-13,1,2005-06-07,2005-06-07,2005-06-13,"The continental United States experiences a range of precipitation levels, with some areas receiving 10 to 20 inches annually.",NA;NA,search,2005-06-06,2005-06-12,1,31
20050614,Total,66.23,33.77,20.23,6.41,0.42,0.0,2005-06-14,2005-06-20,1,2005-06-14,2005-06-14,2005-06-20,"Historical temperature, precipitation, and Palmer drought data from 1895 to present for climate divisions, states, and regions in the contiguous U.S. are available.",NA;NA,search,2005-06-13,2005-06-19,1,31
20050621,Total,66.02,33.98,19.18,6.35,0.0,0.0,2005-06-21,2005-06-27,1,2005-06-21,2005-06-21,2005-06-27,"The United States has a varied climate, with different regions experiencing different precipitation patterns.",NA;NA,search,2005-06-20,2005-06-26,1,31
20050628,Total,58.93,41.07,21.06,8.13,0.59,0.0,2005-06-28,2005-07-04,1,2005-06-28,2005-06-28,2005-07-04,"The ""Monthly Station Normals of Temperature, Precipitation, and Heating and Cooling Degree-Days"" (Climatography of the United States No.81) provides data on monthly precipitation in the contiguous United States.",NA;NA,search,2005-06-27,2005-07-03,1,31
20050705,Total,60.02,39.98,22.5,9.55,1.37,0.0,2005-07-05,2005-07-11,1,2005-07-05,2005-07-05,2005-07-11,"The contiguous United States has a semi-arid continental type of climate, with precipitation varying by region and season.",NA;NA,search,2005-07-04,2005-07-10,1,31
20050712,Total,62.07,37.93,22.1,8.76,1.15,0.0,2005-07-12,2005-07-18,1,2005-07-12,2005-07-12,2005-07-18,"The contiguous United States has varying climate conditions, with the West occupying an enormous area, almost half of the Continental United States.",NA;NA,search,2005-07-11,2005-07-17,1,31
20050719,Total,59.73,40.27,23.69,9.91,1.26,0.0,2005-07-19,2005-07-25,1,2005-07-19,2005-07-19,2005-07-25,"The relationship between precipitation and surface temperature varies by region, with cold winters being mostly wet in the plains states and warm-moist advection relationship in the eastern U.S.",NA;NA,search,2005-07-18,2005-07-24,1,31
20050726,Total,56.87,43.13,24.08,10.06,1.62,0.0,2005-07-26,2005-08-01,1,2005-07-26,2005-07-26,2005-08-01,"The contiguous United States (CONUS) has a precipitation climate with grids, and traditional forecasting methods can be improved with digital forecast databases and multi-sensor rainfall maps.",NA;NA,search,2005-07-25,2005-07-31,1,31
20050802,Total,56.22,43.78,24.48,10.28,1.54,0.0,2005-08-02,2005-08-08,1,2005-08-02,2005-08-02,2005-08-08,The Continental United States is a region of interest for studying precipitation patterns.,"Research suggests that climate change may have an impact on precipitation patterns in the Continental United States, and studying these patterns can help predict future changes. Note: There is limited information directly related to Monthly Contiguous U.S. Precipitation in the provided search results. The information available is more general and related to climate change, precipitation patterns, and research initiatives in the Continental United States.;NA",search,2005-08-01,2005-08-07,1,31
20050809,Total,56.5,43.5,23.18,9.41,1.53,0.0,2005-08-09,2005-08-15,1,2005-08-09,2005-08-09,2005-08-15,"The contiguous United States has varying precipitation patterns, with some areas receiving heavy rainfall, such as Forks, Washington, which is the rainiest spot in the continental U.S. with 121 inches of rain per year.",NA;NA,search,2005-08-08,2005-08-14,1,31
20050816,Total,58.56,41.44,21.2,8.17,0.83,0.0,2005-08-16,2005-08-22,1,2005-08-16,2005-08-16,2005-08-22,The contiguous United States (CONUS) has a network of 513 radars for weather monitoring and maintenance.,NA;NA,search,2005-08-15,2005-08-21,1,31
20050823,Total,61.49,38.51,19.6,7.56,0.7,0.0,2005-08-23,2005-08-29,1,2005-08-23,2005-08-23,2005-08-29,"The continental United States experiences tropical air masses that form over the deserts of the southwestern United States, which can lead to clouds and precipitation.","In the long-term future (next few months), it is possible that changes in regional weather patterns, such as shifts in the position of the Sudd wetland or changes in dynamic forcing, could lead to changes in precipitation patterns in the continental United States.;Based on the importance of regional weather patterns, it is likely that precipitation in the short-term future (next 1-4 weeks) will be influenced by the position and strength of tropical air masses and dynamic forcing systems.",search,2005-08-22,2005-08-28,1,31
20050830,Total,62.39,37.61,18.32,7.11,0.7,0.0,2005-08-30,2005-09-05,1,2005-08-30,2005-08-30,2005-09-05,The continental United States has varying levels of rainfall in different areas.,"In the long-term, it is likely that precipitation patterns will continue to shift and change, potentially leading to more extreme weather events and variations in rainfall across the continental United States. Note: The provided information is limited, and most of the sources do not provide direct information about Monthly Contiguous U.S. Precipitation. Therefore, some parts may not have useful information.;In the short-term, precipitation patterns are likely to continue to vary across the continental United States, with some areas experiencing more rainfall than others.",search,2005-08-29,2005-09-04,1,31
20050906,Total,60.49,39.51,18.53,7.94,0.95,0.0,2005-09-06,2005-09-12,1,2005-09-06,2005-09-06,2005-09-12,"The United States Doppler Weather Radar Map shows areas of rain, snow, and ice, and provides information on precipitation types.","Long-term predictions of Monthly Contiguous U.S. Precipitation are uncertain, but it is possible that changes in ocean circulation and climate patterns could lead to shifts in precipitation patterns over the next few months.;Based on the available data, it is likely that precipitation patterns in the contiguous United States will continue to be influenced by the WHWP and other climate factors in the short term.",search,2005-09-05,2005-09-11,1,31
20050913,Total,57.49,42.51,20.46,8.24,1.16,0.0,2005-09-13,2005-09-19,1,2005-09-13,2005-09-13,2005-09-19,The contiguous United States experienced precipitation deficits in many states as of the end of September 2005.,NA;NA,search,2005-09-12,2005-09-18,1,31
20050920,Total,57.29,42.71,21.76,7.56,0.83,0.0,2005-09-20,2005-09-26,1,2005-09-20,2005-09-20,2005-09-26,"The June-August summer season was the tenth warmest on record for the contiguous U.S., while precipitation was above average.",NA;NA,search,2005-09-19,2005-09-25,1,31
20050927,Total,59.57,40.43,19.82,6.01,0.62,0.0,2005-09-27,2005-10-03,1,2005-09-27,2005-09-27,2005-10-03,The Keetch–Byram Drought Index (KBDI) had the largest potential for wildland fire activity in the contiguous U.S. across regions in September 2005.,NA;NA,search,2005-09-26,2005-10-02,1,31
20051004,Total,59.91,40.09,20.92,5.7,0.68,0.0,2005-10-04,2005-10-10,1,2005-10-04,2005-10-04,2005-10-10,The Keetch–Byram Drought Index (KBDI) had the largest potential for wildland fire activity in the contiguous U.S. across regions in September 2005.,NA;NA,search,2005-09-26,2005-10-02,8,31
20051011,Total,63.91,36.09,15.82,4.64,0.7,0.0,2005-10-11,2005-10-17,1,2005-10-11,2005-10-11,2005-10-17,"The contiguous U.S. had near-average precipitation in October 2005, with no state or climate division falling in the below-average category.","Climate models predict higher temperatures for the Northeast region of the contiguous U.S. in the long term, which may lead to changes in precipitation patterns.;NA",search,2005-10-10,2005-10-16,1,31
20051018,Total,64.31,35.69,15.5,4.27,0.67,0.0,2005-10-18,2005-10-24,1,2005-10-18,2005-10-18,2005-10-24,"The contiguous U.S. has experienced drought and flooding events in the past, such as the Northeast U.S. flooding of October 2005.",NA;NA,search,2005-10-17,2005-10-23,1,31
20051025,Total,61.07,38.93,16.89,4.43,0.84,0.0,2005-10-25,2005-10-31,1,2005-10-25,2005-10-25,2005-10-31,"October 2005 was much drier than normal across a broad swath of the country from the Great Lakes to the Deep South, with 12 percent of the contiguous U.S. very dry (in the bottom 10th percentile of the historical record).","The persistence of long-term moisture deficits in parts of the West and northern High Plains may indicate a higher likelihood of drought conditions in these regions over the next 4-12 months.;Based on the current dry conditions, it is likely that the next 1-3 months will continue to be drier than normal in the Great Lakes to the Deep South and parts of the West.",report,2005-10-01,2005-10-31,0,31
20051101,Total,55.0,45.0,18.35,4.58,0.84,0.0,2005-11-01,2005-11-07,1,2005-11-01,2005-11-01,2005-11-07,"The western contiguous U.S. has a significant human population, with Washington having the second largest human population of the western contiguous U.S.",NA;NA,search,2005-10-31,2005-11-06,1,31
20051108,Total,54.85,45.15,20.03,3.81,0.75,0.0,2005-11-08,2005-11-14,1,2005-11-08,2005-11-08,2005-11-14,"The United States experienced a series of droughts in the early 1930s, particularly in the Plains states, which led to parched earth and killed vegetation.","The long-term future may see changes in climate variability across the United States, which could impact monthly precipitation patterns, but more data is needed to make specific predictions.;Based on the historical data, it is possible that the Plains states may experience dry conditions in the short-term future, while other regions may experience varying levels of precipitation.",search,2005-11-07,2005-11-13,1,31
20051115,Total,54.95,45.05,19.49,4.91,0.8,0.0,2005-11-15,2005-11-21,1,2005-11-15,2005-11-15,2005-11-21,"The contiguous U.S. had a mixed precipitation pattern in the last 12 months, with 20 states experiencing above-average precipitation and 15 states experiencing below-average precipitation.",NA;NA,search,2005-11-14,2005-11-20,1,31
20051122,Total,56.83,43.17,18.73,5.59,0.8,0.0,2005-11-22,2005-11-28,1,2005-11-22,2005-11-22,2005-11-28,The contiguous 48 United States have specific precipitation patterns.,NA;NA,search,2005-11-21,2005-11-27,1,31
20051129,Total,58.88,41.12,17.78,5.58,0.88,0.0,2005-11-29,2005-12-05,1,2005-11-29,2005-11-29,2005-12-05,The Continental United States (CONUS) is a region of interest in studying precipitation patterns.,NA;NA,search,2005-11-28,2005-12-04,1,31
20051206,Total,60.63,39.37,18.46,5.07,1.16,0.0,2005-12-06,2005-12-12,1,2005-12-06,2005-12-06,2005-12-12,The contiguous United States has different rain climate regions.,NA;NA,search,2005-12-05,2005-12-11,1,31
20051213,Total,59.54,40.46,18.88,5.62,1.39,0.0,2005-12-13,2005-12-19,1,2005-12-13,2005-12-13,2005-12-19,"The contiguous U.S. experienced drought in December 2005, with only 5 states near average precipitation levels.",NA (not enough information to make long-term predictions);NA (not enough information to make short-term predictions),search,2005-12-12,2005-12-18,1,31
20051220,Total,59.88,40.12,19.05,6.18,2.34,0.45,2005-12-20,2005-12-26,1,2005-12-20,2005-12-20,2005-12-26,The contiguous United States is a region of interest for studying precipitation patterns.,NA;NA,search,2005-12-19,2005-12-25,1,31
20051227,Total,61.36,38.64,18.9,6.14,2.34,0.45,2005-12-27,2006-01-02,1,2005-12-27,2005-12-27,2006-01-02,The National Weather Service has a 1998 model that provides calibrated precipitation forecasts over the contiguous United States.,NA Note: The provided search results do not contain sufficient information to make predictions about Monthly Contiguous U.S. Precipitation. Most of the results are unrelated to precipitation or focus on specific regions or topics outside of the contiguous United States.;NA,search,2005-12-26,2006-01-01,1,31
20060103,Total,62.52,37.48,17.81,6.25,2.47,0.51,2006-01-03,2006-01-09,1,2006-01-03,2006-01-03,2006-01-09,The Evaporation Atlas for the Contiguous 48 United States provides detailed information on precipitation frequency.,NA;NA,search,2006-01-02,2006-01-08,1,31
20060110,Total,60.39,39.61,18.58,6.77,3.06,0.55,2006-01-10,2006-01-16,1,2006-01-10,2006-01-10,2006-01-16,The contiguous US had above-average precipitation in January 2006.,NA;NA,search,2006-01-09,2006-01-15,1,31
20060117,Total,58.34,41.66,21.32,7.14,3.13,0.64,2006-01-17,2006-01-23,1,2006-01-17,2006-01-17,2006-01-23,The Climate Prediction Center (CPC) predicts above-normal temperatures for the western Contiguous U.S. and the Southern Plains into the western Gulf Coast region.,"NA;Based on the CPC's prediction, it is possible that the western Contiguous U.S. and the Southern Plains into the western Gulf Coast region may experience below-normal precipitation in the next 1-4 weeks.",search,2006-01-16,2006-01-22,1,31
20060124,Total,60.22,39.78,21.1,9.03,3.82,0.73,2006-01-24,2006-01-30,1,2006-01-24,2006-01-24,2006-01-30,"The Contiguous 48 United States have 102 Climate Divisions, and numerical values for climatology can be regionally averaged for each division.",NA;NA,search,2006-01-23,2006-01-29,1,31
20060131,Total,60.37,39.63,22.76,9.42,3.63,0.45,2006-01-31,2006-02-06,1,2006-01-31,2006-01-31,2006-02-06,The Contiguous 48 United States (CONUS) is divided into 102 Climate Divisions for regional averaging of climate data.,NA;NA,search,2006-01-30,2006-02-05,1,31
20060207,Total,59.73,40.27,23.82,11.56,5.1,0.51,2006-02-07,2006-02-13,1,2006-02-07,2006-02-07,2006-02-13,The contiguous United States refers to the 48 states excluding Alaska and Hawaii.,NA;NA,search,2006-02-06,2006-02-12,1,31
20060214,Total,60.51,39.49,23.54,11.92,5.32,0.48,2006-02-14,2006-02-20,1,2006-02-14,2006-02-14,2006-02-20,The Standardized Precipitation Index is used to analyze precipitation patterns in the south-central United States.,NA;NA,search,2006-02-13,2006-02-19,1,31
20060221,Total,60.36,39.64,23.88,12.75,5.5,0.53,2006-02-21,2006-02-27,1,2006-02-21,2006-02-21,2006-02-27,The contiguous United States refers to the 48 states excluding Alaska and Hawaii.,NA;NA,search,2006-02-20,2006-02-26,1,31
20060228,Total,57.25,42.75,25.16,13.72,5.98,1.02,2006-02-28,2006-03-06,1,2006-02-28,2006-02-28,2006-03-06,The North American Regional Reanalysis (NARR) provides data on precipitation over the continental United States (CONUS).,NA;NA,search,2006-02-27,2006-03-05,1,31
20060307,Total,55.57,44.43,26.36,15.06,6.94,1.02,2006-03-07,2006-03-13,1,2006-03-07,2006-03-07,2006-03-13,"Monthly precipitation data is available for the contiguous United States, with average precipitation inches (mm) provided by U.S. Climate Normals 2020.","Climate change may impact the risk of natural disasters, including those related to precipitation, but the exact effects are uncertain and depend on various factors, including future emissions and climate models.;NA",search,2006-03-06,2006-03-12,1,31
20060314,Total,57.03,42.97,26.15,15.2,6.75,1.14,2006-03-14,2006-03-20,1,2006-03-14,2006-03-14,2006-03-20,"The 10-Day Precipitation Outlook for the Conterminous U.S. is available, providing a forecast of precipitation for the contiguous United States.",NA;NA,search,2006-03-13,2006-03-19,1,31
20060321,Total,51.39,48.61,25.01,13.81,4.21,0.94,2006-03-21,2006-03-27,1,2006-03-21,2006-03-21,2006-03-27,"The contiguous United States has varying levels of precipitation, with Nevada being the state with the least rainfall.",NA;NA,search,2006-03-20,2006-03-26,1,31
20060328,Total,51.43,48.57,26.23,13.98,3.53,0.94,2006-03-28,2006-04-03,1,2006-03-28,2006-03-28,2006-04-03,"The study ""Two to Ten-Day Precipitation for Return Periods of 2 to 100 Years in the Contiguous United States"" provides data on precipitation frequency and magnitude in the contiguous United States.","NA Note: The provided search results do not contain sufficient information to make predictions about Monthly Contiguous U.S. Precipitation. Most of the results are unrelated to precipitation or climate, and the relevant results do not provide specific data or insights that can be used to make predictions.;NA",search,2006-03-27,2006-04-02,1,31
20060404,Total,50.22,49.78,26.07,12.56,3.41,0.94,2006-04-04,2006-04-10,1,2006-04-04,2006-04-04,2006-04-10,The contiguous United States refers to the 48 states excluding Alaska and Hawaii.,NA;NA,search,2006-04-03,2006-04-09,1,31
20060411,Total,53.14,46.86,26.4,13.82,3.31,0.94,2006-04-11,2006-04-17,1,2006-04-11,2006-04-11,2006-04-17,The contiguous U.S. experienced near-average precipitation in April 2006.,NA;NA,search,2006-04-10,2006-04-16,1,31
20060418,Total,51.58,48.42,27.39,15.62,4.64,1.06,2006-04-18,2006-04-24,1,2006-04-18,2006-04-18,2006-04-24,"The USGS and the city of Boulder are studying the comprehensive water quality of the Boulder Creek Watershed, which includes precipitation falling in the area.",NA;NA,search,2006-04-17,2006-04-23,1,31
20060425,Total,52.57,47.43,27.06,15.5,5.67,1.03,2006-04-25,2006-05-01,1,2006-04-25,2006-04-25,2006-05-01,The Continental United States refers to the 48 contiguous states.,NA;NA,search,2006-04-24,2006-04-30,1,31
20060502,Total,52.66,47.34,25.08,12.93,4.64,1.52,2006-05-02,2006-05-08,1,2006-05-02,2006-05-02,2006-05-08,The contiguous United States refers to the 48 states excluding Alaska and Hawaii.,NA;NA,search,2006-05-01,2006-05-07,1,31
20060509,Total,51.68,48.32,21.79,10.37,5.81,1.42,2006-05-09,2006-05-15,1,2006-05-09,2006-05-09,2006-05-15,"Historical temperature, precipitation, and Palmer drought data are available from 1895 to present for climate divisions, states, and regions in the contiguous U.S.","NA;It is likely that the contiguous U.S. will continue to experience below-average precipitation in the short term, given the historical pattern of dry spells during the month of May.",search,2006-05-08,2006-05-14,1,31
20060516,Total,56.43,43.57,20.94,10.84,5.71,1.13,2006-05-16,2006-05-22,1,2006-05-16,2006-05-16,2006-05-22,The continental United States has a network of Doppler radar systems.,NA;NA,search,2006-05-15,2006-05-21,1,31
20060523,Total,58.54,41.46,22.71,11.63,5.95,1.13,2006-05-23,2006-05-29,1,2006-05-23,2006-05-23,2006-05-29,The continental United States experienced an increase in temperature and precipitation in the latter half of the 20th century.,NA;NA,search,2006-05-22,2006-05-28,1,31
20060530,Total,55.21,44.79,24.55,12.44,5.75,1.08,2006-05-30,2006-06-05,1,2006-05-30,2006-05-30,2006-06-05,"The Community Climate System Model Version 3 (CCSM3) simulates precipitation for continental regions, including the Southeast United States, with an error range of (mm day-1).",NA;NA,search,2006-05-29,2006-06-04,1,31
20060606,Total,55.84,44.16,26.13,15.13,6.91,0.99,2006-06-06,2006-06-12,1,2006-06-06,2006-06-06,2006-06-12,"The contiguous United States experienced below-normal precipitation in June 2006, ranking as the 25th driest June on record.",NA;NA,search,2006-06-05,2006-06-11,1,31
20060613,Total,51.54,48.46,29.38,16.43,8.18,0.98,2006-06-13,2006-06-19,1,2006-06-13,2006-06-13,2006-06-19,"Historical temperature, precipitation, and Palmer drought data from 1895 to present for climate divisions, states, and regions in the contiguous U.S. are available.","The interdecadal modulation of precipitation and temperature anomalies in the continental USA can be influenced by El Niño years during the high phase of the NPO, which may impact Monthly Contiguous U.S. Precipitation.;NA",search,2006-06-12,2006-06-18,1,31
20060620,Total,51.75,48.25,28.34,16.51,7.99,0.98,2006-06-20,2006-06-26,1,2006-06-20,2006-06-20,2006-06-26,"The rainfall in Fayetteville and contiguous territory is the most uniform in the United States, with a distribution that varies from only 12.24 in the winter to",NA;NA,search,2006-06-19,2006-06-25,1,31
20060627,Total,52.73,47.27,29.36,16.06,7.51,1.05,2006-06-27,2006-07-03,1,2006-06-27,2006-06-27,2006-07-03,"The contiguous United States experienced a high number of wildland fires in 2006, with large fire activity focused in the Plains and the Southwest.","Long-term precipitation patterns in the contiguous United States may be influenced by natural variability, such as the choice of precipitation dataset and the sensitivity of models to these choices.;It is possible that the next 1-4 weeks may see continued dry conditions in the Plains and Southwest, leading to an increased risk of wildland fires.",search,2006-06-26,2006-07-02,1,31
20060704,Total,52.67,47.33,31.78,16.51,7.07,0.79,2006-07-04,2006-07-10,1,2006-07-04,2006-07-04,2006-07-10,"The average January-June temperature for the contiguous United States was 51.8°F (11.0°C) in 2006, which is 3.4°F above average.",NA;NA,search,2006-07-03,2006-07-09,1,31
20060711,Total,48.7,51.3,33.88,14.57,4.46,0.52,2006-07-11,2006-07-17,1,2006-07-11,2006-07-11,2006-07-17,"The contiguous United States experiences various climate conditions, including extreme heat, rainfall, and precipitation.",NA;NA,search,2006-07-10,2006-07-16,1,31
20060718,Total,46.87,53.13,40.5,21.64,6.14,0.84,2006-07-18,2006-07-24,1,2006-07-18,2006-07-18,2006-07-24,"The contiguous United States experienced the second warmest July in the 1895-2006 record, with temperatures much above normal.","In the long-term, the ongoing drought conditions may lead to more severe water scarcity issues, especially in regions with limited water resources. Additionally, the warm and dry weather pattern may continue to influence precipitation patterns in the contiguous United States.;For the next 1-4 weeks, it is likely that the drought conditions will persist in the southwest United States, with below-normal precipitation expected.",search,2006-07-17,2006-07-23,1,31
20060725,Total,45.95,54.05,41.74,24.33,9.46,1.04,2006-07-25,2006-07-31,1,2006-07-25,2006-07-25,2006-07-31,"By the end of July, drought covered the Plains from the Rockies eastward to the Midwest and the South from Arizona to the Atlantic Ocean, with low soil moisture, streamflow, and vegetative health.","Based on the analysis of tree-ring records, it is possible that the current drought may persist for several more years, similar to the Dust Bowl years, but this is uncertain and requires further monitoring.;Given the current drought situation and the lack of significant precipitation in July, it is likely that the drought will persist in the short-term, with continued below-normal precipitation in the affected areas.",report,2006-07-01,2006-07-31,0,31
20060801,Total,46.58,53.42,40.46,23.97,9.48,1.05,2006-08-01,2006-08-07,1,2006-08-01,2006-08-01,2006-08-07,The annual rainfall in the Rolling Plains region of Texas averages 22 to 30 inches.,NA;NA,search,2006-07-31,2006-08-06,1,31
20060808,Total,45.06,54.94,41.24,25.84,10.1,1.59,2006-08-08,2006-08-14,1,2006-08-08,2006-08-08,2006-08-14,The Great Plains have a continental climate with low precipitation and humidity.,NA;NA,search,2006-08-07,2006-08-13,1,31
20060815,Total,44.75,55.25,41.07,24.95,9.47,1.68,2006-08-15,2006-08-21,1,2006-08-15,2006-08-15,2006-08-21,"The contiguous United States experienced much-above-normal temperatures in August 2006, capping a summer that tied or broke many Dust Bowl era temperature records.","In the long-term future (next few months), the contiguous United States may experience a continuation of extreme weather events, potentially leading to more frequent and intense droughts or precipitation events. Note: The available information is limited, and most of the sources do not provide direct information about Monthly Contiguous U.S. Precipitation. The insights and predictions are based on indirect information and the analyst's interpretation.;Based on the current situation, it is likely that the contiguous United States will experience unusual precipitation patterns in the short-term future (next 1-4 weeks), potentially leading to droughts or intense thunderstorms.",search,2006-08-14,2006-08-20,1,31
20060822,Total,45.99,54.01,40.09,24.36,9.22,1.67,2006-08-22,2006-08-28,1,2006-08-22,2006-08-22,2006-08-28,The National Weather Service installed the Next Generation Weather Radar system (NEXRAD) in 1994 to improve operational measurements of precipitation around the country.,NA;NA,search,2006-08-21,2006-08-27,1,31
20060829,Total,47.0,53.0,36.72,20.55,8.32,1.45,2006-08-29,2006-09-04,1,2006-08-29,2006-08-29,2006-09-04,"The National Centers for Environmental Information (NCEI) provides historical temperature, precipitation, and Palmer drought data from 1895 to present for climate divisions, states, and regions in the contiguous U.S.",NA;NA,search,2006-08-28,2006-09-03,1,31
20060905,Total,48.96,51.04,34.49,19.42,7.99,0.87,2006-09-05,2006-09-11,1,2006-09-05,2006-09-05,2006-09-11,The contiguous United States experiences a continental climate with seasonal weather changes.,"NA Note: The provided search results do not contain specific information about monthly contiguous U.S. precipitation, which makes it difficult to make predictions. The information provided is general and related to the climate and geography of the United States. If more specific data is available, it would be possible to make more accurate predictions.;NA",search,2006-09-04,2006-09-10,1,31
20060912,Total,51.69,48.31,33.55,18.46,8.6,1.21,2006-09-12,2006-09-18,1,2006-09-12,2006-09-12,2006-09-18,"The contiguous United States has a continental climate with coastal influences, and precipitation patterns vary across different regions.",NA;NA,search,2006-09-11,2006-09-17,1,31
20060919,Total,52.49,47.51,30.74,13.78,6.28,0.25,2006-09-19,2006-09-25,1,2006-09-19,2006-09-19,2006-09-25,The average annual precipitation in the continental United States is shown in Figure 1-5.,Decadal variations in the strength of ENSO teleconnections with precipitation in the western United States could be used to make long-term predictions about precipitation patterns.;NA,search,2006-09-18,2006-09-24,1,31
20060926,Total,54.01,45.99,27.53,13.62,5.52,0.12,2006-09-26,2006-10-02,1,2006-09-26,2006-09-26,2006-10-02,"The NARR assimilates precipitation over the continental US, and the regions are obtained as the federal states for North America.",NA;NA,search,2006-09-25,2006-10-01,1,31
20061003,Total,53.54,46.46,28.82,13.81,5.69,0.12,2006-10-03,2006-10-09,1,2006-10-03,2006-10-03,2006-10-09,"The search results do not provide direct information about Monthly Contiguous U.S. Precipitation. However, some results mention precipitation or climate-related data for specific regions or countries, such as the Northeastern United States, Argentina, and North Korea.",NA;NA,search,2006-10-02,2006-10-08,1,31
20061010,Total,54.18,45.82,29.34,14.04,5.58,0.2,2006-10-10,2006-10-16,1,2006-10-10,2006-10-10,2006-10-16,The October 2006 National Climate Report states that October precipitation across Maine was the 2nd wettest on record and 3rd wettest in Louisiana.,NA;NA,search,2006-10-09,2006-10-15,1,31
20061017,Total,55.45,44.55,27.63,13.66,5.29,0.24,2006-10-17,2006-10-23,1,2006-10-17,2006-10-17,2006-10-23,"Massachusetts has a humid continental climate, which means it experiences significant precipitation throughout the year.",NA;NA,search,2006-10-16,2006-10-22,1,31
20061024,Total,57.99,42.01,26.38,13.86,5.11,0.0,2006-10-24,2006-10-30,1,2006-10-24,2006-10-24,2006-10-30,"The contiguous United States receives varying amounts of precipitation, with some areas receiving more than others, especially in winter.","In the long-term, the effects of global warming may lead to changes in precipitation patterns in the contiguous U.S., with potential increases in precipitation from hurricanes. Note: The provided information is limited, and most of the search results are not directly related to Monthly Contiguous U.S. Precipitation. Therefore, the analysis and predictions are based on general knowledge and limited information.;In the short-term, it's possible that precipitation in the contiguous U.S. will continue to be influenced by seasonal patterns, with increased precipitation expected in winter months.",search,2006-10-23,2006-10-29,1,31
20061031,Total,59.8,40.2,25.05,12.98,5.05,0.0,2006-10-31,2006-11-06,1,2006-10-31,2006-10-31,2006-11-06,"Historical temperature, precipitation, and Palmer drought data from 1895 to present for climate divisions, states, and regions in the contiguous U.S. are available.",NA;NA,search,2006-10-30,2006-11-05,1,31
20061107,Total,63.4,36.6,22.8,11.6,4.76,0.0,2006-11-07,2006-11-13,1,2006-11-07,2006-11-07,2006-11-13,The continental United States experiences a continental climate with varying precipitation patterns.,"In the long-term future, it is likely that the continental United States will continue to experience varying precipitation patterns, with seasonal distribution of precipitation influenced by factors such as temperature and geography. Note: The provided search results do not provide specific data or trends on Monthly Contiguous U.S. Precipitation, but rather general information on climate and precipitation patterns in the continental United States.;In the short-term future, precipitation patterns may continue to be influenced by the continental divide, with areas east of the divide experiencing reduced precipitation.",search,2006-11-06,2006-11-12,1,31
20061114,Total,62.3,37.7,23.01,11.6,4.87,0.0,2006-11-14,2006-11-20,1,2006-11-14,2006-11-14,2006-11-20,"The Northeast region of the contiguous United States experienced its 4th warmest temperatures, and none of the contiguous states had below-average temperatures during the September-November period.",NA Note: There is limited information available in the provided search results that is directly relevant to predicting Monthly Contiguous U.S. Precipitation. Most of the results appear to be unrelated to precipitation or are too general to provide useful insights.;NA,search,2006-11-13,2006-11-19,1,31
20061121,Total,63.63,36.37,21.8,11.28,5.34,0.14,2006-11-21,2006-11-27,1,2006-11-21,2006-11-21,2006-11-27,The Mississippi Department of Marine Resources uses precipitation estimates from the U.S. Geological Survey to inform their decisions.,NA;NA,search,2006-11-20,2006-11-26,1,31
20061128,Total,64.25,35.75,21.84,11.67,6.2,0.22,2006-11-28,2006-12-04,1,2006-11-28,2006-11-28,2006-12-04,The United States National Hurricane Center tracks hurricanes and their impact on the continental U.S.,NA;NA,search,2006-11-27,2006-12-03,1,31
20061205,Total,61.31,38.69,21.0,10.97,5.13,0.15,2006-12-05,2006-12-11,1,2006-12-05,2006-12-05,2006-12-11,The contiguous United States has spatial patterns of soil organic carbon that are influenced by precipitation.,NA;NA,search,2006-12-04,2006-12-10,1,31
20061212,Total,59.98,40.02,21.43,11.29,5.2,0.51,2006-12-12,2006-12-18,1,2006-12-12,2006-12-12,2006-12-18,"The contiguous United States experienced variable precipitation in 2006, with half of the region in moderate to exceptional drought by late July.",NA;NA,search,2006-12-11,2006-12-17,1,31
20061219,Total,50.32,49.68,22.15,11.45,5.18,0.51,2006-12-19,2006-12-25,1,2006-12-19,2006-12-19,2006-12-25,"The MRG basin has an arid to semiarid climate typical of the southwestern United States, with precipitation varying greatly.",NA;NA,search,2006-12-18,2006-12-24,1,31
20061226,Total,51.48,48.52,21.33,10.89,4.89,0.4,2006-12-26,2007-01-01,1,2006-12-26,2006-12-26,2007-01-01,"The Great Plains receives less than 24 inches of rainfall a year, and most of it receives less than 16 inches.",NA;NA,search,2006-12-25,2006-12-31,1,31
20070102,Total,53.56,46.44,21.41,10.54,4.95,0.28,2007-01-02,2007-01-08,1,2007-01-02,2007-01-02,2007-01-08,"The United States has various ecological units, including Level III and IV ecoregions.","NA Note: The search results do not provide any direct or relevant information about Monthly Contiguous U.S. Precipitation, making it impossible to provide insights, analysis, short-term predictions, or long-term predictions.;NA",search,2007-01-01,2007-01-07,1,31
20070109,Total,55.04,44.96,21.6,11.25,5.24,0.28,2007-01-09,2007-01-15,1,2007-01-09,2007-01-09,2007-01-15,"The contiguous United States experienced a warm and dry January 2007, with a temperature 2.9°F above the 20th century average.",NA;NA,search,2007-01-08,2007-01-14,1,31
20070116,Total,57.58,42.42,20.86,10.91,5.02,0.26,2007-01-16,2007-01-22,1,2007-01-16,2007-01-16,2007-01-22,"The contiguous United States experiences varying precipitation patterns, with maxima found over continental regions.",NA;NA,search,2007-01-15,2007-01-21,1,31
20070123,Total,60.63,39.37,20.87,11.16,4.43,0.18,2007-01-23,2007-01-29,1,2007-01-23,2007-01-23,2007-01-29,The Continental Divide is a significant geographical feature that affects precipitation patterns in the United States.,NA;NA,search,2007-01-22,2007-01-28,1,31
20070130,Total,59.29,40.71,21.39,11.47,4.45,0.18,2007-01-30,2007-02-05,1,2007-01-30,2007-01-30,2007-02-05,"The contiguous United States receives an average of 12.9 inches (327 mm) of precipitation annually, with 66% of it coming as rain in the summer.","NOAA's Office of Oceanic and Atmospheric Research is working with the National Weather Service to extend temperature and precipitation forecasts nationwide, which could lead to improved predictions of monthly contiguous U.S. precipitation.;NA",search,2007-01-29,2007-02-04,1,31
20070206,Total,56.98,43.02,21.08,11.8,4.45,0.18,2007-02-06,2007-02-12,1,2007-02-06,2007-02-06,2007-02-12,"The Sonoran Desert has a virtually frost-free climate, and summer rainfall comes from tropical sources.","In the long-term future (next few months), it is possible that larger-scale climate patterns, such as El Niño or La Niña events, may influence monthly precipitation patterns in the contiguous United States.;In the short-term future (next 1-4 weeks), it is likely that regional precipitation patterns will continue to dominate, with areas like the Sonoran Desert experiencing summer rainfall and areas like Nashville, TN experiencing thunderstorms.",search,2007-02-05,2007-02-11,1,31
20070213,Total,56.7,43.3,21.85,12.24,4.69,0.19,2007-02-13,2007-02-19,1,2007-02-13,2007-02-13,2007-02-19,"February 2007 was the 16th driest nationally in the 1895-2007 record, with an average of 1.56 inches (40 mm) of precipitation over the contiguous U.S.","Projected changes in precipitation patterns by the 2090s suggest that the contiguous U.S. may experience more frequent heavy precipitation events, which could lead to increased flooding and other climate-related impacts.;Based on historical data, it is likely that the next 1-4 weeks will also experience below-average precipitation in the contiguous U.S.",search,2007-02-12,2007-02-18,1,31
20070220,Total,54.99,45.01,22.63,12.13,4.51,0.15,2007-02-20,2007-02-26,1,2007-02-20,2007-02-20,2007-02-26,"The continental United States has a high station density for weather observations, which can provide valuable data for precipitation analysis.","In the long term (next few months), it is possible that precipitation patterns in the contiguous United States will be influenced by larger climate patterns, such as El Niño or La Niña events. Note: The provided search results did not yield a significant amount of information directly related to Monthly Contiguous U.S. Precipitation, so the analysis and predictions are limited.;Based on historical data and current trends, it is likely that precipitation patterns in the contiguous United States will continue to vary by region in the short term (next 1-4 weeks).",search,2007-02-19,2007-02-25,1,31
20070227,Total,57.65,42.35,21.09,11.16,3.86,0.15,2007-02-27,2007-03-05,1,2007-02-27,2007-02-27,2007-03-05,The contiguous United States has various climate zones defined using cluster analysis.,"Climate change may continue to impact precipitation patterns in the contiguous United States, leading to changes in salmon and trout habitat in the coming months.;NA",search,2007-02-26,2007-03-04,1,31
20070306,Total,58.49,41.51,19.69,10.12,3.23,0.15,2007-03-06,2007-03-12,1,2007-03-06,2007-03-06,2007-03-12,Variations in temperature and precipitation conditions in the contiguous U.S. have led to the development of alpine glaciation in the past.,"In the long term, the contiguous U.S. may continue to experience varying precipitation patterns, potentially influenced by climate change and other factors. Note: The other search results were not relevant to predicting Monthly Contiguous U.S. Precipitation.;Based on historical patterns, it is possible that the contiguous U.S. may experience increased precipitation in the short term, particularly in areas with orographic rainfall.",search,2007-03-05,2007-03-11,1,31
20070313,Total,51.73,48.27,22.11,10.97,4.57,0.15,2007-03-13,2007-03-19,1,2007-03-13,2007-03-13,2007-03-19,"The average precipitation in March 2007 over the contiguous U.S. was 2.17 inches (55 mm), making it the 35th driest nationally in the 1895-2007 record.","NA;Based on the dry conditions in March 2007, it is possible that the next 1-4 weeks may also experience below-average precipitation, particularly in areas that are prone to drought.",search,2007-03-12,2007-03-18,1,31
20070320,Total,50.78,49.22,22.53,11.14,4.5,0.15,2007-03-20,2007-03-26,1,2007-03-20,2007-03-20,2007-03-26,The contiguous United States shows trends derived from in situ soil moisture and drought data.,NA;NA,search,2007-03-19,2007-03-25,1,31
20070327,Total,47.19,52.81,27.57,11.71,3.91,0.0,2007-03-27,2007-04-02,1,2007-03-27,2007-03-27,2007-04-02,"Historical temperature, precipitation, and Palmer drought data from 1895 to present for climate divisions, states, and regions in the contiguous U.S. are available.",NA;NA,search,2007-03-26,2007-04-01,1,31
20070403,Total,52.11,47.89,25.59,8.74,2.54,0.0,2007-04-03,2007-04-09,1,2007-04-03,2007-04-03,2007-04-09,"April 2007 was the 30th driest nationally in the 1895-2007 record, with an average of 2.09 inches (53 mm) of precipitation over the contiguous U.S.","The long-term precipitation pattern in the Western United States may continue to be influenced by climate change, leading to more frequent droughts and altered precipitation patterns. Note: The provided search results are mostly related to specific events or reports from April 2007, and do not provide a comprehensive understanding of the Monthly Contiguous U.S. Precipitation situation. Therefore, the insights and predictions are limited and based on general knowledge of climate patterns.;Based on the current trend, it is likely that the next 1-4 weeks will continue to experience below-average precipitation in the contiguous U.S.",search,2007-04-02,2007-04-08,1,31
20070410,Total,51.67,48.33,26.59,9.39,2.51,0.0,2007-04-10,2007-04-16,1,2007-04-10,2007-04-10,2007-04-16,"Historical temperature, precipitation, and Palmer drought data from 1895 to present for climate divisions, states, and regions in the contiguous U.S. are available.",NA;NA,search,2007-04-09,2007-04-15,1,31
20070417,Total,53.97,46.03,26.25,11.1,2.88,0.0,2007-04-17,2007-04-23,1,2007-04-17,2007-04-17,2007-04-23,"The American West experienced severe multidecadal droughts from 900 A.D. to 1400 A.D. with only brief respite, amounting to a more arid climate during that period.","NA Note: The provided search results do not contain sufficient information to make predictions about Monthly Contiguous U.S. Precipitation. Most of the results are unrelated to the topic, and the one relevant result only provides historical context without any information about current or future precipitation patterns.;NA",search,2007-04-16,2007-04-22,1,31
20070424,Total,53.63,46.37,26.49,11.59,3.38,0.0,2007-04-24,2007-04-30,1,2007-04-24,2007-04-24,2007-04-30,"At the end of April, drought and abnormal dryness covered a broad area from the Southwest to the upper Midwest, and another area in the Southeast. Soil moisture was low in the Southwest, Southeast, and upper Midwest.","In the long-term, if precipitation patterns do not shift, drought conditions may persist or even expand to other regions, leading to further water shortages and ecosystem stress.;In the short-term, precipitation is likely to be below average in the Southwest, Southeast, and upper Midwest, potentially worsening drought conditions.",report,2007-04-01,2007-04-30,0,31
20070501,Total,53.61,46.39,27.16,12.43,3.95,0.0,2007-05-01,2007-05-07,1,2007-05-01,2007-05-01,2007-05-07,"Annual precipitation in Florida from 1950-2013 shows a trend, with projected increases in dry days and changes in precipitation patterns.",NA;NA,search,2007-04-30,2007-05-06,1,31
20070508,Total,54.45,45.55,26.41,12.17,4.28,0.0,2007-05-08,2007-05-14,1,2007-05-08,2007-05-08,2007-05-14,"The contiguous United States receives an average annual precipitation of 30-40 inches, with a significant portion of it recharging groundwater.",NA;NA,search,2007-05-07,2007-05-13,1,31
20070515,Total,52.6,47.4,27.44,13.38,4.59,0.0,2007-05-15,2007-05-21,1,2007-05-15,2007-05-15,2007-05-21,"The average precipitation for the contiguous U.S. for spring 2007 was notable, with extreme drought conditions across the United States.","In the long term, it is possible that the continental U.S. will continue to experience varying precipitation patterns, with some areas receiving above-average rainfall and others experiencing drought conditions.;Based on the information, it is likely that the next 1-4 weeks will continue to see a mix of drought and heavy rainfall events across the contiguous U.S., with temperatures remaining warmer than average.",search,2007-05-14,2007-05-20,1,31
20070522,Total,52.34,47.66,28.31,14.52,5.56,0.0,2007-05-22,2007-05-28,1,2007-05-22,2007-05-22,2007-05-28,"The contiguous 48 states of the USA have a varying range of annual rainfall, with Mobile, Alabama, receiving more than 5 feet of rainfall annually, making it the rainiest city in the contiguous 48 states.",NA;NA,search,2007-05-21,2007-05-27,1,31
20070529,Total,51.1,48.9,28.34,14.76,5.76,0.0,2007-05-29,2007-06-04,1,2007-05-29,2007-05-29,2007-06-04,"Historical temperature, precipitation, and Palmer drought data from 1895 to present for climate divisions, states, and regions in the contiguous U.S. are available.","Long-term predictions are difficult to make, but incorporating water table dynamics in climate modeling could help improve precipitation predictions across the conterminous United States.;Based on historical data, it is likely that precipitation patterns in the contiguous U.S. will continue to vary, with some regions experiencing drought while others receive steady rain.",search,2007-05-28,2007-06-03,1,31
20070605,Total,50.41,49.59,28.29,14.16,5.41,0.31,2007-06-05,2007-06-11,1,2007-06-05,2007-06-05,2007-06-11,The Continental U.S. has regional precipitation quantile values computed from L-Moments,NA;NA,search,2007-06-04,2007-06-10,1,31
20070612,Total,52.01,47.99,28.11,15.3,5.4,0.74,2007-06-12,2007-06-18,1,2007-06-12,2007-06-12,2007-06-18,"For the contiguous United States, the first half of June 2007 was wetter than normal, with widespread precipitation in the Deep South.","In the long-term future, the continental United States is likely to experience more frequent and intense precipitation events due to climate change, leading to increased flooding and drought risks.;In the short-term future, it is likely that the contiguous United States will continue to experience varying precipitation patterns, with some regions receiving above-average precipitation and others receiving below-average precipitation.",search,2007-06-11,2007-06-17,1,31
20070619,Total,50.37,49.63,28.58,15.94,6.3,1.0,2007-06-19,2007-06-25,1,2007-06-19,2007-06-19,2007-06-25,More than 55 percent of the contiguous United States had below average precipitation in 2007.,"NA;Based on the 2007 data, it's possible that the next 1-4 weeks may experience below-average precipitation in a significant portion of the contiguous U.S.",search,2007-06-18,2007-06-24,1,31
20070626,Total,49.42,50.58,28.8,15.96,6.15,0.77,2007-06-26,2007-07-02,1,2007-06-26,2007-06-26,2007-07-02,"The contiguous U.S. experienced heavy rainfall on June 17-18, 2007, leading to flooding and 5 fatalities in northern Texas.","The long-term future (next few months) may see continued climate-driven changes in precipitation patterns, leading to more frequent and intense flooding events in the contiguous U.S.;Based on the historical data, it is likely that the contiguous U.S. will experience more heavy rainfall events in the short-term future (next 1-4 weeks).",search,2007-06-25,2007-07-01,1,31
20070703,Total,49.21,50.79,28.96,15.49,5.92,0.64,2007-07-03,2007-07-09,1,2007-07-03,2007-07-03,2007-07-09,"Historical temperature, precipitation, and Palmer drought data from 1895 to present for climate divisions, states, and regions in the contiguous U.S. are available.","In the next few months, it is possible that the contiguous U.S. will experience a continuation of the current weather patterns, with potential for more extreme events. Note: The information provided is limited, and most of the search results are not directly related to predicting Monthly Contiguous U.S. Precipitation. Therefore, the insights and predictions are based on general knowledge and may not be highly accurate.;It is likely that the next 1-4 weeks will continue to experience extreme weather events, potentially leading to droughts or floods in certain regions of the contiguous U.S.",search,2007-07-02,2007-07-08,1,31
20070710,Total,46.39,53.61,32.88,16.23,5.29,0.43,2007-07-10,2007-07-16,1,2007-07-10,2007-07-10,2007-07-16,"The contiguous United States experienced its 15th warmest July since records began in 1895, with a monthly mean temperature 1.4°F (0.8°C) above the 20th century average.",NA;NA,search,2007-07-09,2007-07-15,1,31
20070717,Total,45.56,54.44,35.47,16.51,5.28,0.43,2007-07-17,2007-07-23,1,2007-07-17,2007-07-17,2007-07-23,"The contiguous United States has a varied climate, with influences from the North American monsoon system on summer precipitation.",NA;NA,search,2007-07-16,2007-07-22,1,31
20070724,Total,42.98,57.02,36.65,20.85,5.28,0.33,2007-07-24,2007-07-30,1,2007-07-24,2007-07-24,2007-07-30,Objective facts about the Monthly Contiguous U.S. Precipitation situation: A conterminous United States multilayer soil characteristics dataset is available for regional climate and hydrology modeling.,Predictions you can make for the long-term future (next few months): NA;Predictions you can make for the short-term future (next 1-4 weeks): NA,search,2007-07-23,2007-07-29,1,31
20070731,Total,41.65,58.35,38.63,24.03,5.66,0.55,2007-07-31,2007-08-06,1,2007-07-31,2007-07-31,2007-08-06,"The contiguous United States experienced heavy rainfall in June and July 2007, leading to flash floods that destroyed hundreds of homes.",NA;NA,search,2007-07-30,2007-08-05,1,31
20070807,Total,39.89,60.11,39.31,25.09,6.97,1.28,2007-08-07,2007-08-13,1,2007-08-07,2007-08-07,2007-08-13,"The contiguous United States experiences scarce rainfall most of the year, especially in regions like the Eastern Sierra.",NA;NA,search,2007-08-06,2007-08-12,1,31
20070814,Total,40.69,59.31,40.33,27.47,8.37,1.95,2007-08-14,2007-08-20,1,2007-08-14,2007-08-14,2007-08-20,"July 2007 was the 15th warmest July on record for the U.S., and July precipitation was near average for the contiguous U.S.",NA;NA,search,2007-08-13,2007-08-19,1,31
20070821,Total,41.16,58.84,40.81,27.83,10.45,2.39,2007-08-21,2007-08-27,1,2007-08-21,2007-08-21,2007-08-27,"The average precipitation in the contiguous United States was above normal in August 2007, with heavy precipitation in the South.",NA;NA,search,2007-08-20,2007-08-26,1,31
20070828,Total,43.48,56.52,38.29,27.69,10.7,2.32,2007-08-28,2007-09-03,1,2007-08-28,2007-08-28,2007-09-03,"The National Centers for Environmental Information (NCEI) provides historical temperature, precipitation, and Palmer drought data from 1895 to present for climate divisions, states, and regions in the contiguous U.S.",NA;NA,search,2007-08-27,2007-09-02,1,31
20070904,Total,43.83,56.17,38.07,27.01,10.16,2.0,2007-09-04,2007-09-10,1,2007-09-04,2007-09-04,2007-09-10,"The contiguous United States experiences longer days during June, July, and August, and shorter days in September.",NA;NA,search,2007-09-03,2007-09-09,1,31
20070911,Total,46.16,53.84,37.22,26.83,10.29,2.36,2007-09-11,2007-09-17,1,2007-09-11,2007-09-11,2007-09-17,"Historical temperature, precipitation, and Palmer drought data from 1895 to present for climate divisions, states, and regions in the contiguous U.S. are available.",NA;NA,search,2007-09-10,2007-09-16,1,31
20070918,Total,47.96,52.04,36.68,26.8,10.22,1.93,2007-09-18,2007-09-24,1,2007-09-18,2007-09-18,2007-09-24,The continental United States has a similar precipitation pattern to modern times during the Pleistocene era .,NA;NA,search,2007-09-17,2007-09-23,1,31
20070925,Total,47.87,52.13,36.8,25.09,9.86,1.9,2007-09-25,2007-10-01,1,2007-09-25,2007-09-25,2007-10-01,"The United States experienced heavy rain in Oklahoma City on September 10, 2007, breaking the previous daily rainfall record.",NA;NA,search,2007-09-24,2007-09-30,1,31
20071002,Total,47.38,52.62,36.64,24.76,10.02,2.8,2007-10-02,2007-10-08,1,2007-10-02,2007-10-02,2007-10-08,The average temperature for October 2007 in the contiguous United States was 56.9°F (13.8°C).,"NA Note: The provided search results do not contain specific information about Monthly Contiguous U.S. Precipitation that can be used to make predictions. The results appear to be unrelated to precipitation or climate data, with some articles discussing topics such as wolverine habitats, water-balance models, and coffee regions. Therefore, no useful information can be extracted for predicting Monthly Contiguous U.S. Precipitation.;NA",search,2007-10-01,2007-10-07,1,31
20071009,Total,47.53,52.47,36.63,25.06,10.36,2.95,2007-10-09,2007-10-15,1,2007-10-09,2007-10-09,2007-10-15,"The Atlantic Warm Pool (AWP) affects precipitation over the central United States, particularly along the U.S. Gulf Coast, and influences the continental moisture budget.",NA;NA,search,2007-10-08,2007-10-14,1,31
20071016,Total,48.02,51.98,36.76,25.25,10.97,3.61,2007-10-16,2007-10-22,1,2007-10-16,2007-10-16,2007-10-22,"The contiguous United States is affected by five air masses: continental polar, continental arctic, continental tropical, maritime polar, and maritime tropical.","Climate changes are anticipated to bring stronger and more frequent storms and extreme temperature events to the United States, which can impact monthly contiguous U.S. precipitation patterns. Note: The available information is limited, and most of the search results are not directly related to Monthly Contiguous U.S. Precipitation. Therefore, some parts are marked as ""NA"" (not available).;There is a chance of precipitation in the short-term future, with a specific forecast showing an 80% chance of precipitation and 1-2 inches of snow accumulation.",search,2007-10-15,2007-10-21,1,31
20071023,Total,51.17,48.83,32.53,22.04,8.85,3.32,2007-10-23,2007-10-29,1,2007-10-23,2007-10-23,2007-10-29,"Historical temperature, precipitation, and Palmer drought data from 1895 to present for climate divisions, states, and regions in the contiguous U.S. are available.",NA;NA,search,2007-10-22,2007-10-28,1,31
20071030,Total,55.08,44.92,29.37,19.13,6.59,1.84,2007-10-30,2007-11-05,1,2007-10-30,2007-10-30,2007-11-05,"A 100-year-old annual rainfall total record was broken on October 14, 2007, when 36 mm (1.4 inches) of rain fell at Will Rogers World Airport.","In the long-term, it is possible that the contiguous United States may experience more frequent and intense precipitation events due to climate change, but more data is needed to make a confident prediction.;In the short-term, it is likely that some regions of the contiguous United States will continue to experience above-average precipitation, while others may remain dry.",search,2007-10-29,2007-11-04,1,31
20071106,Total,52.4,47.6,29.78,19.22,6.69,2.06,2007-11-06,2007-11-12,1,2007-11-06,2007-11-06,2007-11-12,The average annual rainfall over the continental United States is measured on a regular basis by the U.S. Geological Survey.,NA;NA,search,2007-11-05,2007-11-11,1,31
20071113,Total,48.66,51.34,30.19,18.82,6.31,2.27,2007-11-13,2007-11-19,1,2007-11-13,2007-11-13,2007-11-19,The amount and duration of precipitation are important factors in determining wildland fire behavior in the western U.S.,NA;NA,search,2007-11-12,2007-11-18,1,31
20071120,Total,46.47,53.53,30.91,18.73,6.73,2.45,2007-11-20,2007-11-26,1,2007-11-20,2007-11-20,2007-11-26,"The contiguous United States has experienced rainfall deficits and severe-to-extreme drought conditions in the past, leading to wildfires and floods.","In the long-term, changes in precipitation patterns, particularly in the dry season, may lead to more frequent and severe droughts and wildfires in the contiguous United States. Note: There is limited information directly relevant to making predictions about Monthly Contiguous U.S. Precipitation in the provided search results. The above summary is based on the available information, but it may not be comprehensive or accurate for making predictions.;In the short-term, it is likely that areas with existing drought conditions will continue to experience wildfires and dry weather.",search,2007-11-19,2007-11-25,1,31
20071127,Total,49.97,50.03,31.29,18.99,6.72,2.41,2007-11-27,2007-12-03,1,2007-11-27,2007-11-27,2007-12-03,The contiguous United States experienced the 13th driest November in 2007.,"NA;Based on the dry conditions in November 2007, it is possible that the short-term future (next 1-4 weeks) may also experience below-average precipitation.",search,2007-11-26,2007-12-02,1,31
20071204,Total,48.08,51.92,30.38,17.28,5.14,2.71,2007-12-04,2007-12-10,1,2007-12-04,2007-12-04,2007-12-10,"The contiguous U.S. has historical temperature, precipitation, and Palmer drought data from 1895 to present for climate divisions, states, and regions.",NA;NA,search,2007-12-03,2007-12-09,1,31
20071211,Total,50.5,49.5,29.71,17.47,5.36,3.13,2007-12-11,2007-12-17,1,2007-12-11,2007-12-11,2007-12-17,"Precipitation in the United States during 2007 was variable throughout much of the country, with nearly 20% of the contiguous states experiencing above-average precipitation.","Based on the expected intensification of precipitation globally due to climate change, it is possible that the contiguous United States may experience more frequent and intense precipitation events in the long term.;NA",search,2007-12-10,2007-12-16,1,31
20071218,Total,52.23,47.77,28.97,17.43,5.36,3.13,2007-12-18,2007-12-24,1,2007-12-18,2007-12-18,2007-12-24,The contiguous United States receives approximately 40% of its drainage from the Mississippi-Atchafalaya River Basin (MARB).,NA;NA,search,2007-12-17,2007-12-23,1,31
20071225,Total,52.22,47.78,28.85,17.36,5.35,3.13,2007-12-25,2007-12-31,1,2007-12-25,2007-12-25,2007-12-31,"The contiguous U.S. as a whole experienced a decrease in drought areas, with all USDM drought categories (D1-D4) shrinking from 58.6% on December 4 to 54.6% by January 1.","The long-term future may see a continued pattern of drought in the West, while the Southeast may experience more variable precipitation patterns. Note: The predictions (;The short-term future may see continued improvement in drought conditions in the Southeast, but the West may still experience dry conditions.",report,2007-12-01,2007-12-31,0,31
20080101,Total,49.27,50.73,29.21,17.04,4.81,1.99,2008-01-01,2008-01-07,1,2008-01-01,2008-01-01,2008-01-07,The contiguous United States has a continental-type climate modified by precipitation patterns.,NA;NA,search,2007-12-31,2008-01-06,1,31
20080108,Total,47.79,52.21,29.59,15.25,3.94,2.09,2008-01-08,2008-01-14,1,2008-01-08,2008-01-08,2008-01-14,The average annual precipitation in Aztec Ruins National Monument is approximately 10 inches.,NA;NA,search,2008-01-07,2008-01-13,1,31
20080115,Total,46.72,53.28,29.82,16.03,3.71,1.82,2008-01-15,2008-01-21,1,2008-01-15,2008-01-15,2008-01-21,"The contiguous United States received significant precipitation in January 2008, with California receiving up to 254 mm (10 inches) of rain.","The changes in temperature and precipitation patterns in the contiguous United States may lead to more frequent or severe weather events in the long-term future (next few months).;Based on La Niña's influence, it is possible that the contiguous United States may experience reduced rainfall in the short-term future (next 1-4 weeks).",search,2008-01-14,2008-01-20,1,31
20080122,Total,48.3,51.7,28.81,14.94,3.47,1.82,2008-01-22,2008-01-28,1,2008-01-22,2008-01-22,2008-01-28,The average annual precipitation in the Skylands Landscape region is a notable fact.,NA;NA,search,2008-01-21,2008-01-27,1,31
20080129,Total,47.79,52.21,26.38,13.53,3.67,1.91,2008-01-29,2008-02-04,1,2008-01-29,2008-01-29,2008-02-04,"The contiguous United States had an average precipitation in January 2008. West Virginia was the wettest state, with 103% of the normal January precipitation.",NA;NA,search,2008-01-28,2008-02-03,1,31
20080205,Total,48.18,51.82,26.11,12.86,3.4,1.8,2008-02-05,2008-02-11,1,2008-02-05,2008-02-05,2008-02-11,"Precipitation for much of the contiguous United States over the past three months was above normal, making it the 18th wettest December-February in the 1895-2008 record.","The long-term implications of the current precipitation trend are uncertain, but it may be indicative of a larger climate shift, potentially leading to more frequent or intense precipitation events in the contiguous US over the next few months. Note: The other search results were not relevant to predicting Monthly Contiguous U.S. Precipitation and were therefore discarded.;Given the above-normal precipitation in the past three months, it is likely that the contiguous US will continue to experience above-average precipitation in the short term (next 1-4 weeks).",search,2008-02-04,2008-02-10,1,31
20080212,Total,45.87,54.13,25.05,12.62,3.41,1.8,2008-02-12,2008-02-18,1,2008-02-12,2008-02-12,2008-02-18,"Moderate to exceptional drought conditions continued in the southeastern region of the United States in February 2008, while much of the central and western U.S. experienced different conditions.","In the long term, climate change may lead to changes in monthly precipitation patterns across the contiguous United States, with some regions potentially experiencing more frequent droughts or extreme precipitation events.;In the short term, it is likely that the southeastern region will continue to experience below-average precipitation, while other regions may see more typical monthly precipitation patterns.",search,2008-02-11,2008-02-17,1,31
20080219,Total,48.47,51.53,24.83,12.79,3.36,1.72,2008-02-19,2008-02-25,1,2008-02-19,2008-02-19,2008-02-25,The National Climatic Data Center identified 2007 as the ninth warmest year of record (1896-2007) for the contiguous United States.,NA;NA,search,2008-02-18,2008-02-24,1,31
20080226,Total,51.42,48.58,24.39,12.58,2.8,0.91,2008-02-26,2008-03-03,1,2008-02-26,2008-02-26,2008-03-03,The contiguous United States (CONUS) has been studied for gauge-based analyses of global precipitation.,"In the long-term, changes in precipitation patterns may lead to more frequent and severe flooding events in the central U.S.;In the short-term, there may be an increased risk of flooding in the central U.S. due to heavy rainfall events.",search,2008-02-25,2008-03-02,1,31
20080304,Total,52.92,47.08,23.78,12.75,2.74,0.75,2008-03-04,2008-03-10,1,2008-03-04,2008-03-04,2008-03-10,"Historical temperature, precipitation, and Palmer drought data from 1895 to present for climate divisions, states, and regions in the contiguous U.S. are available.",NA;NA,search,2008-03-03,2008-03-09,1,31
20080311,Total,53.96,46.04,22.73,12.0,2.22,0.32,2008-03-11,2008-03-17,1,2008-03-11,2008-03-11,2008-03-17,The average precipitation for the contiguous United States can be found on the Precipitation Maps page and the U.S. Climate at a Glance Web site.,"Long-term predictions are challenging, but understanding the climatological temperature and precipitation patterns in the contiguous United States can provide valuable insights for predicting monthly precipitation in the future.;Based on the historical data, it is likely that the precipitation pattern in the western U.S. will continue to impact the overall precipitation in the contiguous United States in the short term.",search,2008-03-10,2008-03-16,1,31
20080318,Total,53.99,46.01,24.77,11.38,2.22,0.09,2008-03-18,2008-03-24,1,2008-03-18,2008-03-18,2008-03-24,"The contiguous United States is a region of interest in climate studies, including precipitation patterns.","Projections of mean annual rainfall from different models indicate decreases, which may have implications for monthly precipitation patterns in the contiguous United States. Note: Most of the search results were not directly relevant to predicting Monthly Contiguous U.S. Precipitation, hence the limited information summarized above.;NA",search,2008-03-17,2008-03-23,1,31
20080325,Total,54.17,45.83,23.62,10.51,2.1,0.0,2008-03-25,2008-03-31,1,2008-03-25,2008-03-25,2008-03-31,"March was the second dry month in a row for much of Puerto Rico, the Hawaiian Islands, and interior and south central Alaska. The West, Great Plains, and Great Lakes regions experienced unusually dry conditions.","In the long-term, the West and Great Plains may see some relief from drought conditions if the snowpack in the West continues to be above average, leading to beneficial spring runoff. However, the Southeast may still experience hydrological drought due to long-term deficits.;In the short-term, the West and Great Plains may continue to experience dry conditions, while the Southeast may see some improvement in precipitation.",report,2008-03-01,2008-03-31,0,31
20080401,Total,53.15,46.85,23.69,8.12,2.38,0.0,2008-04-01,2008-04-07,1,2008-04-01,2008-04-01,2008-04-07,The contiguous United States experiences different atmospheric circulation regimes that affect rainfall distribution.,NA;NA,search,2008-03-31,2008-04-06,1,31
20080408,Total,55.89,44.11,22.25,6.68,2.19,0.0,2008-04-08,2008-04-14,1,2008-04-08,2008-04-08,2008-04-14,The contiguous United States occupies the middle latitudes of North America.,"Based on the expected increase in precipitation with warming temperatures, it is possible that monthly contiguous U.S. precipitation may increase in the long-term future.;NA",search,2008-04-07,2008-04-13,1,31
20080415,Total,56.47,43.53,22.37,8.03,1.97,0.24,2008-04-15,2008-04-21,1,2008-04-15,2008-04-15,2008-04-21,"The contiguous U.S. experienced varying temperature conditions in April 2008, with the Northwest having below-average temperatures and the Northeast having above-average temperatures.","The long-term climate evolution of the Cenozoic era suggests that the southwestern United States may experience changes in precipitation patterns, but it is unclear how this will affect monthly contiguous U.S. precipitation in the near future.;Based on the improving drought conditions in the Southeast, it is likely that the region will continue to experience above-average rainfall in the short term.",search,2008-04-14,2008-04-20,1,31
20080422,Total,56.48,43.52,22.5,7.65,2.1,0.24,2008-04-22,2008-04-28,1,2008-04-22,2008-04-22,2008-04-28,The Atlantic multidecadal oscillation has a relation to rainfall and river flows in the continental U.S.,NA;NA,search,2008-04-21,2008-04-27,1,31
20080429,Total,54.41,45.59,22.8,8.77,2.08,0.24,2008-04-29,2008-05-05,1,2008-04-29,2008-04-29,2008-05-05,"Historical temperature, precipitation, and Palmer drought data from 1895 to present for climate divisions, states, and regions in the contiguous U.S. are available.",NA;NA,search,2008-04-28,2008-05-04,1,31
20080506,Total,54.89,45.11,21.4,7.3,1.83,0.0,2008-05-06,2008-05-12,1,2008-05-06,2008-05-06,2008-05-12,"The continental United States is expected to experience an overall increase in annual precipitation, with significant regional variability.",NA;NA,search,2008-05-05,2008-05-11,1,31
20080513,Total,55.92,44.08,20.52,7.2,1.74,0.0,2008-05-13,2008-05-19,1,2008-05-13,2008-05-13,2008-05-19,The contiguous United States has experienced increases in precipitation and streamflow due to climate change-related effects on U.S. water resources.,"In the long-term future (next few months), the trend of increased precipitation in the contiguous United States may continue, potentially leading to changes in seasonal precipitation patterns and water availability, which could have significant implications for agriculture, ecosystems, and human settlements.;In the short-term future (next 1-4 weeks), it is likely that the contiguous United States will continue to experience above-average precipitation, potentially leading to flooding and waterlogging in certain areas.",search,2008-05-12,2008-05-18,1,31
20080520,Total,57.25,42.75,21.05,7.22,1.3,0.0,2008-05-20,2008-05-26,1,2008-05-20,2008-05-20,2008-05-26,The average precipitation in May 2008 for the contiguous United States was near normal levels.,NA;NA,search,2008-05-19,2008-05-25,1,31
20080527,Total,62.92,37.08,18.01,6.78,1.37,0.0,2008-05-27,2008-06-02,1,2008-05-27,2008-05-27,2008-06-02,"Historical temperature, precipitation, and Palmer drought data from 1895 to present for climate divisions, states, and regions in the contiguous U.S. are available.","Precipitation predictions have a larger degree of uncertainty than predictions for temperature, but slight changes in temperature or precipitation regimes could substantially alter ecosystems. Note: The provided search results do not contain specific information about Monthly Contiguous U.S. Precipitation predictions or current situations. Most of the results are related to climate change, ecosystems, and general weather phenomena, but do not provide direct insights into precipitation predictions.;NA",search,2008-05-26,2008-06-01,1,31
20080603,Total,61.64,38.36,19.31,7.16,1.48,0.0,2008-06-03,2008-06-09,1,2008-06-03,2008-06-03,2008-06-09,The spring and early June of 2008 experienced well above normal precipitation in the contiguous United States.,"In the long-term future (next few months), it is possible that the contiguous United States will experience a continuation of the wetter-than-normal conditions, potentially leading to an increased risk of flooding and water-related hazards.;In the short-term future (next 1-4 weeks), it is likely that the contiguous United States will continue to experience above-normal precipitation, potentially leading to further flooding and heavy rainfall events.",search,2008-06-02,2008-06-08,1,31
20080610,Total,56.33,43.67,19.83,7.87,1.96,0.0,2008-06-10,2008-06-16,1,2008-06-10,2008-06-10,2008-06-16,"The contiguous United States experiences a humid, temperate, continental climate with variations in precipitation.","In the long-term future (next few months), the trend of increasing heavy precipitation events may continue, leading to more frequent and severe flooding events in the contiguous United States.;In the short-term future (next 1-4 weeks), there may be an increased likelihood of heavy precipitation events and flooding in the contiguous United States.",search,2008-06-09,2008-06-15,1,31
20080617,Total,59.8,40.2,25.29,10.11,3.57,0.26,2008-06-17,2008-06-23,1,2008-06-17,2008-06-17,2008-06-23,"The contiguous United States has experienced changes in precipitation patterns, with an increase in heavy precipitation events from 1895-2000.","In the long term, the continued influence of the AMO and other climate patterns may lead to further changes in precipitation trends in the contiguous United States, making it essential to continue monitoring and studying these trends.;Based on recent trends, it is possible that the next 1-4 weeks will experience above-average precipitation in certain regions of the contiguous United States.",search,2008-06-16,2008-06-22,1,31
20080624,Total,59.53,40.47,24.55,9.89,3.8,0.35,2008-06-24,2008-06-30,1,2008-06-24,2008-06-24,2008-06-30,Objective facts about the Monthly Contiguous U.S. Precipitation situation: June was generally drier than average across much of Puerto Rico and Hawaii and across southern Alaska. The persistent dryness has resulted in reduced streamflow in Hawaii and Puerto Rico and contributed to the 6-month deficits in Hawaii.,"Long-term predictions (next 4-12 months): The tree-ring record suggests that the current drought event in south central Texas is uncommon but not extraordinary, and that similar drought events have occurred several times per century since at least 1650. This implies that the drought may persist for several more months or even years.;Short-term predictions (next 1-3 months): Drought conditions are likely to persist in the Southeast and West regions, with continued dryness and heat expected. The dryness may lead to further depletion of soil moisture and exacerbate drought conditions.",report,2008-06-01,2008-06-30,0,31
20080701,Total,59.9,40.1,23.5,10.09,3.65,0.66,2008-07-01,2008-07-07,1,2008-07-01,2008-07-01,2008-07-07,The U.S. National Weather Service maintains a long-term precipitation monitoring program.,NA;NA,search,2008-06-30,2008-07-06,1,31
20080708,Total,59.57,40.43,23.08,9.94,3.47,0.74,2008-07-08,2008-07-14,1,2008-07-08,2008-07-08,2008-07-14,"The National Climate Assessment summarizes the impacts of climate change on the United States, now and in the future.",NA;NA,search,2008-07-07,2008-07-13,1,31
20080715,Total,59.58,40.42,22.75,9.06,2.9,0.7,2008-07-15,2008-07-21,1,2008-07-15,2008-07-15,2008-07-21,"The continental United States experiences warm-season precipitation, with changes in precipitation extremes already apparent in weather patterns.",NA;NA,search,2008-07-14,2008-07-20,1,31
20080722,Total,56.05,43.95,23.05,9.17,3.34,1.02,2008-07-22,2008-07-28,1,2008-07-22,2008-07-22,2008-07-28,"The Northeast region of the United States saw 5.2 inches (132 mm) of rain in July 2008, which was 127% of its normal July total.",NA;NA,search,2008-07-21,2008-07-27,1,31
20080729,Total,57.11,42.89,23.63,10.59,3.65,0.81,2008-07-29,2008-08-04,1,2008-07-29,2008-07-29,2008-08-04,"Historical temperature, precipitation, and Palmer drought data from 1895 to present for climate divisions, states, and regions in the contiguous U.S. are available.","Long-term predictions (next few months) can be made by analyzing historical data and identifying patterns and trends that may influence future precipitation. Note: The other search results were not relevant to predicting Monthly Contiguous U.S. Precipitation and were discarded.;With the availability of daily precipitation data, short-term predictions (next 1-4 weeks) can be made by analyzing recent trends and patterns.",search,2008-07-28,2008-08-03,1,31
20080805,Total,55.37,44.63,23.7,10.91,3.63,0.81,2008-08-05,2008-08-11,1,2008-08-05,2008-08-05,2008-08-11,"The NWS provides forecasts and warning services for the coastal waters along the mainland of the continental U.S., the Great Lakes and the Offshore and High Seas.","The increase in annual total rainfall in the three Southeast states since 1895 could indicate a long-term trend of increasing rainfall in this region. Note: The information available is limited and does not provide a comprehensive understanding of Monthly Contiguous U.S. Precipitation. More data and research would be necessary to make accurate predictions.;Based on the exceptional drought in the High Plains and Texas in 2008, it is possible that the next 1-4 weeks may see continued below-average rainfall in these regions.",search,2008-08-04,2008-08-10,1,31
20080812,Total,56.58,43.42,22.9,10.79,3.7,0.8,2008-08-12,2008-08-18,1,2008-08-12,2008-08-12,2008-08-18,"Historical temperature, precipitation, and Palmer drought data from 1895 to present for climate divisions, states, and regions in the contiguous U.S. are available.",NA;NA,search,2008-08-11,2008-08-17,1,31
20080819,Total,57.07,42.93,21.17,9.73,2.59,0.64,2008-08-19,2008-08-25,1,2008-08-19,2008-08-19,2008-08-25,"By the end of August 2008, 27% of the contiguous U.S. was experiencing moderate to extreme drought, while heavy precipitation occurred in the northwestern United States and Gulf Coast states.","Long-term predictions are difficult to make, but the current pattern may be indicative of a larger climate trend, potentially leading to more frequent and intense precipitation events in the contiguous U.S. over the next few months. Note: The provided search results are mostly unrelated to Monthly Contiguous U.S. Precipitation, and the relevant information is limited. The above summary is based on the few relevant results found.;Based on the current pattern, it is possible that the next 1-4 weeks may see continued drought conditions in some areas, while others may experience heavy precipitation events.",search,2008-08-18,2008-08-24,1,31
20080826,Total,55.41,44.59,19.47,7.72,1.61,0.12,2008-08-26,2008-09-01,1,2008-08-26,2008-08-26,2008-09-01,The CMIP3 models successfully capture the structure of temperature and precipitation over the continental U.S.,NA;NA,search,2008-08-25,2008-08-31,1,31
20080902,Total,56.33,43.67,20.1,6.88,1.32,0.12,2008-09-02,2008-09-08,1,2008-09-02,2008-09-02,2008-09-08,The Rainfall Frequency Atlas of the United States provides a general relation between frequency and duration of precipitation events in the contiguous U.S.,NA;NA,search,2008-09-01,2008-09-07,1,31
20080909,Total,59.59,40.41,19.07,6.63,1.21,0.12,2008-09-09,2008-09-15,1,2008-09-09,2008-09-09,2008-09-15,"The contiguous United States has experienced changes in precipitation amount, frequency, and intensity over the past century, with secular trends observed.","Based on the observed secular trends, it is likely that the contiguous United States will continue to experience changes in precipitation patterns, with potential impacts on water resources and ecosystems.;NA",search,2008-09-08,2008-09-14,1,31
20080916,Total,59.18,40.82,18.4,6.34,1.17,0.12,2008-09-16,2008-09-22,1,2008-09-16,2008-09-16,2008-09-22,The contiguous United States has experienced trends in heavy precipitation and high stream flow in the twentieth century.,NA;NA,search,2008-09-15,2008-09-21,1,31
20080923,Total,58.65,41.35,19.22,6.82,1.28,0.15,2008-09-23,2008-09-29,1,2008-09-23,2008-09-23,2008-09-29,"20th-century increases of precipitation in the United States have been observed, with heavy precipitation and high streamflow in the contiguous U.S.",NA;NA,search,2008-09-22,2008-09-28,1,31
20080930,Total,57.13,42.87,19.82,7.49,1.56,0.15,2008-09-30,2008-10-06,1,2008-09-30,2008-09-30,2008-10-06,"The contiguous United States received 2.68 inches (68 mm) of precipitation in September 2008, which is 0.20 inch (5 mm) above the 1901-2000 average.","The long-term trend of increasing precipitation in the contiguous United States may continue, potentially leading to more extreme precipitation events in the future. Note: The other search results did not provide directly relevant information for predicting Monthly Contiguous U.S. Precipitation.;Based on the recent trend, it is possible that the contiguous United States may continue to experience above-average precipitation in the short term (next 1-4 weeks).",search,2008-09-29,2008-10-05,1,31
20081007,Total,57.66,42.34,19.48,7.6,1.47,0.15,2008-10-07,2008-10-13,1,2008-10-07,2008-10-07,2008-10-13,The Yaak Watershed in the U.S. receives 60-70 inches of precipitation annually in some mountainous areas.,NA;NA,search,2008-10-06,2008-10-12,1,31
20081014,Total,60.47,39.53,17.78,7.59,1.47,0.1,2008-10-14,2008-10-20,1,2008-10-14,2008-10-14,2008-10-20,The United States Climate Reference Network (USCRN) is a network of climate observation stations that provide high-quality observations of precipitation and other climate variables across the contiguous United States (CONUS).,"In the long-term future, it is likely that precipitation patterns in the contiguous United States will continue to be influenced by climate systems such as the continental monsoon and extratropical systems, leading to variations in precipitation across different regions. Note: There is limited information available in the provided search results to make specific predictions about Monthly Contiguous U.S. Precipitation. More data and information would be needed to make more accurate predictions.;Based on the 8-14 day outlook, it is possible to predict that some areas of the contiguous United States may experience above-normal precipitation in the short-term future.",search,2008-10-13,2008-10-19,1,31
20081021,Total,59.1,40.9,18.87,7.97,1.47,0.1,2008-10-21,2008-10-27,1,2008-10-21,2008-10-21,2008-10-27,Heavy precipitation and high streamflow in the contiguous United States showed trends in the twentieth century.,NA;NA,search,2008-10-20,2008-10-26,1,31
20081028,Total,61.76,38.24,18.17,7.91,1.45,0.1,2008-10-28,2008-11-03,1,2008-10-28,2008-10-28,2008-11-03,"The contiguous United States experienced near to above-average precipitation in October 2008, with both wet and dry extremes.","The long-term future (next few months) precipitation patterns in the contiguous U.S. may be influenced by larger climate patterns, such as ENSO, which can affect synoptic patterns across the continental United States.;Based on the current situation, it is likely that the contiguous U.S. will continue to experience varied precipitation patterns in the short-term future (next 1-4 weeks).",search,2008-10-27,2008-11-02,1,31
20081104,Total,59.94,40.06,18.23,7.28,1.57,0.16,2008-11-04,2008-11-10,1,2008-11-04,2008-11-04,2008-11-10,"In November 2008, moderate to severe drought were observed across parts of the contiguous U.S.",NA;NA,search,2008-11-03,2008-11-09,1,31
20081111,Total,61.17,38.83,17.77,7.24,1.57,0.37,2008-11-11,2008-11-17,1,2008-11-11,2008-11-11,2008-11-17,The lake in Chicago tends to increase cloudiness in the area and suppress summer precipitation.,NA;NA,search,2008-11-10,2008-11-16,1,31
20081118,Total,60.31,39.69,17.61,6.87,1.5,0.37,2008-11-18,2008-11-24,1,2008-11-18,2008-11-18,2008-11-24,"The Continental Divide forces precipitation to fall in the mountains and foothills, resulting in different climatic patterns in the eastern plains.","In the long-term future, changes in climate patterns may alter the spatial distribution of mean annual precipitation in the central grassland region of North America, potentially leading to changes in precipitation patterns across the contiguous United States.;In the short-term future, precipitation patterns are likely to continue to be influenced by the Continental Divide and climate types, resulting in varying levels of precipitation across different regions.",search,2008-11-17,2008-11-23,1,31
20081125,Total,59.24,40.76,18.01,6.95,1.74,0.43,2008-11-25,2008-12-01,1,2008-11-25,2008-11-25,2008-12-01,"Historical temperature, precipitation, and Palmer drought data from 1895 to present for climate divisions, states, and regions in the contiguous U.S. are available.",NA;NA,search,2008-11-24,2008-11-30,1,31
20081202,Total,56.63,43.37,18.2,6.71,1.79,0.52,2008-12-02,2008-12-08,1,2008-12-02,2008-12-02,2008-12-08,The Continental United States (CONUS) is a term used to describe the 48 contiguous states in the United States.,NA;NA,search,2008-12-01,2008-12-07,1,31
20081209,Total,56.51,43.49,18.33,7.28,1.87,0.64,2008-12-09,2008-12-15,1,2008-12-09,2008-12-09,2008-12-15,The contiguous United States refers to the lower 48 states.,NA;NA,search,2008-12-08,2008-12-14,1,31
20081216,Total,56.85,43.15,17.55,6.1,1.33,0.31,2008-12-16,2008-12-22,1,2008-12-16,2008-12-16,2008-12-22,"The contiguous United States experienced both wet and dry extremes in 2008, resulting in a near-normal average precipitation.",NA;NA,search,2008-12-15,2008-12-21,1,31
20081223,Total,57.89,42.11,17.12,5.68,1.15,0.31,2008-12-23,2008-12-29,1,2008-12-23,2008-12-23,2008-12-29,The United States has a continental climate and vegetation.,NA;NA,search,2008-12-22,2008-12-28,1,31
20081230,Total,61.14,38.86,16.16,5.25,1.05,0.31,2008-12-30,2009-01-05,1,2008-12-30,2008-12-30,2009-01-05,The average precipitation in the contiguous United States in January 2009 was 1.3 inches (32.8 mm).,"As climate change continues to influence weather patterns, it is possible that the contiguous United States will experience more frequent and intense precipitation events in the coming months.;Based on the recent trends, it is likely that the contiguous United States will experience near-average precipitation in the next 1-4 weeks.",search,2008-12-29,2009-01-04,1,31
20090106,Total,60.73,39.27,16.15,5.01,1.02,0.31,2009-01-06,2009-01-12,1,2009-01-06,2009-01-06,2009-01-12,"The contiguous United States has varying levels of precipitation, with some areas receiving high amounts, such as the Hoh Rain Forest in Olympic National Park.","In the long term, changes in climate and emissions may impact precipitation patterns in the contiguous United States, potentially leading to more extreme events.;Based on the available information, it is difficult to make short-term predictions about Monthly Contiguous U.S. Precipitation. However, it is likely that precipitation patterns will continue to vary across regions.",search,2009-01-05,2009-01-11,1,31
20090113,Total,61.17,38.83,16.34,5.46,1.38,0.31,2009-01-13,2009-01-19,1,2009-01-13,2009-01-13,2009-01-19,"Average yearly precipitation in Illinois varies from 48 inches or 1,220 mm at the southern tip to 35 inches or 890 mm in the northern portion of the state.",NA;NA,search,2009-01-12,2009-01-18,1,31
20090120,Total,61.2,38.8,16.22,5.82,1.9,0.31,2009-01-20,2009-01-26,1,2009-01-20,2009-01-20,2009-01-26,"The continental U.S. experiences rainfall and river flows, which can be influenced by climate indices such as the Atlantic Multidecadal Oscillation (AMO) .",NA Note: There is limited information available in the provided search results that is directly relevant to making predictions about Monthly Contiguous U.S. Precipitation.;NA,search,2009-01-19,2009-01-25,1,31
20090127,Total,58.18,41.82,17.71,7.1,2.06,0.31,2009-01-27,2009-02-02,1,2009-01-27,2009-01-27,2009-02-02,"Historical temperature, precipitation, and Palmer drought data from 1895 to present for climate divisions, states, and regions in the contiguous U.S. are available.",NA;NA,search,2009-01-26,2009-02-01,1,31
20090203,Total,59.23,40.77,18.27,7.98,2.41,0.49,2009-02-03,2009-02-09,1,2009-02-03,2009-02-03,2009-02-09,The contiguous United States refers to the 48 states excluding Alaska and Hawaii.,"NA Note that none of the provided search results directly relate to Monthly Contiguous U.S. Precipitation, making it difficult to provide insights, analysis, or predictions. The information is mostly about unrelated topics, such as wildfire risk, flood policy, environmental change, and land surveying standards.;NA",search,2009-02-02,2009-02-08,1,31
20090210,Total,55.37,44.63,18.43,8.08,2.41,0.56,2009-02-10,2009-02-16,1,2009-02-10,2009-02-10,2009-02-16,"The norman annual precipitation at Hill City, Kansas is 20.55 inches, with about 77 percent of the precipitation falling during the growing season.",NA;NA,search,2009-02-09,2009-02-15,1,31
20090217,Total,57.03,42.97,17.71,7.82,2.36,0.63,2009-02-17,2009-02-23,1,2009-02-17,2009-02-17,2009-02-23,The contiguous United States received below-normal precipitation in February 2009.,"NA (There is no clear indication of long-term precipitation trends or patterns in the provided information.);Based on the current dry spell, it is likely that the contiguous United States will continue to experience below-normal precipitation in the short term (next 1-4 weeks).",search,2009-02-16,2009-02-22,1,31
20090224,Total,56.82,43.18,20.14,7.56,2.27,0.63,2009-02-24,2009-03-02,1,2009-02-24,2009-02-24,2009-03-02,"Historical temperature, precipitation, and Palmer drought data from 1895 to present for climate divisions, states, and regions in the contiguous U.S. are available.",NA;NA,search,2009-02-23,2009-03-01,1,31
20090303,Total,54.05,45.95,21.55,7.32,1.92,0.71,2009-03-03,2009-03-09,1,2009-03-03,2009-03-03,2009-03-09,The frequency of extreme rainfall events has increased throughout much of the United States.,"The long-term forecast may indicate a continued increase in precipitation over land, leading to more frequent and intense precipitation events across the contiguous United States.;Based on the current trend, it is likely that the next 1-4 weeks will see an increased frequency of precipitation events, particularly in regions prone to extreme rainfall.",search,2009-03-02,2009-03-08,1,31
20090310,Total,54.48,45.52,21.57,6.44,1.79,0.71,2009-03-10,2009-03-16,1,2009-03-10,2009-03-10,2009-03-16,"The contiguous United States has a clear precipitation trend, with heavy precipitation and high streamflow increasing over time.","In the long-term future (next few months), the contiguous United States may continue to experience increased heavy precipitation and high streamflow, potentially leading to more frequent and severe flooding events. Note: The available information is limited, and most of the sources do not provide direct information on Monthly Contiguous U.S. Precipitation. Therefore, the analysis and predictions are based on general trends and insights related to precipitation in the contiguous United States.;Based on the trend, it is likely that the contiguous United States will experience more heavy precipitation events in the short-term future (next 1-4 weeks).",search,2009-03-09,2009-03-15,1,31
20090317,Total,54.67,45.33,20.54,6.58,1.59,0.52,2009-03-17,2009-03-23,1,2009-03-17,2009-03-17,2009-03-23,"The contiguous United States is affected by various weather phenomena, including severe thunderstorm and tornado watches, acid rain, and drought.",NA;NA,search,2009-03-16,2009-03-22,1,31
20090324,Total,52.09,47.91,22.3,6.8,1.59,0.52,2009-03-24,2009-03-30,1,2009-03-24,2009-03-24,2009-03-30,"The U.S. Climate Extremes Index (CEI) quantifies observed climate changes in temperature, precipitation, and drought within the contiguous United States.",NA;NA,search,2009-03-23,2009-03-29,1,31
20090331,Total,57.67,42.33,20.73,6.71,1.82,0.52,2009-03-31,2009-04-06,1,2009-03-31,2009-03-31,2009-04-06,"The contiguous United States experienced severe to extreme drought affecting about 12 percent of the area as of March 2009, based on the Palmer Drought Index.",NA;NA,search,2009-03-30,2009-04-05,1,31
20090407,Total,60.99,39.01,18.8,7.9,1.82,0.52,2009-04-07,2009-04-13,1,2009-04-07,2009-04-07,2009-04-13,"The contiguous United States experiences varying precipitation patterns, with some areas receiving heavy rain and flash floods, while others experience wildfires and drought.","In the long-term future (next few months), the contiguous United States may experience changes in precipitation patterns due to global warming trends, with some areas potentially receiving more precipitation and others experiencing drought.;In the short-term future (next 1-4 weeks), it is likely that the contiguous United States will continue to experience varying precipitation patterns, with some areas receiving heavy rain and others experiencing dry conditions.",search,2009-04-06,2009-04-12,1,31
20090414,Total,61.96,38.04,17.45,7.85,1.92,0.85,2009-04-14,2009-04-20,1,2009-04-14,2009-04-14,2009-04-20,"The contiguous U.S. was in moderate to exceptional drought according to the U.S. Drought Monitor in April 2009, with 18% of the area affected.",NA;NA,search,2009-04-13,2009-04-19,1,31
20090421,Total,62.13,37.87,16.22,7.51,1.79,0.83,2009-04-21,2009-04-27,1,2009-04-21,2009-04-21,2009-04-27,"The NOAA Atlas 2, Volume 9, Precipitation Frequency Atlas of the Western United States (1973) provides information on precipitation frequency in the Contiguous United States.",NA;NA,search,2009-04-20,2009-04-26,1,31
20090428,Total,60.89,39.11,15.35,6.78,1.71,0.72,2009-04-28,2009-05-04,1,2009-04-28,2009-04-28,2009-05-04,"The contiguous United States experienced above-normal precipitation in May 2009, with Florida and Arkansas experiencing their all-time wettest May on record.",NA;NA,search,2009-04-27,2009-05-03,1,31
20090505,Total,66.05,33.95,14.48,6.2,1.77,0.72,2009-05-05,2009-05-11,1,2009-05-05,2009-05-05,2009-05-11,"The continental United States has a small increase in precipitation trend, particularly in the southeastern region.","In the long-term future (next few months), the trend of increased precipitation in the southeastern United States may persist, potentially leading to wetter-than-average conditions. Note: The majority of the search results were not directly relevant to predicting Monthly Contiguous U.S. Precipitation, so the information provided is limited.;In the short-term future (next 1-4 weeks), it is likely that the southeastern United States will continue to experience above-average precipitation levels.",search,2009-05-04,2009-05-10,1,31
20090512,Total,68.94,31.06,14.37,6.3,2.21,1.1,2009-05-12,2009-05-18,1,2009-05-12,2009-05-12,2009-05-18,The United States Department of Commerce is involved in monitoring and analyzing precipitation data.,NA;NA,search,2009-05-11,2009-05-17,1,31
20090519,Total,69.89,30.11,14.37,6.06,1.59,0.63,2009-05-19,2009-05-25,1,2009-05-19,2009-05-19,2009-05-25,The contiguous United States has 142 NEXRAD radar locations.,NA;NA,search,2009-05-18,2009-05-24,1,31
20090526,Total,72.43,27.57,12.52,4.78,1.28,0.5,2009-05-26,2009-06-01,1,2009-05-26,2009-05-26,2009-06-01,"The contiguous United States experienced a mix of wet and dry anomalies in June 2009, with the northern half being wetter than normal and the southern half being drier than normal.",NA;NA,search,2009-05-25,2009-05-31,1,31
20090602,Total,69.92,30.08,12.33,5.1,1.22,0.48,2009-06-02,2009-06-08,1,2009-06-02,2009-06-02,2009-06-08,"The contiguous United States has a varying precipitation climatology, with more precipitation in the western United States and Alaska than in other parts of the country.",NA;NA,search,2009-06-01,2009-06-07,1,31
20090609,Total,69.17,30.83,12.48,5.18,1.29,0.56,2009-06-09,2009-06-15,1,2009-06-09,2009-06-09,2009-06-15,The contiguous rain area (CRA) analysis is used for forecasting and real-time decision making in the U.S. National Weather Service.,NA;NA,search,2009-06-08,2009-06-14,1,31
20090616,Total,69.4,30.6,11.89,5.0,1.22,0.56,2009-06-16,2009-06-22,1,2009-06-16,2009-06-16,2009-06-22,"For the contiguous United States, the average precipitation in June 2009 was below normal in the West, particularly in the northern tier of states.","In the long term, it's possible that the contiguous United States will experience a trend of increasing precipitation, as seen in the trends in annual precipitation for the United States. Note: The search results provided were mostly irrelevant to Monthly Contiguous U.S. Precipitation, making it challenging to find useful information. The provided answers are based on the limited relevant data available.;Based on the data, it's likely that the contiguous United States will continue to experience below-normal precipitation in the short term, particularly in the western regions.",search,2009-06-15,2009-06-21,1,31
20090623,Total,71.9,28.1,11.35,4.56,1.14,0.61,2009-06-23,2009-06-29,1,2009-06-23,2009-06-23,2009-06-29,The National Weather Service issues messages and forecasts for precipitation in the continental United States.,NA;NA,search,2009-06-22,2009-06-28,1,31
20090630,Total,69.36,30.64,11.84,4.65,1.47,0.82,2009-06-30,2009-07-06,1,2009-06-30,2009-06-30,2009-07-06,"The National Centers for Environmental Information (NCEI) provide historical temperature, precipitation, and Palmer drought data from 1895 to present for climate divisions, states, and regions in the contiguous U.S.",NA;NA,search,2009-06-29,2009-07-05,1,31
20090707,Total,67.85,32.15,12.36,5.2,1.65,1.04,2009-07-07,2009-07-13,1,2009-07-07,2009-07-07,2009-07-13,The climate regime for the Midwestern region of the United States is characterized by moderate precipitation levels.,NA;NA,search,2009-07-06,2009-07-12,1,31
20090714,Total,66.42,33.58,13.26,5.42,1.83,1.32,2009-07-14,2009-07-20,1,2009-07-14,2009-07-14,2009-07-20,One study estimates a 24% increase in the frequency of extreme precipitation events in the continental US between 1948 and 2008.,"The seasonal outlooks produced by the Climate Prediction Center may provide insight into long-term precipitation patterns, potentially indicating regions that may experience above- or below-average precipitation in the coming months.;Based on the increase in extreme precipitation events, it is possible that the next 1-4 weeks may see above-average precipitation in certain regions of the continental US.",search,2009-07-13,2009-07-19,1,31
20090721,Total,65.22,34.78,12.75,5.76,1.82,1.21,2009-07-21,2009-07-27,1,2009-07-21,2009-07-21,2009-07-27,"There is a decrease in precipitation in the contiguous USA, leading to droughts recorded in the United States.","NA Note: There is limited information available in the provided search results that is directly relevant to making predictions about Monthly Contiguous U.S. Precipitation. The available information is mostly focused on droughts, wind speed trends, and other related topics, but it does not provide concrete data or insights about monthly precipitation patterns.;NA",search,2009-07-20,2009-07-26,1,31
20090728,Total,67.91,32.09,11.93,5.75,1.82,1.38,2009-07-28,2009-08-03,1,2009-07-28,2009-07-28,2009-08-03,"The average July temperature in the contiguous United States was 73.5°F, which is 0.8°F below the 20th century average.","NA (not enough information to make long-term predictions);Based on the cooler-than-average temperatures in July 2009, it is possible that the contiguous United States might experience above-average precipitation in the short term (next 1-4 weeks).",search,2009-07-27,2009-08-02,1,31
20090804,Total,69.02,30.98,11.18,5.71,2.14,1.24,2009-08-04,2009-08-10,1,2009-08-04,2009-08-04,2009-08-10,"The average precipitation across the contiguous U.S. in August 2009 was notable, with two states having rainfall extremes last month.","In the long-term, it is possible that the contiguous U.S. will experience more frequent and intense weather events, including heavy precipitation and drought, due to climate change. Note: The provided search results did not yield a significant amount of information directly relevant to predicting Monthly Contiguous U.S. Precipitation. The above summary is based on the limited information available and may not be comprehensive.;In the short-term, it is likely that the contiguous U.S. will continue to experience varying levels of precipitation, with some areas experiencing heavy rainfall and others remaining dry.",search,2009-08-03,2009-08-09,1,31
20090811,Total,66.45,33.55,10.74,5.4,2.14,1.24,2009-08-11,2009-08-17,1,2009-08-11,2009-08-11,2009-08-17,"Historical temperature, precipitation, and Palmer drought data from 1895 to present for climate divisions, states, and regions in the contiguous U.S. are available.",NA;NA,search,2009-08-10,2009-08-16,1,31
20090818,Total,67.95,32.05,10.82,5.45,2.15,1.33,2009-08-18,2009-08-24,1,2009-08-18,2009-08-18,2009-08-24,"The contiguous United States experiences rainfall, with some areas having high water-holding capacity soils.",NA;NA,search,2009-08-17,2009-08-23,1,31
20090825,Total,69.94,30.06,11.9,5.09,1.95,1.39,2009-08-25,2009-08-31,1,2009-08-25,2009-08-25,2009-08-31,"The contiguous U.S. drought footprint was 14.2% at the end of August, up slightly from 13.8% in July.","Long-term predictions are uncertain, but the persistence of drought in certain regions, such as the Southwest and South Central Texas, may lead to continued dryness and drought conditions over the next 4-12 months.;Short-term predictions suggest that drought conditions may continue to persist or worsen in the Southwest and South Central Texas, while the Upper Midwest may experience continued improvement.",report,2009-08-01,2009-08-31,0,31
20090901,Total,70.83,29.17,11.94,5.03,1.95,1.28,2009-09-01,2009-09-07,1,2009-09-01,2009-09-01,2009-09-07,The contiguous zone of the United States is considered in precipitation forecast information.,"In the long-term, climate change may lead to significant changes in precipitation patterns in the contiguous US, potentially resulting in more frequent droughts or extreme weather events.;In the short-term, precipitation in the contiguous US may be lower than usual due to the reduced moisture availability over continental areas.",search,2009-08-31,2009-09-06,1,31
20090908,Total,69.12,30.88,12.62,4.9,1.84,1.18,2009-09-08,2009-09-14,1,2009-09-08,2009-09-08,2009-09-14,"The contiguous United States has varying precipitation patterns, with summer rainfall prevalent in some regions, such as the desert Southwest.","Climate change may lead to significant disruptions in rainfall patterns and access to fresh water in the future, but the specifics of Monthly Contiguous U.S. Precipitation are unclear.;NA",search,2009-09-07,2009-09-13,1,31
20090915,Total,70.62,29.38,12.32,4.69,1.17,0.25,2009-09-15,2009-09-21,1,2009-09-15,2009-09-15,2009-09-21,"The United States tropical cyclone rainfall climatology concerns the amount of precipitation, primarily in the form of rain, which occurs during tropical cyclones.",NA Note: The provided search results do not contain sufficient information to make predictions about Monthly Contiguous U.S. Precipitation. The results are mostly unrelated to the topic or provide general information about precipitation and climate.;NA,search,2009-09-14,2009-09-20,1,31
20090922,Total,70.54,29.46,12.83,5.22,1.31,0.28,2009-09-22,2009-09-28,1,2009-09-22,2009-09-22,2009-09-28,"The contiguous U.S. had a specific climate report for September 2009, which included a national overview.",NA;NA,search,2009-09-21,2009-09-27,1,31
20090929,Total,68.41,31.59,12.61,5.22,1.09,0.23,2009-09-29,2009-10-05,1,2009-09-29,2009-09-29,2009-10-05,"Historical temperature, precipitation, and Palmer drought data from 1895 to present for climate divisions, states, and regions in the contiguous U.S. are available.",NA;NA,search,2009-09-28,2009-10-04,1,31
20091006,Total,70.15,29.85,12.27,4.8,0.63,0.11,2009-10-06,2009-10-12,1,2009-10-06,2009-10-06,2009-10-12,The contiguous United States recorded its wettest October in the 115-year record in 2009.,"The long-term prediction for the next few months is uncertain, but it is possible that the contiguous United States may experience a wetter-than-average winter season, especially if the pattern of increased precipitation in the fall season continues.;Based on the record-breaking precipitation in October 2009, it is possible that the next 1-4 weeks may see continued above-average precipitation in the contiguous United States.",search,2009-10-05,2009-10-11,1,31
20091013,Total,71.61,28.39,11.95,5.81,0.54,0.11,2009-10-13,2009-10-19,1,2009-10-13,2009-10-13,2009-10-19,"The continental United States, Alaska, Puerto Rico, and the Virgin Islands are regions of interest for studying precipitation patterns.",NA;NA,search,2009-10-12,2009-10-18,1,31
20091020,Total,73.48,26.52,10.79,4.5,0.58,0.11,2009-10-20,2009-10-26,1,2009-10-20,2009-10-20,2009-10-26,"The contiguous United States experienced a significant weather event in October 2009, with a North American storm complex affecting the region.","The predicted increase in precipitation from 2000 to 2050 suggests that the contiguous United States may experience more frequent or intense storms in the long-term, potentially leading to changes in weather patterns and precipitation trends.;Based on the current weather event, it is likely that precipitation will be above average in the short-term (next 1-4 weeks) in the contiguous United States, particularly in the eastern part of the country.",search,2009-10-19,2009-10-25,1,31
20091027,Total,76.45,23.55,10.06,3.91,0.4,0.07,2009-10-27,2009-11-02,1,2009-10-27,2009-10-27,2009-11-02,"The contiguous 48 states of the US have a mean annual runoff-producing rainfall depth, as shown in Figure C3-S6-5.",NA;NA,search,2009-10-26,2009-11-01,1,31
20091103,Total,77.86,22.14,10.7,3.84,0.4,0.07,2009-11-03,2009-11-09,1,2009-11-03,2009-11-03,2009-11-09,"The climate in the Kankakee region is classified as humid continental, with precipitation in the warmer half-year (April-September) being more significant.",NA;NA,search,2009-11-02,2009-11-08,1,31
20091110,Total,77.21,22.79,10.94,3.82,0.33,0.07,2009-11-10,2009-11-16,1,2009-11-10,2009-11-10,2009-11-16,"For the contiguous U.S., November 2009 was a dry month, with 25 states experiencing below-average precipitation.","In the long term, the Southeast region may experience more frequent droughts and heatwaves due to climate change, leading to increased variability in monthly precipitation. Note: The other search results were not relevant to predicting Monthly Contiguous U.S. Precipitation, so they were discarded.;Based on the current trend, it is likely that the Southeast region will continue to experience below-average precipitation in the short term (next 1-4 weeks).",search,2009-11-09,2009-11-15,1,31
20091117,Total,78.26,21.74,10.65,4.05,0.33,0.07,2009-11-17,2009-11-23,1,2009-11-17,2009-11-17,2009-11-23,"The last few decades have seen rising extreme precipitation over the United States in the historical record, according to NCDC's Climate Extremes.","Based on the trend of rising extreme precipitation events, it is possible that monthly precipitation in the contiguous United States may continue to increase in the coming months, potentially leading to more frequent and intense rainfall events.;NA",search,2009-11-16,2009-11-22,1,31
20091124,Total,76.34,23.66,11.08,4.47,0.45,0.05,2009-11-24,2009-11-30,1,2009-11-24,2009-11-24,2009-11-30,"November was warm and dry across most of the United States, with drought conditions expanding modestly in the West and Southwest.","In the long-term, the drought conditions in the West and Southwest may persist, potentially leading to more severe drought episodes. The East Coast may experience a return to more normal precipitation patterns.;In the short-term, it is likely that the drought conditions in the West and Southwest will continue, while the East Coast may experience more rainfall events.",report,2009-11-01,2009-11-30,0,31
20091201,Total,76.36,23.64,11.05,4.41,0.41,0.0,2009-12-01,2009-12-07,1,2009-12-01,2009-12-01,2009-12-07,The month of December 2009 was cooler and wetter than normal for a large portion of the U.S.,NA;NA,search,2009-11-30,2009-12-06,1,31
20091208,Total,76.33,23.67,10.86,4.41,0.34,0.0,2009-12-08,2009-12-14,1,2009-12-08,2009-12-08,2009-12-14,"The contiguous United States experienced above-average precipitation in 2009, with the Southeast Climate Region receiving heavy precipitation.","In the long-term, the contiguous United States may experience continued variability in precipitation patterns, with some regions experiencing droughts and others experiencing heavy precipitation events. Note that some of the search results were not relevant to Monthly Contiguous U.S. Precipitation and were therefore discarded.;In the short-term, it is likely that the southern tier of the contiguous United States will continue to experience above-average precipitation, while other areas may receive below-average precipitation.",search,2009-12-07,2009-12-13,1,31
20091215,Total,74.27,25.73,10.61,3.76,0.17,0.0,2009-12-15,2009-12-21,1,2009-12-15,2009-12-15,2009-12-21,"The contiguous United States received 2.88 inches of precipitation in December 2009, which is 0.65 inches above the 1901-2000 average.",NA;NA,search,2009-12-14,2009-12-20,1,31
20091222,Total,74.39,25.61,10.54,3.59,0.17,0.0,2009-12-22,2009-12-28,1,2009-12-22,2009-12-22,2009-12-28,"The contiguous United States has a varying climate, with some areas receiving high amounts of precipitation, such as Mt. Craig, which receives more precipitation than any other forested areas in the continental U.S.",NA;NA,search,2009-12-21,2009-12-27,1,31
20091229,Total,71.94,28.06,10.46,3.59,0.17,0.0,2009-12-29,2010-01-04,1,2009-12-29,2009-12-29,2010-01-04,The contiguous United States experienced record snowfall in January 2010.,NA;NA,search,2009-12-28,2010-01-03,1,31
20100105,Total,71.94,28.06,11.16,3.59,0.17,0.0,2010-01-05,2010-01-11,1,2010-01-05,2010-01-05,2010-01-11,"The contiguous United States experienced above-average precipitation in the southern tier of the country in January 2010, with below-average precipitation in other areas.","The long-term precipitation patterns in the contiguous United States are likely to be influenced by larger climate patterns, such as El Niño and La Niña events, which can impact precipitation patterns across the country.;Based on the El Niño event, it is likely that the southern tier of the contiguous United States will continue to experience above-average precipitation in the short term (next 1-4 weeks).",search,2010-01-04,2010-01-10,1,31
20100112,Total,67.6,32.4,11.62,5.19,0.32,0.0,2010-01-12,2010-01-18,1,2010-01-12,2010-01-12,2010-01-18,About a fifth to a fourth of the contiguous U.S. had monthly precipitation totals very dry (at the tenth percentile of the historical record or drier) during 2009.,NA;NA,search,2010-01-11,2010-01-17,1,31
20100119,Total,67.85,32.15,11.5,4.82,0.32,0.0,2010-01-19,2010-01-25,1,2010-01-19,2010-01-19,2010-01-25,The contiguous United States has experienced average annual precipitation in 2009.,"Long-term predictions are uncertain, but climate change could lead to increased precipitation patterns in the contiguous US over the next few months. Note: The search results did not provide explicit information on monthly contiguous US precipitation, so the analysis is based on related climate and precipitation data.;Based on the current trend, it is likely that the contiguous US will experience average to above-average precipitation in the short-term future (next 1-4 weeks).",search,2010-01-18,2010-01-24,1,31
20100126,Total,70.2,29.8,7.75,1.4,0.13,0.0,2010-01-26,2010-02-01,1,2010-01-26,2010-01-26,2010-02-01,"Significant precipitation occurred in most of the contiguous U.S. in January 2010, eliminating high fire danger by the end of the month.","The long-term future (next few months) may be influenced by larger climate patterns, such as El Niño or the Atlantic Multidecadal Oscillation, which could impact precipitation patterns in the contiguous U.S.;Based on the significant precipitation in January 2010, it is likely that the short-term future (next 1-4 weeks) will continue to be wet in the contiguous U.S.",search,2010-01-25,2010-01-31,1,31
20100202,Total,70.89,29.11,7.21,1.23,0.02,0.0,2010-02-02,2010-02-08,1,2010-02-02,2010-02-02,2010-02-08,"The contiguous United States experienced below normal temperatures for the winter season (December through February) in 2010, with nearly two-thirds (63 percent) of the states affected.","As the winter season comes to an end, it is likely that precipitation patterns will return to normal, with some areas potentially experiencing above normal precipitation to make up for the dry winter.;Based on the current cold winter season, it is likely that precipitation will be below normal in the coming weeks, especially in areas that have experienced below normal temperatures.",search,2010-02-01,2010-02-07,1,31
20100209,Total,70.84,29.16,6.64,1.2,0.02,0.0,2010-02-09,2010-02-15,1,2010-02-09,2010-02-09,2010-02-15,The contiguous United States experienced warmer-than-average temperatures in February 2010.,"In the long-term future (next few months), it is possible that the contiguous United States will return to more normal temperature and precipitation patterns, but further analysis is needed to make more accurate predictions. Note: The search results did not provide much information directly related to monthly contiguous U.S. precipitation, so the insights and predictions are based on indirect information and expert analysis.;In the short-term future (next 1-4 weeks), it is likely that the contiguous United States will continue to experience unusual temperature and precipitation patterns, potentially leading to changes in snowfall and rainfall.",search,2010-02-08,2010-02-14,1,31
20100216,Total,69.78,30.22,7.5,1.31,0.02,0.0,2010-02-16,2010-02-22,1,2010-02-16,2010-02-16,2010-02-22,The National Center for Environmental Prediction (NCEP) of the United States provides ensemble global forecasts that can be used to analyze precipitation events.,NA;NA,search,2010-02-15,2010-02-21,1,31
20100223,Total,70.12,29.88,7.69,1.4,0.02,0.0,2010-02-23,2010-03-01,1,2010-02-23,2010-02-23,2010-03-01,"The contiguous United States experienced record snowfalls in early February 2010, particularly in the mid-Atlantic region.","It is difficult to make long-term predictions, but the current pattern of increased precipitation may continue through the spring season, leading to above-average precipitation in the contiguous United States over the next few months.;Based on the recent severe weather events, it is possible that the next 1-4 weeks may see continued above-average precipitation in the contiguous United States, particularly in the mid-Atlantic region.",search,2010-02-22,2010-02-28,1,31
20100302,Total,70.51,29.49,7.52,1.37,0.03,0.01,2010-03-02,2010-03-08,1,2010-03-02,2010-03-02,2010-03-08,"The contiguous United States has a diverse range of climates, with 70% or more of annual precipitation falling in the summer half of the year in some regions.",NA;NA,search,2010-03-01,2010-03-07,1,31
20100309,Total,68.89,31.11,8.13,2.02,0.05,0.01,2010-03-09,2010-03-15,1,2010-03-09,2010-03-09,2010-03-15,"The United States has a continental interior with low precipitation, and the region is home to most of the U.S.",NA;NA,search,2010-03-08,2010-03-14,1,31
20100316,Total,70.51,29.49,7.88,1.99,0.05,0.01,2010-03-16,2010-03-22,1,2010-03-16,2010-03-16,2010-03-22,"The contiguous United States faces a high or above-average flood risk, with more than a third of the region at risk.","In the long-term future (next few months), the flood risk may persist, especially if above-average precipitation continues to occur during the summer months.;In the short-term future (next 1-4 weeks), above-average precipitation is likely to continue, exacerbating the flood risk in the contiguous United States.",search,2010-03-15,2010-03-21,1,31
20100323,Total,71.16,28.84,7.97,1.92,0.05,0.01,2010-03-23,2010-03-29,1,2010-03-23,2010-03-23,2010-03-29,The contiguous United States receives an average of 750 mm of precipitation per year in its temperate deciduous forests.,NA;NA,search,2010-03-22,2010-03-28,1,31
20100330,Total,70.78,29.22,7.63,1.75,0.05,0.01,2010-03-30,2010-04-05,1,2010-03-30,2010-03-30,2010-04-05,"March 2010 precipitation in the contiguous United States was below the long-term mean, with a national average of 2.16 inches, ranking as the 35th driest.",NA;NA,search,2010-03-29,2010-04-04,1,31
20100406,Total,69.46,30.54,7.69,1.75,0.04,0.01,2010-04-06,2010-04-12,1,2010-04-06,2010-04-06,2010-04-12,The southeastern states in the contiguous United States are likely to experience above-average precipitation during an El Niño event.,"Long-term predictions are difficult to make, but it is likely that the southeastern states will continue to experience above-average precipitation during El Niño events. Note: The other search results were not relevant to predicting Monthly Contiguous U.S. Precipitation and were therefore discarded.;In the short-term future, the southeastern states may experience above-average precipitation if an El Niño event is occurring or predicted.",search,2010-04-05,2010-04-11,1,31
20100413,Total,66.9,33.1,7.72,1.73,0.04,0.01,2010-04-13,2010-04-19,1,2010-04-13,2010-04-13,2010-04-19,The contiguous United States is a region of interest for studying precipitation patterns.,NA;NA,search,2010-04-12,2010-04-18,1,31
20100420,Total,67.16,32.84,8.54,1.92,0.04,0.01,2010-04-20,2010-04-26,1,2010-04-20,2010-04-20,2010-04-26,The continental U.S. precipitation between 1980 to 1997 was obtained from Daymet U.S. Data Center.,NA;NA,search,2010-04-19,2010-04-25,1,31
20100427,Total,65.89,34.11,9.0,2.26,0.04,0.01,2010-04-27,2010-05-03,1,2010-04-27,2010-04-27,2010-05-03,The U.S. Drought Monitor reported that 9.0 percent of the United States was affected by drought in April 2010.,NA;NA,search,2010-04-26,2010-05-02,1,31
20100504,Total,67.27,32.73,9.17,2.26,0.04,0.01,2010-05-04,2010-05-10,1,2010-05-04,2010-05-04,2010-05-10,Above-normal temperatures and below-normal precipitation were observed in April 2010 in the contiguous United States.,"Based on historical patterns, it is possible that the contiguous United States will experience above-normal precipitation in the long term (next few months), potentially leading to flooding or heavy rainfall events. Note: The information provided is limited, and more data would be needed to make more accurate predictions.;It is likely that the contiguous United States will continue to experience below-normal precipitation in the short term (next 1-4 weeks), potentially leading to drought conditions in some areas.",search,2010-05-03,2010-05-09,1,31
20100511,Total,67.8,32.2,9.56,2.26,0.04,0.01,2010-05-11,2010-05-17,1,2010-05-11,2010-05-11,2010-05-17,The contiguous United States experienced a humid continental climate with mean annual precipitation ranging from 250 to 500 mm in certain regions.,NA;NA,search,2010-05-10,2010-05-16,1,31
20100518,Total,71.91,28.09,8.72,2.36,0.07,0.01,2010-05-18,2010-05-24,1,2010-05-18,2010-05-18,2010-05-24,"The North Atlantic Subtropical High (NASH) is located relatively eastward from the continental United States in some simulations, which may impact precipitation in the SE U.S.",NA;NA,search,2010-05-17,2010-05-23,1,31
20100525,Total,73.52,26.48,8.14,2.14,0.2,0.01,2010-05-25,2010-05-31,1,2010-05-25,2010-05-25,2010-05-31,"Objective facts about the Monthly Contiguous U.S. Precipitation situation: May 2010 was wetter than normal with near-normal temperatures, ranking in the top one-third of the historical distribution (36th wettest).","Long-term predictions (next 4-12 months): The report suggests that long-term dryness has afflicted certain regions, such as the Great Lakes, for at least 9 months, and the western Great Lakes for at least 24 months. This implies that these regions may continue to experience dry conditions in the long term.;Short-term predictions (next 1-3 months): Based on the report, it is likely that drought conditions will persist or intensify in areas that are currently experiencing dryness, especially in the western Great Lakes, Northeast, and Alaska.",report,2010-05-01,2010-05-31,0,31
20100601,Total,70.67,29.33,8.59,2.79,0.44,0.01,2010-06-01,2010-06-07,1,2010-06-01,2010-06-01,2010-06-07,The contiguous U.S. experienced above-normal precipitation in June 2010.,"In the long-term, the contiguous U.S. may experience more frequent extreme weather events, including heavy precipitation and drought, due to climate change.;In the short-term, the contiguous U.S. may continue to experience above-normal precipitation, potentially leading to flooding in some areas.",search,2010-05-31,2010-06-06,1,31
20100608,Total,75.23,24.77,8.0,2.55,0.45,0.01,2010-06-08,2010-06-14,1,2010-06-08,2010-06-08,2010-06-14,The contiguous United States refers to the 48 states excluding Alaska and Hawaii.,NA;NA,search,2010-06-07,2010-06-13,1,31
20100615,Total,74.39,25.61,7.62,1.97,0.45,0.01,2010-06-15,2010-06-21,1,2010-06-15,2010-06-15,2010-06-21,"The United States Department of Commerce provides 7-day forecasts, including excessive rainfall and severe thunderstorms threats.","In the long-term, the United States is expected to receive more precipitation, especially in urban areas, which could lead to changes in monthly contiguous U.S. precipitation patterns. Note: There is limited information directly related to monthly contiguous U.S. precipitation in the provided search results. The insights and predictions are based on indirect connections and the expert's analysis.;In the short-term, there is a high likelihood of excessive rainfall and severe thunderstorms in the Gulf Coast States, which could impact monthly contiguous U.S. precipitation.",search,2010-06-14,2010-06-20,1,31
20100622,Total,71.32,28.68,7.86,1.78,0.45,0.01,2010-06-22,2010-06-28,1,2010-06-22,2010-06-22,2010-06-28,"Mean annual precipitation varies across the contiguous United States, with differences between the northern and southern states.",NA;NA,search,2010-06-21,2010-06-27,1,31
20100629,Total,71.48,28.52,7.51,1.63,0.38,0.01,2010-06-29,2010-07-05,1,2010-06-29,2010-06-29,2010-07-05,"The contiguous United States experienced unusual warmth in June 2010, as measured by NOAA's Residential Energy Demand Temperature Index (REDTI).",NA;NA,search,2010-06-28,2010-07-04,1,31
20100706,Total,73.0,27.0,6.6,1.23,0.26,0.01,2010-07-06,2010-07-12,1,2010-07-06,2010-07-06,2010-07-12,"The contiguous United States had an average temperature of 71.4 degrees F in June 2010, which is 2.2 degrees F above average.","The long-term trend suggests that the U.S. may experience more frequent heat waves and changes in precipitation patterns due to climate change. Note: There is limited information directly related to Monthly Contiguous U.S. Precipitation in the provided search results. The above summary is based on the available information and may not be directly applicable to precipitation predictions.;Based on the current trend, it is possible that the next 1-4 weeks may see continued above-average temperatures, potentially leading to changes in precipitation patterns.",search,2010-07-05,2010-07-11,1,31
20100713,Total,72.69,27.31,6.67,1.19,0.26,0.01,2010-07-13,2010-07-19,1,2010-07-13,2010-07-13,2010-07-19,"The report ""Global Climate Change Impacts in the United States"" states that it is very likely that the character of daily precipitation will change in the 21st century.","Based on the predictions of increased Arctic precipitation and changes in daily precipitation patterns, it is likely that the contiguous United States will experience changes in monthly precipitation patterns in the long-term future.;NA",search,2010-07-12,2010-07-18,1,31
20100720,Total,71.08,28.92,7.03,1.23,0.26,0.01,2010-07-20,2010-07-26,1,2010-07-20,2010-07-20,2010-07-26,"The contiguous United States faces higher risks of water shortages, with more than 1,100 counties (one-third of all counties in the lower 48) expected to be affected.","In the long-term, the contiguous United States may face increased water shortages and extreme weather events due to the trend of increasing heavy precipitation events. Note: The other search results were not relevant to predicting Monthly Contiguous U.S. Precipitation, so they were discarded.;In the short-term, the contiguous United States may experience more heavy precipitation events, leading to water shortages and extreme weather events.",search,2010-07-19,2010-07-25,1,31
20100727,Total,73.48,26.52,7.61,1.62,0.29,0.01,2010-07-27,2010-08-02,1,2010-07-27,2010-07-27,2010-08-02,"Historical temperature, precipitation, and Palmer drought data from 1895 to present for climate divisions, states, and regions in the contiguous U.S. are available.",NA;NA,search,2010-07-26,2010-08-01,1,31
20100803,Total,75.51,24.49,6.96,1.72,0.3,0.01,2010-08-03,2010-08-09,1,2010-08-03,2010-08-03,2010-08-09,"The contiguous United States experiences extremes in temperature and precipitation, with variability in precipitation being a notable feature.","In the long-term, the contiguous United States may experience continued variability in precipitation patterns, with some areas experiencing above-average precipitation and others experiencing below-average precipitation.;Based on the historical data, it is likely that the next 1-4 weeks will experience variable precipitation patterns across the contiguous United States.",search,2010-08-02,2010-08-08,1,31
20100810,Total,74.82,25.18,7.08,1.7,0.3,0.01,2010-08-10,2010-08-16,1,2010-08-10,2010-08-10,2010-08-16,The contiguous United States (CONUS) has a national daily time series of temperature and precipitation.,NA;NA,search,2010-08-09,2010-08-15,1,31
20100817,Total,72.92,27.08,7.19,1.47,0.18,0.01,2010-08-17,2010-08-23,1,2010-08-17,2010-08-17,2010-08-23,"The Contiguous United States has a seasonal characteristic of precipitation totals, with a mean precipitation total from 1895-1983 .",NA;NA,search,2010-08-16,2010-08-22,1,31
20100824,Total,74.24,25.76,6.82,1.28,0.18,0.01,2010-08-24,2010-08-30,1,2010-08-24,2010-08-24,2010-08-30,"The continental United States receives varying amounts of rainfall, with the Great Plains receiving less than 24 inches a year, and most of it receiving less than that.",NA;NA,search,2010-08-23,2010-08-29,1,31
20100831,Total,70.4,29.6,8.1,1.32,0.18,0.01,2010-08-31,2010-09-06,1,2010-08-31,2010-08-31,2010-09-06,"August 2010 precipitation was highly variable across the contiguous United States, typical of a late-summer weather pattern.","Due to the variability of precipitation in August, it is difficult to make long-term predictions (next few months) for Monthly Contiguous U.S. Precipitation. However, it is possible that the late-summer weather pattern will continue to influence precipitation patterns in the coming months.;Based on the typical late-summer weather pattern, it is likely that precipitation will remain variable across the contiguous United States in the short term (next 1-4 weeks).",search,2010-08-30,2010-09-05,1,31
20100907,Total,72.54,27.46,7.79,1.61,0.24,0.01,2010-09-07,2010-09-13,1,2010-09-07,2010-09-07,2010-09-13,"Eleven states in the contiguous United States experienced below normal precipitation, and another eleven experienced above normal precipitation in the summer of 2010.",NA;NA,search,2010-09-06,2010-09-12,1,31
20100914,Total,70.57,29.43,8.73,1.94,0.24,0.01,2010-09-14,2010-09-20,1,2010-09-14,2010-09-14,2010-09-20,"The contiguous United States experienced a late-summer weather pattern in 2010, with 11 states experiencing below normal precipitation and another 11 experiencing above normal precipitation.","In the long-term future (next few months), it is possible that the contiguous United States will experience an increase in precipitation in the form of rain, particularly in the Great Basin area of the Western United States.;Based on the current situation, it is likely that the short-term future (next 1-4 weeks) will continue to experience a mixed precipitation pattern, with some areas receiving above normal precipitation and others receiving below normal precipitation.",search,2010-09-13,2010-09-19,1,31
20100921,Total,66.36,33.64,10.33,2.53,0.31,0.01,2010-09-21,2010-09-27,1,2010-09-21,2010-09-21,2010-09-27,"The contiguous United States had above-normal precipitation in September 2010, with some states in the central part of the country experiencing much above-normal precipitation.","In the long-term future (next few months), it is possible that the contiguous United States will experience a continuation of above-normal precipitation patterns, potentially influenced by the atmospheric moisture from the west of the North American continent.;In the short-term future (next 1-4 weeks), it is likely that the contiguous United States will continue to experience above-normal precipitation, especially in the central part of the country.",search,2010-09-20,2010-09-26,1,31
20100928,Total,61.92,38.08,11.13,2.66,0.31,0.01,2010-09-28,2010-10-04,1,2010-09-28,2010-09-28,2010-10-04,"Historical temperature, precipitation, and Palmer drought data from 1895 to present for climate divisions, states, and regions in the contiguous U.S. are available.","NA However, I can provide some insights and analysis based on the provided information:;NA",search,2010-09-27,2010-10-03,1,31
20101005,Total,64.92,35.08,9.92,2.34,0.32,0.01,2010-10-05,2010-10-11,1,2010-10-05,2010-10-05,2010-10-11,"The contiguous United States experiences varying levels of precipitation throughout the year, with some states receiving more rain than others.","In the long-term future (next few months), it is possible that climate change will continue to impact precipitation patterns in the contiguous United States, leading to changes in average annual precipitation levels. Note: The search results did not provide specific data or trends on Monthly Contiguous U.S. Precipitation, so the analysis and predictions are based on general information and insights.;In the short-term future (next 1-4 weeks), it is likely that precipitation patterns will continue to be influenced by climate change and the moon's phase, potentially leading to extreme weather events.",search,2010-10-04,2010-10-10,1,31
20101012,Total,63.52,36.48,10.58,3.59,0.49,0.01,2010-10-12,2010-10-18,1,2010-10-12,2010-10-12,2010-10-18,The strong interannual variability of precipitation in the eastern U.S. is a fact.,NA;NA,search,2010-10-11,2010-10-17,1,31
20101019,Total,61.94,38.06,12.53,4.77,0.95,0.01,2010-10-19,2010-10-25,1,2010-10-19,2010-10-19,2010-10-25,The contiguous United States experiences multi-year La Niña events and persistent drought.,The likelihood of drought and La Niña events will continue to influence Monthly Contiguous U.S. Precipitation in the next few months.;It is likely that the contiguous US will experience below-average precipitation in the next 1-4 weeks if a La Niña event is present.,search,2010-10-18,2010-10-24,1,31
20101026,Total,65.18,34.82,12.87,5.02,1.04,0.01,2010-10-26,2010-11-01,1,2010-10-26,2010-10-26,2010-11-01,The contiguous United States has climate divisions that represent areas with similar temperature and precipitation characteristics.,"The long-term precipitation patterns in the contiguous United States are influenced by climate divisions and other factors, making it difficult to make precise predictions. However, understanding these factors can help in making informed predictions. Note: The provided search results are mostly focused on specific weather events in October 2010, and do not provide a comprehensive understanding of the Monthly Contiguous U.S. Precipitation situation. Therefore, the analysis and predictions are limited.;Based on the recent weather event, it is likely that the next 1-4 weeks will see continued precipitation in the affected regions.",search,2010-10-25,2010-10-31,1,31
20101102,Total,63.24,36.76,13.28,5.47,1.15,0.0,2010-11-02,2010-11-08,1,2010-11-02,2010-11-02,2010-11-08,The mean annual precipitation in the continental U.S. is about 10 inches.,NA;NA,search,2010-11-01,2010-11-07,1,31
20101109,Total,62.12,37.88,13.89,5.44,1.17,0.0,2010-11-09,2010-11-15,1,2010-11-09,2010-11-09,2010-11-15,"The contiguous United States experiences a significant amount of precipitation, with about two-thirds of it occurring during the period of April through October.",NA;NA,search,2010-11-08,2010-11-14,1,31
20101116,Total,60.92,39.08,13.89,5.06,1.08,0.0,2010-11-16,2010-11-22,1,2010-11-16,2010-11-16,2010-11-22,"The contiguous United States receives varying levels of precipitation, ranging from 22-38 inches per year.","NA Note: The provided search results do not contain direct information about Monthly Contiguous U.S. Precipitation, making it difficult to make predictions or provide insights. The only relevant fact found is the range of precipitation levels across the contiguous United States, but it is not sufficient to make predictions or analysis.;NA",search,2010-11-15,2010-11-21,1,31
20101123,Total,61.74,38.26,14.38,5.42,0.99,0.0,2010-11-23,2010-11-29,1,2010-11-23,2010-11-23,2010-11-29,"The contiguous United States experiences more frequent icing conditions, which is related to precipitation patterns.",NA;NA,search,2010-11-22,2010-11-28,1,31
20101130,Total,61.12,38.88,14.02,5.1,0.68,0.0,2010-11-30,2010-12-06,1,2010-11-30,2010-11-30,2010-12-06,"By the end of December 2010, 24 percent of the contiguous U.S. experienced above-average precipitation, with one state in the region receiving 175 percent of the normal amount of precipitation.","In the long-term, climate change trends suggest that the contiguous United States will experience more frequent and intense precipitation events, leading to increased flooding and drought risks.;In the short-term, it's likely that precipitation patterns will continue to vary across the contiguous United States, with some regions experiencing above-average rainfall and others experiencing drought conditions.",search,2010-11-29,2010-12-05,1,31
20101207,Total,61.19,38.81,14.97,5.88,1.1,0.0,2010-12-07,2010-12-13,1,2010-12-07,2010-12-07,2010-12-13,"The frequency of meteorological drought based on precipitation alone is projected to increase in some parts of the US, such as the southwestern states.","In the long-term, it is possible that the frequency and severity of droughts and floods will increase in the contiguous United States due to changing climate conditions. Note: The other search results were not relevant to predicting Monthly Contiguous U.S. Precipitation and were therefore discarded.;In the short-term, it is likely that the southwestern states will continue to experience dry conditions, while the Midwest may receive above-average precipitation.",search,2010-12-06,2010-12-12,1,31
20101214,Total,61.45,38.55,16.62,6.03,1.2,0.0,2010-12-14,2010-12-20,1,2010-12-14,2010-12-14,2010-12-20,"The contiguous United States experienced its seventh largest December snow cover extent in 2010, with records dating back to 1966.",NA;NA,search,2010-12-13,2010-12-19,1,31
20101221,Total,62.14,37.86,19.57,7.06,1.64,0.0,2010-12-21,2010-12-27,1,2010-12-21,2010-12-21,2010-12-27,"The contiguous United States experienced significant precipitation amounts in December 2010, with a blizzard occurring on December 25-27, 2010.","In the long-term future (next few months), it is possible that climate change will continue to impact precipitation patterns in the contiguous United States, potentially leading to changes in rainfall and river flows.;In the short-term future (next 1-4 weeks), it is likely that precipitation patterns in the contiguous United States will continue to be influenced by winter weather patterns, potentially leading to significant precipitation events.",search,2010-12-20,2010-12-26,1,31
20101228,Total,62.22,37.78,19.9,7.6,1.98,0.0,2010-12-28,2011-01-03,1,2010-12-28,2010-12-28,2011-01-03,"Historical temperature, precipitation, and Palmer drought data from 1895 to present for climate divisions, states, and regions in the contiguous U.S. are available.",NA;NA,search,2010-12-27,2011-01-02,1,31
20110104,Total,63.43,36.57,18.23,7.13,2.17,0.0,2011-01-04,2011-01-10,1,2011-01-04,2011-01-04,2011-01-10,"The contiguous United States experienced wildfires in 2010, which were related to weather and climate conditions, including precipitation and temperature.",NA;NA,search,2011-01-03,2011-01-09,1,31
20110111,Total,63.5,36.5,19.4,6.42,1.99,0.0,2011-01-11,2011-01-17,1,2011-01-11,2011-01-11,2011-01-17,"In 2010, the contiguous United States (CONUS) experienced the 38th wettest year on record.","In the long-term, it is possible that the contiguous United States will experience more extreme precipitation events due to climate change, but further research is needed to make more accurate predictions.;Based on the data, it is difficult to make accurate short-term predictions for the next 1-4 weeks, but it is likely that precipitation patterns will continue to vary across the country.",search,2011-01-10,2011-01-16,1,31
20110118,Total,62.41,37.59,19.23,6.67,1.82,0.0,2011-01-18,2011-01-24,1,2011-01-18,2011-01-18,2011-01-24,"The contiguous United States has more than 2,400 rain gauges operated by Federal and State Wild-land Fire Programs.",NA;NA,search,2011-01-17,2011-01-23,1,31
20110125,Total,61.5,38.5,20.14,7.5,1.74,0.0,2011-01-25,2011-01-31,1,2011-01-25,2011-01-25,2011-01-31,"January 2011 was the 9th driest January in the 117-year record, with a national average of 1.85 inches (47 mm) of precipitation, which is 2.45 inches (62.2 mm) below the average.","In the long term (next 4-12 months), it is possible that drought conditions may expand to other parts of the country, depending on the development of La Niña and other climate patterns. Here is the filtered information relevant to making predictions about Monthly Contiguous U.S. Precipitation:;Based on the current trends, it is likely that drought conditions will persist in the Southwest, Mid-Atlantic states, and Carolinas in the short term (next 1-3 months).",report,2011-01-01,2011-01-31,0,31
20110201,Total,58.35,41.65,20.2,8.86,1.34,0.0,2011-02-01,2011-02-07,1,2011-02-01,2011-02-01,2011-02-07,The Precipitation-Frequency Atlas of the United States provides data on precipitation frequencies across the country.,"Climate change projections suggest that precipitation patterns in the contiguous United States may shift in the long-term future, leading to changes in monthly contiguous U.S. precipitation.;Based on the influence of the MJO, it is possible that precipitation anomalies may occur in the central plains of the US in the short-term future.",search,2011-01-31,2011-02-06,1,31
20110208,Total,59.1,40.9,20.34,8.08,1.2,0.0,2011-02-08,2011-02-14,1,2011-02-08,2011-02-08,2011-02-14,"The contiguous United States experienced a specific weather pattern in February 2011, which affected precipitation totals in higher elevations.",NA;NA,search,2011-02-07,2011-02-13,1,31
20110215,Total,58.28,41.72,20.9,8.04,1.2,0.0,2011-02-15,2011-02-21,1,2011-02-15,2011-02-15,2011-02-21,"The westernmost spot of mainland in the contiguous United States is Cape Alava, Washington.","In the long-term future (next few months), it is possible that the contiguous U.S. will experience a shift in precipitation patterns, potentially leading to more extreme weather events. Note: The information provided is limited, and most of the results are not directly related to Monthly Contiguous U.S. Precipitation. Therefore, the analysis and predictions are based on limited data and should be taken as rough estimates.;In the short-term future (next 1-4 weeks), it is likely that the Pacific Northwest, northern plains, and Great Lakes will continue to experience higher precipitation levels.",search,2011-02-14,2011-02-20,1,31
20110222,Total,60.56,39.44,23.64,9.57,1.73,0.0,2011-02-22,2011-02-28,1,2011-02-22,2011-02-22,2011-02-28,Objective facts about the Monthly Contiguous U.S. Precipitation situation: February 2011 ranked 41st driest in the 117-year historical distribution. Precipitation totals for the entire month were drier than normal over most of the drought and abnormally dry areas as well as parts of the north central states and Far West. About 28 percent of the contiguous U.S. was experiencing moderate to extreme drought at the end of February.,"Long-term predictions (next 4-12 months): The drought situation may continue to persist in the Southwest, Southern Plains, and Southeast, especially if La Niña continues to influence the precipitation pattern. The Midwest and Ohio Valley may experience some relief, but it's uncertain how long it will last. Here is the filtered information relevant to predicting Monthly Contiguous U.S. Precipitation:;Short-term predictions (next 1-3 months): The drought situation is expected to persist in the Southwest, Southern Plains, and Southeast. Some relief may be expected in the Midwest and Ohio Valley.",report,2011-02-01,2011-02-28,0,31
20110301,Total,61.27,38.73,23.44,10.43,1.92,0.0,2011-03-01,2011-03-07,1,2011-03-01,2011-03-01,2011-03-07,The ratio for 6-hour rainfall in the contiguous United States is documented by the U.S. Weather Bureau.,NA;NA,search,2011-02-28,2011-03-06,1,31
20110308,Total,63.12,36.88,23.07,10.51,2.24,0.0,2011-03-08,2011-03-14,1,2011-03-08,2011-03-08,2011-03-14,The average annual precipitation across the contiguous United States in 1998 was 32.61 inches (828 mm).,NA;NA,search,2011-03-07,2011-03-13,1,31
20110315,Total,64.29,35.71,21.77,10.91,2.8,0.0,2011-03-15,2011-03-21,1,2011-03-15,2011-03-15,2011-03-21,The contiguous United States experienced its 6th largest precipitation in March 2011.,"Changes in winter snowfall/precipitation ratio in the contiguous United States are expected due to climate change. Note: The provided information is limited, and most of the search results are not directly related to predicting Monthly Contiguous U.S. Precipitation. Therefore, some parts are marked as ""NA"" (Not Available).;NA",search,2011-03-14,2011-03-20,1,31
20110322,Total,64.11,35.89,22.95,12.47,3.98,0.0,2011-03-22,2011-03-28,1,2011-03-22,2011-03-22,2011-03-28,The National Climate Reference Network tracks the nation's temperature and precipitation trends.,"NA Note: The provided search results do not contain sufficient information to make predictions about Monthly Contiguous U.S. Precipitation. Most of the results are unrelated to precipitation or climate patterns, and the few relevant results do not provide enough data or insights to make predictions.;NA",search,2011-03-21,2011-03-27,1,31
20110329,Total,65.0,35.0,23.6,15.24,5.36,0.0,2011-03-29,2011-04-04,1,2011-03-29,2011-03-29,2011-04-04,The NOAA Atlas 14 provides precipitation digital files for the continental U.S.,"In the long-term, it is possible that the trends observed during the 20th century will continue, leading to changes in precipitation patterns and potentially impacting weather events and climate patterns in the contiguous United States.;Based on the available data and research, it is likely that precipitation patterns in the contiguous United States will continue to follow the trends observed during the 20th century, with increases in precipitation, temperature, streamflow, and heavy and very heavy precipitation.",search,2011-03-28,2011-04-03,1,31
20110405,Total,65.61,34.39,24.11,15.19,7.31,0.35,2011-04-05,2011-04-11,1,2011-04-05,2011-04-05,2011-04-11,"The contiguous United States averaged above normal temperatures and precipitation in March 2011, according to scientists at NOAA's National Climatic Data.","Based on the current trend, it is possible that the contiguous US will experience increased precipitation in the long-term future (next few months), which may have significant implications for agriculture, water resources, and weather-related events.;It is likely that the contiguous US will continue to experience above normal precipitation in the short-term future (next 1-4 weeks), potentially leading to increased risk of weather-related events.",search,2011-04-04,2011-04-10,1,31
20110412,Total,65.71,34.29,23.88,15.31,7.52,0.78,2011-04-12,2011-04-18,1,2011-04-12,2011-04-12,2011-04-18,"The Contiguous United States (Miller, 1964) has precipitation frequency estimates and associated information available.",NA;NA,search,2011-04-11,2011-04-17,1,31
20110419,Total,66.31,33.69,22.97,15.87,8.25,1.19,2011-04-19,2011-04-25,1,2011-04-19,2011-04-19,2011-04-25,"Historical temperature, precipitation, and Palmer drought data from 1895 to present for climate divisions, states, and regions in the contiguous U.S. are available.","Climate change projections indicate that drought frequency will increase throughout most of the contiguous United States in the long term (next few months). Note: There is limited information available in the provided search results to make specific predictions about Monthly Contiguous U.S. Precipitation. The insights and predictions are based on the available data and general knowledge of climate trends.;Based on the current trend, it is likely that the contiguous U.S. will continue to experience above-normal precipitation in the short term (next 1-4 weeks).",search,2011-04-18,2011-04-24,1,31
20110426,Total,68.32,31.68,22.29,15.46,9.07,1.39,2011-04-26,2011-05-02,1,2011-04-26,2011-04-26,2011-05-02,"During April 2011, there were 6,164 new wildfires across the country, but near- to above-normal precipitation limited wildfire growth in most areas.","The impact of winter and spring mountain snowpack on water sources in the western United States may influence precipitation patterns in the long-term, potentially leading to above-normal precipitation in certain regions. Note: The information available is limited to April and May 2011, so the predictions are based on the current situation and may not be applicable to other time periods.;In the short-term, it is likely that the South-Central U.S. will experience below-normal precipitation, while other areas may continue to see near- to above-normal precipitation.",search,2011-04-25,2011-05-01,1,31
20110503,Total,69.0,31.0,22.13,16.1,9.74,2.61,2011-05-03,2011-05-09,1,2011-05-03,2011-05-03,2011-05-09,"The U.S. Climate Extremes Index (CEI) quantifies observed climate changes in temperature, precipitation, and drought within the contiguous United States.",NA;NA,search,2011-05-02,2011-05-08,1,31
20110510,Total,68.98,31.02,22.14,17.16,10.43,4.96,2011-05-10,2011-05-16,1,2011-05-10,2011-05-10,2011-05-16,"The contiguous United States experienced moderate to extreme drought in 2003, covering one-third of the region.",NA;NA,search,2011-05-09,2011-05-15,1,31
20110517,Total,70.23,29.77,22.09,17.29,11.01,5.04,2011-05-17,2011-05-23,1,2011-05-17,2011-05-17,2011-05-23,"The main storm track in May 2011 kept to the northern states, resulting in heavy rain, violent weather, and large temperature swings across parts of the country.","Over the next few months, it is possible that the precipitation patterns will shift, potentially leading to changes in temperature and ecosystem structure across the contiguous US states. Note: The search results did not provide more specific information on Monthly Contiguous U.S. Precipitation, so the summary is based on the available information on precipitation and climate factors in May 2011.;Based on the current situation, it is likely that the next 1-4 weeks will see continued heavy precipitation and extreme weather events in the northern states.",search,2011-05-16,2011-05-22,1,31
20110524,Total,70.78,29.22,21.34,16.93,11.24,4.69,2011-05-24,2011-05-30,1,2011-05-24,2011-05-24,2011-05-30,The April Palmer Z Index map shows that the low precipitation and hot temperatures resulted in short-term drought across much of the Southwest and Central US in May 2011.,"As the summer months approach, the drought conditions may persist or worsen in the Southwest and Central US, leading to a higher risk of wildfires, water shortages, and crop failures.;Based on the current drought conditions, it is likely that the next 1-4 weeks will continue to be dry in the Southwest and Central US, with an increased risk of wildfires and water shortages.",search,2011-05-23,2011-05-29,1,31
20110531,Total,71.01,28.99,21.41,17.29,12.27,5.23,2011-05-31,2011-06-06,1,2011-05-31,2011-05-31,2011-06-06,"The National Centers for Environmental Information (NCEI) provides historical temperature, precipitation, and Palmer drought data from 1895 to present for climate divisions, states, and regions in the contiguous U.S.","In the long-term, it is possible that the contiguous U.S. may experience more frequent and intense precipitation events, potentially leading to increased flooding and drought risks. Note: The information provided is limited to the search results and may not be comprehensive. Additionally, the predictions made are based on the analysis of the current situation and may not be accurate.;Based on the current trends, it is likely that the next 1-4 weeks will continue to see temperature and precipitation extremes in the contiguous U.S., with potential for further drought intensification.",search,2011-05-30,2011-06-05,1,31
20110607,Total,68.72,31.28,22.42,17.81,13.15,6.52,2011-06-07,2011-06-13,1,2011-06-07,2011-06-07,2011-06-13,The three-month precipitation averaged across the contiguous United States was much drier than normal in Summer (June-August) 1999.,NA;NA,search,2011-06-06,2011-06-12,1,31
20110614,Total,68.11,31.89,22.69,18.21,13.72,7.54,2011-06-14,2011-06-20,1,2011-06-14,2011-06-14,2011-06-20,The contiguous United States receives an average of more than a certain amount of precipitation per year.,NA;NA,search,2011-06-13,2011-06-19,1,31
20110621,Total,68.4,31.6,22.83,18.68,15.04,9.89,2011-06-21,2011-06-27,1,2011-06-21,2011-06-21,2011-06-27,The contiguous United States is slightly smaller than the entire US or one of the 50 states.,NA;NA,search,2011-06-20,2011-06-26,1,31
20110628,Total,65.21,34.79,23.49,19.45,15.35,9.97,2011-06-28,2011-07-04,1,2011-06-28,2011-06-28,2011-07-04,"Historical temperature, precipitation, and Palmer drought data from 1895 to present for climate divisions, states, and regions in the contiguous U.S. are available.","The long-term future (next few months) may see a continuation of the increasing precipitation trend, potentially leading to above-normal precipitation levels.;Based on the historical trend, it is likely that the contiguous U.S. will experience above-normal precipitation in the short-term future (next 1-4 weeks).",search,2011-06-27,2011-07-03,1,31
20110705,Total,65.31,34.69,24.49,19.7,15.55,9.83,2011-07-05,2011-07-11,1,2011-07-05,2011-07-05,2011-07-11,The contiguous United States drains 41 percent of the country's watershed.,NA;NA,search,2011-07-04,2011-07-10,1,31
20110712,Total,66.75,33.25,24.0,19.79,15.6,9.99,2011-07-12,2011-07-18,1,2011-07-12,2011-07-12,2011-07-18,"Historical temperature, precipitation, and Palmer drought data from 1895 to present for climate divisions, states, and regions in the contiguous U.S. are available.","The humid continental climate in the Midwest and the varying climate zones across the contiguous U.S. may lead to unpredictable precipitation patterns in the next few months. Note: The other search results were not relevant to predicting Monthly Contiguous U.S. Precipitation and were discarded.;Based on the current drought situation, it is likely that the southern United States will experience below-average precipitation in the next 1-4 weeks.",search,2011-07-11,2011-07-17,1,31
20110719,Total,66.05,33.95,23.76,19.4,15.06,9.11,2011-07-19,2011-07-25,1,2011-07-19,2011-07-19,2011-07-25,"The contiguous United States has various precipitation patterns, with some areas receiving high amounts of rainfall, such as the Hoh Rainforest in Olympic National Park, which receives over 12 feet of rain per year.",NA;NA,search,2011-07-18,2011-07-24,1,31
20110726,Total,62.97,37.03,24.67,19.93,15.2,9.23,2011-07-26,2011-08-01,1,2011-07-26,2011-07-26,2011-08-01,The contiguous United States experienced limited precipitation in July 2011 due to a ridge of high pressure anchored across the central and eastern parts of the country.,"In the long-term, I predict that the contiguous United States may experience more frequent and severe heavy precipitation events, leading to increased flooding and extreme weather events. Note: There is limited information available in the search results that directly relates to predicting Monthly Contiguous U.S. Precipitation. The insights and predictions provided are based on the available information and may not be entirely accurate.;In the short-term, I predict that the contiguous United States may continue to experience limited precipitation, leading to an increased risk of wildfires and droughts.",search,2011-07-25,2011-07-31,1,31
20110802,Total,60.03,39.97,27.06,21.04,15.28,9.13,2011-08-02,2011-08-08,1,2011-08-02,2011-08-02,2011-08-08,"The contiguous United States experiences a moist continental climate characterized by heavy precipitation, mild winters, and cool summers, especially along the NW coast.","In the next few months, it is possible that larger-scale climate patterns, such as the Indian Summer Monsoon, may influence precipitation patterns in the contiguous United States, leading to potential anomalies in precipitation levels.;Based on the available information, it is likely that the next 1-4 weeks will see continued precipitation patterns influenced by local geography and climate, with areas like the NW coast receiving more rainfall than others.",search,2011-08-01,2011-08-07,1,31
20110809,Total,60.05,39.95,27.52,20.68,15.44,9.58,2011-08-09,2011-08-15,1,2011-08-09,2011-08-09,2011-08-15,The contiguous United States experiences precipitation events with return periods of 2 to 100 years.,"In the long term, the contiguous United States may experience more frequent and intense precipitation events due to climate change, leading to increased risk of flooding, landslides, and other weather-related hazards.;In the short term, it is likely that precipitation patterns will continue to vary across different regions of the contiguous United States, with some areas experiencing more frequent or intense precipitation events.",search,2011-08-08,2011-08-14,1,31
20110816,Total,60.16,39.84,25.97,19.59,14.51,9.05,2011-08-16,2011-08-22,1,2011-08-16,2011-08-16,2011-08-22,The United States experiences an annual average precipitation across the country.,"The long-term future (next few months) may see a continuation of the trend of increasing extreme precipitation events, potentially leading to more frequent and intense flooding events. Note: The information provided is limited, and most of the search results are not directly related to Monthly Contiguous U.S. Precipitation. The insights and predictions made are based on the available information and may not be entirely accurate.;It is likely that the contiguous United States will continue to experience extreme precipitation events in the short-term future (next 1-4 weeks).",search,2011-08-15,2011-08-21,1,31
20110823,Total,59.88,40.12,25.93,19.58,14.4,9.31,2011-08-23,2011-08-29,1,2011-08-23,2011-08-23,2011-08-29,Rainfall totals were above normal in most of the Northeast in August 2011.,NA;NA,search,2011-08-22,2011-08-28,1,31
20110830,Total,59.26,40.74,27.51,20.68,15.27,9.37,2011-08-30,2011-09-05,1,2011-08-30,2011-08-30,2011-09-05,"Historical temperature, precipitation, and Palmer drought data from 1895 to present for climate divisions, states, and regions in the contiguous U.S. are available.","The long-term future (next few months) may see a continuation of drought conditions and below-average precipitation in the contiguous U.S., but more data is needed to make a more accurate prediction.;Based on the drought conditions in July and August 2011, it is possible that the contiguous U.S. may continue to experience below-average precipitation in the short term (next 1-4 weeks).",search,2011-08-29,2011-09-04,1,31
20110906,Total,63.05,36.95,25.14,19.55,15.08,9.36,2011-09-06,2011-09-12,1,2011-09-06,2011-09-06,2011-09-12,"The contiguous United States experienced a dry summer in 2011, with June to August being the driest summer on record in Texas, with only 2.44 inches of precipitation.","However, it is difficult to make long-term predictions (next few months) without more data, but it is possible that the region may experience a rebound in precipitation levels as the seasons change.;Based on the current trend, it is likely that the contiguous U.S. will continue to experience below-average precipitation in the short-term future (next 1-4 weeks).",search,2011-09-05,2011-09-11,1,31
20110913,Total,62.08,37.92,25.86,20.16,15.49,9.81,2011-09-13,2011-09-19,1,2011-09-13,2011-09-13,2011-09-19,The drought footprint shrank slightly across the contiguous U.S. during September 2011.,"The long-term precipitation patterns in the contiguous U.S. are influenced by various climate factors, including ocean temperatures and atmospheric moisture transports. It is difficult to make specific predictions, but it is likely that the region will continue to experience fluctuations in precipitation patterns.;Based on the decrease in drought conditions, it is possible that the next 1-4 weeks may experience above-average precipitation in the contiguous U.S.",search,2011-09-12,2011-09-18,1,31
20110920,Total,64.09,35.91,25.53,19.78,15.03,9.48,2011-09-20,2011-09-26,1,2011-09-20,2011-09-20,2011-09-26,"The Tropical Rainfall Measuring Mission (TRMM) is a research mission that focuses on precipitation and associated storms and climate processes in the tropics, and provides data to operational weather agencies in the U.S. and around the world.","Long-term predictions are also difficult to make, but it is possible that the southwestern United States may experience changes in monsoon precipitation patterns due to climate change.;Short-term predictions are difficult to make without more specific data, but it is possible that the southeastern United States may experience heavy precipitation due to tropical storms.",search,2011-09-19,2011-09-25,1,31
20110927,Total,63.45,36.55,24.42,19.61,14.88,9.5,2011-09-27,2011-10-03,1,2011-09-27,2011-09-27,2011-10-03,The National Mosaic and Multi-Sensor QPE (NMQ) System provides real-time weather and precipitation products for the conterminous United States at a 1-km horizontal resolution and 2.5-minute update cycle.,NA;NA,search,2011-09-26,2011-10-02,1,31
20111004,Total,62.35,37.65,25.14,19.88,15.04,9.77,2011-10-04,2011-10-10,1,2011-10-04,2011-10-04,2011-10-10,The contiguous United States experienced a 22nd-ranked average snow extent in October 2011.,NA;NA,search,2011-10-03,2011-10-09,1,31
20111011,Total,64.6,35.4,25.54,19.96,14.31,8.15,2011-10-11,2011-10-17,1,2011-10-11,2011-10-11,2011-10-17,"The contiguous United States experiences a range of precipitation patterns, with higher precipitation in the central and southern parts of the country.","In the long term, it is possible that climate change will lead to changes in precipitation patterns in the contiguous United States, with potential for increased intensity and frequency of extreme events.;In the short term, it is likely that precipitation patterns in the contiguous United States will continue to be influenced by seasonal and geographic factors, with potential for extreme events in certain regions.",search,2011-10-10,2011-10-16,1,31
20111018,Total,65.85,34.15,25.04,19.82,14.57,8.28,2011-10-18,2011-10-24,1,2011-10-18,2011-10-18,2011-10-24,The contiguous United States has an area of 8 million square kilometers.,"In the long-term future, climate change may lead to increased extreme weather events, including heavy precipitation events, in the contiguous United States.;In the short-term future, it is likely that drought conditions will continue in the Pacific southwest, with potential impacts on precipitation patterns in other regions.",search,2011-10-17,2011-10-23,1,31
20111025,Total,65.54,34.46,25.39,20.04,14.43,7.98,2011-10-25,2011-10-31,1,2011-10-25,2011-10-25,2011-10-31,"Objective facts about the Monthly Contiguous U.S. Precipitation situation: The contiguous U.S. experienced near-average precipitation in October 2011, ranking 51st driest since 1895. However, regional extremes were observed, with parts of the Southern Plains and Southeast receiving beneficial rainfall, while the Upper Midwest and Plains areas experienced dryness.","Long-term predictions: In the long term (next 4-12 months), the drought conditions are likely to persist in the Southwest and Southern Plains, with possible expansion into other regions. However, the Upper Midwest and Plains areas may experience some improvement if normal to above-normal precipitation occurs. Here is the filtered information relevant to predicting Monthly Contiguous U.S. Precipitation:;Short-term predictions: Based on the current trends, it is likely that the drought conditions will persist in the Southwest, Southern Plains, and Southeast in the short term (next 1-3 months). However, there is a possibility of improvement in the Upper Midwest and Plains areas if above-normal precipitation occurs.",report,2011-10-01,2011-10-31,0,31
20111101,Total,63.88,36.12,27.32,20.38,14.82,7.4,2011-11-01,2011-11-07,1,2011-11-01,2011-11-01,2011-11-07,"The contiguous United States experienced a drought in 2011, which affected residential energy demand and had an impact on the environment.",NA;NA,search,2011-10-31,2011-11-06,1,31
20111108,Total,62.95,37.05,27.8,20.08,14.63,7.34,2011-11-08,2011-11-14,1,2011-11-08,2011-11-08,2011-11-14,"The dataset ""Precipitation Fields for the Contiguous United States from 1951 to Present"" is available from the North Carolina Institute for Climate Studies.",NA;NA,search,2011-11-07,2011-11-13,1,31
20111115,Total,63.18,36.82,26.74,20.08,14.39,7.27,2011-11-15,2011-11-21,1,2011-11-15,2011-11-15,2011-11-21,The Superior National Forest is in the Warm Continental Division and receives precipitation.,NA;NA,search,2011-11-14,2011-11-20,1,31
20111122,Total,63.91,36.09,26.15,19.42,13.8,6.78,2011-11-22,2011-11-28,1,2011-11-22,2011-11-22,2011-11-28,"The contiguous United States is a region of interest in various studies, including climate change, land use, and water quality.",NA;NA,search,2011-11-21,2011-11-27,1,31
20111129,Total,65.58,34.42,24.61,18.33,12.51,5.0,2011-11-29,2011-12-05,1,2011-11-29,2011-11-29,2011-12-05,"In November 2011, precipitation totals across the contiguous United States were above average, but near the long-term average for the autumn season.","In the long term, climate models suggest that much of the continental United States may experience a normal state of drought, with increased evapotranspiration and decreased rainfall.;In the short term, it is likely that precipitation will continue to be above average in some regions, while others may experience lingering drought conditions.",search,2011-11-28,2011-12-04,1,31
20111206,Total,65.86,34.14,23.63,17.63,11.55,4.01,2011-12-06,2011-12-12,1,2011-12-06,2011-12-06,2011-12-12,The continental United States has a probability of well above or well below normal temperature and precipitation in December 2011.,NA;NA,search,2011-12-05,2011-12-11,1,31
20111213,Total,64.07,35.93,23.52,17.47,10.75,3.83,2011-12-13,2011-12-19,1,2011-12-13,2011-12-13,2011-12-19,"The average contiguous U.S. temperature for December 2011 was above normal, with above-normal precipitation in 18 states, including Kansas (5th wettest) and Arkansas.","In the long term, the trend of above-normal precipitation in the contiguous U.S. may continue, potentially leading to increased flooding and waterlogging issues.;Based on the current trend, it is likely that the contiguous U.S. will experience above-normal precipitation in the next 1-4 weeks, with a possibility of more rain than snow.",search,2011-12-12,2011-12-18,1,31
20111220,Total,64.18,35.82,23.09,16.24,9.34,3.66,2011-12-20,2011-12-26,1,2011-12-20,2011-12-20,2011-12-26,The contiguous United States has a continental climate with varying precipitation patterns across different regions.,NA;NA,search,2011-12-19,2011-12-25,1,31
20111227,Total,58.87,41.13,23.89,15.89,8.37,2.76,2011-12-27,2012-01-02,1,2011-12-27,2011-12-27,2012-01-02,"During January 2012, the contiguous United States experienced above-average temperatures and below-average precipitation.","In the long-term, it is possible that the contiguous United States will experience a shift towards drier conditions, leading to increased risk of drought and wildfires. However, more data is needed to confirm this prediction.;In the short-term, it is likely that the contiguous United States will continue to experience below-average precipitation, leading to drier conditions and increased risk of wildfires.",search,2011-12-26,2012-01-01,1,31
20120103,Total,58.47,41.53,26.73,15.78,8.51,2.77,2012-01-03,2012-01-09,1,2012-01-03,2012-01-03,2012-01-09,The average contiguous U.S. precipitation totals were mixed across the United States during January 2012.,"In the long-term future (next few months), it is possible that climate patterns such as El Niño or La Niña may influence precipitation patterns in the contiguous United States, leading to more predictable and widespread trends.;It is likely that precipitation patterns in the short-term future (next 1-4 weeks) will continue to be variable across the United States, with some regions experiencing above-average precipitation and others experiencing below-average precipitation.",search,2012-01-02,2012-01-08,1,31
20120110,Total,55.03,44.97,27.28,15.78,8.16,2.2,2012-01-10,2012-01-16,1,2012-01-10,2012-01-10,2012-01-16,"The Standard Precipitation Index (SPI) is used to measure drought conditions, with a 36-week SPI being one of the indices used.",NA;NA,search,2012-01-09,2012-01-15,1,31
20120117,Total,52.33,47.67,27.25,15.73,8.53,2.31,2012-01-17,2012-01-23,1,2012-01-17,2012-01-17,2012-01-23,"The contiguous United States (CONUS) average annual temperature in 2011 was 53.8 degrees F (12.1 degrees C), making it the 23rd warmest year on record.",NA;NA,search,2012-01-16,2012-01-22,1,31
20120124,Total,51.22,48.78,30.34,15.46,8.19,2.29,2012-01-24,2012-01-30,1,2012-01-24,2012-01-24,2012-01-30,The average rainfall across the contiguous United States in January 2012 was 21 mm (0.83 inch).,"The long-term trend of increased temperatures and changing precipitation patterns due to global warming may lead to more frequent and intense precipitation events in the contiguous United States over the next few months. Note: The provided search results did not yield much information directly related to predicting Monthly Contiguous U.S. Precipitation. The summaries above are based on the limited relevant information available.;Based on the historical data, it is likely that the southern United States will continue to experience above-average rainfall in the short term (next 1-4 weeks).",search,2012-01-23,2012-01-29,1,31
20120131,Total,51.25,48.75,31.73,15.44,8.03,2.66,2012-01-31,2012-02-06,1,2012-01-31,2012-01-31,2012-02-06,"The contiguous United States has national standards for rainfall intensity at specified frequencies and durations, as set by the National Weather Service (NWS).",NA;NA,search,2012-01-30,2012-02-05,1,31
20120207,Total,52.2,47.8,31.73,15.1,7.67,2.63,2012-02-07,2012-02-13,1,2012-02-07,2012-02-07,2012-02-13,"December 2011 was one of the driest Decembers on record in the continental United States, particularly short on snowfall, and also among the warmest.","For the next few months, it is possible that the contiguous United States will experience a continuation of the current climate pattern, with warmer temperatures and below-average precipitation, although this is highly uncertain.;For the next 1-4 weeks, it is likely that the contiguous United States will continue to experience warmer-than-average temperatures and below-average precipitation.",search,2012-02-06,2012-02-12,1,31
20120214,Total,51.94,48.06,31.69,15.07,7.79,2.69,2012-02-14,2012-02-20,1,2012-02-14,2012-02-14,2012-02-20,"The middle of the country experienced above-average precipitation in February 2012. At the beginning of the month, 19.2 percent of the contiguous U.S. was snow-covered.","The long-term future (next few months) may see a continuation of the pattern of increased precipitation in the contiguous U.S., potentially leading to increased flood vulnerability.;Based on the current situation, it is likely that the contiguous U.S. will continue to experience above-average precipitation in the short-term future (next 1-4 weeks).",search,2012-02-13,2012-02-19,1,31
20120221,Total,52.02,47.98,31.78,14.54,6.39,2.03,2012-02-21,2012-02-27,1,2012-02-21,2012-02-21,2012-02-27,"The National Weather Service notes that La Nina can impact winter weather in the central and eastern United States, leading to precipitation and snowfall anomalies across the continental United States.","In the long-term future (next few months), it is possible that the effects of La Nina will persist, leading to continued anomalies in Monthly Contiguous U.S. Precipitation, although the intensity and duration of these effects are uncertain.;In the short-term future (next 1-4 weeks), it is likely that La Nina will continue to impact winter weather in the central and eastern United States, leading to potential anomalies in Monthly Contiguous U.S. Precipitation.",search,2012-02-20,2012-02-26,1,31
20120228,Total,51.83,48.17,32.38,16.36,6.39,2.09,2012-02-28,2012-03-05,1,2012-02-28,2012-02-28,2012-03-05,"The contiguous United States experienced above-average precipitation in February 2012, particularly in the central region, from the Ohio Valley into the Southern Plains.","In the long-term future (next few months), it is possible that the contiguous United States will experience a shift in precipitation patterns, potentially leading to increased precipitation in the western regions and continued dryness in the eastern regions. Note: The information provided is limited to a specific time period (February-March 2012) and may not be representative of current or future precipitation patterns.;In the short-term future (next 1-4 weeks), it is likely that the precipitation patterns will continue to vary across the contiguous United States, with some regions experiencing increased precipitation and others remaining dry.",search,2012-02-27,2012-03-04,1,31
20120306,Total,52.12,47.88,32.68,16.18,6.06,2.04,2012-03-06,2012-03-12,1,2012-03-06,2012-03-06,2012-03-12,"The contiguous United States experienced a record-breaking year for climate extremes in 2011, with historic levels of heat and precipitation.",NA Note: The provided search results do not contain sufficient information to make predictions about Monthly Contiguous U.S. Precipitation. The results are mostly unrelated to precipitation or are too general to be useful for making predictions.;NA,search,2012-03-05,2012-03-11,1,31
20120313,Total,51.24,48.76,33.3,17.49,6.1,2.02,2012-03-13,2012-03-19,1,2012-03-13,2012-03-13,2012-03-19,"The contiguous United States experienced a mild winter in 2011-2012, with an average temperature ranking as the 4th warmest on record.","Based on the current trend, it is possible that the next few months will experience increased temperatures and altered precipitation patterns, potentially leading to drought or other extreme weather events. Note: There is limited information directly related to predicting Monthly Contiguous U.S. Precipitation in the provided search results. The above summary is based on the available information and may not provide a comprehensive picture of the situation.;It is likely that the next 1-4 weeks will continue to experience above-average temperatures, potentially leading to changes in precipitation patterns.",search,2012-03-12,2012-03-18,1,31
20120320,Total,53.05,46.95,32.09,16.09,5.76,1.84,2012-03-20,2012-03-26,1,2012-03-20,2012-03-20,2012-03-26,The contiguous United States experienced warmer-than-average land surface temperatures in March 2012.,NA;NA,search,2012-03-19,2012-03-25,1,31
20120327,Total,52.75,47.25,30.09,16.27,5.63,1.8,2012-03-27,2012-04-02,1,2012-03-27,2012-03-27,2012-04-02,The contiguous United States experienced its fourth smallest March snow cover extent on record in 2012.,"In the long-term, the trend towards warmer temperatures and changing precipitation patterns is likely to continue, leading to more frequent droughts and extreme weather events in the contiguous United States.;In the short-term, it is likely that the contiguous United States will continue to experience above-average temperatures and below-average precipitation, leading to dry conditions.",search,2012-03-26,2012-04-01,1,31
20120403,Total,49.67,50.33,30.79,16.47,5.57,1.61,2012-04-03,2012-04-09,1,2012-04-03,2012-04-03,2012-04-09,The contiguous United States experienced warmer-than-average temperatures and drought conditions in April 2012.,"NA;It is likely that the contiguous United States will continue to experience drought conditions and warmer temperatures in the short-term future (next 1-4 weeks), potentially leading to below-average precipitation.",search,2012-04-02,2012-04-08,1,31
20120410,Total,49.04,50.96,32.11,16.87,5.64,1.72,2012-04-10,2012-04-16,1,2012-04-10,2012-04-10,2012-04-16,"The nationally-averaged temperature in April 2012 was 55.7 degrees F, 3.6 degrees above average.",NA;NA,search,2012-04-09,2012-04-15,1,31
20120417,Total,50.23,49.77,30.94,16.43,5.5,1.58,2012-04-17,2012-04-23,1,2012-04-17,2012-04-17,2012-04-23,"The United States is a huge country with widely varying climates, and precipitation patterns vary across regions.","Projections of future climates in the United States suggest that changes in precipitation patterns may continue, with potential impacts on ecosystems and human societies.;NA",search,2012-04-16,2012-04-22,1,31
20120424,Total,50.25,49.75,31.05,16.73,5.58,1.55,2012-04-24,2012-04-30,1,2012-04-24,2012-04-24,2012-04-30,"Objective facts about the Monthly Contiguous U.S. Precipitation situation: April 2012 was the 3rd warmest on record and 41st driest, based on data back to 1895. The Palmer Drought Index indicates that drought conditions improved in the Northwest but intensified in the Southwest, Southeast, Upper Midwest, and Central Rockies. The Standardized Precipitation Index (SPI) shows that the Pacific Northwest had wet SPI values at 1, 2, 3, and 24 months.","Long-term predictions (next 4-12 months): Drought conditions may persist in the Southwest and Southeast, while the Northwest may experience continued wet conditions. The Northeast and Ohio Valley may experience continued dryness, leading to drought expansion. Note: indicates a direct quote from the original report, while indicates an analysis or insight based on the report. Here is the filtered information useful for making predictions about Monthly Contiguous U.S. Precipitation:;Short-term predictions (next 1-3 months): Dry conditions may persist in the Southwest, Southeast, and Central Rockies, while the Northwest may continue to experience wet conditions. There is a possibility of drought expansion in the Northeast and Ohio Valley.",report,2012-04-01,2012-04-30,0,31
20120501,Total,50.33,49.67,31.98,17.09,5.79,1.61,2012-05-01,2012-05-07,1,2012-05-01,2012-05-01,2012-05-07,The Rocky Mountain Area Climate Outlook reported that less than 50% of average precipitation was widespread west of the Continental Divide in April.,"Long-term predictions are difficult to make, but it is possible that the North American Monsoon will continue to influence precipitation patterns in the southwestern US and northwestern Mexico. Note: The search results did not provide a comprehensive overview of Monthly Contiguous U.S. Precipitation, and most of the results were not directly relevant to the topic. Therefore, the summary is limited, and some parts may be incomplete or marked as ""NA"".;Based on the current trend, it is likely that precipitation levels will remain below average in the short term, especially in regions west of the Continental Divide.",search,2012-04-30,2012-05-06,1,31
20120508,Total,53.01,46.99,30.05,16.46,5.67,1.34,2012-05-08,2012-05-14,1,2012-05-08,2012-05-08,2012-05-14,"The contiguous United States experienced drought conditions in the spring of 2012, with the Northeast region joining the drought in May 2012.","Climate change projections suggest that temperature and precipitation patterns may change in the future, potentially impacting freshwater recreational fishing in the contiguous United States. Note: The available information is limited to a specific time period (May 2012) and does not provide sufficient data to make short-term predictions. The long-term prediction is based on a climate change projection, which may not be directly applicable to monthly contiguous U.S. precipitation.;NA (no information available to make short-term predictions)",search,2012-05-07,2012-05-13,1,31
20120515,Total,54.12,45.88,28.18,15.41,4.78,0.85,2012-05-15,2012-05-21,1,2012-05-15,2012-05-15,2012-05-21,"Average U.S. precipitation has increased, and the contiguous United States has experienced more extreme precipitation events.","In the long-term future (next few months), it's possible that the contiguous United States will continue to experience an overall increase in precipitation, with a greater frequency of extreme events.;In the short-term future (next 1-4 weeks), it's likely that the contiguous United States will continue to experience varying levels of precipitation, with some areas experiencing more extreme events.",search,2012-05-14,2012-05-20,1,31
20120522,Total,47.83,52.17,29.58,16.31,4.98,0.8,2012-05-22,2012-05-28,1,2012-05-22,2012-05-22,2012-05-28,The May 2012 national climate report for the United States showed that precipitation patterns across the contiguous U.S. were scarce in the central portions of the country.,"It is possible that the dry spell may persist into the next few months, potentially leading to drought conditions in the affected regions. Note: The other search results were not relevant to predicting Monthly Contiguous U.S. Precipitation and were therefore discarded.;Based on the current trend, it is likely that the next 1-4 weeks will continue to see below-average precipitation in the central regions of the contiguous U.S.",search,2012-05-21,2012-05-27,1,31
20120529,Total,46.4,53.6,31.31,15.87,4.38,0.55,2012-05-29,2012-06-04,1,2012-05-29,2012-05-29,2012-06-04,"Historical temperature, precipitation, and Palmer drought data from 1895 to present for climate divisions, states, and regions in the contiguous U.S. are available.",NA;NA,search,2012-05-28,2012-06-03,1,31
20120605,Total,46.4,53.6,32.34,15.85,3.86,0.5,2012-06-05,2012-06-11,1,2012-06-05,2012-06-05,2012-06-11,"The first six months of 2012 were drier than average for much of the contiguous U.S., with a nationally-averaged precipitation.","The long-term future (next few months) may see a continuation of the dry and hot pattern, potentially leading to more severe droughts and heat waves in the contiguous U.S.;Based on the current trend, it is likely that the contiguous U.S. will continue to experience dry and hot conditions in the short-term future (next 1-4 weeks).",search,2012-06-04,2012-06-10,1,31
20120612,Total,47.62,52.38,33.24,16.04,3.29,0.24,2012-06-12,2012-06-18,1,2012-06-12,2012-06-12,2012-06-18,"The contiguous United States experienced the warmest June recorded in 2012, with intense precipitation increasing by over 20 percent over the past century.","In the long-term future (next few months), the contiguous United States may continue to experience rising temperatures and changing precipitation patterns, leading to more frequent and severe weather events, such as droughts, heatwaves, and heavy rainfall.;Based on the current trends, it is likely that the contiguous United States will experience above-average precipitation in the short-term future (next 1-4 weeks), potentially leading to flash flooding and other weather-related hazards.",search,2012-06-11,2012-06-17,1,31
20120619,Total,39.42,60.58,39.12,20.32,4.35,0.24,2012-06-19,2012-06-25,1,2012-06-19,2012-06-19,2012-06-25,The contiguous United States has sufficient moisture to produce thunderstorm clouds and precipitation in the summertime.,"Given the ongoing climate patterns, it is possible that the contiguous United States will experience more frequent and severe heatwaves and droughts in the long term (next few months), which may impact precipitation patterns.;Based on the current trends, it is likely that the contiguous United States will continue to experience above-average temperatures and below-average precipitation in the short term (next 1-4 weeks).",search,2012-06-18,2012-06-24,1,31
20120626,Total,32.89,67.11,42.81,25.72,7.15,0.34,2012-06-26,2012-07-02,1,2012-06-26,2012-06-26,2012-07-02,"Historical temperature, precipitation, and Palmer drought data from 1895 to present for climate divisions, states, and regions in the contiguous U.S. are available.","It is possible that the contiguous U.S. will experience more extreme rainfall events in the coming months, as suggested by the trends of extreme rainfall indices over the Contiguous USA.;Based on the current situation, it is likely that some regions in the contiguous U.S. will experience heavy rainfall in the next 1-4 weeks, while others may continue to experience drought.",search,2012-06-25,2012-07-01,1,31
20120703,Total,29.29,70.71,46.84,28.66,8.64,0.5,2012-07-03,2012-07-09,1,2012-07-03,2012-07-03,2012-07-09,"The January-June period in 2012 was the warmest first half of any year on record for the contiguous United States, with a national temperature of 52.9°F, 4.5°F above average.",NA;NA,search,2012-07-02,2012-07-08,1,31
20120710,Total,28.3,71.7,50.92,31.11,9.71,0.62,2012-07-10,2012-07-16,1,2012-07-10,2012-07-10,2012-07-16,"The contiguous United States experienced its warmest July on record in 2012, with an average temperature 3.3°F above the 20th century average.","In the long-term, the trend of increasing temperatures and changing precipitation patterns may continue, leading to more frequent and severe droughts and heatwaves in the contiguous United States.;In the short-term, the drought and heatwave may continue to persist, with little to no relief in terms of precipitation.",search,2012-07-09,2012-07-15,1,31
20120717,Total,27.62,72.38,53.18,35.33,11.32,0.83,2012-07-17,2012-07-23,1,2012-07-17,2012-07-17,2012-07-23,"In July 2012, most of the contiguous 48 states in the US experienced conditions ranging from abnormally dry to exceptional drought.","While it is difficult to make long-term predictions, the possible impact of climate change on droughts in the US suggests that the country may experience more frequent or severe droughts in the future.;Based on the current drought conditions, it is likely that the contiguous US will experience below-average precipitation in the short-term future (next 1-4 weeks).",search,2012-07-16,2012-07-22,1,31
20120724,Total,28.19,71.81,53.45,38.12,17.2,1.99,2012-07-24,2012-07-30,1,2012-07-24,2012-07-24,2012-07-30,"As of July 24, 2012, 55% of the contiguous United States was under moderate to extreme drought, and 80% of the county had abnormally dry or worse conditions.","In the next few months, the drought conditions may continue to affect the contiguous United States, potentially leading to long-term consequences for the environment and human activities.;In the next 1-4 weeks, it is likely that the drought conditions will persist or worsen without significant precipitation.",search,2012-07-23,2012-07-29,1,31
20120731,Total,28.77,71.23,52.66,38.12,18.62,2.52,2012-07-31,2012-08-06,1,2012-07-31,2012-07-31,2012-08-06,"The contiguous United States experienced moderate-to-extreme drought in July 2012, with below-average precipitation totals.","As global warming continues to increase, it is predicted that droughts will become more frequent and severe in the contiguous United States, leading to more extreme precipitation events.;Based on the current drought conditions, it is likely that the contiguous United States will continue to experience below-average precipitation totals in the short-term future (next 1-4 weeks).",search,2012-07-30,2012-08-05,1,31
20120807,Total,29.81,70.19,52.28,38.49,20.18,3.51,2012-08-07,2012-08-13,1,2012-08-07,2012-08-07,2012-08-13,"The contiguous U.S. was drier than average in July 2012, with a nationally-averaged precipitation total below average.",NA;NA,search,2012-08-06,2012-08-12,1,31
20120814,Total,30.19,69.81,51.71,38.1,19.8,5.23,2012-08-14,2012-08-20,1,2012-08-14,2012-08-14,2012-08-20,"As of August 2012, about 62 percent of the contiguous United States was in some state of drought, with another 16 percent ranking as “abnormally dry.”",NA;NA,search,2012-08-13,2012-08-19,1,31
20120821,Total,30.53,69.47,52.9,36.84,19.24,5.27,2012-08-21,2012-08-27,1,2012-08-21,2012-08-21,2012-08-27,"The 2012 U.S. drought worsened in August 2012, with 81% of the contiguous United States experiencing at least abnormally dry conditions.",NA;NA,search,2012-08-20,2012-08-26,1,31
20120828,Total,30.18,69.82,52.64,35.42,19.38,5.05,2012-08-28,2012-09-03,1,2012-08-28,2012-08-28,2012-09-03,"Historical temperature, precipitation, and Palmer drought data from 1895 to present for climate divisions, states, and regions in the contiguous U.S. are available.",NA;NA,search,2012-08-27,2012-09-02,1,31
20120904,Total,30.37,69.63,53.07,35.54,17.94,5.13,2012-09-04,2012-09-10,1,2012-09-04,2012-09-04,2012-09-10,"The contiguous United States experienced its third-hottest summer on record in 2012, with August being a particularly hot and dry month.","The long-term precipitation patterns in the contiguous United States may be influenced by the ongoing drought and heat wave, potentially leading to a continuation of below-average precipitation in the next few months.;Based on the current drought and heat wave conditions, it is likely that the contiguous United States will experience below-average precipitation in the next 1-4 weeks.",search,2012-09-03,2012-09-09,1,31
20120911,Total,29.48,70.52,53.7,34.98,17.64,5.2,2012-09-11,2012-09-17,1,2012-09-11,2012-09-11,2012-09-17,"The contiguous United States experienced a severe drought in 2012, with over 63% of the area suffering from moderate to exceptional drought in early September.",NA;NA,search,2012-09-10,2012-09-16,1,31
20120918,Total,29.8,70.2,54.26,34.36,17.35,4.98,2012-09-18,2012-09-24,1,2012-09-18,2012-09-18,2012-09-24,The Southeast region of the contiguous United States has greater measures of rainfall erosive power compared to other parts of the country.,NA;NA,search,2012-09-17,2012-09-23,1,31
20120925,Total,31.1,68.9,54.78,35.24,17.97,5.12,2012-09-25,2012-10-01,1,2012-09-25,2012-09-25,2012-10-01,"The contiguous United States experienced drought in September 2012, with 57.2% of the area in some sort of drought condition according to the Palmer Drought Severity Index (PDSI) .","Given the historical climate data and trends, it is possible that the contiguous United States will experience continued drought and warm temperatures in the long-term (next few months), leading to below-average precipitation .;Based on the drought conditions and warm temperatures in September 2012, it is likely that precipitation will be below average in the short-term (next 1-4 weeks) .",search,2012-09-24,2012-09-30,1,31
20121002,Total,31.69,68.31,54.05,33.52,16.83,5.07,2012-10-02,2012-10-08,1,2012-10-02,2012-10-02,2012-10-08,"Nearly two-thirds of the contiguous United States was experiencing some level of drought by the end of August 2012, according to the U.S. Drought Monitor.","The larger trend of drought patterns in the contiguous U.S. may continue in the long-term (next few months), leading to below-average precipitation.;Based on the current drought situation, it is likely that precipitation will be below average in the short-term (next 1-4 weeks).",search,2012-10-01,2012-10-07,1,31
20121009,Total,30.99,69.01,53.18,33.39,16.86,5.17,2012-10-09,2012-10-15,1,2012-10-09,2012-10-09,2012-10-15,"The contiguous United States experienced its third hottest summer on record in 2012, according to NCDC's State of the Climate report.",NA;NA,search,2012-10-08,2012-10-14,1,31
20121016,Total,32.45,67.55,52.22,32.49,15.96,4.88,2012-10-16,2012-10-22,1,2012-10-16,2012-10-16,2012-10-22,"Nearly two-thirds (63.55%) of the contiguous U.S. remained in drought as of October 9, 2012.","In the long term, climate change is likely to lead to changes in precipitation patterns, with some areas experiencing more frequent and intense rainfall events. Note: The information provided is limited and does not provide a clear picture of the monthly contiguous U.S. precipitation patterns. Therefore, the insights and predictions are based on general knowledge and may not be specific to the current situation.;In the short term, precipitation patterns are likely to be influenced by tropical cyclones and weather systems, which may bring heavy rainfall to certain areas.",search,2012-10-15,2012-10-21,1,31
20121023,Total,32.98,67.02,51.72,32.33,16.33,4.88,2012-10-23,2012-10-29,1,2012-10-23,2012-10-23,2012-10-29,"The contiguous United States experienced very slight drought improvement in October 2012, with some rainfall in the eastern U.S.","It is difficult to make long-term predictions about Monthly Contiguous U.S. Precipitation based on the available information. However, the availability of hourly rainfall records and climate maps can be useful for making predictions about future precipitation patterns.;Based on the slight drought improvement in October 2012, it is possible that the contiguous U.S. may experience more rainfall in the next 1-4 weeks.",search,2012-10-22,2012-10-28,1,31
20121030,Total,34.22,65.78,50.36,32.02,15.93,4.92,2012-10-30,2012-11-05,1,2012-10-30,2012-10-30,2012-11-05,"Historical temperature, precipitation, and Palmer drought data from 1895 to present for climate divisions, states, and regions in the contiguous U.S. are available.","In the long-term, it is possible that the contiguous United States will experience a shift towards wetter conditions, particularly in the spring and summer months. Note: The information provided is limited, and the predictions are based on general knowledge and patterns. More specific and accurate predictions require more detailed and up-to-date data.;In the short-term, it is likely that the warm and dry conditions will continue, with a possibility of drought expansion in some regions.",search,2012-10-29,2012-11-04,1,31
20121106,Total,34.48,65.52,49.8,31.85,16.19,5.16,2012-11-06,2012-11-12,1,2012-11-06,2012-11-06,2012-11-12,"The contiguous United States was experiencing moderate-to-exceptional drought in 60.2% of the area as of October 30, 2012.",NA;NA,search,2012-11-05,2012-11-11,1,31
20121113,Total,34.54,65.46,49.25,30.11,15.31,5.02,2012-11-13,2012-11-19,1,2012-11-13,2012-11-13,2012-11-19,"The average temperature for the contiguous U.S. as of October 30, 2012, was not specified, but 60.2 percent of the contiguous U.S. was experiencing drought.",NA;NA,search,2012-11-12,2012-11-18,1,31
20121120,Total,33.44,66.56,50.31,31.67,15.93,5.24,2012-11-20,2012-11-26,1,2012-11-20,2012-11-20,2012-11-26,The Continental United States has experienced an increase in precipitation due to irrigation over the Great Plains.,"The long-term predictions are uncertain, but most climate models suggest increased drying in most of the United States, except for the southwestern United States and parts of the Northwest.;Based on the increase in precipitation over the Great Plains, it is possible that the region will continue to experience above-average precipitation in the short term.",search,2012-11-19,2012-11-25,1,31
20121127,Total,28.81,71.19,52.44,34.76,16.83,5.34,2012-11-27,2012-12-03,1,2012-11-27,2012-11-27,2012-12-03,"The contiguous United States experienced severe drought in 2012, with nearly two-thirds of the country (65.5%) considered to be in moderate to extreme drought conditions.","Long-term predictions suggest that the contiguous U.S. may experience more frequent and severe droughts due to climate change, with potential for significant impacts on ecosystems and human societies.;In the short-term, it is likely that drought conditions will persist in the southern Plains and other affected regions, with potential for further exacerbation of water scarcity and agricultural losses.",search,2012-11-26,2012-12-02,1,31
20121204,Total,28.65,71.35,52.24,35.32,17.25,5.43,2012-12-04,2012-12-10,1,2012-12-04,2012-12-04,2012-12-10,"The Puget Lowland Ecoregion receives an average annual precipitation of 800-900 mm, with some areas receiving as little as 460 mm.",NA;NA,search,2012-12-03,2012-12-09,1,31
20121211,Total,30.56,69.44,51.82,35.63,17.62,5.43,2012-12-11,2012-12-17,1,2012-12-11,2012-12-11,2012-12-17,"The contiguous United States experienced warm and dry conditions in November 2012, with 22 states having monthly precipitation totals ranking among their ten driest.","The decreasing winter snow-to-precipitation ratio and warm temperatures may indicate a long-term trend towards drier winters and more extreme precipitation events in the contiguous United States.;Based on the current patterns, it is likely that the contiguous United States will continue to experience dry conditions in the short term, potentially exacerbating drought conditions.",search,2012-12-10,2012-12-16,1,31
20121218,Total,30.65,69.35,51.74,35.56,18.12,5.54,2012-12-18,2012-12-24,1,2012-12-18,2012-12-18,2012-12-24,"The contiguous U.S. experienced a warm year in 2012, with an average temperature of 57.1°, 3.3° above normal.","In the long-term, the warm and dry conditions may persist, leading to continued drought and potentially impacting water quality and streamflow in the contiguous United States.;In the short-term, the southern United States may experience rain due to the high-pressure weather pattern, potentially alleviating drought conditions.",search,2012-12-17,2012-12-23,1,31
20121225,Total,27.68,72.32,51.76,35.52,18.06,5.62,2012-12-25,2012-12-31,1,2012-12-25,2012-12-25,2012-12-31,"** Objective facts about the Monthly Contiguous U.S. Precipitation situation: * December 2012 ranked as the 20th wettest December in the 118-year record. * Precipitation did arrest further deterioration on a national scale — the national moderate to exceptional drought footprint decreased from 62.7 percent at the end of November to 61.1 percent at the end of December. * The Palmer Drought Index, which goes back to the beginning of the 20th century, showed that 51.8 percent of the contiguous U.S. was in moderate to extreme drought at the end of December, a decrease of about 8 percent compared to last month. **","** Predictions you can make for the long-term future (next 4-12 months): * The drought situation is likely to persist in many areas, with some regions potentially experiencing longer-term drought conditions. * The development of El Niño or La Niña events could significantly impact the drought situation in the U.S. Here is the filtered information relevant to predicting Monthly Contiguous U.S. Precipitation:;** Predictions you can make for the short-term future (next 1-3 months): * It is likely that the drought situation will continue to evolve, with some areas potentially experiencing further relief while others may worsen. * The precipitation patterns in the next few months will play a crucial role in determining the trajectory of the drought. **",report,2012-12-01,2012-12-31,0,31
20130101,Total,28.56,71.44,51.45,35.18,17.82,5.64,2013-01-01,2013-01-07,1,2013-01-01,2013-01-01,2013-01-07,"The contiguous United States experienced a warm year in 2012, with temperature anomalies across the region.","In the long term (next few months), it is possible that the contiguous United States will experience a shift in precipitation patterns, potentially leading to increased rainfall in certain regions and decreased rainfall in others.;In the short term (next 1-4 weeks), it is likely that the contiguous United States will continue to experience varying levels of precipitation, with some regions receiving above-average rainfall and others experiencing below-average rainfall.",search,2012-12-31,2013-01-06,1,31
20130108,Total,29.45,70.55,50.74,34.89,17.4,5.6,2013-01-08,2013-01-14,1,2013-01-08,2013-01-08,2013-01-14,"The contiguous United States experienced a record-warm year in 2012, with an average temperature of 55.3°F.",NA;NA,search,2013-01-07,2013-01-13,1,31
20130115,Total,30.78,69.22,49.58,33.72,16.22,5.27,2013-01-15,2013-01-21,1,2013-01-15,2013-01-15,2013-01-21,The contiguous United States had warmer-than-average temperatures in 2012.,"In the long-term, the contiguous United States may experience more frequent extreme weather events, leading to changes in precipitation patterns.;In the short-term, precipitation patterns in the contiguous United States may continue to be affected by the lingering drought and extreme weather events.",search,2013-01-14,2013-01-20,1,31
20130122,Total,31.09,68.91,48.55,33.53,16.15,5.31,2013-01-22,2013-01-28,1,2013-01-22,2013-01-22,2013-01-28,"The contiguous United States experienced drought in 2012, with 65.5% of the area affected in September.","Long-term predictions are uncertain, but the influence of climate change on precipitation patterns may lead to increased variability and extremes in the contiguous United States.;Based on the current trend, it is likely that the contiguous United States will continue to experience drought in the short-term, with potential for slight improvements.",search,2013-01-21,2013-01-27,1,31
20130129,Total,31.13,68.87,48.59,33.99,16.19,5.32,2013-01-29,2013-02-04,1,2013-01-29,2013-01-29,2013-02-04,"The contiguous United States experienced above-average precipitation in January 2013, with a total of 64 percent above average.","In the long-term future (next few months), it is possible that the contiguous United States will experience more frequent and intense precipitation events due to climate change, which could lead to increased flooding and drought relief.;It is likely that the contiguous United States will continue to experience above-average precipitation in the short-term future (next 1-4 weeks), potentially leading to reduced drought conditions.",search,2013-01-28,2013-02-03,1,31
20130205,Total,33.76,66.24,47.86,33.58,15.97,5.72,2013-02-05,2013-02-11,1,2013-02-05,2013-02-05,2013-02-11,The nationally-averaged precipitation for February 2013 was not significantly above or below average.,"Without more specific data, it is difficult to make long-term predictions, but it is possible that seasonal patterns will influence precipitation levels in the coming months.;Based on the current situation, it is likely that precipitation levels will remain near-average for the next 1-4 weeks.",search,2013-02-04,2013-02-10,1,31
20130212,Total,35.49,64.51,46.94,31.58,14.81,5.52,2013-02-12,2013-02-18,1,2013-02-12,2013-02-12,2013-02-18,"The contiguous United States experienced a drought in 2012, with more than 60% of the area affected, making it the worst since the Dust Bowl in the 1930s.","In the long-term, it is possible that the contiguous United States will experience more frequent and severe droughts and extreme weather events, potentially leading to significant economic and environmental impacts.;In the short-term, it is likely that the drought will continue to affect the contiguous United States, potentially leading to further agricultural losses and water shortages.",search,2013-02-11,2013-02-17,1,31
20130219,Total,34.7,65.3,47.01,31.31,15.6,5.57,2013-02-19,2013-02-25,1,2013-02-19,2013-02-19,2013-02-25,The contiguous U.S. precipitation data is intended for the study of climate variability.,NA;NA,search,2013-02-18,2013-02-24,1,31
20130226,Total,35.09,64.91,45.63,30.42,14.18,4.55,2013-02-26,2013-03-04,1,2013-02-26,2013-02-26,2013-03-04,The Weather Prediction Center (WPC) forecasts precipitation amounts for the lower 48 United States for systems expected to impact the country over the next seven days.,NA;NA,search,2013-02-25,2013-03-03,1,31
20130305,Total,36.44,63.56,44.93,30.49,14.25,4.55,2013-03-05,2013-03-11,1,2013-03-05,2013-03-05,2013-03-11,"The contiguous United States experienced a warmer winter in 2012-2013, with below-average precipitation on the West Coast and above-average precipitation in the Southeast.","In the long-term future (next few months), it is possible that the trends of drought and heavy precipitation will continue, with some areas experiencing more extreme weather events. However, it is also possible that precipitation patterns will shift and change, leading to new trends and patterns.;In the short-term future (next 1-4 weeks), it is difficult to make predictions about monthly contiguous U.S. precipitation due to the mixed messages and varied patterns. However, it is likely that some areas will continue to experience drought, while others will experience heavy precipitation.",search,2013-03-04,2013-03-10,1,31
20130312,Total,37.93,62.07,43.3,29.24,13.8,4.41,2013-03-12,2013-03-18,1,2013-03-12,2013-03-12,2013-03-18,The changes in maximum values for the continental United States are approximately 20%–30% by 2071–2100 due to climate change.,"Based on the projected changes in maximum values due to climate change, Monthly Contiguous U.S. Precipitation may increase by 20%–30% by 2071–2100.;NA",search,2013-03-11,2013-03-17,1,31
20130319,Total,36.59,63.41,43.7,29.67,14.08,4.51,2013-03-19,2013-03-25,1,2013-03-19,2013-03-19,2013-03-25,"The contiguous United States experiences varying precipitation patterns, with the southern portion being conducive to cold season precipitation.",NA;NA,search,2013-03-18,2013-03-24,1,31
20130326,Total,36.76,63.24,43.51,29.45,14.09,4.26,2013-03-26,2013-04-01,1,2013-03-26,2013-03-26,2013-04-01,"The March average precipitation for the contiguous U.S. had a departure from normal, with Maine having the greatest departure.","The long-term precipitation patterns are uncertain, but it is possible that the contiguous U.S. will experience more frequent and severe droughts and floods due to climate change. Note: The information provided is limited, and most of the search results are not directly related to predicting Monthly Contiguous U.S. Precipitation. Therefore, some parts are marked as ""NA"" or have limited information.;It is likely that the drought conditions will continue in the short term if there is not sufficient rainfall in the coming weeks.",search,2013-03-25,2013-03-31,1,31
20130402,Total,35.37,64.63,43.74,29.53,14.32,4.35,2013-04-02,2013-04-08,1,2013-04-02,2013-04-02,2013-04-08,"Objective facts about the Monthly Contiguous U.S. Precipitation situation: The contiguous U.S. were 1.9 degrees F above the 20th century average in winter, with below-average winter snow pack and rainfall.","Predictions you can make for the long-term future (next few months): The warming trend may continue, leading to more extreme precipitation events and heat waves in the contiguous U.S.;Predictions you can make for the short-term future (next 1-4 weeks): NA",search,2013-04-01,2013-04-07,1,31
20130409,Total,37.06,62.94,42.83,29.38,13.97,2.82,2013-04-09,2013-04-15,1,2013-04-09,2013-04-09,2013-04-15,"The average temperature for the contiguous United States during March 2013 was 40.8° Fahrenheit, nearly 1° Fahrenheit below the twentieth-century average.",NA;NA,search,2013-04-08,2013-04-14,1,31
20130416,Total,42.03,57.97,40.32,26.85,12.18,2.15,2013-04-16,2013-04-22,1,2013-04-16,2013-04-16,2013-04-22,The U.S. Climate Divisions Drought Analysis Tool uses observed monthly precipitation totals from the U. S. nClimDiv Version 1 dataset to provide an indication of drought conditions in the continental United States.,NA;NA,search,2013-04-15,2013-04-21,1,31
20130423,Total,43.26,56.74,39.92,26.56,12.31,2.17,2013-04-23,2013-04-29,1,2013-04-23,2013-04-23,2013-04-29,"The contiguous U.S. experienced erratic precipitation in early summer 2012, leading to severe moisture depletion in major corn-producing states like Illinois.",NA;NA,search,2013-04-22,2013-04-28,1,31
20130430,Total,45.16,54.84,39.55,27.38,11.67,2.84,2013-04-30,2013-05-06,1,2013-04-30,2013-04-30,2013-05-06,"Historical temperature, precipitation, and Palmer drought data from 1895 to present for climate divisions, states, and regions in the contiguous U.S. are available.","The long-term prediction is uncertain, but climate change may lead to changes in precipitation patterns in the contiguous U.S., potentially affecting the natural properties of fresh and marine waters.;Based on the historical data, it is likely that the contiguous U.S. will continue to experience above-average precipitation in the short term, especially in the summer months.",search,2013-04-29,2013-05-05,1,31
20130507,Total,44.17,55.83,40.52,27.51,11.81,3.66,2013-05-07,2013-05-13,1,2013-05-07,2013-05-07,2013-05-13,"The High Plains Aquifer covers parts of eight states in the central United States, with a mean annual rainfall.","The long-term precipitation trends in the contiguous U.S. may be influenced by the health of the High Plains Aquifer and the frequency of drought conditions.;Based on the drought conditions in 2012, it is possible that the next 1-4 weeks may experience below-average precipitation in the affected areas.",search,2013-05-06,2013-05-12,1,31
20130514,Total,44.75,55.25,40.18,27.02,11.4,3.68,2013-05-14,2013-05-20,1,2013-05-14,2013-05-14,2013-05-20,"The contiguous U.S. experienced record wetness in parts of the north central region in May 2013, with some areas receiving over 200% of normal precipitation.","The long-term implications of the Arctic Oscillation on precipitation patterns in the contiguous U.S. are still unclear, but it is possible that the region will experience more frequent extreme precipitation events in the coming months. Note: The other search results were not relevant to predicting Monthly Contiguous U.S. Precipitation and were therefore discarded.;Based on the current trend, it is likely that the north central U.S. will continue to experience above-average precipitation in the short term (next 1-4 weeks).",search,2013-05-13,2013-05-19,1,31
20130521,Total,45.41,54.59,38.85,26.06,10.56,4.13,2013-05-21,2013-05-27,1,2013-05-21,2013-05-21,2013-05-27,"As of mid-August 2011, a large portion of the contiguous United States was experiencing exceptional drought.","In the long-term future (next few months), it is possible that the contiguous United States will experience a shift in precipitation patterns, potentially leading to changes in drought conditions and environmental impacts. Note: The provided search results did not contain more specific and detailed information about Monthly Contiguous U.S. Precipitation, which limited the analysis and predictions.;It is likely that the contiguous United States will continue to experience drought and precipitation anomalies in the short-term future (next 1-4 weeks), potentially exacerbating environmental and economic issues.",search,2013-05-20,2013-05-26,1,31
20130528,Total,48.81,51.19,37.4,24.73,9.82,3.96,2013-05-28,2013-06-03,1,2013-05-28,2013-05-28,2013-06-03,"The National Oceanic and Atmospheric Administration (NOAA) provides U.S. Hourly Precipitation Data, which includes records for the contiguous United States.","Research suggests that the central USA may experience higher summer temperatures, lower summer precipitation, and reduced absolute humidity in the long term.;NA",search,2013-05-27,2013-06-02,1,31
20130604,Total,50.44,49.56,37.2,23.82,9.56,4.0,2013-06-04,2013-06-10,1,2013-06-04,2013-06-04,2013-06-10,"Historical temperature, precipitation, and Palmer drought data are available from 1895 to present for climate divisions, states, and regions in the contiguous U.S.","In the long-term, changes in seasonality and drought frequency may lead to more frequent and severe droughts, as well as shifts in precipitation patterns across the contiguous United States.;Based on the current drought and precipitation patterns, it is likely that the next 1-4 weeks will see continued drought conditions in some areas, while others may experience above-average precipitation.",search,2013-06-03,2013-06-09,1,31
20130611,Total,52.04,47.96,37.22,23.77,9.49,3.92,2013-06-11,2013-06-17,1,2013-06-11,2013-06-11,2013-06-17,"The total spring precipitation averaged across the contiguous United States was 7.92 inches, 0.21 inch above the 20th-century average.","As the summer months approach, it is possible that the contiguous United States will experience an increase in precipitation due to the typical summer precipitation patterns. Note: The provided search results are mostly focused on specific events or research papers from 2013, and do not provide a comprehensive view of the current situation or long-term trends in monthly contiguous U.S. precipitation. Therefore, the insights and predictions are limited and based on the available information.;Based on the spring 2013 data, it is likely that the next 1-4 weeks will see continued near-average precipitation in the contiguous United States.",search,2013-06-10,2013-06-16,1,31
20130618,Total,51.87,48.13,37.76,25.11,10.54,3.66,2013-06-18,2013-06-24,1,2013-06-18,2013-06-18,2013-06-24,"The contiguous United States (U.S.) has experienced significant wildfire activity in June 2013, with a majority of the activity confined to the western region.","The long-term future is likely to see continued impacts of land cover changes on precipitation patterns in the contiguous United States, with potential for increased variability in monthly precipitation.;Based on the trends in snowfall versus rainfall in the Western United States, it is likely that the next 1-4 weeks will see continued above-normal precipitation in the region.",search,2013-06-17,2013-06-23,1,31
20130625,Total,49.4,50.6,38.12,26.79,10.98,3.65,2013-06-25,2013-07-01,1,2013-06-25,2013-06-25,2013-07-01,"The contiguous United States has varying levels of precipitation gauge density, with Nevada having the lowest density.","In the long-term, the warming trend in states like Arizona may lead to more frequent and severe droughts, while changes in precipitation patterns may impact the overall water supply in the contiguous U.S.;In the short-term, drought conditions may persist or worsen in areas with low precipitation, while areas with recent rainfall may see some improvement.",search,2013-06-24,2013-06-30,1,31
20130702,Total,49.39,50.61,39.29,27.54,11.34,3.91,2013-07-02,2013-07-08,1,2013-07-02,2013-07-02,2013-07-08,"The dataset includes the continental U.S., excluding Alaska and Hawaii.",NA;NA,search,2013-07-01,2013-07-07,1,31
20130709,Total,48.14,51.86,39.96,28.1,11.57,3.9,2013-07-09,2013-07-15,1,2013-07-09,2013-07-09,2013-07-15,"For the first six months of 2013, the contiguous United States has been nearly split in half by temperature and precipitation differences.",NA (No long-term predictions can be made based on the provided information) Note: The provided information is limited to a specific time period (June 2013) and does not provide sufficient data to make predictions about future precipitation patterns.;NA (No short-term predictions can be made based on the provided information),search,2013-07-08,2013-07-14,1,31
20130716,Total,46.45,53.55,41.02,28.66,11.15,3.63,2013-07-16,2013-07-22,1,2013-07-16,2013-07-16,2013-07-22,"The contiguous U.S. experienced above-average precipitation in July 2013, which helped shrink drought in parts of the Plains and Southwest.","However, it is difficult to make long-term predictions (next few months) without more data, but it is possible that the contiguous U.S. may experience a wetter-than-normal summer season.;Based on this information, it is possible that the contiguous U.S. may continue to experience above-average precipitation in the short-term future (next 1-4 weeks).",search,2013-07-15,2013-07-21,1,31
20130723,Total,42.47,57.53,42.26,28.2,10.48,3.2,2013-07-23,2013-07-29,1,2013-07-23,2013-07-23,2013-07-29,"The contiguous United States as a whole is about 6 percent above its normal rainfall this year, with Southern states experiencing excessive rainfall.","In the long-term, the trend of above-average rainfall in the contiguous United States may continue, potentially leading to changes in climate patterns and increased risk of extreme weather events.;In the short-term, it is likely that the Southern states will continue to experience excessive rainfall, potentially leading to further disruptions in agriculture and daily life.",search,2013-07-22,2013-07-28,1,31
20130730,Total,43.36,56.64,41.5,27.42,9.87,2.65,2013-07-30,2013-08-05,1,2013-07-30,2013-07-30,2013-08-05,"The contiguous United States has experienced changes in precipitation patterns, with observed changes in precipitation amounts and frequencies.","Long-term predictions are difficult to make without more specific data, but it is possible that changes in temperature and precipitation patterns will continue to impact drought and precipitation patterns in the contiguous U.S.;Based on historical patterns, it is likely that precipitation amounts and frequencies will continue to vary across different regions of the contiguous U.S. in the short-term future.",search,2013-07-29,2013-08-04,1,31
20130806,Total,43.22,56.78,41.38,27.32,10.01,2.32,2013-08-06,2013-08-12,1,2013-08-06,2013-08-06,2013-08-12,The National Agriculture Imagery Program (NAIP) acquires aerial imagery during the agricultural growing seasons in the contiguous U.S.,NA;NA,search,2013-08-05,2013-08-11,1,31
20130813,Total,43.31,56.69,41.56,26.7,9.84,1.7,2013-08-13,2013-08-19,1,2013-08-13,2013-08-13,2013-08-19,"Historical temperature, precipitation, and Palmer drought data from 1895 to present for climate divisions, states, and regions in the contiguous U.S. are available.","Long-term predictions are uncertain, but some climate models suggest that precipitation patterns in the contiguous U.S. may be affected by climate change, leading to potential changes in precipitation amounts and frequencies.;Based on historical data and current trends, it is likely that precipitation in the contiguous U.S. will continue to be close to normal in the short term (next 1-4 weeks).",search,2013-08-12,2013-08-18,1,31
20130820,Total,41.08,58.92,42.65,28.08,8.81,1.1,2013-08-20,2013-08-26,1,2013-08-20,2013-08-20,2013-08-26,"Annual total precipitation in the contiguous United States is around 30-40 inches, with variations across different regions.","Based on the influence of the Pacific and Atlantic Oceans, it is likely that precipitation patterns in the contiguous United States will continue to be affected by these larger climate systems, potentially leading to droughts or other extreme weather events.;NA",search,2013-08-19,2013-08-25,1,31
20130827,Total,39.1,60.9,46.35,29.03,8.81,1.1,2013-08-27,2013-09-02,1,2013-08-27,2013-08-27,2013-09-02,"The contiguous United States experienced a mix of precipitation, tropical cyclones, and drought in August 2013.","In the long-term future (next few months), the precipitation patterns in the contiguous United States may be influenced by the development of climate regions and weather systems, leading to potential drought or heavy rainfall events in different areas.;In the short-term future (next 1-4 weeks), it is likely that the contiguous United States will continue to experience varied precipitation patterns, with some regions receiving more rainfall than others.",search,2013-08-26,2013-09-01,1,31
20130903,Total,40.33,59.67,45.31,27.89,8.24,1.05,2013-09-03,2013-09-09,1,2013-09-03,2013-09-03,2013-09-09,"The contiguous United States experienced extreme climate events in 2013, including heavy precipitation and drought.","In the long-term, it is likely that the contiguous United States will continue to experience more frequent and intense climate extremes, including heavy precipitation and drought, due to climate change.;In the short-term, it is likely that the contiguous United States will continue to experience extreme climate events, including heavy precipitation and drought.",search,2013-09-02,2013-09-08,1,31
20130910,Total,38.63,61.37,45.84,28.64,8.48,1.04,2013-09-10,2013-09-16,1,2013-09-10,2013-09-10,2013-09-16,"Historical temperature, precipitation, and Palmer drought data from 1895 to present for climate divisions, states, and regions in the contiguous U.S. are available.","Projected temperature increases in the contiguous United States may lead to changes in precipitation extremes, which could impact agricultural planning and water resources.;NA",search,2013-09-09,2013-09-15,1,31
20130917,Total,40.85,59.15,43.15,24.25,5.73,0.36,2013-09-17,2013-09-23,1,2013-09-17,2013-09-17,2013-09-23,"The contiguous United States experienced a warm and wet summer in 2013, with Alaska recording its second hottest summer on record.","The long-term prediction is unclear, but the understanding of front activity and its association with extreme precipitation events could be useful in making predictions about monthly contiguous U.S. precipitation in the coming months.;No specific short-term predictions can be made based on the provided information, but the ongoing wet pattern may continue for the next 1-4 weeks.",search,2013-09-16,2013-09-22,1,31
20130924,Total,42.64,57.36,40.88,21.72,3.62,0.26,2013-09-24,2013-09-30,1,2013-09-24,2013-09-24,2013-09-30,"September 2013 was the 12th wettest September in the 119-year record for the nation as a whole, with record wetness occurring in parts of the West (Colorado, Oregon, Washington). Above-normal precipitation in the West, Great Plains, and Alaska reduced drought coverage in those regions.","In the long term (next 4-12 months), the West and Great Plains may continue to experience a wetter pattern, while the Midwest and East Coast may experience a drier pattern. However, it is difficult to predict with certainty, and other factors such as El Niño-Southern Oscillation (ENSO) and other climate patterns may influence the precipitation patterns.;Based on the recent wet pattern in the West and Great Plains, it is likely that these regions will continue to experience above-normal precipitation in the short term (next 1-3 months). The Midwest and East Coast, on the other hand, may continue to experience dryness.",report,2013-09-01,2013-09-30,0,31
20131001,Total,44.21,55.79,37.21,17.33,2.56,0.24,2013-10-01,2013-10-07,1,2013-10-01,2013-10-01,2013-10-07,The contiguous United States is about twice as large as South America.,NA;NA,search,2013-09-30,2013-10-06,1,31
20131008,Total,46.44,53.56,35.02,16.41,2.44,0.24,2013-10-08,2013-10-14,1,2013-10-08,2013-10-08,2013-10-14,"The contiguous United States has experienced rising temperatures, with an increase in annual average temperature.",NA;NA,search,2013-10-07,2013-10-13,1,31
20131015,Total,48.95,51.05,33.45,15.18,2.31,0.24,2013-10-15,2013-10-21,1,2013-10-15,2013-10-15,2013-10-21,"The contiguous United States has a heightened chance of experiencing well above normal temperatures during October, according to Climate.gov.",NA;NA,search,2013-10-14,2013-10-20,1,31
20131022,Total,48.79,51.21,32.03,15.18,2.36,0.25,2013-10-22,2013-10-28,1,2013-10-22,2013-10-22,2013-10-28,"The Continental United States has a diverse range of climates, including steppe, humid continental, and humid subtropical, with varying levels of annual precipitation.",NA;NA,search,2013-10-21,2013-10-27,1,31
20131029,Total,48.03,51.97,31.77,15.13,2.37,0.25,2013-10-29,2013-11-04,1,2013-10-29,2013-10-29,2013-11-04,"The contiguous U.S. has experienced a trend of increasing extreme precipitation events since 1950, with a notable exception in the Southwestern U.S.","In the long-term future (next few months), it is possible that the contiguous U.S. will continue to experience a shift in precipitation patterns, with some regions experiencing more frequent and intense rainfall events, while others may experience a decrease in precipitation. Note: There is limited information available in the search results to make specific predictions about Monthly Contiguous U.S. Precipitation. The insights and predictions provided are based on general trends and patterns observed in the search results.;Based on the current trend, it is likely that the contiguous U.S. will experience more extreme precipitation events in the short-term future (next 1-4 weeks), particularly in regions that have historically experienced heavy rainfall.",search,2013-10-28,2013-11-03,1,31
20131105,Total,48.65,51.35,29.72,14.61,2.45,0.28,2013-11-05,2013-11-11,1,2013-11-05,2013-11-05,2013-11-11,"The contiguous United States experienced varying precipitation patterns in November 2013, with some areas receiving heavy rainfall from tropical cyclones and others experiencing drought.","In the long-term, it is possible that the contiguous United States will experience more frequent heavy precipitation events, particularly in the Southeastern region, based on the analysis of subdaily continental convective precipitation data.;Based on the current situation, it is likely that the contiguous United States will continue to experience varying precipitation patterns over the next 1-4 weeks, with some areas receiving heavy rainfall and others remaining dry.",search,2013-11-04,2013-11-10,1,31
20131112,Total,47.89,52.11,29.33,14.46,2.49,0.28,2013-11-12,2013-11-18,1,2013-11-12,2013-11-12,2013-11-18,"The contiguous United States has experienced extreme rainfall events, which can lead to flooding.",NA;NA,search,2013-11-11,2013-11-17,1,31
20131119,Total,47.08,52.92,28.04,14.5,3.27,0.31,2013-11-19,2013-11-25,1,2013-11-19,2013-11-19,2013-11-25,The contiguous United States experienced the warmest first nine months of any year on record in 2013.,"Based on the record-breaking temperatures in 2013, it's possible that the contiguous U.S. may experience above-average precipitation in the coming months, potentially leading to increased flood risk.;NA",search,2013-11-18,2013-11-24,1,31
20131126,Total,49.23,50.77,26.47,13.81,3.18,0.32,2013-11-26,2013-12-02,1,2013-11-26,2013-11-26,2013-12-02,"The storm track in December 2013 resulted in three streaks of above-normal precipitation in the north central States, the Ohio Valley to the Mid-Atlantic, and the Pacific Northwest.","In the long-term future (next few months), it is possible that larger-scale climate phenomena, such as El Niño or La Niña events, may influence precipitation patterns in the contiguous U.S.;In the short-term future (next 1-4 weeks), it is likely that precipitation patterns will continue to be influenced by storm tracks, leading to above-normal precipitation in certain regions.",search,2013-11-25,2013-12-01,1,31
20131203,Total,51.11,48.89,25.72,13.82,3.2,0.32,2013-12-03,2013-12-09,1,2013-12-03,2013-12-03,2013-12-09,"During December 2013, numerous storm systems impacted the contiguous United States, bringing rain and heavy snowfall.",NA;NA,search,2013-12-02,2013-12-08,1,31
20131210,Total,51.08,48.92,25.47,13.71,3.19,0.32,2013-12-10,2013-12-16,1,2013-12-10,2013-12-10,2013-12-16,"The contiguous United States experienced drought in 2013, with 30% of the area affected as of December 10, 2013.","Based on the drought trends in 2013, it's possible that the contiguous United States may experience increased drought risk in the long-term future, particularly if climate change continues to impact precipitation patterns.;NA",search,2013-12-09,2013-12-15,1,31
20131217,Total,50.16,49.84,26.48,13.93,3.26,0.34,2013-12-17,2013-12-23,1,2013-12-17,2013-12-17,2013-12-23,"The contiguous United States has varying levels of precipitation, with some areas receiving over 120 inches of rainfall annually.",NA;NA,search,2013-12-16,2013-12-22,1,31
20131224,Total,53.03,46.97,26.15,13.94,3.34,0.31,2013-12-24,2013-12-30,1,2013-12-24,2013-12-24,2013-12-30,The continental United States has a continental climate (type Dfa according to the Köppen climate classification) with varying precipitation patterns.,NA;NA,search,2013-12-23,2013-12-29,1,31
20131231,Total,54.2,45.8,26.02,13.96,3.31,0.31,2013-12-31,2014-01-06,1,2013-12-31,2013-12-31,2014-01-06,"The average contiguous U.S. temperature for December 2013 was above normal, with abnormally dry conditions prevailing in some areas.","With the availability of historical climate data and gridded precipitation datasets, it is possible to make predictions about long-term precipitation patterns, such as an increase in precipitation rates over the next few months.;Based on the current situation, it is likely that the next 1-4 weeks will see continued above-normal temperatures and dry conditions in some areas, potentially leading to below-normal precipitation.",search,2013-12-30,2014-01-05,1,31
20140107,Total,52.89,47.11,27.9,14.34,3.46,0.31,2014-01-07,2014-01-13,1,2014-01-07,2014-01-07,2014-01-13,The Atlantic multidecadal oscillation has a relation to rainfall and river flows in the continental US.,NA;NA,search,2014-01-06,2014-01-12,1,31
20140114,Total,53.97,46.03,28.88,15.94,5.36,0.31,2014-01-14,2014-01-20,1,2014-01-14,2014-01-14,2014-01-20,"At the end of 2013, about 31.0 percent of the contiguous U.S. experienced drought conditions.","In the long term, the contiguous U.S. may experience more frequent and severe droughts due to climate change, which could impact precipitation patterns and lead to more extreme weather events.;Based on historical data, it is likely that the contiguous U.S. will continue to experience drought conditions in the short term, with below-average precipitation expected in the next 1-4 weeks.",search,2014-01-13,2014-01-19,1,31
20140121,Total,53.3,46.7,28.91,15.94,5.36,0.31,2014-01-21,2014-01-27,1,2014-01-21,2014-01-21,2014-01-27,The contiguous United States observed its coolest winter in 2013.,"Long-term predictions are difficult to make based on the available information, but it is possible that continued temperature anomalies could lead to changes in precipitation patterns over the next few months. Note: There is limited information available in the search results that directly relates to Monthly Contiguous U.S. Precipitation. The above summary is based on indirect connections and analysis.;Based on the cooler winter in 2013, it is possible that precipitation patterns in the next 1-4 weeks may be affected, potentially leading to drier or wetter conditions than usual.",search,2014-01-20,2014-01-26,1,31
20140128,Total,50.89,49.11,30.63,17.38,6.05,0.7,2014-01-28,2014-02-03,1,2014-01-28,2014-01-28,2014-02-03,"The National Oceanic and Atmospheric Administration (NOAA) operates a network of 160 high-resolution Doppler weather radar systems, known as NEXRAD, which provides precipitation data for the contiguous United States.",NA;NA,search,2014-01-27,2014-02-02,1,31
20140204,Total,50.64,49.36,31.35,17.42,6.16,0.74,2014-02-04,2014-02-10,1,2014-02-04,2014-02-04,2014-02-10,"Historical temperature, precipitation, and Palmer drought data from 1895 to present for climate divisions, states, and regions in the contiguous U.S. are available.","In the long-term, the analysis of historical data and current trends may suggest a pattern of increasing variability in precipitation across the contiguous U.S., making it essential to continue monitoring and predicting Monthly Contiguous U.S. Precipitation.;Based on the current situation and historical data, it is likely that the next 1-4 weeks will see continued variability in precipitation patterns across the contiguous U.S., with some areas experiencing heavy rainfall and others remaining dry.",search,2014-02-03,2014-02-09,1,31
20140211,Total,51.55,48.45,31.52,17.89,5.74,0.74,2014-02-11,2014-02-17,1,2014-02-11,2014-02-11,2014-02-17,"The average January national precipitation total in the contiguous United States was 1.32 inches, 0.90 inch below the 20th century average, making it the 5th driest on record.","Climate models consistently project increased aridity and seasonal shifts in precipitation in the southwestern United States, suggesting that the region may experience below-average precipitation in the long term (next few months).;Based on the current ENSO phase evolution, it is likely that the contiguous U.S. will continue to experience below-average precipitation in the short term (next 1-4 weeks).",search,2014-02-10,2014-02-16,1,31
20140218,Total,53.44,46.56,29.96,17.77,6.06,0.95,2014-02-18,2014-02-24,1,2014-02-18,2014-02-18,2014-02-24,"The contiguous United States experienced a record high temperature, precipitation, and drought in February 2014.","In the long-term future (next few months), the contiguous United States may experience a shift in climate patterns, potentially leading to changes in precipitation and temperature trends. Note: The search results provided are mostly related to specific events or reports from 2014, which may not be directly applicable to making predictions about current or future Monthly Contiguous U.S. Precipitation. Therefore, the insights, analysis, and predictions provided are based on general knowledge and may not be specific to the current situation.;In the short-term future (next 1-4 weeks), it is likely that the contiguous United States will continue to experience extreme weather conditions, with a possibility of heavy precipitation events.",search,2014-02-17,2014-02-23,1,31
20140225,Total,52.69,47.31,30.25,18.0,6.39,1.47,2014-02-25,2014-03-03,1,2014-02-25,2014-02-25,2014-03-03,"The contiguous United States has experienced drought, with nearly 12% of the area affected.",NA;NA,search,2014-02-24,2014-03-02,1,31
20140304,Total,53.22,46.78,30.05,18.02,6.19,1.32,2014-03-04,2014-03-10,1,2014-03-04,2014-03-04,2014-03-10,"Historical temperature, precipitation, and Palmer drought data from 1895 to present for climate divisions, states, and regions in the contiguous U.S. are available.",NA;NA,search,2014-03-03,2014-03-09,1,31
20140311,Total,53.96,46.04,29.96,18.14,6.43,1.39,2014-03-11,2014-03-17,1,2014-03-11,2014-03-11,2014-03-17,The contiguous United States experienced a trend of -0.18 mm day-1 in total summer precipitation due to internal variability in run 9.,"In the long-term, the trend towards more extreme precipitation events is likely to continue, leading to more frequent and severe droughts and floods.;In the short-term, it is likely that the contiguous United States will continue to experience a mix of above-average and below-average precipitation, with an increased chance of extreme events.",search,2014-03-10,2014-03-16,1,31
20140318,Total,56.47,43.53,31.34,18.61,7.07,1.37,2014-03-18,2014-03-24,1,2014-03-18,2014-03-18,2014-03-24,"The contiguous United States experienced a cold season (October 2013 – March 2014) with notable temperature, precipitation, and drought conditions.","In the long-term, the trends observed during the 2013-2014 cold season may persist, leading to continued shifts in precipitation patterns across the contiguous United States. Note: The provided search results did not yield specific data on Monthly Contiguous U.S. Precipitation, so the summary is based on more general information about climate and weather patterns in the contiguous United States.;In the short-term, it is likely that precipitation patterns will continue to be influenced by the ongoing climate variability, with potential for extreme weather events.",search,2014-03-17,2014-03-23,1,31
20140325,Total,56.07,43.93,32.0,19.29,8.1,1.75,2014-03-25,2014-03-31,1,2014-03-25,2014-03-25,2014-03-31,Objective facts about the Monthly Contiguous U.S. Precipitation situation: March 2014 ranked as the 41st driest March in the 1895-2014 record.,"Long-term predictions (next 4-12 months): The long-term drought in California and the Southwest is likely to persist, with temperatures expected to remain above normal and precipitation below normal. Here is the filtered information useful for making predictions about Monthly Contiguous U.S. Precipitation:;Short-term predictions (next 1-3 months): The ongoing drought in the Southwest, Plains, and Midwest is likely to continue, with below-normal precipitation expected in these regions.",report,2014-03-01,2014-03-31,0,31
20140401,Total,55.31,44.69,32.09,20.16,8.19,1.82,2014-04-01,2014-04-07,1,2014-04-01,2014-04-01,2014-04-07,The 2013/14 winter season (December 2013–February 2014) was cooler and drier than average for the contiguous United States and ranked as the 33rd coldest.,"NA;Based on the current trend, it is likely that the next 1-4 weeks will continue to experience below-average precipitation in the contiguous United States.",search,2014-03-31,2014-04-06,1,31
20140408,Total,57.99,42.01,31.74,20.24,8.25,2.11,2014-04-08,2014-04-14,1,2014-04-08,2014-04-08,2014-04-14,The contiguous 48 states showed 37.98% drought coverage according to the U.S. Drought Monitor in April 2014.,"In the long-term, the changing rainfall patterns across the continental U.S. could lead to more frequent and severe droughts and floods.;In the short-term, it is likely that the western United States will continue to experience dry conditions, while the southeastern United States will receive above-average precipitation.",search,2014-04-07,2014-04-13,1,31
20140415,Total,59.04,40.96,31.65,21.06,8.44,2.36,2014-04-15,2014-04-21,1,2014-04-15,2014-04-15,2014-04-21,The contiguous USA has a significant relationship between winter precipitation isotope slopes and the Pacific/North American (PNA) pattern.,"The downscaled dataset of precipitation, minimum, and maximum temperature for the contiguous USA could be used to predict long-term precipitation patterns and trends in the region. Note: The information provided is limited, and most of the results are not directly related to predicting Monthly Contiguous U.S. Precipitation. Therefore, some parts are marked as ""NA"".;Based on the relationship between winter precipitation isotope slopes and the PNA pattern, it is possible that the contiguous USA may experience above-average precipitation in the coming weeks.",search,2014-04-14,2014-04-20,1,31
20140422,Total,57.61,42.39,32.11,21.89,9.59,2.73,2014-04-22,2014-04-28,1,2014-04-22,2014-04-22,2014-04-28,The continental US is a data-rich portion of the globe for precipitation data.,NA;NA,search,2014-04-21,2014-04-27,1,31
20140429,Total,58.7,41.3,32.11,22.36,10.66,3.24,2014-04-29,2014-05-05,1,2014-04-29,2014-04-29,2014-05-05,"The contiguous U.S. had below normal precipitation in April 2014, with only a few pockets of above normal precipitation in some states.","In the long-term, the precipitation patterns in the contiguous U.S. may be influenced by climate change, leading to more frequent and severe droughts and heatwaves.;In the short-term, it is likely that the drought conditions in California and Nevada will continue, with below normal precipitation expected in the coming weeks.",search,2014-04-28,2014-05-04,1,31
20140506,Total,57.15,42.85,33.47,23.68,12.11,3.72,2014-05-06,2014-05-12,1,2014-05-06,2014-05-06,2014-05-12,"The contiguous United States has experienced heavier rainfall events, with the amount of rain falling on the heaviest rain days increasing.","In the long-term future (next few months), it is likely that the contiguous United States will experience more frequent and severe drought and flooding events, particularly in regions that are already vulnerable to these types of events.;In the short-term future (next 1-4 weeks), it is likely that the contiguous United States will continue to experience heavier rainfall events, particularly in areas that are already prone to heavy rainfall.",search,2014-05-05,2014-05-11,1,31
20140513,Total,58.73,41.27,31.82,23.43,11.7,3.73,2014-05-13,2014-05-19,1,2014-05-13,2014-05-13,2014-05-19,The contiguous US experienced near-average spring temperatures and precipitation in 2014.,"In the long-term, climate change is expected to lead to changes in temperature and precipitation patterns, with potential increases in droughts and floods in certain regions.;In the short-term, it is likely that the contiguous US will continue to experience near-average temperatures and precipitation, with possible regional anomalies.",search,2014-05-12,2014-05-18,1,31
20140520,Total,59.66,40.34,31.85,23.64,12.09,4.17,2014-05-20,2014-05-26,1,2014-05-20,2014-05-20,2014-05-26,"The contiguous United States (CONUS) has been evaluated for satellite-retrieved extreme precipitation rates, and predicted drought conditions were provided for April 2014.","The evaluation of satellite-retrieved extreme precipitation rates and predicted drought conditions can provide insights into long-term precipitation patterns, but more data is needed to make accurate predictions for the next few months. Note: The provided search results do not contain a significant amount of relevant information about Monthly Contiguous U.S. Precipitation, which limits the accuracy of the predictions and insights.;Based on the predicted drought conditions, it is likely that precipitation will be below average in the short-term future (next 1-4 weeks) in the contiguous United States.",search,2014-05-19,2014-05-25,1,31
20140527,Total,59.47,40.53,31.69,23.16,11.4,2.8,2014-05-27,2014-06-02,1,2014-05-27,2014-05-27,2014-06-02,Many of the 48 contiguous states have higher probabilities for above-average precipitation during an El Niño year during both the summer and winter.,"In the long-term, the frequency and intensity of El Niño events, as well as the overall warming trend, may lead to changes in precipitation patterns in the contiguous U.S., with some areas experiencing more frequent and severe droughts and floods.;In the short-term, areas that are typically affected by El Niño, such as the southern and western states, may experience above-average precipitation.",search,2014-05-26,2014-06-01,1,31
20140603,Total,56.43,43.57,31.18,22.79,11.06,2.53,2014-06-03,2014-06-09,1,2014-06-03,2014-06-03,2014-06-09,"The contiguous United States has warmed by 1.2 degrees since 1984, with summers getting 1.6 degrees hotter.","The long-term precipitation trend in the contiguous United States may be influenced by the warming trend, potentially leading to more frequent and severe droughts and floods. Note: The available information is limited, and most of the results are not directly related to monthly contiguous U.S. precipitation. Therefore, the insights and predictions are based on general knowledge and may not be entirely accurate.;It is possible that the warming trend will lead to more intense precipitation events in the short-term, particularly in the southwestern and northeastern regions of the contiguous United States.",search,2014-06-02,2014-06-08,1,31
20140610,Total,57.95,42.05,30.2,21.7,10.17,2.24,2014-06-10,2014-06-16,1,2014-06-10,2014-06-10,2014-06-16,The June Monthly Climate Report for the United States notes that a significant portion of the contiguous U.S. experienced varying precipitation patterns.,NA;NA,search,2014-06-09,2014-06-15,1,31
20140617,Total,58.64,41.36,29.7,21.25,9.72,2.62,2014-06-17,2014-06-23,1,2014-06-17,2014-06-17,2014-06-23,"The contiguous United States experienced record-breaking temperatures, precipitation, drought, and land-falling tropical cyclones in June 2014.","The long-term future (next few months) is likely to be marked by continued climate variability, with potential for drought and heavy precipitation events, especially in regions prone to these conditions. Note: The provided search results do not contain specific information about monthly contiguous U.S. precipitation, but rather provide a general context of climate-related events and research in the United States during June 2014.;Based on the current trend, it is likely that the contiguous United States will continue to experience extreme weather conditions, including heavy precipitation, in the short-term future (next 1-4 weeks).",search,2014-06-16,2014-06-22,1,31
20140624,Total,58.58,41.42,29.27,20.74,9.38,2.43,2014-06-24,2014-06-30,1,2014-06-24,2014-06-24,2014-06-30,"The contiguous U.S. had its 6th wettest June on record, with above-normal precipitation helping to reduce the area of drought in the Plains and Midwest.","In the long term, the persistence of drought in the West, particularly in California, is a concern. The region may experience continued dryness and heat, exacerbating drought conditions. Here is the filtered information relevant to making predictions about Monthly Contiguous U.S. Precipitation:;In the short term, it is likely that the drought in the West will continue, while the Plains and Midwest may experience continued wet conditions.",report,2014-06-01,2014-06-30,0,31
20140701,Total,62.81,37.19,28.42,20.89,10.01,2.49,2014-07-01,2014-07-07,1,2014-07-01,2014-07-01,2014-07-07,"In July 2014, above-average precipitation was observed across interior regions of the contiguous U.S., and the percentage of the contiguous U.S. in drought was also much above average.","In the long term, the pattern of precipitation and drought in the contiguous U.S. may continue to be influenced by teleconnections and climate projections, leading to ongoing variability in precipitation patterns across the region.;Based on the current pattern, it is likely that the next 1-4 weeks will continue to see above-average precipitation in interior regions and drought in other areas of the contiguous U.S.",search,2014-06-30,2014-07-06,1,31
20140708,Total,61.91,38.09,28.63,20.84,10.04,2.45,2014-07-08,2014-07-14,1,2014-07-08,2014-07-08,2014-07-14,The Western United States has snowpack regimes that are influenced by the El Niño Southern Oscillation.,NA;NA,search,2014-07-07,2014-07-13,1,31
20140715,Total,61.98,38.02,28.55,20.15,9.92,2.39,2014-07-15,2014-07-21,1,2014-07-15,2014-07-15,2014-07-21,"The total precipitation across the continental U.S. was heaviest across Iowa, Missouri, Illinois, Florida, and the Gulf Coast in the first two weeks of July 2014.","In the long term, it is possible that precipitation patterns in the contiguous United States will continue to be shaped by a combination of climate patterns, including ENSO and other factors.;It is likely that precipitation will continue to vary across different regions of the contiguous United States in the short term, with some areas experiencing heavier precipitation than others.",search,2014-07-14,2014-07-20,1,31
20140722,Total,61.3,38.7,28.1,19.93,9.4,2.33,2014-07-22,2014-07-28,1,2014-07-22,2014-07-22,2014-07-28,"The contiguous United States (CONUS) has experienced changes in precipitation patterns, with some areas becoming wetter (east of the Mississippi) and others becoming drier (southwestern US).","In the long term, it is possible that the US will continue to experience more extreme precipitation patterns, with some areas becoming increasingly prone to drought and others experiencing more frequent flooding.;In the short term, it is likely that the western US will continue to experience drought, while the eastern US will experience more precipitation.",search,2014-07-21,2014-07-27,1,31
20140729,Total,60.2,39.8,28.47,19.02,8.86,3.26,2014-07-29,2014-08-04,1,2014-07-29,2014-07-29,2014-08-04,"Historical temperature, precipitation, and Palmer drought data from 1895 to present for climate divisions, states, and regions in the contiguous U.S. are available.",NA;NA,search,2014-07-28,2014-08-03,1,31
20140805,Total,60.19,39.81,28.36,18.54,8.52,3.21,2014-08-05,2014-08-11,1,2014-08-05,2014-08-05,2014-08-11,"Historical temperature, precipitation, and Palmer drought data from 1895 to present for climate divisions, states, and regions in the contiguous U.S. are available.",NA;NA,search,2014-08-04,2014-08-10,1,31
20140812,Total,60.54,39.46,28.09,18.41,8.55,3.17,2014-08-12,2014-08-18,1,2014-08-12,2014-08-12,2014-08-18,The August contiguous U.S. precipitation was below-average in 2014.,NA;NA,search,2014-08-11,2014-08-17,1,31
20140819,Total,59.8,40.2,28.05,18.07,8.45,3.18,2014-08-19,2014-08-25,1,2014-08-19,2014-08-19,2014-08-25,"The contiguous United States experiences unusual precipitation patterns, with extreme precipitation events occurring in various parts of the country.","In the long-term, understanding the influence of climate patterns such as ENSO on precipitation in the contiguous United States can help improve predictions of monthly precipitation. Note: There is limited information available in the provided search results that directly relates to predicting Monthly Contiguous U.S. Precipitation.;In the short-term, precipitation patterns in the contiguous United States are likely to be influenced by existing climate patterns, leading to varying levels of precipitation across different regions.",search,2014-08-18,2014-08-24,1,31
20140826,Total,60.07,39.93,28.3,18.01,8.42,3.18,2014-08-26,2014-09-01,1,2014-08-26,2014-08-26,2014-09-01,The United States National Climate Assessment measured trends in extreme rainfall for the Continental United States.,"Research suggests that extreme rainfall events may increase in frequency and intensity in the future, particularly in the southwestern US. Note: The search results did not provide specific information about monthly contiguous U.S. precipitation, but rather focused on extreme rainfall events and trends in the Continental United States.;NA",search,2014-08-25,2014-08-31,1,31
20140902,Total,60.84,39.16,27.4,17.49,8.28,3.18,2014-09-02,2014-09-08,1,2014-09-02,2014-09-02,2014-09-08,"The contiguous United States experiences heavy daily precipitation frequency, which is influenced by climatic variability and seasonal predictability .",NA;NA,search,2014-09-01,2014-09-07,1,31
20140909,Total,61.46,38.54,26.13,16.97,7.91,3.09,2014-09-09,2014-09-15,1,2014-09-09,2014-09-09,2014-09-15,"The contiguous U.S. precipitation total in September 2014 ranked as the 6th driest on record, with some locations in the mountains east of the Continental Divide receiving above-average precipitation.","Climate change projections suggest that annual precipitation changes in the contiguous United States will be small relative to year-to-year variability, but regional downscaling methods can provide more accurate predictions.;Based on the historical data, it is likely that the southeastern United States will experience above-average precipitation in the next 1-4 weeks due to the influence of tropical cyclones.",search,2014-09-08,2014-09-14,1,31
20140916,Total,62.13,37.87,26.0,16.67,7.79,3.11,2014-09-16,2014-09-22,1,2014-09-16,2014-09-16,2014-09-22,The contiguous United States has experienced changes in precipitation patterns due to climate change.,"Long-term predictions suggest that climate change will continue to impact precipitation patterns in the contiguous United States, with potential changes in rainfall and hydrology.;Based on the 30- and 90-Day Forecasts from the Climate Prediction Center, there are indications of precipitation tendencies in certain areas, but no specific predictions can be made for the next 1-4 weeks.",search,2014-09-15,2014-09-21,1,31
20140923,Total,61.81,38.19,25.59,15.37,7.74,3.11,2014-09-23,2014-09-29,1,2014-09-23,2014-09-23,2014-09-29,The National Weather Service cooperative observer (COOP) weather stations provide daily precipitation data for the contiguous United States.,NA;NA,search,2014-09-22,2014-09-28,1,31
20140930,Total,59.89,40.11,25.55,15.59,7.87,3.22,2014-09-30,2014-10-06,1,2014-09-30,2014-09-30,2014-10-06,"Historical temperature, precipitation, and Palmer drought data from 1895 to present are available for climate divisions, states, and regions in the contiguous U.S.","Long-term predictions of Monthly Contiguous U.S. Precipitation can be informed by the analysis of historical data and patterns, as well as models that account for climate change and its impacts on extreme precipitation events.;Based on the available data and analysis, it is possible to make short-term predictions about Monthly Contiguous U.S. Precipitation, particularly in regions that have experienced extreme precipitation events in the recent past.",search,2014-09-29,2014-10-05,1,31
20141007,Total,60.65,39.35,25.5,15.59,7.9,3.24,2014-10-07,2014-10-13,1,2014-10-07,2014-10-07,2014-10-13,"The driest day in U.S. history had precipitation of 0.10"" or less in the Contiguous U.S.",NA;NA,search,2014-10-06,2014-10-12,1,31
20141014,Total,62.83,37.17,24.89,15.15,7.77,3.24,2014-10-14,2014-10-20,1,2014-10-14,2014-10-14,2014-10-20,The contiguous United States observed its fourth warmest October since national records began.,"The long-term trend suggests that the contiguous US will continue to experience warmer and drier conditions, potentially leading to more frequent droughts and water scarcity issues.;Based on the current trend, it is likely that the contiguous US will experience below-average precipitation in the short term (next 1-4 weeks).",search,2014-10-13,2014-10-19,1,31
20141021,Total,63.34,36.66,24.9,15.07,7.59,3.24,2014-10-21,2014-10-27,1,2014-10-21,2014-10-21,2014-10-27,"The contiguous United States has a humid continental climate, with precipitation amounts varying across the region.","In the long-term, it is possible that changes in precipitation patterns will continue to shape the climate and weather events in the contiguous United States, potentially leading to more frequent and severe flooding events. Note: The available information does not provide specific data or trends on Monthly Contiguous U.S. Precipitation, making it challenging to make precise predictions.;Based on the available information, it is difficult to make precise short-term predictions for Monthly Contiguous U.S. Precipitation. However, it is likely that precipitation patterns will continue to be influenced by climate change and other regional factors.",search,2014-10-20,2014-10-26,1,31
20141028,Total,63.64,36.36,24.74,15.05,7.66,3.33,2014-10-28,2014-11-03,1,2014-10-28,2014-10-28,2014-11-03,"Historical temperature, precipitation, and Palmer drought data from 1895 to present for climate divisions, states, and regions in the contiguous U.S. are available.","With historical data and current trends, it's possible to make long-term predictions about precipitation patterns in the contiguous U.S., but more analysis is needed to make specific predictions. Note: Some parts are marked as ""NA"" because the provided information was not relevant to making predictions about Monthly Contiguous U.S. Precipitation.;Based on the 72-hour precipitation forecast, it's possible to predict precipitation patterns for the short-term future, but more information is needed to make specific predictions.",search,2014-10-27,2014-11-02,1,31
20141104,Total,62.16,37.84,24.95,14.79,7.44,3.18,2014-11-04,2014-11-10,1,2014-11-04,2014-11-04,2014-11-10,"The United States National Atmospheric Deposition Program provides data on precipitation and wet, dry, and total deposition.",NA;NA,search,2014-11-03,2014-11-09,1,31
20141111,Total,60.89,39.11,24.73,14.43,7.37,3.17,2014-11-11,2014-11-17,1,2014-11-11,2014-11-11,2014-11-17,"The average contiguous U.S. precipitation was 2.07 inches in November 2014, 0.16 inch below average, and ranked near the median value in the 120-year period of record.","In the long-term, it is likely that global warming will continue to impact precipitation patterns in the contiguous United States, potentially leading to more extreme weather events and increased lightning activity.;Based on the current situation and the correlation between global warming and lightning strikes, it is possible that precipitation patterns in the next 1-4 weeks may be influenced by climate change, leading to increased lightning activity.",search,2014-11-10,2014-11-16,1,31
20141118,Total,60.54,39.46,24.61,14.32,7.37,3.17,2014-11-18,2014-11-24,1,2014-11-18,2014-11-18,2014-11-24,"The contiguous United States has experienced an increase in extreme precipitation risk due to climate change, with more winter and spring precipitation expected.","In the long-term, the contiguous United States can expect to see a continued increase in extreme precipitation events, with potential impacts on the region's climate and ecosystems.;In the short-term, it is likely that the contiguous United States will experience more frequent and intense precipitation events, particularly during the winter and spring months.",search,2014-11-17,2014-11-23,1,31
20141125,Total,60.49,39.51,24.16,14.05,7.29,3.07,2014-11-25,2014-12-01,1,2014-11-25,2014-11-25,2014-12-01,"The contiguous United States has experienced drought conditions, with California being in some stage of drought since April 2014.","In the long term (next few months), it is possible that the contiguous United States will experience more frequent and intense precipitation events due to climate change, but this is uncertain and requires further analysis.;Based on the current drought conditions and below-normal temperatures, it is likely that precipitation will remain below average in the short term (next 1-4 weeks) in the American Southwest.",search,2014-11-24,2014-11-30,1,31
20141202,Total,60.08,39.92,24.35,14.12,7.36,3.07,2014-12-02,2014-12-08,1,2014-12-02,2014-12-02,2014-12-08,"The contiguous United States experiences varying levels of precipitation, with Montana and North Dakota having the largest values of intra-annual climate variability.","In the long-term, precipitation patterns in the contiguous United States are likely to be shaped by the ongoing impacts of climate change, leading to potential changes in precipitation patterns and variability.;In the short-term, precipitation patterns in the contiguous United States are likely to be influenced by ongoing climate phenomena, such as El Niño, and may exhibit variability across different regions.",search,2014-12-01,2014-12-07,1,31
20141209,Total,59.27,40.73,24.94,14.28,7.47,3.09,2014-12-09,2014-12-15,1,2014-12-09,2014-12-09,2014-12-15,The Southern Plains and parts of the contiguous United States experienced below-average precipitation in December 2014.,"Long-term precipitation deficits may persist in certain regions of the contiguous United States, particularly in areas with large deficits dating back over three years.;Based on the current situation, it is likely that the Southern Plains will continue to experience below-average precipitation in the short term (next 1-4 weeks).",search,2014-12-08,2014-12-14,1,31
20141216,Total,58.41,41.59,25.11,14.43,7.39,2.08,2014-12-16,2014-12-22,1,2014-12-16,2014-12-16,2014-12-22,"The contiguous United States experiences varying levels of precipitation throughout the year, with some areas receiving more rainfall than others.","In the long-term future (next few months), it is possible that the southwestern part of the United States will continue to receive more precipitation, while the eastern mountain front may experience decreases in summer precipitation. Note: The information provided is limited, and most of the search results are not directly related to Monthly Contiguous U.S. Precipitation.;In the short-term future (next 1-4 weeks), it is likely that the contiguous United States will experience varying levels of precipitation, with some areas receiving more rainfall than others.",search,2014-12-15,2014-12-21,1,31
20141223,Total,57.99,42.01,25.04,14.36,7.39,2.11,2014-12-23,2014-12-29,1,2014-12-23,2014-12-23,2014-12-29,"The contiguous United States ended 2014 with a December temperature second warmest on record, and a notable storm complex brought 14.6 in (37 cm) of rainfall to the region.","In the long-term, the trend of increased precipitation in the contiguous United States may continue, leading to changes in cropping patterns and water resource management.;In the short-term, it is likely that the contiguous United States will continue to experience above-average precipitation, potentially leading to flooding and crop damage.",search,2014-12-22,2014-12-28,1,31
20141230,Total,60.84,39.16,23.97,14.14,7.49,2.12,2014-12-30,2015-01-05,1,2014-12-30,2014-12-30,2015-01-05,The contiguous U.S. had near-average annual precipitation totals in 2014.,NA;NA,search,2014-12-29,2015-01-04,1,31
20150106,Total,62.98,37.02,23.48,14.0,7.39,2.07,2015-01-06,2015-01-12,1,2015-01-06,2015-01-06,2015-01-12,"The contiguous U.S. average precipitation in 2014 was notable, with 35.9 percent of the contiguous U.S. experiencing drought by the end of the winter season.",NA;NA,search,2015-01-05,2015-01-11,1,31
20150113,Total,62.59,37.41,23.37,13.91,7.4,2.42,2015-01-13,2015-01-19,1,2015-01-13,2015-01-13,2015-01-19,"The contiguous United States has experienced significant droughts and heat waves in the past, such as the Great Drought of the 1930s.","In the long term, climate change may lead to changes in precipitation patterns across the contiguous United States, with some areas experiencing more frequent droughts and others experiencing more frequent heavy precipitation events.;In the short term, it is likely that drought-prone areas will continue to experience dry conditions, while other regions may experience more variable precipitation patterns.",search,2015-01-12,2015-01-18,1,31
20150120,Total,61.05,38.95,23.63,14.18,7.42,2.43,2015-01-20,2015-01-26,1,2015-01-20,2015-01-20,2015-01-26,"In January 2015, no state had precipitation totals ranking among the 10 wettest or driest.","In the long term, the trend of more intense one-day precipitation events could lead to increased drought and flood risks in the contiguous U.S., with potential impacts on agriculture and water resources.;In the short term, it is likely that the drought in California will continue, and precipitation in the contiguous U.S. will remain average to below average.",search,2015-01-19,2015-01-25,1,31
20150127,Total,56.61,43.39,23.97,14.06,7.48,2.63,2015-01-27,2015-02-02,1,2015-01-27,2015-01-27,2015-02-02,"Historical temperature, precipitation, and Palmer drought data from 1895 to present for climate divisions, states, and regions in the contiguous U.S. are available.","Long-term predictions suggest that the contiguous U.S. may experience more frequent and intense precipitation events due to climate change.;In the short-term, it is likely that the contiguous U.S. will continue to experience areas of rain and potential flooding events.",search,2015-01-26,2015-02-01,1,31
20150203,Total,58.34,41.66,23.85,13.41,7.41,2.61,2015-02-03,2015-02-09,1,2015-02-03,2015-02-03,2015-02-09,"The U.S. Drought Monitor showed 28.44% of the contiguous 48 states were in drought conditions as of February 5, 2015.","Climate change may lead to changes in precipitation patterns, potentially affecting the suitability of areas for double cropping and irrigation demand in the contiguous United States.;NA",search,2015-02-02,2015-02-08,1,31
20150210,Total,55.97,44.03,24.32,13.52,7.09,2.73,2015-02-10,2015-02-16,1,2015-02-10,2015-02-10,2015-02-16,Above-average precipitation was observed in the Southern Rockies in February 2015.,"For the long-term future, it's possible that precipitation patterns will continue to follow historical trends, with an increase in extreme one-day precipitation events in the contiguous 48 United States, as observed from 1910-2012.;Based on the available data, it's difficult to make short-term predictions for the next 1-4 weeks. However, it's likely that precipitation patterns will continue to be average, with no extreme events expected.",search,2015-02-09,2015-02-15,1,31
20150217,Total,49.58,50.42,26.93,13.74,7.19,2.81,2015-02-17,2015-02-23,1,2015-02-17,2015-02-17,2015-02-23,"The Rainfall Frequency Atlas of the United States, published in May 1961, provides regional or state rainfall information.","NA Note: Most of the search results were not directly related to predicting Monthly Contiguous U.S. Precipitation, so there is limited useful information to provide.;NA",search,2015-02-16,2015-02-22,1,31
20150224,Total,50.11,49.89,27.52,13.72,7.37,2.76,2015-02-24,2015-03-02,1,2015-02-24,2015-02-24,2015-03-02,"The contiguous United States (CONUS) experienced a long-wave trough over the East in March 2015, with short-wave troughs and low pressure centers bringing areas of rain.","In the long term, the influence of the Arctic Continental and Pacific Maritime systems on the climate of the contiguous United States could lead to varying precipitation patterns, with potential for droughts in some areas and heavy rainfall in others.;Based on the current situation, it is likely that short-term precipitation patterns in the contiguous United States will be influenced by the ongoing climate systems and weather patterns, with areas of rain possible in the eastern regions.",search,2015-02-23,2015-03-01,1,31
20150303,Total,50.55,49.45,26.73,13.08,7.05,2.68,2015-03-03,2015-03-09,1,2015-03-03,2015-03-03,2015-03-09,"The average temperature in the contiguous United States in February was 33.1°F, or 0.7°F below the 20th-century average.","Based on the trend of increasing intense precipitation events, it is likely that the contiguous United States will experience more frequent and intense precipitation events in the coming months.;NA",search,2015-03-02,2015-03-08,1,31
20150310,Total,50.98,49.02,26.45,13.14,7.01,2.65,2015-03-10,2015-03-16,1,2015-03-10,2015-03-10,2015-03-16,"The contiguous United States (CONUS) has a dataset for climate divisions, which includes precipitation data.","In the long-term, it is possible that the contiguous U.S. will continue to experience changes in precipitation patterns, with an increase in heavy events and variability in rainfall intensity, potentially related to climate change.;In the short-term, it is likely that the contiguous U.S. will continue to experience heavy precipitation events, especially in the Northeast region.",search,2015-03-09,2015-03-15,1,31
20150317,Total,49.89,50.11,29.06,13.57,7.2,2.65,2015-03-17,2015-03-23,1,2015-03-17,2015-03-17,2015-03-23,"The contiguous United States refers to the 48 states that make up the continental US, excluding Alaska and Hawaii.","Based on GCM projections, the southwest US may experience reduced precipitation in the long term due to climate change. Note: Most of the search results were not directly relevant to predicting Monthly Contiguous U.S. Precipitation, so the output is limited.;It is likely that the eastern US will continue to experience below-average precipitation in the short term, while other areas may see more normal or above-average precipitation.",search,2015-03-16,2015-03-22,1,31
20150324,Total,48.68,51.32,28.93,14.18,7.36,2.79,2015-03-24,2015-03-30,1,2015-03-24,2015-03-24,2015-03-30,"The contiguous United States has a varying amount of monthly precipitation totals, with darker colors indicating higher totals.","In the long-term, it is possible that climate changes will impact precipitation patterns in the contiguous United States, leading to more frequent or severe weather events. Note: The provided search results did not yield a significant amount of information directly related to predicting Monthly Contiguous U.S. Precipitation. The above summary is based on the limited relevant information found.;Based on the data, it is likely that precipitation patterns will continue to vary across the contiguous United States in the short-term, with some areas experiencing higher totals than others.",search,2015-03-23,2015-03-29,1,31
20150331,Total,46.04,53.96,30.83,15.54,7.49,2.79,2015-03-31,2015-04-06,1,2015-03-31,2015-03-31,2015-04-06,"Historical temperature, precipitation, and Palmer drought data from 1895 to present for climate divisions, states, and regions in the contiguous U.S. are available.","Long-term predictions of Monthly Contiguous U.S. Precipitation can be made by analyzing historical climate patterns and trends, as well as current weather forecasts, to identify areas that may experience drought or heavy precipitation in the next few months.;Based on the availability of historical climate data and current weather forecasts, it is possible to make short-term predictions about Monthly Contiguous U.S. Precipitation, such as identifying areas that may experience above or below average precipitation in the next 1-4 weeks.",search,2015-03-30,2015-04-05,1,31
20150407,Total,45.03,54.97,30.89,16.01,7.64,3.03,2015-04-07,2015-04-13,1,2015-04-07,2015-04-07,2015-04-13,The U.S. Drought Monitor provides information on drought conditions across the contiguous United States.,"NA;With the availability of daily precipitation data and forecasts, it is possible to make short-term predictions about monthly contiguous U.S. precipitation.",search,2015-04-06,2015-04-12,1,31
20150414,Total,46.9,53.1,31.34,15.99,7.6,2.97,2015-04-14,2015-04-20,1,2015-04-14,2015-04-14,2015-04-20,The continental U.S. will see more lightning in the future as storm energy and precipitation rates rise with global warming.,"In the long-term, the contiguous United States can expect to see more frequent and intense precipitation events, which may lead to more severe weather conditions and increased risk of natural disasters.;It is likely that the next 1-4 weeks will see an increase in precipitation rates and storm energy, leading to more intense weather events and lightning storms.",search,2015-04-13,2015-04-19,1,31
20150421,Total,51.38,48.62,31.06,15.85,7.16,2.97,2015-04-21,2015-04-27,1,2015-04-21,2015-04-21,2015-04-27,"The contiguous United States experiences a significant amount of precipitation, with over 70% of it occurring as rain in certain regions.",NA;NA,search,2015-04-20,2015-04-26,1,31
20150428,Total,51.49,48.51,31.3,16.74,6.77,2.85,2015-04-28,2015-05-04,1,2015-04-28,2015-04-28,2015-05-04,"Historical temperature, precipitation, and Palmer drought data from 1895 to present for climate divisions, states, and regions in the contiguous U.S. are available.","The precipitation pattern in the contiguous U.S. is expected to continue to be influenced by climate change, leading to more frequent and intense weather events. Note: There is limited information available in the provided search results to make specific predictions about Monthly Contiguous U.S. Precipitation. The insights and predictions provided are based on general knowledge and the available information.;Heavy precipitation events are likely to occur in the Northeast region of the contiguous U.S. in the short term.",search,2015-04-27,2015-05-03,1,31
20150505,Total,49.38,50.62,31.61,17.01,6.57,2.83,2015-05-05,2015-05-11,1,2015-05-05,2015-05-05,2015-05-11,"The contiguous United States experienced record-breaking temperature, precipitation, and drought in May 2015.","The long-term future (next few months) may see a continuation of the ENSO-driven precipitation patterns, leading to potential drought and heavy precipitation events in the contiguous United States. Note: The provided search results do not provide a direct and explicit prediction of Monthly Contiguous U.S. Precipitation. The above summary is based on the available information and the expert's analysis and insights.;Based on the current situation, it is likely that the contiguous United States will continue to experience extreme weather conditions, including heavy precipitation and drought, in the short-term future (next 1-4 weeks).",search,2015-05-04,2015-05-10,1,31
20150512,Total,49.32,50.68,28.97,14.77,6.01,2.62,2015-05-12,2015-05-18,1,2015-05-12,2015-05-12,2015-05-18,The contiguous U.S. experienced a slight increase in rainfall over the eastern half and a slight decrease over the western half in Texas.,"In the long-term future (next few months), it is possible that the trend of increasing rainfall in the eastern half of the contiguous U.S. and decreasing rainfall in the western half will continue, although this is uncertain and more data is needed to make a confident prediction.;It is likely that the short-term future (next 1-4 weeks) will see continued variability in rainfall across the contiguous U.S., with some areas experiencing above-average rainfall and others experiencing below-average rainfall.",search,2015-05-11,2015-05-17,1,31
20150519,Total,52.36,47.64,26.4,12.67,5.8,2.62,2015-05-19,2015-05-25,1,2015-05-19,2015-05-19,2015-05-25,The contiguous United States experienced above-average temperatures in March-May 2015.,"The seasonal patterns of extreme precipitation in the western United States suggest that certain regions may experience more frequent or intense precipitation events in the next few months.;Based on the current temperature trends, it is possible that the next 1-4 weeks may see above-average precipitation in certain regions of the contiguous United States.",search,2015-05-18,2015-05-24,1,31
20150526,Total,53.58,46.42,22.07,11.86,5.8,2.62,2015-05-26,2015-06-01,1,2015-05-26,2015-05-26,2015-06-01,"Historical temperature, precipitation, and Palmer drought data from 1895 to present for climate divisions, states, and regions in the contiguous U.S. are available.","In the long term, the trend of increasing evaporative demand could offset potential precipitation increases, leading to more frequent and severe droughts in the contiguous U.S.;Based on the current drought conditions, it's likely that the next 1-4 weeks will see continued dryness in the affected regions, with precipitation patterns playing a crucial role in determining the severity of the drought.",search,2015-05-25,2015-05-31,1,31
20150602,Total,58.21,41.79,20.59,11.86,5.93,2.62,2015-06-02,2015-06-08,1,2015-06-02,2015-06-02,2015-06-08,"The contiguous United States experienced a very active upper-level circulation pattern in June 2015, leading to record-breaking precipitation.","However, it is difficult to make long-term predictions (next few months) without more data and analysis of the underlying climate patterns influencing the precipitation.;Based on the current trend, it is likely that the contiguous United States will continue to experience above-average precipitation in the short term (next 1-4 weeks).",search,2015-06-01,2015-06-07,1,31
20150609,Total,60.87,39.13,19.52,11.46,5.77,2.56,2015-06-09,2015-06-15,1,2015-06-09,2015-06-09,2015-06-15,"The contiguous United States experienced its wettest month ever recorded in May 2015, with above-normal precipitation across the country.","Long-term predictions are more uncertain, but the trend of increased precipitation in the contiguous U.S. may continue, potentially influenced by climate change and other large-scale climate patterns.;Based on the recent wet pattern, it is likely that the contiguous U.S. will continue to experience above-normal precipitation in the short term (next 1-4 weeks).",search,2015-06-08,2015-06-14,1,31
20150616,Total,59.1,40.9,20.67,11.39,5.65,2.39,2015-06-16,2015-06-22,1,2015-06-16,2015-06-16,2015-06-22,"The contiguous United States experienced record-high temperatures, precipitation, and drought in June 2015.","In the long-term future (next few months), climate change is expected to continue to alter the patterns of precipitation in the contiguous U.S., leading to more frequent and severe droughts and floods.;In the short-term future (next 1-4 weeks), it is likely that the contiguous U.S. will continue to experience extreme precipitation events, potentially leading to flooding and droughts.",search,2015-06-15,2015-06-21,1,31
20150623,Total,56.96,43.04,21.97,11.96,5.65,2.39,2015-06-23,2015-06-29,1,2015-06-23,2015-06-23,2015-06-29,"The seasonal precipitation outlook for the contiguous United States for July through September 2015 indicates above-normal, equal chances, or below-normal precipitation.","The long-term future is more uncertain, but it is possible that climate change may lead to changes in precipitation patterns in the contiguous United States, potentially resulting in more extreme weather events.;Based on the seasonal precipitation outlook, it is likely that precipitation patterns in the contiguous United States will vary by region over the next 1-4 weeks, with some areas experiencing above-normal precipitation and others experiencing below-normal precipitation.",search,2015-06-22,2015-06-28,1,31
20150630,Total,58.29,41.71,23.25,13.0,5.65,2.39,2015-06-30,2015-07-06,1,2015-06-30,2015-06-30,2015-07-06,"Historical temperature, precipitation, and Palmer drought data from 1895 to present for climate divisions, states, and regions in the contiguous U.S. are available.","Based on climate models, changes in mean annual precipitation can be expected in the contiguous U.S. by 2100, which may have implications for drought and water resources.;NA",search,2015-06-29,2015-07-05,1,31
20150707,Total,59.48,40.52,24.59,14.35,6.24,2.39,2015-07-07,2015-07-13,1,2015-07-07,2015-07-07,2015-07-13,"The contiguous U.S. experienced drought conditions in July 2015, while Alaska and Puerto Rico saw worsening drought conditions.","The precipitation deficits in the western U.S. may lead to increased high diurnal temperature ranges in the long-term. Note: The information provided is limited to July 2015, and the predictions are based on the analysis of the current situation.;It is likely that the drought conditions in the contiguous U.S. will continue in the short-term, with temperatures remaining warm in the West.",search,2015-07-06,2015-07-12,1,31
20150714,Total,60.6,39.4,25.12,14.64,6.25,2.36,2015-07-14,2015-07-20,1,2015-07-14,2015-07-14,2015-07-20,"The contiguous U.S. has experienced a 4.0°F above-average temperature in recent years, with eastern North America, including the eastern U.S., being relatively cooler.","In the long-term, climate change is likely to have a significant impact on precipitation patterns across the contiguous United States, with potential increases in extreme weather events.;In the short-term, it is likely that the central United States will continue to experience significant precipitation events due to mesoscale convective systems.",search,2015-07-13,2015-07-19,1,31
20150721,Total,60.6,39.4,24.91,14.01,6.25,2.36,2015-07-21,2015-07-27,1,2015-07-21,2015-07-21,2015-07-27,"The U.S. Drought Monitor issued on July 14, 2015, showed severe drought conditions in the contiguous United States, with darker red colors indicating more severe drought.","If the predicted El Niño event occurs, it may bring much-needed rain to California and other parts of the contiguous United States, potentially alleviating drought conditions.;In the short-term, the drought conditions are likely to persist, and the risk of wildfires will remain high.",search,2015-07-20,2015-07-26,1,31
20150728,Total,55.81,44.19,24.82,14.38,7.36,2.36,2015-07-28,2015-08-03,1,2015-07-28,2015-07-28,2015-08-03,"The contiguous United States has historical temperature, precipitation, and Palmer drought data from 1895 to present for climate divisions, states, and regions.","In the long-term future, the trend of warming temperatures and changing precipitation patterns may continue, leading to more frequent and severe droughts and heatwaves in the contiguous United States.;In the short-term future, it is likely that drought conditions will persist in areas with below-average precipitation, potentially leading to water shortages and agricultural impacts.",search,2015-07-27,2015-08-02,1,31
20150804,Total,52.98,47.02,26.02,14.62,7.37,2.36,2015-08-04,2015-08-10,1,2015-08-04,2015-08-04,2015-08-10,"The average annual rainfall in the contiguous 48 states in the U.S. is 30 inches, but it varies widely by region and season.",NA;NA,search,2015-08-03,2015-08-09,1,31
20150811,Total,51.66,48.34,27.52,14.98,7.69,2.51,2015-08-11,2015-08-17,1,2015-08-11,2015-08-11,2015-08-17,"The contiguous United States experienced a drier than normal week in August 2015, with precipitation below average across most of the region.","In the long term (next few months), the contiguous United States may experience increased precipitation in certain regions, such as the northern portion of the southwestern United States, due to climate change and other factors.;In the short term (next 1-4 weeks), it is likely that the contiguous United States will continue to experience below-average precipitation, potentially exacerbating drought conditions in certain regions.",search,2015-08-10,2015-08-16,1,31
20150818,Total,50.51,49.49,27.92,15.26,7.88,2.51,2015-08-18,2015-08-24,1,2015-08-18,2015-08-18,2015-08-24,"The contiguous United States experienced heavy rainfall in the south in May 2015, with an accumulated precipitation of 4.0°F above average from January through April 2016.","In the long-term future (next few months), it is possible that the contiguous United States will experience changes in precipitation patterns due to climate change, such as increases in winter storms affecting the Northeast United States.;In the short-term future (next 1-4 weeks), it is likely that the contiguous United States will continue to experience above-average precipitation, especially in the southern regions, due to the ongoing El Niño event.",search,2015-08-17,2015-08-23,1,31
20150825,Total,50.78,49.22,27.98,15.15,9.18,2.51,2015-08-25,2015-08-31,1,2015-08-25,2015-08-25,2015-08-31,"Objective facts about the Monthly Contiguous U.S. Precipitation situation** * August 2015 ranked as the 28th driest August in the 1895-2015 record. * The national drought footprint expanded when compared to last month, increasing from 26.0 percent of the U.S. as a whole to about 28.4 percent of the U.S. in moderate to exceptional drought. * 21 states ranked in the driest third of the historical record for August. **","Long-term predictions (next 4-12 months)** * The drought situation in the West may persist or even worsen, given the ongoing dryness and heat. * The Midwest and other regions may experience a return to normal or above-normal precipitation, but this is uncertain and dependent on various climate factors. Here are the filtered results and summarized information relevant to making predictions about Monthly Contiguous U.S. Precipitation:;Short-term predictions (next 1-3 months)** * The drought situation in the West is likely to continue, with above-normal temperatures and below-normal precipitation expected. * The Midwest and other regions may experience a temporary reprieve from dryness, but it is uncertain whether this will lead to a long-term trend. **",report,2015-08-01,2015-08-31,0,31
20150901,Total,50.12,49.88,28.4,15.69,8.98,2.51,2015-09-01,2015-09-07,1,2015-09-01,2015-09-01,2015-09-07,"The National Weather Service (NWS) Cooperative Observer Program (COOP Program) is older than the United States, dating to the pre-Revolutionary War colonies.","The IGSM-CAM projections suggest that the eastern and central regions of the contiguous United States may experience a wetter than normal climate in the next few months, which could lead to increased Monthly Contiguous U.S. Precipitation.;Based on the IGSM-CAM projections, it is likely that the eastern and central regions of the contiguous United States will experience above-average precipitation in the next 1-4 weeks.",search,2015-08-31,2015-09-06,1,31
20150908,Total,48.0,52.0,28.15,16.44,9.14,2.51,2015-09-08,2015-09-14,1,2015-09-08,2015-09-08,2015-09-14,"The contiguous United States experienced a record-breaking September in 2015 in terms of temperature, precipitation, land-falling tropical cyclones, and drought.","In the long-term future (next few months), the contiguous United States may experience continued extreme weather conditions, including drought and heavy precipitation events, due to the ongoing El Niño event and climate change.;In the short-term future (next 1-4 weeks), there is a risk of increased precipitation events in the contiguous United States due to the ongoing El Niño event.",search,2015-09-07,2015-09-13,1,31
20150915,Total,47.52,52.48,28.0,16.4,9.35,2.51,2015-09-15,2015-09-21,1,2015-09-15,2015-09-15,2015-09-21,"The contiguous United States includes diverse regions such as deserts, like the Mojave, and mountains, with some of the highest peaks in the country.","In the long-term, climate change may continue to impact precipitation patterns in the contiguous United States, leading to more frequent and severe droughts and heatwaves.;In the short-term, precipitation patterns may continue to vary across the contiguous United States, with some areas experiencing heavy rainfall and others experiencing drought.",search,2015-09-14,2015-09-20,1,31
20150922,Total,47.25,52.75,26.93,16.57,9.5,2.51,2015-09-22,2015-09-28,1,2015-09-22,2015-09-22,2015-09-28,"The contiguous United States experienced heavy rainfall in the summer, with Ohio observing 8.15 inches of rain, beating the previous record of 7.27 inches set in 1902.","As global warming continues to intensify, it is likely that the contiguous U.S. will experience more frequent and intense extreme rainfall events, leading to increased precipitation in the long-term future (next few months).;Based on the current trends, it is likely that the contiguous U.S. will continue to experience extreme weather events, including heavy rainfall and snowfall, in the short-term future (next 1-4 weeks).",search,2015-09-21,2015-09-27,1,31
20150929,Total,47.01,52.99,26.82,16.82,9.58,2.51,2015-09-29,2015-10-05,1,2015-09-29,2015-09-29,2015-10-05,"Historical temperature, precipitation, and Palmer drought data from 1895 to present for climate divisions, states, and regions in the contiguous U.S. are available.","In the long-term, the trend of more extreme precipitation patterns may continue, with more areas experiencing heavy rain events and drier conditions. Note: The information provided is limited, and more data would be needed to make more accurate predictions.;In the short-term, it is likely that some areas of the contiguous U.S. will experience heavy rain events, while others may remain dry.",search,2015-09-28,2015-10-04,1,31
20151006,Total,53.08,46.92,26.43,17.96,10.06,2.56,2015-10-06,2015-10-12,1,2015-10-06,2015-10-06,2015-10-12,"The contiguous United States is expected to experience changes in extreme precipitation, with projected changes in mean seasonal precipitation (%) for 2041-2070 with respect to the reference period of 1971-2000.","In the long-term, projected changes in mean seasonal precipitation (%) are expected to occur in the contiguous United States, with potential impacts on drought and reservoir storage.;In the short-term, above-average precipitation is expected in the continental United States, particularly during the winter season, due to the ongoing El Niño event.",search,2015-10-05,2015-10-11,1,31
20151013,Total,51.3,48.7,27.3,18.84,11.08,2.73,2015-10-13,2015-10-19,1,2015-10-13,2015-10-13,2015-10-19,"From 1949 to 2015, nearly 80% of weather stations across the contiguous 48 states have recorded an increase in winter precipitation falling as rain instead of snow.","The long-term trend of increasing winter precipitation falling as rain instead of snow is expected to continue, suggesting that the contiguous United States may experience more frequent and intense winter precipitation events in the coming months.;Based on the trends, it is likely that the next 1-4 weeks will see continued above-average winter precipitation in the contiguous United States, with a higher likelihood of rain instead of snow.",search,2015-10-12,2015-10-18,1,31
20151020,Total,46.97,53.03,29.1,19.44,12.06,3.14,2015-10-20,2015-10-26,1,2015-10-20,2015-10-20,2015-10-26,"The Climate Prediction Center (CPC) releases a winter climate outlook for the United States, which includes predictions for precipitation.","The winter climate outlook may indicate above or below average precipitation for certain regions of the contiguous United States, which can be used to make predictions for the next few months. Note: Most of the search results are irrelevant to predicting Monthly Contiguous U.S. Precipitation, and therefore, some parts are marked as ""NA"". The relevant information is limited to the Climate Prediction Center's winter climate outlook, which provides some insight into precipitation patterns for the next few months.;NA",search,2015-10-19,2015-10-25,1,31
20151027,Total,51.33,48.67,25.33,14.41,8.65,2.51,2015-10-27,2015-11-02,1,2015-10-27,2015-10-27,2015-11-02,"The contiguous United States observed its warmest autumn on record in 2015, with a temperature 1.8°C (3.3°F) above the 20th century average.","The warm autumn temperatures and El Niño effects may lead to altered precipitation patterns in the contiguous U.S. over the next few months. Note: Some of the search results were not directly related to Monthly Contiguous U.S. Precipitation, so they were discarded.;Above-average precipitation is expected for the southern tier of the contiguous United States due to El Niño impacts.",search,2015-10-26,2015-11-01,1,31
20151103,Total,56.02,43.98,21.9,12.94,7.39,2.27,2015-11-03,2015-11-09,1,2015-11-03,2015-11-03,2015-11-09,"The year-to-date precipitation total for the contiguous U.S. was notable in 2015, with every state except Oregon experiencing above-average precipitation.","The long-term precipitation trends in the contiguous U.S. may be influenced by climate variability and El Nino events, but it is difficult to make specific predictions without more information.;Based on the Climate Prediction Center's outlook, it is likely that parts of the contiguous U.S. will experience above-average precipitation in the short term (next 1-4 weeks).",search,2015-11-02,2015-11-08,1,31
20151110,Total,58.54,41.46,21.07,12.76,7.08,2.26,2015-11-10,2015-11-16,1,2015-11-10,2015-11-10,2015-11-16,"The contiguous United States experienced record-breaking temperature, precipitation, land-falling tropical cyclones, and drought in November 2015.","In the long-term future (next few months), the contiguous United States can expect to see more frequent and intense weather events, including heavy precipitation and drought, due to climate change. Note: The provided search results do not offer specific predictions or trends for Monthly Contiguous U.S. Precipitation. The insights and predictions made are based on general knowledge and analysis of the current situation.;In the short-term future (next 1-4 weeks), it is likely that the contiguous United States will continue to experience variable precipitation patterns, with some regions experiencing heavy rainfall and others facing drought conditions.",search,2015-11-09,2015-11-15,1,31
20151117,Total,59.79,40.21,19.08,12.45,7.08,2.26,2015-11-17,2015-11-23,1,2015-11-17,2015-11-17,2015-11-23,"The contiguous United States (ConUS) is a configuration used in ensemble forecasts, which can extend out to 10 days.","NA Note: The provided search results do not contain specific information about Monthly Contiguous U.S. Precipitation that can be used to make predictions. Most of the results are unrelated to precipitation or focus on other topics such as energy, fishing, and national parks.;NA",search,2015-11-16,2015-11-22,1,31
20151124,Total,64.12,35.88,18.34,12.41,7.04,2.26,2015-11-24,2015-11-30,1,2015-11-24,2015-11-24,2015-11-30,"The contiguous United States experienced its 4th wettest November in 1895-2015, with 17.2% of the area in drought and 13.3% in moderate to extreme drought.","Predictions for the long-term future (next 4-12 months) suggest a possible return to dry conditions in the West, especially California, due to the persistent warmth and dryness in the region. Here is the filtered information relevant to predicting Monthly Contiguous U.S. Precipitation:;Predictions for the short-term future (next 1-3 months) suggest continued improvement in drought conditions, especially in areas that received heavy precipitation in November.",report,2015-11-01,2015-11-30,0,31
20151201,Total,67.59,32.41,17.23,12.28,6.98,2.26,2015-12-01,2015-12-07,1,2015-12-01,2015-12-01,2015-12-07,"The contiguous United States has experienced varying levels of precipitation, with some areas receiving more rainfall than others. For example, Tishomingo, Oklahoma has seen nearly 80 inches of rain, more than any other city in the Continental United States.","In the long term, projections suggest that changes in U.S. precipitation patterns will continue to impact the contiguous United States, with potential increases in precipitation in some areas and decreases in others.;In the short term, it is likely that regional precipitation patterns will continue to vary, with some areas receiving more rainfall than others.",search,2015-11-30,2015-12-06,1,31
20151208,Total,68.87,31.13,16.88,12.0,6.67,2.26,2015-12-08,2015-12-14,1,2015-12-08,2015-12-08,2015-12-14,"The contiguous United States experienced the warmest autumn on record in 2015, with every state in the Lower 48 recording above-average temperatures from September through November.","In the long-term, the trend of warming temperatures and changing precipitation patterns is likely to continue, potentially leading to more frequent and severe droughts and floods, as well as changes in water availability and ecosystems.;In the short-term, it is likely that the contiguous United States will continue to experience above-average temperatures and potentially altered precipitation patterns, which could lead to increased rainfall and reduced snowfall in certain regions.",search,2015-12-07,2015-12-13,1,31
20151215,Total,69.32,30.68,16.42,10.97,5.51,2.26,2015-12-15,2015-12-21,1,2015-12-15,2015-12-15,2015-12-21,"Since 1949, nearly 80% of weather stations across the contiguous United States have shown a decline in lake ice coverage, indicating a potential impact on winter precipitation patterns.","The long-term trend suggests that the contiguous United States may experience more extreme weather events, including heavy precipitation events and droughts, potentially linked to climate change.;In the short-term, the El Niño event may lead to increased precipitation in the southern Gulf States and storm tracks, while the northern Pacific US may experience milder winters.",search,2015-12-14,2015-12-20,1,31
20151222,Total,70.0,30.0,16.18,10.58,5.51,2.26,2015-12-22,2015-12-28,1,2015-12-22,2015-12-22,2015-12-28,"The contiguous United States experiences a wide range of climates, from continental to maritime, with extreme low temperatures in winter and varying precipitation patterns.","In the long-term future, it is possible that the contiguous United States will experience more frequent and intense extreme weather events, such as heavy rainfall and droughts, due to climate change.;In the short-term future, it is likely that the contiguous United States will continue to experience varying weather patterns, with some areas experiencing heavy precipitation events and others experiencing dry conditions.",search,2015-12-21,2015-12-27,1,31
20151229,Total,70.64,29.36,15.7,9.67,5.25,2.26,2015-12-29,2016-01-04,1,2015-12-29,2015-12-29,2016-01-04,"Historical temperature, precipitation, and Palmer drought data from 1895 to present for climate divisions, states, and regions in the contiguous U.S. are available.","In the long-term future (next few months), the El Niño event is expected to continue to influence Monthly Contiguous U.S. Precipitation, potentially leading to above-average precipitation in the South and other regions.;In the short-term future (next 1-4 weeks), heavy rains and potential coastal flooding are expected in the South due to the strong El Niño event.",search,2015-12-28,2016-01-03,1,31
20160105,Total,71.93,28.07,15.42,8.39,4.32,2.26,2016-01-05,2016-01-11,1,2016-01-05,2016-01-05,2016-01-11,"The average contiguous U.S. precipitation in 2015 was 34.47 inches, 4.53 inches above average.","In the next few months, the contiguous United States may experience a continuation of the warm and wet trend, potentially leading to increased precipitation and temperature anomalies, especially during the spring season.;In the next 1-4 weeks, it is likely that the contiguous United States will continue to experience above-average precipitation and temperatures, potentially leading to further record-breaking events.",search,2016-01-04,2016-01-10,1,31
20160112,Total,73.51,26.49,14.49,8.35,4.32,2.16,2016-01-12,2016-01-18,1,2016-01-12,2016-01-12,2016-01-18,"The contiguous United States experienced record warmth in December 2015, with 29 states having the warmest December on record.","The trends in 20th-century drought over the continental United States could indicate a larger pattern of drought occurrence in the coming months, potentially impacting precipitation patterns.;Based on the record warmth in December 2015, it is possible that the next 1-4 weeks may see continued above-average temperatures and altered precipitation patterns in the contiguous United States.",search,2016-01-11,2016-01-17,1,31
20160119,Total,74.1,25.9,13.74,7.13,4.05,2.02,2016-01-19,2016-01-25,1,2016-01-19,2016-01-19,2016-01-25,"The contiguous United States experienced its third wettest year in 2015, with an average precipitation of 34.47 inches, 4.53 inches above average.","The long-term future is more uncertain, but it is possible that the contiguous United States will experience a continued wetter-than-average period, potentially influenced by global climate patterns such as El Niño or La Niña.;Based on recent trends, it is likely that the contiguous United States will continue to experience above-average precipitation in the short term (next 1-4 weeks).",search,2016-01-18,2016-01-24,1,31
20160126,Total,74.72,25.28,13.0,7.13,3.86,1.91,2016-01-26,2016-02-01,1,2016-01-26,2016-01-26,2016-02-01,"Historical temperature, precipitation, and Palmer drought data from 1895 to present for climate divisions, states, and regions in the contiguous U.S. are available.",NA;NA,search,2016-01-25,2016-01-31,1,31
20160202,Total,73.95,26.05,13.01,7.06,3.86,1.88,2016-02-02,2016-02-08,1,2016-02-02,2016-02-02,2016-02-08,"The contiguous United States experienced varying precipitation conditions in February 2016, with four states in the Northeast having much above-average precipitation totals, while the Southwest was drier than usual.","In the long term, the trend of drier conditions in the Southwest may persist, with potential implications for water resources, ecosystems, and climate justice in the region.;For the next 1-4 weeks, it is likely that the Northeast will continue to experience above-average precipitation, while the Southwest will remain drier than usual.",search,2016-02-01,2016-02-07,1,31
20160209,Total,73.73,26.27,12.59,6.57,3.56,1.83,2016-02-09,2016-02-15,1,2016-02-09,2016-02-09,2016-02-15,"The contiguous United States experienced above-average winter temperatures, with 46 states having a warmer-than-normal winter.","In the long term, the effects of El Niño on U.S. weather conditions may persist, leading to continued warm and wet conditions in the contiguous U.S., although the Southwest may continue to experience drought.;In the short term, it is likely that the contiguous U.S. will continue to experience above-average temperatures, with potential for drought in the Southwest and variable precipitation patterns along the East Coast.",search,2016-02-08,2016-02-14,1,31
20160216,Total,71.17,28.83,12.7,6.47,3.41,1.83,2016-02-16,2016-02-22,1,2016-02-16,2016-02-16,2016-02-22,The contiguous U.S. received three times its average precipitation amounts for February 2016.,"In the long term (next few months), it's likely that the contiguous U.S. will continue to experience variable precipitation patterns, with an increasing risk of drought and potentially more extreme weather events.;Based on the recent trend, it's possible that the contiguous U.S. may experience above-average precipitation in the short term (next 1-4 weeks), but with an increasing risk of drought.",search,2016-02-15,2016-02-21,1,31
20160223,Total,73.15,26.85,12.32,6.5,3.39,1.83,2016-02-23,2016-02-29,1,2016-02-23,2016-02-23,2016-02-29,The contiguous U.S. ranked as the 46th driest February in the 1895-2016 record.,"In the long term (next 4-12 months), the El Niño pattern is expected to weaken, which may lead to a shift in precipitation patterns and potentially improved drought conditions in the West. Here is the filtered information relevant to predicting Monthly Contiguous U.S. Precipitation:;In the short term (next 1-3 months), it is likely that drought conditions will continue to persist in the West, with some improvement possible in the East.",report,2016-02-01,2016-02-29,0,31
20160301,Total,71.41,28.59,12.07,6.51,3.39,1.83,2016-03-01,2016-03-07,1,2016-03-01,2016-03-01,2016-03-07,"The contiguous U.S. was warmer than average in March 2016, with record and near-record temperatures dominating the eastern part of the country.","With the warmer temperatures and potential changes in precipitation patterns, it is likely that the contiguous U.S. may experience more frequent extreme precipitation events in the long term (next few months).;Based on the current warm temperature trend, it is possible that precipitation in the contiguous U.S. may be below average in the short term (next 1-4 weeks).",search,2016-02-29,2016-03-06,1,31
20160308,Total,68.54,31.46,10.53,6.21,3.39,1.83,2016-03-08,2016-03-14,1,2016-03-08,2016-03-08,2016-03-14,"The contiguous United States has experienced extreme precipitation events, with almost 200 inches of precipitation falling in the Panhandle of Alaska.","Long-term predictions are uncertain, but it is possible that the contiguous US will experience more frequent extreme precipitation events due to climate change.;It is likely that the contiguous US will continue to experience unusual precipitation patterns in the short term, potentially influenced by the El Niño event.",search,2016-03-07,2016-03-13,1,31
20160315,Total,69.21,30.79,10.53,5.43,3.14,1.56,2016-03-15,2016-03-21,1,2016-03-15,2016-03-15,2016-03-21,"The contiguous United States experienced varying precipitation patterns in March 2016, with northern California receiving significant snowmelt and rain, while the rest of the state saw only a small benefit.","Long-term predictions suggest that the contiguous United States may experience more extreme climate events, such as heavy rainstorms, which could impact monthly precipitation patterns.;In the short-term, it is possible that the northern half of North America, including the more northern contiguous U.S. states, will experience increased winter and spring precipitation.",search,2016-03-14,2016-03-20,1,31
20160322,Total,68.16,31.84,12.09,5.11,3.14,1.56,2016-03-22,2016-03-28,1,2016-03-22,2016-03-22,2016-03-28,"The contiguous United States experiences varying levels of precipitation across different regions, with the eastern panhandle of states receiving less precipitation than the western parts.","In the long-term, climate patterns such as ENSO are likely to continue to impact precipitation patterns in the contiguous United States, leading to varying levels of precipitation across different regions.;In the short-term, precipitation patterns are likely to continue to vary across different regions of the contiguous United States, with some areas experiencing wet weather and others remaining dry.",search,2016-03-21,2016-03-27,1,31
20160329,Total,64.69,35.31,12.76,4.92,3.14,1.56,2016-03-29,2016-04-04,1,2016-03-29,2016-03-29,2016-04-04,"The contiguous U.S. had an above-average March temperature in 2016, with every state experiencing warmer temperatures.","The long-term future may see a decrease in precipitation in the western United States due to climate change, potentially leading to drought and water scarcity issues.;Based on the current trend, it is likely that the contiguous U.S. will experience above-average precipitation in the next 1-4 weeks.",search,2016-03-28,2016-04-03,1,31
20160405,Total,65.56,34.44,14.12,5.06,3.14,1.43,2016-04-05,2016-04-11,1,2016-04-05,2016-04-05,2016-04-11,The contiguous United States experienced the warmest winter on record in 2015-16.,"The long-term trend suggests that the contiguous United States will continue to experience more frequent and intense precipitation events, potentially leading to increased flooding and drought risks. Note: The other search results were not relevant to predicting Monthly Contiguous U.S. Precipitation and were therefore discarded.;It is likely that the next 1-4 weeks will see continued above-average precipitation in the contiguous United States, particularly in areas prone to heavy precipitation events.",search,2016-04-04,2016-04-10,1,31
20160412,Total,63.38,36.62,14.98,5.19,3.14,1.43,2016-04-12,2016-04-18,1,2016-04-12,2016-04-12,2016-04-18,"The contiguous United States experienced a precipitation deficit flash drought in 2016, which was characterized by rapid intensification of drought conditions.","Long-term predictions are difficult to make, but it is likely that the contiguous United States will continue to experience precipitation deficits and flash droughts, especially if climate change continues to impact global weather patterns. Note: The provided search results are mostly from 2016, which may not be directly applicable to current or future precipitation patterns. More recent and relevant data would be necessary to make accurate predictions.;Based on the historical data, it is likely that the contiguous United States will experience similar precipitation deficits and flash droughts in the short-term future, especially during the spring and summer months.",search,2016-04-11,2016-04-17,1,31
20160419,Total,63.33,36.67,13.04,5.04,2.88,0.92,2016-04-19,2016-04-25,1,2016-04-19,2016-04-19,2016-04-25,"The contiguous United States experiences varying levels of precipitation, with the Pacific Coastal region receiving high amounts of rainfall.","In the long term (next few months), ENSO events may continue to impact precipitation patterns, leading to above-average precipitation in the southern states and below-average precipitation in the western states.;In the short term (next 1-4 weeks), above-average precipitation is likely to continue in the southern states, while the eastern half of the country may experience freezing precipitation events.",search,2016-04-18,2016-04-24,1,31
20160426,Total,63.02,36.98,12.99,5.0,2.88,0.92,2016-04-26,2016-05-02,1,2016-04-26,2016-04-26,2016-05-02,"The U.S. Climate Extremes Index documents the area of the contiguous United States affected by extreme precipitation, among other climate-related events.","In the long-term future (next few months), it is possible that the contiguous United States will experience more frequent and intense extreme precipitation events due to climate change.;In the short-term future (next 1-4 weeks), it is likely that the contiguous United States will continue to experience above-average precipitation in certain regions, particularly in the central United States.",search,2016-04-25,2016-05-01,1,31
20160503,Total,67.86,32.14,12.27,4.64,2.88,0.92,2016-05-03,2016-05-09,1,2016-05-03,2016-05-03,2016-05-09,"The contiguous United States has experienced extremes in maximum temperature from 1910 to 2015, with annual variations.","Long-term climate assessments suggest that Kansas City, Missouri, may experience changes in precipitation patterns, which could impact local climate conditions.;NA",search,2016-05-02,2016-05-08,1,31
20160510,Total,70.76,29.24,12.3,4.49,2.83,0.92,2016-05-10,2016-05-16,1,2016-05-10,2016-05-10,2016-05-16,"During March-May 2016, above-average precipitation was observed across much of the central contiguous U.S.","Climate change may lead to projected shifts in rainfall and temperature patterns in the future, which could impact forested areas and ecosystems in the contiguous U.S.;NA",search,2016-05-09,2016-05-15,1,31
20160517,Total,71.99,28.01,11.7,4.07,2.06,0.92,2016-05-17,2016-05-23,1,2016-05-17,2016-05-17,2016-05-23,"The contiguous United States has diverse physiographic regions, which affect precipitation patterns.","In the long-term, climate change is expected to increase the number of extreme rainfall events in the western, central, and eastern continental United States, leading to more frequent flooding events.;In the short-term, precipitation patterns in the contiguous United States may be influenced by the ongoing El Niño event, leading to increased precipitation in certain regions.",search,2016-05-16,2016-05-22,1,31
20160524,Total,71.17,28.83,11.47,3.68,2.06,0.92,2016-05-24,2016-05-30,1,2016-05-24,2016-05-24,2016-05-30,The southeastern United States is an excellent place to illustrate the global importance of temperature and rainfall regimes.,NA;NA,search,2016-05-23,2016-05-29,1,31
20160531,Total,70.62,29.38,10.74,3.56,2.06,0.92,2016-05-31,2016-06-06,1,2016-05-31,2016-05-31,2016-06-06,"The contiguous United States recently completed its wettest May to April period on record, according to the National Oceanic and Atmospheric Administration.","In the long-term, it is possible that the contiguous U.S. may experience a shift towards drier conditions, but more data is needed to confirm this trend. Note: The other search results were not relevant to predicting Monthly Contiguous U.S. Precipitation and were discarded.;In the short-term, it is likely that the contiguous U.S. will continue to experience above-average precipitation, potentially leading to ongoing wet conditions.",search,2016-05-30,2016-06-05,1,31
20160607,Total,68.12,31.88,11.15,3.8,2.06,0.92,2016-06-07,2016-06-13,1,2016-06-07,2016-06-07,2016-06-13,The contiguous United States becomes more affected by smaller-scale weather processes during the summer months.,"NA;In the short term, it is likely that the western US will experience an increased risk of wildfires due to dry conditions and convective storms during the summer months.",search,2016-06-06,2016-06-12,1,31
20160614,Total,64.55,35.45,11.59,4.0,1.89,0.92,2016-06-14,2016-06-20,1,2016-06-14,2016-06-14,2016-06-20,The contiguous United States (CONUS) has a permanent cap on the total amount of SO2 that may be emitted by electric generating units (EGUs).,"The PDO's influence on precipitation patterns in the western United States suggests that long-term predictions of precipitation in this region may be possible.;Based on the relationship between spring precipitation and summer temperatures, it is likely that summer temperatures will be cooler in areas that experienced wetter springs.",search,2016-06-13,2016-06-19,1,31
20160621,Total,61.05,38.95,12.45,4.24,1.89,0.92,2016-06-21,2016-06-27,1,2016-06-21,2016-06-21,2016-06-27,The June 2016 precipitation in the contiguous U.S. was notably drier than normal.,"As the climate continues to change, it is possible that the contiguous U.S. will experience more frequent and prolonged periods of drought, leading to increased wildfires and water scarcity in the long term.;Based on the current dry conditions, it is likely that the contiguous U.S. will continue to experience dry weather in the short term, potentially leading to an increased risk of wildfires and drought.",search,2016-06-20,2016-06-26,1,31
20160628,Total,59.24,40.76,13.6,4.56,1.97,0.92,2016-06-28,2016-07-04,1,2016-06-28,2016-06-28,2016-07-04,"Historical temperature, precipitation, and Palmer drought data from 1895 to present for climate divisions, states, and regions in the contiguous U.S. are available.","Long-term predictions are difficult to make with certainty, but analyzing historical data and climate normals can provide insights into potential precipitation patterns in the contiguous U.S.;Based on historical data, it is likely that precipitation patterns in the eastern and southeastern states will continue to be more pronounced in the short-term.",search,2016-06-27,2016-07-03,1,31
20160705,Total,59.31,40.69,14.89,5.05,2.1,0.92,2016-07-05,2016-07-11,1,2016-07-05,2016-07-05,2016-07-11,"According to records of the U.S. Air Force 14th Weather Wing, wetter-than-normal precipitation was observed across the contiguous U.S. in July 2016.","In the long term (next few months), it is possible that the contiguous U.S. will experience a shift towards drier conditions, but this is uncertain and requires further monitoring of precipitation trends.;Based on recent trends, it is likely that the contiguous U.S. will continue to experience above-average precipitation in the short term (next 1-4 weeks).",search,2016-07-04,2016-07-10,1,31
20160712,Total,59.18,40.82,14.82,5.18,2.15,0.92,2016-07-12,2016-07-18,1,2016-07-12,2016-07-12,2016-07-18,"Historical temperature, precipitation, and Palmer drought data from 1895 to present for climate divisions, states, and regions in the contiguous U.S. are available.","The availability of historical precipitation data and daily surface weather data can help inform long-term predictions of Monthly Contiguous U.S. Precipitation, but more analysis is needed to make specific predictions.;Based on the warm and dry June, it is possible that the next 1-4 weeks may experience below-average precipitation in the contiguous U.S.",search,2016-07-11,2016-07-17,1,31
20160719,Total,55.46,44.54,15.74,5.68,2.39,0.92,2016-07-19,2016-07-25,1,2016-07-19,2016-07-19,2016-07-25,The July precipitation total for the contiguous U.S. was not record-breaking for any state.,NA;NA,search,2016-07-18,2016-07-24,1,31
20160726,Total,53.86,46.14,17.38,5.97,2.44,0.92,2016-07-26,2016-08-01,1,2016-07-26,2016-07-26,2016-08-01,"The Contiguous U.S. (CONUS) has infrared, visible, and water vapor satellite images available for observed precipitation.",NA;NA,search,2016-07-25,2016-07-31,1,31
20160802,Total,54.55,45.45,17.67,6.09,2.41,0.92,2016-08-02,2016-08-08,1,2016-08-02,2016-08-02,2016-08-08,"The contiguous 48 states have experienced a trend of increasing average precipitation from 1901 to 2015, with some fluctuations.","It is likely that the contiguous 48 states will continue to experience an increasing trend in average precipitation in the long term (next few months), which may lead to more frequent and intense heavy precipitation events.;Based on the current trend, it is likely that the contiguous 48 states will experience above-average precipitation in the short term (next 1-4 weeks).",search,2016-08-01,2016-08-07,1,31
20160809,Total,53.79,46.21,18.23,6.85,2.36,0.92,2016-08-09,2016-08-15,1,2016-08-09,2016-08-09,2016-08-15,"The contiguous United States has experienced changes in precipitation patterns, with some areas becoming wetter and others drier.","In the long term, climate change projections suggest that the Midwest United States will experience more frequent and intense rainfall events, leading to increased flooding and water management challenges.;In the short term, it is likely that the contiguous United States will continue to experience above-average precipitation in certain regions, potentially leading to flooding and other weather-related events.",search,2016-08-08,2016-08-14,1,31
20160816,Total,57.46,42.54,16.62,6.44,2.43,0.92,2016-08-16,2016-08-22,1,2016-08-16,2016-08-16,2016-08-22,There is a clear long-term trend toward extreme rainfall in the contiguous United States over the past century.,"Over the next few months, the contiguous United States may continue to experience above-average precipitation, with a higher likelihood of extreme rainfall events, especially if the current climate trend continues.;Based on the current trend, it is likely that the contiguous United States will experience above-average precipitation in the next 1-4 weeks, with an increased risk of extreme rainfall events.",search,2016-08-15,2016-08-21,1,31
20160823,Total,62.02,37.98,16.25,6.19,2.26,0.92,2016-08-23,2016-08-29,1,2016-08-23,2016-08-23,2016-08-29,The National Weather Service provides precipitation forecasts for the Continental United States.,"Climate change is expected to increase precipitation in certain regions, such as the northeastern United States, leading to more frequent heavy rainstorms.;NA",search,2016-08-22,2016-08-28,1,31
20160830,Total,62.3,37.7,16.31,6.07,2.26,0.92,2016-08-30,2016-09-05,1,2016-08-30,2016-08-30,2016-09-05,"The summer (June-August) precipitation total for the contiguous U.S. was 8.92 inches, 0.60 inch above average, and tied 1923 as the 24th wettest in the 122-year record.","The long-term precipitation patterns in the contiguous US may be influenced by global climate phenomena such as El Nino, which could lead to increased precipitation in the region.;Based on the recent trends, it is likely that the contiguous US will continue to experience above-average precipitation in the short term (next 1-4 weeks).",search,2016-08-29,2016-09-04,1,31
20160906,Total,63.06,36.94,15.96,6.14,2.28,0.92,2016-09-06,2016-09-12,1,2016-09-06,2016-09-06,2016-09-12,"The contiguous U.S. experienced its 5th warmest summer on record in 2016, with every state and Alaska warmer than average. Precipitation was 0.60 inches above average, making it the 24th wettest summer on record.","As the climate patterns continue to evolve, it is possible that the contiguous U.S. may experience more frequent and intense heatwaves and droughts, leading to increased variability in precipitation patterns over the next few months. Note: The information provided is limited to a specific time period (September 2016) and may not be representative of the current situation.;Based on the current trends, it is likely that the next 1-4 weeks will continue to experience warmer-than-average temperatures and near-average precipitation in the contiguous U.S.",search,2016-09-05,2016-09-11,1,31
20160913,Total,63.05,36.95,15.33,6.45,2.39,0.92,2016-09-13,2016-09-19,1,2016-09-13,2016-09-13,2016-09-19,Precipitation was near normal across most of the states in September 2016.,"Long-term predictions are uncertain, but decision makers can compare climate projections based on two different scenarios for every county in the contiguous United States.;It is likely that precipitation will continue to be near normal in the short term, considering the stable climate pattern observed in September 2016.",search,2016-09-12,2016-09-18,1,31
20160920,Total,62.35,37.65,15.73,6.48,2.46,0.92,2016-09-20,2016-09-26,1,2016-09-20,2016-09-20,2016-09-26,"The contiguous United States experiences varying levels of precipitation, with some areas receiving more than others. For example, the western mountains of Arizona experience more precipitation each year than the desert southwest and the high northeastern plateau.","In the long-term, the contiguous United States may experience more frequent and intense precipitation extremes due to climate warming and CO2 forcing, leading to increased risk of flooding and other climate-related hazards.;In the short-term, it is likely that some areas of the contiguous United States will experience heavy precipitation, potentially leading to thunderstorms and flooding.",search,2016-09-19,2016-09-25,1,31
20160927,Total,61.21,38.79,15.84,6.77,2.67,0.97,2016-09-27,2016-10-03,1,2016-09-27,2016-09-27,2016-10-03,"The United States contributes more than $300 billion to the economy from crops, livestock, and seafood produced.","The long-term precipitation patterns in the contiguous U.S. may be influenced by climate change, leading to more frequent and severe droughts and floods.;It is likely that the southern tier of the continental U.S. will continue to experience above-average precipitation in the next 1-4 weeks due to El Nino events.",search,2016-09-26,2016-10-02,1,31
20161004,Total,63.37,36.63,16.24,6.99,2.63,0.98,2016-10-04,2016-10-10,1,2016-10-04,2016-10-04,2016-10-10,"In October 2016, 26.8% of the contiguous U.S. received 50% of normal precipitation.","In the long-term, the trend of increasing temperature and precipitation extremes may lead to more frequent and severe weather events in the contiguous U.S.;In the short-term, it is likely that some areas will continue to experience above-normal precipitation, while others will remain dry.",search,2016-10-03,2016-10-09,1,31
20161011,Total,62.71,37.29,16.82,7.25,2.88,1.05,2016-10-11,2016-10-17,1,2016-10-11,2016-10-11,2016-10-17,"Historical temperature, precipitation, and Palmer drought data from 1895 to present for climate divisions, states, and regions in the contiguous U.S. are available.","Long-term predictions of monthly contiguous U.S. precipitation can be made using historical trends and patterns, but more research is needed to make accurate predictions. Note: The provided search results do not contain specific information about monthly contiguous U.S. precipitation, but rather general information about precipitation data and forecasts. Therefore, the predictions made are limited and more research is needed to make accurate predictions.;Based on the available data, it is possible to make short-term predictions about precipitation in the contiguous United States, but more specific information is needed to make accurate predictions.",search,2016-10-10,2016-10-16,1,31
20161018,Total,61.23,38.77,18.47,8.07,3.23,1.09,2016-10-18,2016-10-24,1,2016-10-18,2016-10-18,2016-10-24,"There is an upward trend in extreme precipitation in the mid-latitudes, where most of the continental US is located.","The long-term trend suggests that the contiguous United States will continue to experience more frequent and intense precipitation events, which can have significant implications for climate change and environmental sustainability. Note: The provided search results do not contain specific data or information on Monthly Contiguous U.S. Precipitation, but rather provide general information on climate-related topics. Therefore, the analysis and predictions are based on the available information and may not be as precise as desired.;It is likely that the contiguous United States will experience more extreme precipitation events in the short-term future (next 1-4 weeks), particularly in the mid-latitudes.",search,2016-10-17,2016-10-23,1,31
20161025,Total,61.26,38.74,19.99,8.56,3.41,1.29,2016-10-25,2016-10-31,1,2016-10-25,2016-10-25,2016-10-31,"The contiguous United States experienced its 49th wettest October on record, with 2.64 inches of precipitation, which is 0.13 inches below average. October was drier than normal over most of Alaska, resulting in the driest October on record, while most of Hawaii was wetter than normal.","For the next 4-12 months, the trend of warmer temperatures and changing precipitation patterns may lead to more frequent and severe drought events in various regions of the United States. The persistence of drought conditions in the West and the expansion of drought in the South and East may continue, with potential impacts on agriculture, water resources, and ecosystems. Here is the summary of the useful information from the Monthly Drought Report of United States from 2016 10/01 to 2016 10/31:;For the next 1-3 months, it is likely that drought conditions will persist in the South and East, while the West may experience some relief due to winter precipitation. However, the warmer-than-normal temperatures may continue to exacerbate drought conditions in some areas.",report,2016-10-01,2016-10-31,0,31
20161101,Total,58.42,41.58,22.39,9.15,4.06,1.43,2016-11-01,2016-11-07,1,2016-11-01,2016-11-01,2016-11-07,"Historical temperature, precipitation, and Palmer drought data from 1895 to present for climate divisions, states, and regions in the contiguous U.S. are available.","In the next few months, it is possible that precipitation patterns will continue to follow historical trends, with some regions experiencing seasonal changes in precipitation levels. Note: The provided search results do not contain specific information about current or future precipitation levels, so the insights and predictions are based on the availability of historical data and general knowledge of precipitation patterns in the contiguous U.S.;Based on the available data, it is likely that precipitation patterns in the next 1-4 weeks will follow historical trends, with some regions experiencing drought and others receiving above-average precipitation.",search,2016-10-31,2016-11-06,1,31
20161108,Total,57.63,42.37,22.86,9.51,4.14,1.59,2016-11-08,2016-11-14,1,2016-11-08,2016-11-08,2016-11-14,The contiguous U.S. experienced its third warmest October and 2nd warmest year to date in 2016.,"Long-term trends suggest an increase in extreme precipitation events in the continental United States.;Short-term forecasts suggest highly variable winter precipitation patterns, with above-average precipitation expected in the northwestern quarter of the contiguous U.S.",search,2016-11-07,2016-11-13,1,31
20161115,Total,55.05,44.95,25.18,12.07,5.35,1.97,2016-11-15,2016-11-21,1,2016-11-15,2016-11-15,2016-11-21,The contiguous United States (CONUS) was in a La Niña state during November 2016.,"Long-term predictions suggest that climate change will continue to impact precipitation patterns in the CONUS, leading to more extreme rainfall events and changes in temperature extremes. Note: The information provided is limited, and some parts may not be directly relevant to predicting Monthly Contiguous U.S. Precipitation.;Short-term predictions are difficult to make, but the La Niña event may continue to influence precipitation patterns in the CONUS over the next 1-4 weeks.",search,2016-11-14,2016-11-20,1,31
20161122,Total,52.54,47.46,26.02,14.26,6.9,2.28,2016-11-22,2016-11-28,1,2016-11-22,2016-11-22,2016-11-28,"The contiguous United States experiences varying precipitation patterns, with more precipitation occurring in the higher elevations.",NA;NA,search,2016-11-21,2016-11-27,1,31
20161129,Total,51.45,48.55,26.29,13.87,7.23,2.24,2016-11-29,2016-12-05,1,2016-11-29,2016-11-29,2016-12-05,"The contiguous U.S. experienced near-record warmth in November 2016, with 15 states having their second or third warmest November.","In the long-term, the trend of increasing precipitation variability in the continental U.S. may continue, potentially leading to more frequent and severe weather events. Note: The information provided is limited to a specific time period (2016) and may not be representative of the current situation. More recent data would be needed to make more accurate predictions.;In the short-term, it is likely that regional extremes in precipitation will continue, with some areas experiencing heavy snowfall or rainfall, while others remain dry.",search,2016-11-28,2016-12-04,1,31
20161206,Total,52.7,47.3,25.4,11.68,4.43,1.66,2016-12-06,2016-12-12,1,2016-12-06,2016-12-06,2016-12-12,"The contiguous U.S. had its warmest autumn and 2nd warmest November on record, with an average temperature of 48 degrees F, 6.3 degrees above average.","In the long term (next few months), it is possible that the contiguous U.S. will experience more extreme weather events, such as heavy precipitation and droughts, as a result of climate change.;Based on the current trend, it is likely that the contiguous U.S. will continue to experience above-average temperatures and precipitation in the short term (next 1-4 weeks).",search,2016-12-05,2016-12-11,1,31
20161213,Total,53.21,46.79,24.93,10.78,4.2,1.66,2016-12-13,2016-12-19,1,2016-12-13,2016-12-13,2016-12-19,"The contiguous United States experienced temperature and precipitation extremes in 2016, with every state having an average annual temperature that was among the top 10 warmest on record.","In the long-term, predictions suggest that the contiguous United States will experience wetter and riskier storms, with extreme rains increasing significantly across nearly the entire region.;In the short-term, it is likely that the trend of increasing extreme rainfall events will continue, particularly in the southeastern United States.",search,2016-12-12,2016-12-18,1,31
20161220,Total,52.75,47.25,23.53,8.85,3.82,1.58,2016-12-20,2016-12-26,1,2016-12-20,2016-12-20,2016-12-26,"The contiguous United States spans across multiple states, including Nevada, Michigan, and Washington.",NA;NA,search,2016-12-19,2016-12-25,1,31
20161227,Total,56.09,43.91,20.09,8.43,3.78,1.51,2016-12-27,2017-01-02,1,2016-12-27,2016-12-27,2017-01-02,"Above-average precipitation was observed across most of the Lower 48 states in January 2017, with below-average precipitation in the Northwest and Northern Rockies.","In the long term (next few months), it is possible that the contiguous United States will continue to experience increased precipitation, potentially influenced by climate change. Note: The provided information is limited to a specific time period (December 2016 to January 2017) and does not provide a comprehensive understanding of the monthly contiguous U.S. precipitation situation.;Based on the current trend, it is likely that the contiguous United States will experience above-average precipitation in the short term (next 1-4 weeks).",search,2016-12-26,2017-01-01,1,31
20170103,Total,59.71,40.29,18.83,7.21,2.63,0.8,2017-01-03,2017-01-09,1,2017-01-03,2017-01-03,2017-01-09,November 2016 precipitation percentile maps for the contiguous United States showed above-average precipitation in some areas.,"The long-term future (next few months) may see a continuation of the warm and wet pattern, particularly in the southeastern and central regions of the contiguous U.S.;Based on the current trends, it is likely that the contiguous U.S. will continue to experience above-average precipitation and warm temperatures in the short term (next 1-4 weeks).",search,2017-01-02,2017-01-08,1,31
20170110,Total,63.43,36.57,17.4,6.65,2.18,0.09,2017-01-10,2017-01-16,1,2017-01-10,2017-01-10,2017-01-16,"The contiguous United States is experiencing an increase in extreme one-day precipitation events, with a rise in average temperatures since 1901.","In the long term, the contiguous U.S. may experience more frequent and intense precipitation events, as well as changes in seasonal precipitation patterns, due to the continued warming of the planet.;In the short term, it is likely that the contiguous U.S. will continue to experience varying precipitation patterns, with some regions receiving above-average rainfall and others facing drought.",search,2017-01-09,2017-01-15,1,31
20170117,Total,65.23,34.77,16.09,5.66,2.0,0.09,2017-01-17,2017-01-23,1,2017-01-17,2017-01-17,2017-01-23,The annually-averaged temperature for the contiguous United States was the second highest among all 122 years on record in 2016.,"Climate change may alter the pattern of mild weather in the contiguous United States, leading to potential changes in precipitation patterns.;NA (No specific short-term predictions can be made based on the provided information.)",search,2017-01-16,2017-01-22,1,31
20170124,Total,71.05,28.95,13.47,3.72,0.37,0.0,2017-01-24,2017-01-30,1,2017-01-24,2017-01-24,2017-01-30,"The contiguous United States experienced widespread precipitation in January 2017, with polar air masses dominating the weather.","In the long-term future (next few months), it is possible that the contiguous United States will experience continued precipitation, potentially influenced by changes in sea level rise and extreme weather events, although more data is needed to make a more accurate prediction.;In the short-term future (next 1-4 weeks), it is likely that the contiguous United States will continue to experience precipitation, potentially influenced by polar air masses and larger climate patterns.",search,2017-01-23,2017-01-29,1,31
20170131,Total,71.75,28.25,12.15,3.2,0.34,0.0,2017-01-31,2017-02-06,1,2017-01-31,2017-01-31,2017-02-06,Large areas of the contiguous United States were wetter than average in January 2017.,"In the long term, it is possible that the contiguous United States will experience more frequent and intense heavy precipitation events, as suggested by climate change trends.;In the short term, it is likely that the contiguous United States will continue to experience varying precipitation patterns, with some areas receiving above-average rainfall and others remaining dry.",search,2017-01-30,2017-02-05,1,31
20170207,Total,72.56,27.44,11.92,2.84,0.29,0.0,2017-02-07,2017-02-13,1,2017-02-07,2017-02-07,2017-02-13,"The contiguous United States has experienced varying precipitation patterns, with the area west of the Continental Divide and south of the Pacific Northwest states of Oregon receiving above-average precipitation this winter.","Long-term predictions suggest that summer precipitation patterns in the contiguous United States may change by the middle of this century, with some regions experiencing increased precipitation and others experiencing decreased precipitation.;Short-term predictions are difficult to make, but it is possible that the region west of the Continental Divide and south of the Pacific Northwest states of Oregon may continue to experience above-average precipitation in the next 1-4 weeks.",search,2017-02-06,2017-02-12,1,31
20170214,Total,71.99,28.01,11.32,2.65,0.29,0.0,2017-02-14,2017-02-20,1,2017-02-14,2017-02-14,2017-02-20,The contiguous United States saw its warmest February on record in 1954 with an average temperature of 41.4°F.,"Based on the trends of heavy precipitation and high stream flow in the twentieth century, it is possible that the contiguous United States may experience similar patterns in the future.;NA",search,2017-02-13,2017-02-19,1,31
20170221,Total,68.43,31.57,11.52,2.77,0.28,0.0,2017-02-21,2017-02-27,1,2017-02-21,2017-02-21,2017-02-27,"According to the February 21, 2017, U.S. Drought Monitor, moderate to extreme drought covers 13.8% of the contiguous United States.","As the climate is complex and influenced by various factors, it is difficult to make long-term predictions, but it is possible that the contiguous United States may experience a shift towards more average precipitation patterns in the next few months.;Based on the current drought situation, it is likely that the contiguous United States will experience below-average precipitation in the short term (next 1-4 weeks).",search,2017-02-20,2017-02-26,1,31
20170228,Total,66.03,33.97,11.77,3.07,0.41,0.0,2017-02-28,2017-03-06,1,2017-02-28,2017-02-28,2017-03-06,"The contiguous United States had its sixth warmest winter on record in 2017, with February being the second warmest February on record.",NA;NA,search,2017-02-27,2017-03-05,1,31
20170307,Total,67.44,32.56,12.49,3.34,0.45,0.0,2017-03-07,2017-03-13,1,2017-03-07,2017-03-07,2017-03-13,The contiguous United States receives roughly one quarter of all rainfall as groundwater.,NA;NA,search,2017-03-06,2017-03-12,1,31
20170314,Total,68.23,31.77,12.74,3.3,0.41,0.0,2017-03-14,2017-03-20,1,2017-03-14,2017-03-14,2017-03-20,"The contiguous United States experienced a record-breaking month in March 2017, with above-average temperatures, precipitation, and drought across the region.","For the next few months, it is likely that the contiguous United States will continue to experience unusual climate patterns, potentially influenced by global warming, leading to above-average temperatures and precipitation in certain regions.;For the next 1-4 weeks, there is a higher chance of above-average precipitation in certain parts of the United States, particularly in the spring season.",search,2017-03-13,2017-03-19,1,31
20170321,Total,64.56,35.44,13.39,3.12,0.36,0.0,2017-03-21,2017-03-27,1,2017-03-21,2017-03-21,2017-03-27,"The contiguous United States experienced varying precipitation patterns during the winter of 2016-2017, with some areas receiving above-average precipitation and others receiving below-average precipitation.",NA;NA,search,2017-03-20,2017-03-26,1,31
20170328,Total,65.12,34.88,11.91,2.39,0.17,0.0,2017-03-28,2017-04-03,1,2017-03-28,2017-03-28,2017-04-03,"Historical temperature, precipitation, and Palmer drought data from 1895 to present for climate divisions, states, and regions in the contiguous U.S. are available.","With the availability of historical data, it is possible to identify trends and patterns in Monthly Contiguous U.S. Precipitation, which can inform long-term predictions.;NA",search,2017-03-27,2017-04-02,1,31
20170404,Total,69.97,30.03,8.26,1.28,0.09,0.0,2017-04-04,2017-04-10,1,2017-04-04,2017-04-04,2017-04-10,"The contiguous United States experienced record high temperatures, precipitation, and drought in April 2017.","Long-term predictions for the next few months are also uncertain, but the trend of increasing temperatures and precipitation variability may continue, potentially leading to more extreme weather events. Note: The provided search results are mostly focused on specific events or reports from April 2017, which limits the ability to make predictions about future Monthly Contiguous U.S. Precipitation. More general or long-term data would be necessary to make more accurate predictions.;Short-term predictions for the next 1-4 weeks are uncertain, but the active weather pattern in April 2017 may continue to bring heavy precipitation to certain regions.",search,2017-04-03,2017-04-09,1,31
20170411,Total,72.23,27.77,6.88,1.23,0.07,0.0,2017-04-11,2017-04-17,1,2017-04-11,2017-04-11,2017-04-17,The contiguous United States had its 2nd wettest and 11th warmest April in 2017.,"The data suggests that the contiguous US may experience increased warming and precipitation patterns in the long term (next few months), potentially influenced by larger climate trends such as the American monsoon system. Note: The information provided is limited to a specific time period (April 2017) and may not be representative of the current situation. Additionally, the data is not comprehensive enough to make precise predictions, and more information would be needed to make accurate forecasts.;Based on the data, it is likely that the contiguous US will continue to experience above-average precipitation and temperatures in the short term (next 1-4 weeks).",search,2017-04-10,2017-04-16,1,31
20170418,Total,71.96,28.04,6.91,1.24,0.07,0.0,2017-04-18,2017-04-24,1,2017-04-18,2017-04-18,2017-04-24,"The contiguous United States has experienced changes in annual total precipitation from 1991-2012 compared to the 1901-1960 average, with some areas showing increases and others showing decreases.","In the long-term, changes in climate seasonality and tree phenology may lead to shifts in precipitation patterns, potentially resulting in more extreme events such as droughts or heavy rainfall. Note: The provided search results do not contain specific information about monthly contiguous U.S. precipitation, so the analysis is based on related topics and general information about precipitation patterns in the contiguous United States.;In the short-term, it is likely that precipitation patterns will continue to be influenced by these factors, with potential for increased precipitation in some areas and decreased precipitation in others.",search,2017-04-17,2017-04-23,1,31
20170425,Total,76.38,23.62,5.15,0.92,0.03,0.0,2017-04-25,2017-05-01,1,2017-04-25,2017-04-25,2017-05-01,"Historical temperature, precipitation, and Palmer drought data from 1895 to present for climate divisions, states, and regions in the contiguous U.S. are available.","In the long term, the impact of ENSO on precipitation patterns will continue to play a significant role, potentially leading to more pronounced wet and dry periods across the contiguous US.;Based on the current trends, it is likely that the next 1-4 weeks will see continued above-normal precipitation in the southeast US, potentially leading to reduced drought conditions.",search,2017-04-24,2017-04-30,1,31
20170502,Total,82.63,17.37,4.2,1.1,0.1,0.0,2017-05-02,2017-05-08,1,2017-05-02,2017-05-02,2017-05-08,"The contiguous United States experienced drought conditions in May 2017, with almost 12 percent of the area affected.","It is difficult to make accurate predictions for the long-term future, but it is possible that the contiguous United States may experience increased precipitation due to climate change.;Based on recent trends, it is possible that the contiguous United States may experience above-average precipitation in the next 1-4 weeks.",search,2017-05-01,2017-05-07,1,31
20170509,Total,81.96,18.04,4.41,1.1,0.23,0.0,2017-05-09,2017-05-15,1,2017-05-09,2017-05-09,2017-05-15,Above-normal precipitation was observed across much of the contiguous United States in May 2017.,"In the long term, the increasing trend of heavy precipitation events in the United States could lead to more frequent and severe flooding events in the contiguous United States.;In the short term, it is likely that above-normal precipitation will continue in many parts of the contiguous United States, potentially leading to further drought relief.",search,2017-05-08,2017-05-14,1,31
20170516,Total,80.74,19.26,4.73,1.15,0.36,0.0,2017-05-16,2017-05-22,1,2017-05-16,2017-05-16,2017-05-22,"The Community Collaborative Rain, Hail & Snow Network (CoCoRaHS) provides precipitation data for any location in the contiguous United States.","In the long-term, it's essential to continue monitoring precipitation levels and trends to predict future climate patterns and potential fire risks.;In the short-term, it's likely that the western United States will experience a slower start to the fire season due to the recent wet winter.",search,2017-05-15,2017-05-21,1,31
20170523,Total,82.66,17.34,3.82,1.02,0.35,0.0,2017-05-23,2017-05-29,1,2017-05-23,2017-05-23,2017-05-29,May 2017 was generally drier than normal across the western half of the contiguous U.S.,"In the long-term, it is expected that the contiguous U.S. will experience varying precipitation patterns, with some regions experiencing increased rainfall and others experiencing drought.;In the short-term, it is likely that the western half of the contiguous U.S. will continue to experience drier-than-normal conditions, while other regions may receive more rainfall.",search,2017-05-22,2017-05-28,1,31
20170530,Total,79.29,20.71,4.46,0.94,0.24,0.0,2017-05-30,2017-06-05,1,2017-05-30,2017-05-30,2017-06-05,The contiguous United States had its 8th warmest and 11th wettest spring in 2017.,"The pattern of increased precipitation in the contiguous United States could persist in the long-term future (next few months), potentially leading to increased runoff and replenishment of groundwater.;Based on the current trend, it is likely that the contiguous United States will continue to experience above-average precipitation in the short-term future (next 1-4 weeks).",search,2017-05-29,2017-06-04,1,31
20170606,Total,80.3,19.7,7.5,1.04,0.0,0.0,2017-06-06,2017-06-12,1,2017-06-06,2017-06-06,2017-06-12,May 2017 was the 69th warmest and 25th wettest out of 123 years of record for the 48 contiguous states.,"In the long-term, the pattern of temperate and damp weather may persist, leading to above-average precipitation in certain regions of the contiguous United States. Note: The provided information is limited, and some parts may not have relevant data. Therefore, some sections may be marked as ""NA"" if no useful information can be found.;In the short-term, it is likely that the Southeast will continue to receive precipitation, while central Florida may see some relief from drought conditions.",search,2017-06-05,2017-06-11,1,31
20170613,Total,77.73,22.27,7.06,1.31,0.0,0.0,2017-06-13,2017-06-19,1,2017-06-13,2017-06-13,2017-06-19,The contiguous United States has increased by 1.8°F (1.0°C) over the past century.,"As the climate continues to change, it is possible that the contiguous United States will experience more frequent and severe droughts and heatwaves over the next few months.;Based on the current trend, it is likely that the contiguous United States will experience continued dry conditions in the central and western regions over the next 1-4 weeks.",search,2017-06-12,2017-06-18,1,31
20170620,Total,77.54,22.46,7.2,1.78,0.46,0.0,2017-06-20,2017-06-26,1,2017-06-20,2017-06-20,2017-06-26,"Above-average precipitation was observed for a large part of the contiguous U.S. in June 2017, with 12 states experiencing much-above-average precipitation.","In the next few months, precipitation patterns in the contiguous U.S. may be influenced by seasonal changes, with potential shifts towards drier or wetter conditions.;Based on historical trends, the next 1-4 weeks may see continued above-average precipitation in the contiguous U.S. due to the summer season.",search,2017-06-19,2017-06-25,1,31
20170627,Total,76.8,23.2,7.75,2.72,0.81,0.0,2017-06-27,2017-07-03,1,2017-06-27,2017-06-27,2017-07-03,July 2017 precipitation was generally drier than normal across the northwestern contiguous U.S.,"In the long-term, the increasing frequency of extreme precipitation events may lead to more frequent and severe droughts and floods in the contiguous U.S.;In the short-term, it is likely that the drought conditions in the northwestern contiguous U.S. will persist, while the Northeastern U.S. may experience more precipitation.",search,2017-06-26,2017-07-02,1,31
20170704,Total,76.18,23.82,8.13,3.21,1.19,0.0,2017-07-04,2017-07-10,1,2017-07-04,2017-07-04,2017-07-10,The contiguous United States experienced extreme precipitation events in 2016 .,"In the long-term future, the contiguous United States may experience changes in precipitation patterns due to climate change, potentially leading to more frequent and severe extreme weather events .;In the short-term future, it is likely that the contiguous United States will continue to experience extreme precipitation events, potentially influenced by El Niño and El Niño Modoki .",search,2017-07-03,2017-07-09,1,31
20170711,Total,75.54,24.46,9.1,3.6,1.83,0.0,2017-07-11,2017-07-17,1,2017-07-11,2017-07-11,2017-07-17,"The contiguous U.S. ended up with its 68th wettest June in 2017, just a shade above average.",NA;NA,search,2017-07-10,2017-07-16,1,31
20170718,Total,68.83,31.17,10.03,3.99,1.93,0.19,2017-07-18,2017-07-24,1,2017-07-18,2017-07-18,2017-07-24,"The contiguous United States experienced drought conditions in July 2017, with exceptional drought in the Northern Plains.","In the long-term, it is possible that the contiguous United States will experience more frequent and severe droughts and extreme weather events due to climate change, leading to changes in precipitation patterns.;In the short-term, it is likely that the drought conditions in the Northern Plains will continue, while the Northeast United States may experience continued above-average precipitation.",search,2017-07-17,2017-07-23,1,31
20170725,Total,66.25,33.75,10.38,4.35,2.19,0.63,2017-07-25,2017-07-31,1,2017-07-25,2017-07-25,2017-07-31,"The Palmer Z Index map shows short-term dry conditions across a wide swath of the U.S. northern tier, into the central Plains and Rockies and in South Texas.","In the long-term (next 4-12 months), it is possible that the drought in the northern Plains will persist and potentially worsen, leading to significant impacts on agriculture and other industries.;In the short-term (next 1-3 months), it is likely that the dryness in the northern Plains will continue to intensify and expand, while the wetness in the Southeastern and Midwestern United States will persist.",report,2017-07-01,2017-07-31,0,31
20170801,Total,67.99,32.01,11.04,4.39,2.17,0.63,2017-08-01,2017-08-07,1,2017-08-01,2017-08-01,2017-08-07,"As of August 1, 2017, moderate to exceptional drought covers 11.8% of the contiguous United States, an increase from last week.","In the long-term future (next few months), climate models may help predict average and extreme precipitation and temperature over the continental USA, which can inform drought and flood hazard assessments.;In the short-term future (next 1-4 weeks), it is likely that drought conditions will persist in some areas, while others may experience heavy precipitation events, particularly in the western United States.",search,2017-07-31,2017-08-06,1,31
20170808,Total,69.72,30.28,9.63,4.52,1.98,0.63,2017-08-08,2017-08-14,1,2017-08-08,2017-08-08,2017-08-14,August 2017 was generally drier than normal across the western half of the contiguous U.S. in terms of precipitation.,"In the long-term future (next few months), it is possible that the contiguous U.S. will experience more frequent and intense precipitation events, particularly in the Mid-Atlantic region, which may lead to increased flood risks.;In the short-term future (next 1-4 weeks), it is likely that the contiguous U.S. will continue to experience drier than normal conditions, especially in the western half, which may exacerbate drought conditions.",search,2017-08-07,2017-08-13,1,31
20170815,Total,74.67,25.33,9.58,4.48,2.05,0.59,2017-08-15,2017-08-21,1,2017-08-15,2017-08-15,2017-08-21,The southeastern United States has shown an increase in fall precipitation.,"In the long-term, extreme temperatures and precipitation patterns are likely to continue to increase in the contiguous United States, leading to more frequent and severe weather events.;In the short-term, it is likely that the southeastern United States will continue to experience above-average precipitation, while the western region will remain dry.",search,2017-08-14,2017-08-20,1,31
20170822,Total,75.19,24.81,10.23,4.61,2.03,0.49,2017-08-22,2017-08-28,1,2017-08-22,2017-08-22,2017-08-28,"The contiguous United States has experienced extreme precipitation events, such as Hurricane Harvey, which dumped over 60 inches of rain in Texas, shattering U.S. records.","In the long-term, the trend of increasing frequency and intensity of extreme precipitation events is expected to continue, potentially leading to more frequent and severe flooding events in the contiguous United States.;In the short-term, it is likely that the contiguous United States will continue to experience heavy precipitation events, potentially leading to flash flooding and other hydrological hazards.",search,2017-08-21,2017-08-27,1,31
20170829,Total,74.24,25.76,10.0,4.82,2.22,1.01,2017-08-29,2017-09-04,1,2017-08-29,2017-08-29,2017-09-04,"The year-to-date precipitation for the contiguous U.S. was 24.1 inches, 3.4 inches above average, and the wettest in the 123-year period of record.","In the long-term, it is possible that the contiguous U.S. will continue to experience more frequent and intense precipitation events, leading to increased flooding and drought risks.;In the short-term, it is likely that the contiguous U.S. will continue to experience above-average precipitation, especially in the regions affected by Hurricane Harvey.",search,2017-08-28,2017-09-03,1,31
20170905,Total,73.38,26.62,11.43,4.98,2.36,1.07,2017-09-05,2017-09-11,1,2017-09-05,2017-09-05,2017-09-11,"Historical temperature, precipitation, and Palmer drought data from 1895 to present for climate divisions, states, and regions in the contiguous U.S. are available from NOAA's National Centers for Environmental Information.","The projected precipitation changes in the Western U.S. and the assessment of hydro-climate changes in the continental United States can provide insights into long-term precipitation patterns. Note: There is limited information in the search results that directly relates to predicting Monthly Contiguous U.S. Precipitation. The available data and indices can be useful for analysis, but no specific predictions can be made based on the provided information.;NA",search,2017-09-04,2017-09-10,1,31
20170912,Total,71.59,28.41,13.55,5.24,2.62,1.07,2017-09-12,2017-09-18,1,2017-09-12,2017-09-12,2017-09-18,"Most of the contiguous United States had little to no precipitation in the week of September 12, 2017, resulting in expansion of drought and abnormal dryness in parts of the country.","In the next few months, the influence of El Niño and La Niña on the jet streams may continue to impact temperature and precipitation patterns across the United States, potentially leading to continued drought and abnormal dryness in some areas.;In the next 1-4 weeks, it is likely that drought and abnormal dryness will continue to affect parts of the contiguous United States, especially if El Niño or La Niña conditions persist.",search,2017-09-11,2017-09-17,1,31
20170919,Total,69.04,30.96,13.07,4.71,2.0,0.72,2017-09-19,2017-09-25,1,2017-09-19,2017-09-19,2017-09-25,"Hurricane Harvey was the wettest tropical hurricane on record in the contiguous U.S., with a record of 51.88 inches.","Heavy precipitation events are likely to continue increasing in most parts of the contiguous United States in the long term, according to the Fourth National Climate Assessment report.;Based on the strong relationship between precipitation and wildfire, it is likely that wildfire risk will remain high in the Great Basin region in the short term.",search,2017-09-18,2017-09-24,1,31
20170926,Total,68.98,31.02,11.65,4.19,1.97,0.72,2017-09-26,2017-10-02,1,2017-09-26,2017-09-26,2017-10-02,The contiguous United States had a warmer and drier than average September in 2017.,"The study on precipitation components for 2000-2013 may provide insights into long-term precipitation patterns in the contiguous U.S., but more analysis is needed to make predictions. Note: The information provided is limited to a specific time period (September 2017) and does not provide a comprehensive view of monthly contiguous U.S. precipitation. Therefore, the predictions made are based on a limited dataset and should be taken as rough estimates.;Based on the current trend, it is likely that the contiguous U.S. will continue to experience below-average precipitation in the next 1-4 weeks.",search,2017-09-25,2017-10-01,1,31
20171003,Total,67.38,32.62,12.12,3.98,1.17,0.42,2017-10-03,2017-10-09,1,2017-10-03,2017-10-03,2017-10-09,"The contiguous United States has experienced various climate-related events, including La Niña winters, droughts, and wildfires, which affect precipitation patterns.","In the long-term, the frequency and severity of droughts and wildfires may increase due to climate change, leading to more extreme precipitation patterns and impacts on ecosystems and human communities. Note: There is limited information directly related to monthly contiguous U.S. precipitation in the provided search results. The summaries are based on the available information, which focuses on climate-related events and patterns that may influence precipitation.;In the short-term, precipitation patterns may continue to be influenced by La Niña, leading to drier-than-normal conditions in some areas.",search,2017-10-02,2017-10-08,1,31
20171010,Total,68.03,31.97,11.91,3.39,0.89,0.22,2017-10-10,2017-10-16,1,2017-10-10,2017-10-10,2017-10-16,"The contiguous United States experiences varying precipitation patterns during La Niña winters, with some regions receiving above-average precipitation and others receiving below-average precipitation.","Based on historical patterns, it is possible that the contiguous United States will experience above-average precipitation in some regions during the winter months, particularly during La Niña events.;It is difficult to make short-term predictions about precipitation patterns in the contiguous United States, but it is likely that regional variations will continue to occur.",search,2017-10-09,2017-10-15,1,31
20171017,Total,68.29,31.71,10.55,2.51,0.69,0.0,2017-10-17,2017-10-23,1,2017-10-17,2017-10-17,2017-10-23,"The contiguous U.S. experienced a record wet 9-month start to the year in 2017, with below-average precipitation seen across the Northern Rockies and Northern Plains.","The La Niña event may lead to decreased wintertime precipitation over the southern U.S. in the coming months, but it is unclear how this will impact the overall precipitation pattern in the contiguous U.S.;Based on the current trend, it is likely that the contiguous U.S. will continue to experience above-average precipitation in the short term, with some regional variations.",search,2017-10-16,2017-10-22,1,31
20171024,Total,69.49,30.51,10.08,2.18,0.74,0.0,2017-10-24,2017-10-30,1,2017-10-24,2017-10-24,2017-10-30,The Contiguous United States (CONUS) grid provides hourly precipitation data based on radar and gauge reports.,"The National Climate Assessment predicts that the contiguous US will experience more extreme precipitation events in the future.;In the short-term, the US can expect warmer-than-normal temperatures and below normal precipitation and drier conditions across the South.",search,2017-10-23,2017-10-29,1,31
20171031,Total,71.88,28.12,10.06,2.25,0.74,0.0,2017-10-31,2017-11-06,1,2017-10-31,2017-10-31,2017-11-06,"In October 2017, much-above-average precipitation was observed across the West and parts of the southern Plains, central Gulf Coast, and Great Lakes to Northeast.","In the long-term future (next few months), it is possible that the U.S. West Coast will experience increased precipitation due to Atmospheric Rivers, which account for 30%–40% of the typical snowpack and annual precipitation.;Based on the current trend, it is likely that the contiguous U.S. will experience above-average precipitation in the short-term future (next 1-4 weeks).",search,2017-10-30,2017-11-05,1,31
20171107,Total,72.48,27.52,10.08,2.44,0.63,0.0,2017-11-07,2017-11-13,1,2017-11-07,2017-11-07,2017-11-13,The annual average temperature for the contiguous United States has increased 1.8°F from 1901 to 2017.,"The long-term trend suggests that the contiguous United States will continue to experience rising temperatures and changing precipitation patterns, leading to more frequent and severe droughts and floods.;It is likely that the next 1-4 weeks will continue to see above-average temperatures and precipitation in the contiguous United States, potentially leading to more extreme weather events.",search,2017-11-06,2017-11-12,1,31
20171114,Total,70.65,29.35,10.96,2.95,0.63,0.0,2017-11-14,2017-11-20,1,2017-11-14,2017-11-14,2017-11-20,November 2017 was generally drier than normal across most of the eastern and southwestern contiguous U.S.,"Long-term predictions suggest that the contiguous U.S. may experience more extreme precipitation events, including heavy downpours, which could lead to increased flooding and water resources issues.;In the short term, it is likely that the eastern and southwestern contiguous U.S. will continue to experience drier-than-normal conditions, while the western region may maintain above-normal precipitation.",search,2017-11-13,2017-11-19,1,31
20171121,Total,69.15,30.85,12.91,3.48,0.63,0.0,2017-11-21,2017-11-27,1,2017-11-21,2017-11-21,2017-11-27,"The contiguous United States (CONUS) has been studied in high-resolution convection-permitting regional climate simulations, which can provide insights into precipitation patterns.","In the long-term future (next few months), the influence of La Niña on precipitation patterns may continue, leading to persistent dry conditions in the South and wet conditions in the North. Note: There is limited information available in the provided search results that is directly relevant to predicting Monthly Contiguous U.S. Precipitation. The insights and predictions provided are based on the available information and may not be comprehensive or entirely accurate.;In the short-term future (next 1-4 weeks), it is likely that the Southern states will continue to experience below normal precipitation and drier conditions, while the Northern Tier may see above normal precipitation and colder temperatures.",search,2017-11-20,2017-11-26,1,31
20171128,Total,64.27,35.73,17.71,4.09,0.86,0.0,2017-11-28,2017-12-04,1,2017-11-28,2017-11-28,2017-12-04,"The contiguous U.S. experienced record low precipitation totals in parts of the Southwest and deep South in November 2017, with five states having the tenth driest, or drier, November on record.","It is difficult to make long-term predictions based on the provided information, but it is possible that the eastern United States may experience above-average precipitation due to the influence of the NAO.;Based on the current dry conditions, it is likely that the contiguous U.S. will continue to experience below-average precipitation in the short term, potentially exacerbating drought conditions.",search,2017-11-27,2017-12-03,1,31
20171205,Total,60.14,39.86,20.34,5.01,1.03,0.0,2017-12-05,2017-12-11,1,2017-12-05,2017-12-05,2017-12-11,"The contiguous U.S. precipitation total for December 2017 was below normal, with seven states being drier than normal, while parts of the state received greater than 150 percent of normal precipitation.","The long-term precipitation patterns in the contiguous US may be influenced by climate change, leading to increased flood risk and asset damages within the 100-year floodplains.;Based on the current trend, it is likely that the contiguous US will continue to experience below-normal precipitation in the short term, especially in the Southwest and deep South.",search,2017-12-04,2017-12-10,1,31
20171212,Total,54.04,45.96,19.96,5.42,1.49,0.0,2017-12-12,2017-12-18,1,2017-12-12,2017-12-12,2017-12-18,The National Centers for Environmental Information (NCEI) provides daily gridded temperature and precipitation data for the Contiguous United States since 1951.,"In the long-term, climate simulations suggest that the Contiguous United States may experience stronger and more intense storms, leading to increased precipitation extremes.;In the short-term, it is likely that precipitation patterns will continue to vary across the Contiguous United States, with some areas experiencing heavy rainfall and others remaining dry.",search,2017-12-11,2017-12-17,1,31
20171219,Total,52.51,47.49,21.91,5.82,1.07,0.0,2017-12-19,2017-12-25,1,2017-12-19,2017-12-19,2017-12-25,"Statistically significant (95%) precipitation trends for autumn (September through November) for the contiguous United States, 1895-2016.","In the long-term, the trend of increasing temperatures and precipitation is expected to continue, leading to more extreme weather events and changes in water dynamics across the contiguous United States.;In the short-term, it is likely that the precipitation patterns will continue to vary across the contiguous United States, with some areas experiencing above-normal precipitation and others experiencing drought.",search,2017-12-18,2017-12-24,1,31
20171226,Total,54.23,45.77,22.07,4.14,0.7,0.0,2017-12-26,2018-01-01,1,2017-12-26,2017-12-26,2018-01-01,Most of the nation experienced near- to below-average precipitation during January 2018.,"In the long-term future (next few months), the contiguous United States can expect increases in total precipitation, particularly during the winter months.;In the short-term future (next 1-4 weeks), it is likely that the contiguous United States will continue to experience near- to below-average precipitation, with some areas experiencing increased rainfall intensity.",search,2017-12-25,2017-12-31,1,31
20180102,Total,53.52,46.48,23.18,6.24,0.69,0.0,2018-01-02,2018-01-08,1,2018-01-02,2018-01-02,2018-01-08,"The contiguous U.S. precipitation total for December 2017 was 1.55 inches, 0.80 inch below average.",NA (no information available to make long-term predictions) Note: The provided information is mostly focused on December 2017 and does not provide enough data to make predictions about future precipitation patterns.;NA (no information available to make short-term predictions),search,2018-01-01,2018-01-07,1,31
20180109,Total,51.6,48.4,26.81,7.27,0.39,0.0,2018-01-09,2018-01-15,1,2018-01-09,2018-01-09,2018-01-15,"The contiguous United States experienced exceptional warmth in February 2017, and January 2018 had the largest drought footprint in nearly 4 years.","Long-term predictions are more uncertain, but it is possible that the contiguous United States will continue to experience more frequent and severe droughts and heatwaves due to climate change.;Based on current trends, it is likely that the contiguous United States will continue to experience drought conditions and above-average temperatures in the short-term future (next 1-4 weeks).",search,2018-01-08,2018-01-14,1,31
20180116,Total,48.99,51.01,27.62,8.38,0.54,0.0,2018-01-16,2018-01-22,1,2018-01-16,2018-01-16,2018-01-22,The contiguous U.S. had its third warmest year in 2017 since national records began.,"In the long-term future (next few months), it is possible that the contiguous U.S. will continue to experience warmer and wetter conditions, potentially leading to increased precipitation and snowpack growth.;It is likely that the short-term future (next 1-4 weeks) will continue to see above-average precipitation in the West, potentially leading to further snowpack growth.",search,2018-01-15,2018-01-21,1,31
20180123,Total,47.74,52.26,29.58,11.36,0.75,0.0,2018-01-23,2018-01-29,1,2018-01-23,2018-01-23,2018-01-29,Some parts of the southwestern United States are projected to receive less precipitation in the winter and spring.,"The long-term future may see continued changes in precipitation patterns in the southwestern United States, potentially leading to more frequent droughts or water scarcity issues. Note: The information available is limited and does not provide a comprehensive view of the Monthly Contiguous U.S. Precipitation situation. The insights and predictions provided are based on the available information and may not be entirely accurate.;Based on the projected changes in precipitation patterns, it is possible that the southwestern United States may experience drier conditions in the next 1-4 weeks.",search,2018-01-22,2018-01-28,1,31
20180130,Total,38.07,61.93,32.11,14.38,1.44,0.0,2018-01-30,2018-02-05,1,2018-01-30,2018-01-30,2018-02-05,"Historical temperature, precipitation, and Palmer drought data from 1895 to present for climate divisions, states, and regions in the contiguous U.S. are available.","In the long-term, the influence of latitude on precipitation gradients in the US Great Plains may lead to continued variability in precipitation patterns across the region.;In the short-term, areas with abnormally dry conditions, such as parts of California, may experience increased precipitation due to winter weather patterns.",search,2018-01-29,2018-02-04,1,31
20180206,Total,39.68,60.32,33.14,15.41,2.17,0.0,2018-02-06,2018-02-12,1,2018-02-06,2018-02-06,2018-02-12,"Above-average precipitation was observed across parts of the Northwest, Central Plains, and Northeast in January 2018.","In the long-term, climate change is projected to increase extreme temperatures and precipitation events in the contiguous United States, leading to more frequent and severe droughts and floods.;In the short-term, it is likely that the dry conditions in some parts of the country will continue, while other areas may receive more precipitation.",search,2018-02-05,2018-02-11,1,31
20180213,Total,45.08,54.92,30.37,15.07,2.47,0.0,2018-02-13,2018-02-19,1,2018-02-13,2018-02-13,2018-02-19,December 2017-February 2018 precipitation was generally drier than normal across the western half of the contiguous U.S.,"In the next few months, the contiguous U.S. may experience changes in precipitation patterns due to ENSO teleconnections, which could lead to heavier precipitation in the western U.S. and potentially alleviate drought conditions. Note: The information provided is limited, and more data would be necessary to make more accurate predictions.;In the next 1-4 weeks, it is likely that the western half of the contiguous U.S. will continue to experience drier-than-normal precipitation, potentially leading to drought conditions.",search,2018-02-12,2018-02-18,1,31
20180220,Total,46.15,53.85,30.48,14.84,2.69,0.0,2018-02-20,2018-02-26,1,2018-02-20,2018-02-20,2018-02-26,"The contiguous United States experiences precipitation patterns influenced by various factors, including the Bermuda High, the Madden Julian Oscillation, and tropical cyclones.","In the long-term, the contiguous United States can expect changes in precipitation patterns, with increases in extreme precipitation events expected in the coming decades.;Based on the current climate patterns, it is likely that the next 1-4 weeks will experience precipitation variability across the contiguous United States, with some regions potentially experiencing droughts or extreme precipitation events.",search,2018-02-19,2018-02-25,1,31
20180227,Total,50.03,49.97,26.15,11.96,2.69,0.0,2018-02-27,2018-03-05,1,2018-02-27,2018-02-27,2018-03-05,"The February precipitation total for the contiguous U.S. was 2.84 inches, 0.71 inch above average.","In the long term, it is possible that the warming trend in certain regions will continue to impact precipitation patterns, leading to more frequent above-average precipitation events. Note: The information provided is limited to February 2018 data, and predictions are based on that data. For more accurate predictions, more recent and comprehensive data would be necessary.;In the short term, it is likely that the contiguous U.S. will continue to experience above-average precipitation, especially in regions that have been experiencing warmer temperatures.",search,2018-02-26,2018-03-04,1,31
20180306,Total,51.86,48.14,25.96,12.95,4.13,0.1,2018-03-06,2018-03-12,1,2018-03-06,2018-03-06,2018-03-12,"The contiguous United States experiences extreme precipitation totals, with climate change expected to impact these events.","In the long-term, climate change is expected to impact precipitation patterns in the contiguous United States, potentially leading to more frequent and intense extreme precipitation events.;In the short-term, it is likely that precipitation patterns will continue to vary across the contiguous United States, with some regions experiencing heavier-than-average precipitation while others remain dry.",search,2018-03-05,2018-03-11,1,31
20180313,Total,52.16,47.84,26.36,13.62,4.74,0.17,2018-03-13,2018-03-19,1,2018-03-13,2018-03-13,2018-03-19,"The March precipitation total for the contiguous U.S. was 2.42 inches, 0.09 inch below average, and ranked near the median value in the 124-year period of record.","In the long-term, global warming is expected to lead to less winter snowfall in the contiguous United States, eventually.;For the next 1-4 weeks, moderate flood risk is expected in the Heartland and Southwest, while drought is likely to worsen or develop across much of the Southwest quadrant of the contiguous U.S.",search,2018-03-12,2018-03-18,1,31
20180320,Total,54.89,45.11,26.35,13.94,5.36,0.17,2018-03-20,2018-03-26,1,2018-03-20,2018-03-20,2018-03-26,The contiguous United States experienced widespread crop failure in 2012 due to lack of timely rainfall and scarcity of irrigation water.,"In the long-term, it is likely that the contiguous United States will experience more frequent and intense extreme precipitation events due to human influence on the climate.;In the short-term, it is likely that the southwestern and southeastern United States will continue to experience above-average temperatures, while the north-central and northeastern regions will experience below-average temperatures.",search,2018-03-19,2018-03-25,1,31
20180327,Total,55.52,44.48,26.14,13.67,6.07,0.46,2018-03-27,2018-04-02,1,2018-03-27,2018-03-27,2018-04-02,The national March 2018 precipitation total was near average for March.,"As vegetation and land–atmosphere interactions play a crucial role in soil moisture changes, it is possible that the eastern United States may experience changes in soil moisture levels over the next few months, which could impact precipitation patterns.;Based on the current pattern, it is likely that the contiguous U.S. will continue to experience near-average precipitation over the next 1-4 weeks.",search,2018-03-26,2018-04-01,1,31
20180403,Total,58.55,41.45,25.02,13.68,6.34,0.5,2018-04-03,2018-04-09,1,2018-04-03,2018-04-03,2018-04-09,"The contiguous U.S. experienced record cold temperatures in parts of the Midwestern region in April 2018, while ten states had a record or near-record precipitation during the same month.","In the long-term future (next few months), it is possible that the contiguous U.S. will experience more frequent and intense precipitation events, especially in regions with high temperatures and humidity. This is based on the understanding that climate change is leading to more extreme weather events.;Based on the information, it is difficult to make specific predictions for the short-term future (next 1-4 weeks). However, it is likely that precipitation patterns will continue to vary across different regions, with some areas experiencing above-average precipitation and others experiencing below-average precipitation.",search,2018-04-02,2018-04-08,1,31
20180410,Total,59.42,40.58,25.24,13.94,6.78,1.1,2018-04-10,2018-04-16,1,2018-04-10,2018-04-10,2018-04-16,The contiguous United States had its coldest April in more than 20 years in 2018.,"The long-term future (next few months) may see a continuation of the dry and cold pattern, potentially leading to drought and water supply issues in the contiguous US. Note: The information provided is limited to April 2018, and the predictions are based on the analysis of the current situation at that time.;Based on the current trends, it is likely that the contiguous US will continue to experience below-average precipitation in the short-term future (next 1-4 weeks).",search,2018-04-09,2018-04-15,1,31
20180417,Total,62.5,37.5,24.54,13.64,6.84,1.43,2018-04-17,2018-04-23,1,2018-04-17,2018-04-17,2018-04-23,The contiguous United States receives enough precipitation on average.,"Regression models can be used to infer the main driver of precipitation and temperature over the continental USA, which can help make long-term predictions.;NA",search,2018-04-16,2018-04-22,1,31
20180424,Total,62.77,37.23,24.22,13.66,7.1,1.64,2018-04-24,2018-04-30,1,2018-04-24,2018-04-24,2018-04-30,"The monthly averaged circulation pattern in April 2018 consisted of a slight long-wave ridge in the West and trough in the East, with colder-than-normal temperatures across most of the CONUS east of the Rockies and warmer-than-normal temperatures in the Southwest.","In the long term (next 4-12 months), the drought conditions in the Southwest and southern Plains may continue to persist, while the Far West and northern Rockies may experience a return to normal precipitation patterns. Here are the filtered results:;In the short term (next 1-3 months), it is likely that the drought conditions in the Southwest and southern Plains will persist, while the Far West and northern Rockies may continue to experience above-normal precipitation.",report,2018-04-01,2018-04-30,0,31
20180501,Total,62.55,37.45,23.9,13.64,7.43,1.84,2018-05-01,2018-05-07,1,2018-05-01,2018-05-01,2018-05-07,"The contiguous United States (CONUS) experienced a heatwave in May 2018, with record-breaking temperatures in the southwestern region.","In the long-term, changes in precipitation regimes and extreme weather events may continue to shape the climate of the contiguous United States, with potential impacts on habitats, ecosystems, and human societies.;In the short-term, it is likely that the southwestern United States will continue to experience hot and dry conditions, with potential implications for water resources and ecosystems.",search,2018-04-30,2018-05-06,1,31
20180508,Total,61.14,38.86,23.12,13.31,7.78,1.93,2018-05-08,2018-05-14,1,2018-05-08,2018-05-08,2018-05-14,"The contiguous United States experienced a cold April in 2018, with 21 states having a top-ten coldest April, and Iowa and Wisconsin seeing their coldest April on record.",NA;NA,search,2018-05-07,2018-05-13,1,31
20180515,Total,60.14,39.86,23.63,13.96,7.94,2.07,2018-05-15,2018-05-21,1,2018-05-15,2018-05-15,2018-05-21,"As of May 15, 2018, moderate to exceptional drought covers 28.3% of the contiguous United States, an increase from the previous week.","In the long-term, the contiguous US may experience more frequent and intense drought and flood events due to climate change, leading to increased economic and social impacts. Note: The information provided is limited to a specific time period (May 2018) and does not provide a comprehensive understanding of the Monthly Contiguous U.S. Precipitation situation.;In the short-term, drought conditions may continue to worsen in the affected areas, leading to increased risk of wildfires and water scarcity.",search,2018-05-14,2018-05-20,1,31
20180522,Total,63.48,36.52,22.32,14.07,7.85,2.0,2018-05-22,2018-05-28,1,2018-05-22,2018-05-22,2018-05-28,The contiguous United States had its warmest May on record in 2018.,NA;NA,search,2018-05-21,2018-05-27,1,31
20180529,Total,64.09,35.91,22.08,14.14,7.72,1.75,2018-05-29,2018-06-04,1,2018-05-29,2018-05-29,2018-06-04,"Historical temperature, precipitation, and Palmer drought data from 1895 to present for climate divisions, states, and regions in the contiguous U.S. are available.","The long-term future may see continued changes in precipitation patterns, such as increased frequency and severity of extreme events, but more data is needed to make specific predictions.;Based on historical trends, it is likely that the northeast U.S. will continue to experience extreme precipitation events in the short-term future.",search,2018-05-28,2018-06-03,1,31
20180605,Total,60.96,39.04,22.63,14.26,7.66,1.71,2018-06-05,2018-06-11,1,2018-06-05,2018-06-05,2018-06-11,"The contiguous United States experienced its warmest May in history in 2018, with almost every tract of land being warmer than normal.","Long-term predictions indicate that the contiguous United States may experience more extreme precipitation events, particularly in the Midwest and Northeast, due to changing climate scenarios.;Short-term predictions suggest that the drought conditions may continue in the southwestern United States, with below-average precipitation expected in the next 1-4 weeks.",search,2018-06-04,2018-06-10,1,31
20180612,Total,59.8,40.2,23.28,14.18,7.72,1.65,2018-06-12,2018-06-18,1,2018-06-12,2018-06-12,2018-06-18,The contiguous United States had its third warmest June on record in 2018.,NA;NA,search,2018-06-11,2018-06-17,1,31
20180619,Total,59.56,40.44,22.67,13.82,6.88,1.53,2018-06-19,2018-06-25,1,2018-06-19,2018-06-19,2018-06-25,The eastern half of the continental United States has seen the most dramatic change in extreme rainfall.,"In the long-term future (next few months), the trend of increasing extreme weather events may continue, leading to unpredictable and potentially above-average monthly precipitation patterns in the contiguous United States.;In the short-term future (next 1-4 weeks), there is a possibility of heavy precipitation events, especially in the eastern half of the country, which could lead to above-average monthly precipitation.",search,2018-06-18,2018-06-24,1,31
20180626,Total,58.23,41.77,24.05,13.31,6.92,1.54,2018-06-26,2018-07-02,1,2018-06-26,2018-06-26,2018-07-02,"Climatologically, July is the third-wettest month of the year for the contiguous United States with an average of 2.78 inches of precipitation.","The Susquehanna River Basin's continental climate, influenced by moisture from the Gulf of Mexico, may lead to above-average precipitation in the long-term.;In the short-term, an area near the Four Corners has a 50-percent chance of above-average rainfall, while the western states may continue to experience below-average precipitation.",search,2018-06-25,2018-07-01,1,31
20180703,Total,57.96,42.04,24.83,13.91,6.96,1.57,2018-07-03,2018-07-09,1,2018-07-03,2018-07-03,2018-07-09,"The contiguous United States receives an average of 2.78 inches of precipitation in July, making it the third wettest month of the year.","In the long term (next few months), the contiguous United States may experience a gradual increase in rainfall from west to east, with the southeastern United States receiving the most rainfall.;In the short term (next 1-4 weeks), the southeastern United States is likely to continue experiencing abundant rainfall, while the dry western United States may experience below-average precipitation.",search,2018-07-02,2018-07-08,1,31
20180710,Total,58.3,41.7,25.38,13.75,7.38,1.58,2018-07-10,2018-07-16,1,2018-07-10,2018-07-10,2018-07-16,"The contiguous United States has various watersheds and drainage basins, which can affect precipitation patterns.","In the long-term future, changes in climate and management practices may impact precipitation patterns and burned areas in the contiguous United States.;In the short-term future, precipitation patterns may continue to be influenced by these factors, leading to varying levels of precipitation across different regions of the contiguous United States.",search,2018-07-09,2018-07-15,1,31
20180717,Total,57.04,42.96,26.31,14.02,7.21,1.57,2018-07-17,2018-07-23,1,2018-07-17,2018-07-17,2018-07-23,"The contiguous United States experienced above-normal precipitation in parts of the country during July 2018, with about 42.7% of the country affected.","The long-term future (next few months) may see a continuation of the current pattern, with some areas of the country experiencing above-normal precipitation and others experiencing drought, although the exact pattern is difficult to predict.;It is likely that the contiguous United States will continue to experience a mix of extreme weather events, including heat waves and heavy precipitation, in the short-term future (next 1-4 weeks).",search,2018-07-16,2018-07-22,1,31
20180724,Total,54.17,45.83,27.36,16.14,7.23,1.35,2018-07-24,2018-07-30,1,2018-07-24,2018-07-24,2018-07-30,"The contiguous USA had its 3rd hottest June on record, with many parts of the country experiencing well above average minimum overnight temperatures.","Climate change projections suggest that temperature and precipitation patterns in the Midwest may change in the future, with potential impacts on precipitation extremes in the contiguous US.;NA",search,2018-07-23,2018-07-29,1,31
20180731,Total,53.49,46.51,28.95,16.22,7.11,1.35,2018-07-31,2018-08-06,1,2018-07-31,2018-07-31,2018-08-06,"Historical temperature, precipitation, and Palmer drought data from 1895 to present for climate divisions, states, and regions in the contiguous U.S. are available.","In the long-term future (next few months), El Niño conditions may impact precipitation patterns across the contiguous United States, potentially leading to increased precipitation in some areas.;In the short-term future (next 1-4 weeks), precipitation patterns may continue to vary across the country, with some areas experiencing above-normal precipitation and others experiencing drier-than-normal conditions.",search,2018-07-30,2018-08-05,1,31
20180807,Total,53.78,46.22,30.23,17.61,7.46,1.35,2018-08-07,2018-08-13,1,2018-08-07,2018-08-07,2018-08-13,The contiguous United States had its 11th warmest July on record in 2018.,"In the long-term, it is likely that the contiguous United States will continue to experience more frequent and severe weather events, including droughts and heavy precipitation, due to climate change.;Based on the current trend, it is possible that the next 1-4 weeks will continue to experience above-average temperatures and potentially more extreme precipitation events in certain regions.",search,2018-08-06,2018-08-12,1,31
20180814,Total,50.54,49.46,30.7,16.73,6.8,1.42,2018-08-14,2018-08-20,1,2018-08-14,2018-08-14,2018-08-20,The contiguous U.S. experienced drier than normal precipitation during the Northern Hemisphere summer/Southern Hemisphere winter in 2018.,"In the long-term, climate change is expected to continue to impact precipitation patterns in the contiguous United States, leading to more frequent and severe droughts and wildfires.;In the short-term, it is likely that the western United States will continue to experience dry conditions, leading to an increased risk of wildfires and droughts.",search,2018-08-13,2018-08-19,1,31
20180821,Total,51.3,48.7,29.76,15.98,6.3,1.34,2018-08-21,2018-08-27,1,2018-08-21,2018-08-21,2018-08-27,"The continental USA has a Pacific Coastal climate, with rainfall restricted to the coastal mountains and caused by the Pacific.","In the long term, the availability of datasets and models like the National Water Model can help in predicting Monthly Contiguous U.S. Precipitation patterns.;In the short term, it is likely that the southern half of the United States will experience significant precipitation events due to the influence of ENSO.",search,2018-08-20,2018-08-26,1,31
20180828,Total,52.47,47.53,29.2,16.2,6.26,1.3,2018-08-28,2018-09-03,1,2018-08-28,2018-08-28,2018-09-03,"The contiguous U.S. experienced a warm August in 2018, with several states having a top 10 warm August. The August precipitation total for the contiguous U.S. was also reported.","As the historical climate data suggests, the contiguous U.S. may experience more frequent droughts and extreme precipitation events in the coming months, particularly during the summer and autumn seasons.;Based on the current warm temperatures and precipitation patterns, it is likely that the next 1-4 weeks will see continued warm conditions and potentially below-average precipitation in some regions.",search,2018-08-27,2018-09-02,1,31
20180904,Total,54.28,45.72,29.1,15.76,6.3,1.24,2018-09-04,2018-09-10,1,2018-09-04,2018-09-04,2018-09-10,"The contiguous United States experienced heavy precipitation in August 2018, with Hurricane Lane bringing torrential rainfall to portions of Hawaii.","In the long-term, the trend of increased frequency and magnitude of extreme precipitation events in the contiguous United States may continue, leading to more frequent and severe droughts and floods.;In the short-term, it is likely that the contiguous United States will continue to experience a mix of heavy precipitation and drought, with potential for extreme weather events.",search,2018-09-03,2018-09-09,1,31
20180911,Total,57.06,42.94,25.79,13.96,5.75,1.23,2018-09-11,2018-09-17,1,2018-09-11,2018-09-11,2018-09-17,"The contiguous U.S. experienced generally drier than normal precipitation in September 2018, particularly in the western half.","Long-term predictions are uncertain, but the trend of increased precipitation in the eastern half of the contiguous U.S. may continue in the next few months.;Based on the current trends, it is likely that the western half of the contiguous U.S. will continue to experience drier than normal precipitation in the short-term future (next 1-4 weeks).",search,2018-09-10,2018-09-16,1,31
20180918,Total,57.2,42.8,26.16,14.16,6.03,1.32,2018-09-18,2018-09-24,1,2018-09-18,2018-09-18,2018-09-24,"The contiguous 48 states have seen an increase in precipitation rates from 1895 to 2016, with a 7% ± 2% century−1 increase .","In the long-term, the contiguous United States can expect to see continued increases in precipitation rates, potentially leading to more frequent and severe extreme precipitation events, and exacerbating droughts and other climate-related issues .;In the short-term, it is likely that the northern third of the continental U.S. will experience above-normal dryness, while other regions may see increased precipitation due to El Nino conditions .",search,2018-09-17,2018-09-23,1,31
20180925,Total,58.63,41.37,25.06,14.92,6.26,1.45,2018-09-25,2018-10-01,1,2018-09-25,2018-09-25,2018-10-01,"The summer precipitation total for the contiguous United States was 8.95 inches, 0.63 inch above average, and was the 25th wettest summer in the 124-year period.","In the long-term, climate models suggest that the contiguous United States may experience increased temperatures and altered precipitation patterns due to global warming.;In the short-term, it is likely that the contiguous United States will continue to experience varying levels of precipitation, with some areas receiving significant rainfall and others remaining dry.",search,2018-09-24,2018-09-30,1,31
20181002,Total,59.47,40.53,24.58,14.56,6.08,1.45,2018-10-02,2018-10-08,1,2018-10-02,2018-10-02,2018-10-08,"Every region of the contiguous United States has seen increases in the most extreme precipitation events since the 1950s. By 2050, 42 of the lower 48 U.S. states are projected to experience more frequent and severe flooding.","By 2050, the contiguous United States is projected to experience more frequent and severe flooding, with 42 of the lower 48 U.S. states expected to be affected.;It is likely that the contiguous United States will experience more frequent and severe precipitation events in the short-term future (next 1-4 weeks), potentially leading to flooding in certain regions.",search,2018-10-01,2018-10-07,1,31
20181009,Total,62.86,37.14,22.26,12.37,4.72,1.21,2018-10-09,2018-10-15,1,2018-10-09,2018-10-09,2018-10-15,The contiguous United States had its 4th warmest and 3rd wettest September on record in 2018.,NA;NA,search,2018-10-08,2018-10-14,1,31
20181016,Total,67.02,32.98,20.47,11.62,4.13,1.13,2018-10-16,2018-10-22,1,2018-10-16,2018-10-16,2018-10-22,"The contiguous United States (US) receives varying amounts of precipitation, with some areas like the Uinta National Forest receiving over 40 inches annually.","Long-term predictions are difficult to make based on the provided information, but understanding the impact of atmospheric conditions on precipitation patterns can inform future climate and disease transmission forecasts.;Based on the 2018-19 Winter Outlook, El Niño may affect seasonal climate and precipitation patterns in the US in the short term.",search,2018-10-15,2018-10-21,1,31
20181023,Total,67.19,32.81,20.36,11.39,4.01,1.13,2018-10-23,2018-10-29,1,2018-10-23,2018-10-23,2018-10-29,"The contiguous United States has varying precipitation conditions, with drier conditions in the west and wetter conditions in the east.","In the long-term, it is possible that the shifting of climate zones and changes in precipitation patterns will lead to more permanent changes in regional ecosystems and water supply, requiring adaptations in agriculture, urban planning, and resource management.;In the short-term, it is likely that precipitation patterns will continue to be influenced by climate change, leading to more extreme weather events and variability in precipitation across different regions of the country.",search,2018-10-22,2018-10-28,1,31
20181030,Total,68.48,31.52,18.76,10.83,3.89,1.13,2018-10-30,2018-11-05,1,2018-10-30,2018-10-30,2018-11-05,"The November precipitation total for the contiguous U.S. was 2.64 inches, 0.41 inch above average, and ranked in the wettest third of the 124-year period of record.","As the climate patterns continue to shift, it is possible that the contiguous U.S. will experience more frequent and intense precipitation events in the coming months.;Based on recent trends, it is likely that the contiguous U.S. will continue to experience above-average precipitation over the next 1-4 weeks.",search,2018-10-29,2018-11-04,1,31
20181106,Total,69.26,30.74,18.13,10.21,3.61,1.12,2018-11-06,2018-11-12,1,2018-11-06,2018-11-06,2018-11-12,The contiguous United States had a cooler and wetter than average October in 2018.,"In the long-term, it's possible that the contiguous United States will experience more frequent and intense precipitation events due to climate change, leading to increased flooding and drought risks. Note that some parts are marked as ""NA"" because the provided information was not relevant to predicting Monthly Contiguous U.S. Precipitation.;In the short-term, it's likely that the contiguous United States will continue to experience a mix of wet and dry conditions, with some areas receiving heavy precipitation and others remaining dry.",search,2018-11-05,2018-11-11,1,31
20181113,Total,69.67,30.33,17.87,9.99,3.58,1.1,2018-11-13,2018-11-19,1,2018-11-13,2018-11-13,2018-11-19,"The dataset from NClimDiv provides temperature, precipitation, and drought indices for the Contiguous United States (CONUS).","In the long-term future (next few months), it is possible that the contiguous U.S. will experience more frequent and intense precipitation events, particularly in the central and midwestern regions, due to the warming climate.;In the short-term future (next 1-4 weeks), it is likely that the contiguous U.S. will continue to experience a mix of weather patterns, with some areas experiencing increased precipitation and others experiencing droughts.",search,2018-11-12,2018-11-18,1,31
20181120,Total,70.95,29.05,19.11,9.91,3.59,1.1,2018-11-20,2018-11-26,1,2018-11-20,2018-11-20,2018-11-26,"Historical temperature, precipitation, and Palmer drought data from 1895 to present for climate divisions, states, and regions in the contiguous U.S. are available.","Annual average temperature over the contiguous United States has increased by 1.8°F (1.0°C), which may impact future precipitation patterns.;NA",search,2018-11-19,2018-11-25,1,31
20181127,Total,70.6,29.4,19.48,9.88,3.57,1.1,2018-11-27,2018-12-03,1,2018-11-27,2018-11-27,2018-12-03,Long-wave ridging dominated the upper-level circulation at higher latitudes across the contiguous United States in December 2018.,"In the long-term, climate change is expected to impact precipitation patterns in the contiguous United States, leading to more frequent and severe droughts and floods.;In the short-term, precipitation patterns are likely to continue to vary across the contiguous United States, with some regions experiencing heavy precipitation and others remaining dry.",search,2018-11-26,2018-12-02,1,31
20181204,Total,71.76,28.24,18.91,9.81,3.17,0.98,2018-12-04,2018-12-10,1,2018-12-04,2018-12-04,2018-12-10,"The November precipitation total for the contiguous U.S. was 2.64 inches, 0.41 inch above average, and ranked in the wettest third of the 124-year period of record.","The long-term trend suggests that the contiguous U.S. may experience more frequent and intense precipitation events, leading to increased flood risk and drought variability.;Based on the current trend, it is likely that the contiguous U.S. will experience above-average precipitation in the short term (next 1-4 weeks).",search,2018-12-03,2018-12-09,1,31
20181211,Total,71.52,28.48,19.34,9.69,3.14,0.98,2018-12-11,2018-12-17,1,2018-12-11,2018-12-11,2018-12-17,The Gridded Ensemble Precipitation and Temperature Estimates dataset provides gridded precipitation and temperature data over the contiguous United States.,"By 2050, the contiguous U.S. can expect increased runoff risks from heavy rain, with 42 states likely to be affected.;In the short-term, a milder weather pattern is expected to develop across the United States, leading to a dwindling snowpack across the country.",search,2018-12-10,2018-12-16,1,31
20181218,Total,71.23,28.77,19.37,9.69,3.11,0.96,2018-12-18,2018-12-24,1,2018-12-18,2018-12-18,2018-12-24,"Annual precipitation in the continental U.S. has increased, on average, 4% since 1901.","The long-term trend of increasing annual precipitation suggests that the contiguous U.S. may experience more frequent and intense precipitation events in the coming months. Note: The other search results did not provide relevant information for predicting Monthly Contiguous U.S. Precipitation.;Based on the current trend, it is likely that the contiguous U.S. will continue to experience above-average precipitation in the short term (next 1-4 weeks).",search,2018-12-17,2018-12-23,1,31
20181225,Total,70.52,29.48,19.18,9.51,2.8,0.96,2018-12-25,2018-12-31,1,2018-12-25,2018-12-25,2018-12-31,"Monthly Contiguous U.S. Precipitation situation: Above-normal precipitation fell in pockets across the drought-stricken West, but much of the West was drier than normal for the month. Drought and abnormal dryness contracted in parts of the West and Great Plains, but expanded in other parts of the West and in parts of the Plains and southern Florida.","Long-term predictions: The persistence of drought conditions in the West and above-normal precipitation in the East may continue for the next 4-12 months, with potential for drought expansion in the West and continued wetness in the East. Unfortunately, the provided excerpt does not contain any information about the contiguous United States, which is necessary to make predictions about Monthly Contiguous U.S. Precipitation. The excerpt appears to be discussing precipitation data for various islands in the Pacific Ocean, such as Kwajalein, Lukonor, Majuro, and others. Therefore, I must conclude that there is no useful information in this excerpt for predicting Monthly Contiguous U.S. Precipitation. Here is the output:;Short-term predictions: The pattern of dryness in the West and wetness in the East may continue in the next 1-3 months, with drought conditions persisting in the West and above-normal precipitation in the East.",report,2018-12-01,2018-12-31,0,31
20190101,Total,73.06,26.94,18.69,9.13,2.75,0.95,2019-01-01,2019-01-07,1,2019-01-01,2019-01-01,2019-01-07,The National Weather Service generates precipitation forecasts for the Continental U.S.,"In the long-term, understanding the role of moisture transport and recycling can help predict monthly contiguous U.S. precipitation patterns;In the short-term, precipitation forecasts from the National Weather Service can provide accurate predictions for the next 1-4 weeks",search,2018-12-31,2019-01-06,1,31
20190108,Total,73.47,26.53,18.47,8.94,2.63,0.93,2019-01-08,2019-01-14,1,2019-01-08,2019-01-08,2019-01-14,The CHRS Data Portal provides precipitation climate data and rainfall estimation algorithms over the continental United States.,"In the long-term, climate change is likely to continue to impact precipitation patterns in the contiguous United States, with potential for increased crop damage and infrastructure impacts.;In the short-term, precipitation patterns are likely to continue to be influenced by seasonal dynamics and atmospheric conditions, with potential for extreme precipitation events in certain regions.",search,2019-01-07,2019-01-13,1,31
20190115,Total,72.6,27.4,18.49,8.54,2.58,0.93,2019-01-15,2019-01-21,1,2019-01-15,2019-01-15,2019-01-21,The contiguous United States (CONUS) experienced a specific climate situation in January 2019.,"In the long term, climate change may lead to increased rainfall volume from convective storms in the United States, particularly in the southeastern region north of the Gulf of Mexico.;Based on the regional trends and variability, it is possible that the next 1-4 weeks may see continued differences in precipitation patterns across the contiguous United States, with some areas experiencing more rainfall than others.",search,2019-01-14,2019-01-20,1,31
20190122,Total,72.91,27.09,17.08,6.9,1.65,0.13,2019-01-22,2019-01-28,1,2019-01-22,2019-01-22,2019-01-28,"The contiguous United States has sources of gridded daily precipitation data, including the Parameter-elevation Regressions on Independent Slopes Model (PRISM).","In the long-term, the contiguous United States can expect to see a continued trend of warming winters, with fewer days below freezing, and potentially more severe precipitation events.;In the short-term, it is likely that the contiguous United States will continue to experience fluctuations in precipitation patterns, with some areas experiencing more frequent or intense precipitation events.",search,2019-01-21,2019-01-27,1,31
20190129,Total,73.91,26.09,14.27,5.81,1.6,0.13,2019-01-29,2019-02-04,1,2019-01-29,2019-01-29,2019-02-04,"Historical temperature, precipitation, and Palmer drought data from 1895 to present for climate divisions, states, and regions in the contiguous U.S. are available.","In the long-term future (next few months), it is possible that the contiguous U.S. will experience a changing rainfall regime, affecting water supply, water demand, and water quality, as suggested by the Continental Effects report.;In the short-term future (next 1-4 weeks), it is likely that the trend of above-normal precipitation will continue, further reducing drought conditions in the contiguous U.S.",search,2019-01-28,2019-02-03,1,31
20190205,Total,73.63,26.37,13.63,5.8,1.6,0.14,2019-02-05,2019-02-11,1,2019-02-05,2019-02-05,2019-02-11,"In 2018, much-above-average to record-high precipitation fell across much of the contiguous U.S. east of the Rockies.","In the long-term future (next few months), climate change may lead to increased precipitation in many areas of the contiguous U.S.;In the short-term future (next 1-4 weeks), it is likely that the eastern states will continue to experience above-average precipitation.",search,2019-02-04,2019-02-10,1,31
20190212,Total,71.95,28.05,13.56,5.39,1.6,0.05,2019-02-12,2019-02-18,1,2019-02-12,2019-02-12,2019-02-18,"The contiguous United States experiences a continental climate with cold winters and warm-hot summers, with total annual precipitation varying by region.","In the long-term future (next few months), climate change may lead to changes in total annual precipitation for the contiguous United States, but more research is needed to make specific predictions.;In the short-term future (next 1-4 weeks), it is likely that the winter storm will continue to impact the contiguous United States, with varying precipitation patterns across different regions.",search,2019-02-11,2019-02-17,1,31
20190219,Total,73.92,26.08,13.08,5.01,1.11,0.05,2019-02-19,2019-02-25,1,2019-02-19,2019-02-19,2019-02-25,"The contiguous United States experienced a mild winter in 2018-2019, with El Niño influencing precipitation patterns.","The influence of El Niño on precipitation patterns in the contiguous United States may lead to above-average precipitation in the long term (next few months). Note: Some of the search results were not relevant to predicting Monthly Contiguous U.S. Precipitation, so they were discarded.;Based on the current situation, it is likely that the contiguous United States will continue to experience above-average precipitation in the short term (next 1-4 weeks).",search,2019-02-18,2019-02-24,1,31
20190226,Total,76.6,23.4,10.65,3.53,0.46,0.03,2019-02-26,2019-03-04,1,2019-02-26,2019-02-26,2019-03-04,"The contiguous United States experienced record-breaking temperature, precipitation, and drought in March 2019.","Climate change is likely to bring increasing precipitation in many areas of the contiguous 48 states of the United States in the long-term future (next few months), according to some studies.;Based on the current trends and research, it is likely that the contiguous United States will continue to experience extreme precipitation events in the short-term future (next 1-4 weeks).",search,2019-02-25,2019-03-03,1,31
20190305,Total,76.82,23.18,10.44,2.65,0.44,0.03,2019-03-05,2019-03-11,1,2019-03-05,2019-03-05,2019-03-11,"The contiguous United States experienced its wettest winter on record in 2019, with February being the second wettest month in over a century of recordkeeping.","In the long term, climate models project an increase in the frequency of heavy and extreme precipitation events over the continental United States during the late twenty-first century.;In the short term, it is likely that the contiguous United States will continue to experience above-average precipitation, potentially leading to further flooding and wet conditions.",search,2019-03-04,2019-03-10,1,31
20190312,Total,80.6,19.4,6.03,1.77,0.44,0.03,2019-03-12,2019-03-18,1,2019-03-12,2019-03-12,2019-03-18,Precipitation varies across the country and by month in the continental United States.,"In the long-term, the trend of increased heavy downpours and extreme weather events in the United States suggests that precipitation patterns may become more variable and unpredictable. Note: There is limited specific information about Monthly Contiguous U.S. Precipitation in the provided search results, so the insights and predictions are based on general knowledge and trends.;Based on the varying precipitation patterns across the country, it is likely that some regions will experience above-average precipitation in the next 1-4 weeks, while others will experience below-average precipitation.",search,2019-03-11,2019-03-17,1,31
20190319,Total,83.28,16.72,4.63,1.29,0.27,0.0,2019-03-19,2019-03-25,1,2019-03-19,2019-03-19,2019-03-25,"The contiguous U.S. faces an elevated flood risk through May, with the potential for moderate to major flooding.","In the next few months, the contiguous U.S. may experience more frequent and intense precipitation events, leading to increased flood risk and wetter-than-average conditions, especially in the Great Lakes Basin and other areas prone to flooding.;In the next 1-4 weeks, it is likely that the contiguous U.S. will continue to experience above-average precipitation and flooding, particularly in the Great Lakes Basin and other areas with elevated flood risk.",search,2019-03-18,2019-03-24,1,31
20190326,Total,83.47,16.53,4.69,1.03,0.0,0.0,2019-03-26,2019-04-01,1,2019-03-26,2019-03-26,2019-04-01,"Historical temperature, precipitation, and Palmer drought data from 1895 to present for climate divisions, states, and regions in the contiguous U.S. are available.","In the long-term future (next few months), it is likely that the contiguous United States will experience more frequent and intense precipitation events due to climate change.;Based on the trends and projections, it is likely that the Southeast region will experience heavy precipitation in the short-term future (next 1-4 weeks).",search,2019-03-25,2019-03-31,1,31
20190402,Total,81.59,18.41,5.43,1.05,0.0,0.0,2019-04-02,2019-04-08,1,2019-04-02,2019-04-02,2019-04-08,The contiguous United States experiences varying precipitation patterns across different seasons and regions.,"In the long-term, the trend of increasing annual precipitation rates in the Northeastern U.S. states may continue, leading to changes in streamflow and water resources.;In the short-term, precipitation patterns are likely to continue to vary across different regions of the contiguous United States, with some areas experiencing increased precipitation and others experiencing drought.",search,2019-04-01,2019-04-07,1,31
20190409,Total,83.72,16.28,4.31,0.86,0.0,0.0,2019-04-09,2019-04-15,1,2019-04-09,2019-04-09,2019-04-15,"The March precipitation total for the contiguous U.S. was 2.20 inches, 0.31 inch below average, and ranked in the driest third of the 125-year period of record.","As global mean temperature continues to rise, it is likely that the contiguous US will experience more frequent and intense precipitation events, particularly in the western United States. Note: The information provided is limited to a specific time period (March 2019) and does not provide a comprehensive view of the Monthly Contiguous U.S. Precipitation situation. Therefore, the predictions made are based on a limited dataset and should be taken as indicative rather than definitive.;Based on the current trend, it is possible that the contiguous US may experience continued below-average precipitation in the short term (next 1-4 weeks).",search,2019-04-08,2019-04-14,1,31
20190416,Total,87.07,12.93,3.78,0.86,0.0,0.0,2019-04-16,2019-04-22,1,2019-04-16,2019-04-16,2019-04-22,"The contiguous United States experienced severe weather and widespread precipitation in April 2019 due to two rapidly-moving, strong storm systems.","Long-term predictions are also uncertain, but the significance of larger-scale climate patterns on precipitation in the contiguous United States suggests that precipitation patterns may continue to be influenced by these factors over the next few months.;Short-term predictions are uncertain, but the recent heavy precipitation events may lead to continued wet conditions in the contiguous United States over the next 1-4 weeks.",search,2019-04-15,2019-04-21,1,31
20190423,Total,88.55,11.45,2.58,0.54,0.0,0.0,2019-04-23,2019-04-29,1,2019-04-23,2019-04-23,2019-04-29,The contiguous United States experiences varying levels of precipitation depending on physiogeographic locations.,NA;NA,search,2019-04-22,2019-04-28,1,31
20190430,Total,89.58,10.42,2.63,0.51,0.0,0.0,2019-04-30,2019-05-06,1,2019-04-30,2019-04-30,2019-05-06,"The contiguous United States has climate data available for counties, including precipitation data, through NOAA's Climate at a Glance tool.","Long-term predictions suggest that climate change models predict an increase in extreme precipitation events in the United States, which could impact monthly contiguous U.S. precipitation patterns.;Based on historical data and seasonal changes, it is likely that the next 1-4 weeks will see continued variability in precipitation patterns across the contiguous United States.",search,2019-04-29,2019-05-05,1,31
20190507,Total,90.68,9.32,2.53,0.2,0.0,0.0,2019-05-07,2019-05-13,1,2019-05-07,2019-05-07,2019-05-13,The April precipitation total for the contiguous U.S. was the highest on record.,"In the long-term, research suggests that the frequency and magnitude of precipitation extremes are increasing in the contiguous United States, which may lead to more frequent and severe flooding events.;In the short-term, it is likely that the contiguous U.S. will continue to experience above-average precipitation, given the current trends and patterns.",search,2019-05-06,2019-05-12,1,31
20190514,Total,91.5,8.5,2.41,0.19,0.0,0.0,2019-05-14,2019-05-20,1,2019-05-14,2019-05-14,2019-05-20,"The contiguous United States experienced record-breaking temperatures, precipitation, and drought in May 2019.","In the long term, it is likely that the contiguous United States will experience more frequent and severe droughts and precipitation deficits, driven by greenhouse gas emissions and climate change.;In the short term, it is likely that the drought conditions in the southwestern contiguous United States will continue, with below-normal precipitation expected in most of the country.",search,2019-05-13,2019-05-19,1,31
20190521,Total,91.01,8.99,2.71,0.27,0.14,0.0,2019-05-21,2019-05-27,1,2019-05-21,2019-05-21,2019-05-27,The continental United States recently finished its wettest twelve months in 124 years of modern recordkeeping.,"In the long-term, the trend of increasing rainfall in the contiguous U.S. may continue, with potential implications for drought and flood patterns in the region.;In the short-term, it is likely that the contiguous U.S. will continue to experience above-average precipitation, with a high chance of heavy rainfall events in the next 1-4 weeks.",search,2019-05-20,2019-05-26,1,31
20190528,Total,88.74,11.26,3.33,0.28,0.14,0.0,2019-05-28,2019-06-03,1,2019-05-28,2019-05-28,2019-06-03,"The continental United States just experienced its wettest 12 months on record, receiving 6.25 inches of rainfall above the mean.","In the long-term, the trend of increasing heavy precipitation events and record-breaking rainfall may continue, potentially leading to more frequent and severe flooding and drought events in the contiguous U.S.;In the short-term, it is likely that the contiguous U.S. will continue to experience above-average precipitation, leading to potential flooding events in certain regions.",search,2019-05-27,2019-06-02,1,31
20190604,Total,88.06,11.94,4.97,0.7,0.14,0.0,2019-06-04,2019-06-10,1,2019-06-04,2019-06-04,2019-06-10,"The May 2019 precipitation total for the contiguous U.S. was 4.41 inches, 1.50 inches above average, ranking second wettest in the 125-year record.","Long-term predictions suggest that the contiguous U.S. may continue to experience a wetter-than-average climate, with average precipitation rising over the next few months.;Short-term predictions are uncertain, but the recent wet pattern may continue in the next 1-4 weeks, with above-average precipitation expected in some regions.",search,2019-06-03,2019-06-09,1,31
20190611,Total,90.04,9.96,3.99,0.54,0.14,0.0,2019-06-11,2019-06-17,1,2019-06-11,2019-06-11,2019-06-17,"The contiguous United States recently completed its wettest May to April period on record, with above-average precipitation for much of the U.S. so far this year.","In the long-term, the projected increase in heavy precipitation events and rising temperatures suggest a continued trend of more frequent and intense precipitation events in the contiguous United States.;In the short-term, it is likely that the contiguous United States will continue to experience above-average precipitation, particularly in the northern regions.",search,2019-06-10,2019-06-16,1,31
20190618,Total,88.85,11.15,3.99,0.77,0.14,0.0,2019-06-18,2019-06-24,1,2019-06-18,2019-06-18,2019-06-24,"The contiguous United States has experienced an increase in heavy precipitation events over the past century, with some of the biggest increases happening in the Gulf of Mexico region.","In the next few months, the intensification of the North American Monsoon rainfall could lead to more extreme precipitation events over the contiguous United States, especially during the summer months.;Based on the current trend, it is likely that the next 1-4 weeks will see continued heavy precipitation events in the Gulf of Mexico region and other parts of the contiguous United States.",search,2019-06-17,2019-06-23,1,31
20190625,Total,89.37,10.63,3.32,0.82,0.14,0.0,2019-06-25,2019-07-01,1,2019-06-25,2019-06-25,2019-07-01,"Above-average precipitation blanketed much of the contiguous U.S. during the year-to-date period in 2019, with Illinois ranking wettest and 11 additional states having a top 10 wettest year-to-date period.","The long-term future (next few months) may see a shift towards a drier climate in the U.S. Southwest, but this is uncertain and dependent on various climate factors.;Based on the current trend, it is likely that the contiguous U.S. will continue to experience above-average precipitation in the short-term future (next 1-4 weeks).",search,2019-06-24,2019-06-30,1,31
20190702,Total,89.5,10.5,3.25,0.77,0.14,0.0,2019-07-02,2019-07-08,1,2019-07-02,2019-07-02,2019-07-08,"The southeastern United States has experienced increased fall precipitation, primarily due to increases in precipitation intensity rather than frequency.","Based on the trends of increased fall precipitation in the southeastern United States and the prominence of seasonal droughts, it is possible that the region may experience a wetter fall season, while other areas may continue to experience drought conditions.;In the short term, areas of dryness and drought across the contiguous 48 states may persist, with some areas receiving less precipitation.",search,2019-07-01,2019-07-07,1,31
20190709,Total,80.66,19.34,3.63,0.81,0.14,0.0,2019-07-09,2019-07-15,1,2019-07-09,2019-07-09,2019-07-15,"Above-average precipitation blanketed much of the contiguous U.S. during the year-to-date period of June 2019, with Illinois ranking as the wettest state.","In the long term, the trend towards more variable and extreme precipitation events may continue, leading to an increased risk of flooding and droughts in different regions of the contiguous U.S.;In the short term, it's likely that the contiguous U.S. will continue to experience above-average precipitation, with some regions potentially receiving heavy rainfall events.",search,2019-07-08,2019-07-14,1,31
20190716,Total,80.42,19.58,6.56,0.87,0.14,0.0,2019-07-16,2019-07-22,1,2019-07-16,2019-07-16,2019-07-22,The contiguous United States experienced a record-breaking 12 months of precipitation in June 2019.,"Climate change is likely to make the contiguous United States warmer by 2050, with shifts in summer high and winter low temperatures and precipitation patterns.;It is likely that the contiguous United States will continue to experience unusual precipitation patterns in the short-term future, with some areas receiving above-average precipitation and others experiencing drought.",search,2019-07-15,2019-07-21,1,31
20190723,Total,79.49,20.51,6.58,1.33,0.14,0.0,2019-07-23,2019-07-29,1,2019-07-23,2019-07-23,2019-07-29,The contiguous United States experienced cool temperature departures from average in July 2019.,"In the long-term future (next few months), it is possible that the contiguous US will continue to experience increased precipitation due to climate change, leading to more frequent and severe weather events.;In the short-term future (next 1-4 weeks), it is likely that the contiguous US will continue to experience above-average precipitation, potentially leading to more flooding and extreme weather events.",search,2019-07-22,2019-07-28,1,31
20190730,Total,77.16,22.84,6.93,1.31,0.14,0.0,2019-07-30,2019-08-05,1,2019-07-30,2019-07-30,2019-08-05,"Historical temperature, precipitation, and Palmer drought data from 1895 to present for climate divisions, states, and regions in the contiguous U.S. are available.",NA;NA,search,2019-07-29,2019-08-04,1,31
20190806,Total,76.05,23.95,5.59,0.8,0.14,0.0,2019-08-06,2019-08-12,1,2019-08-06,2019-08-06,2019-08-12,"The July precipitation total for the contiguous U.S. was 2.69 inches, 0.09 inch below average, and ranked in the middle third of the 125-year period of record.","Long-term predictions are more uncertain, but it is possible that the contiguous U.S. may experience changes in precipitation patterns due to climate variations, such as the Atlantic Multidecadal Oscillation.;Based on the current data, it is likely that the contiguous U.S. will continue to experience average precipitation levels in the short-term future (next 1-4 weeks).",search,2019-08-05,2019-08-11,1,31
20190813,Total,74.7,25.3,6.79,1.38,0.16,0.0,2019-08-13,2019-08-19,1,2019-08-13,2019-08-13,2019-08-19,August 2019 was generally drier than normal across parts of the west and south-central contiguous U.S.,"In the next few months, the contiguous U.S. may experience more frequent and intense precipitation events due to climate factors, leading to increased flood risk and drought relief in certain areas.;It is likely that the next 1-4 weeks will continue to experience varying levels of precipitation, with some areas remaining drier than normal and others experiencing extreme precipitation events.",search,2019-08-12,2019-08-18,1,31
20190820,Total,72.41,27.59,7.95,1.79,0.26,0.0,2019-08-20,2019-08-26,1,2019-08-20,2019-08-20,2019-08-26,"The contiguous United States is experiencing drought conditions, with parts of Texas and other regions receiving little to no rainfall.","In the long-term, it is possible that precipitation patterns will shift, bringing relief to drought-stricken areas. However, more data is needed to make accurate predictions about future precipitation trends.;In the short-term, it is likely that drought conditions will persist in parts of the contiguous United States, with minimal rainfall expected in the coming weeks.",search,2019-08-19,2019-08-25,1,31
20190827,Total,71.2,28.8,10.52,2.31,0.38,0.0,2019-08-27,2019-09-02,1,2019-08-27,2019-08-27,2019-09-02,"The contiguous United States experienced cold fronts and rain in August 2019, with some areas receiving precipitation below 50% of normal.","In the long-term, climate change is likely to continue to amplify drought variability and influence regional temperature and precipitation changes in the contiguous United States, leading to changes in monthly contiguous U.S. precipitation patterns.;In the short-term, precipitation patterns may continue to be influenced by cold fronts and global warming, leading to variability in monthly contiguous U.S. precipitation.",search,2019-08-26,2019-09-01,1,31
20190903,Total,70.19,29.81,11.33,2.34,0.41,0.0,2019-09-03,2019-09-09,1,2019-09-03,2019-09-03,2019-09-09,"The August precipitation total for the contiguous U.S. was 2.74 inches, 0.12 inch above average, ranking in the middle third of the 125-year period of record.","Given the long-term trend of increasing precipitation in the contiguous U.S., it is possible that the region will experience above-average precipitation levels in the long-term future (next few months).;Based on the recent trends, it is likely that the contiguous U.S. will continue to experience near-average precipitation levels in the short-term future (next 1-4 weeks).",search,2019-09-02,2019-09-08,1,31
20190910,Total,69.27,30.73,14.28,3.46,0.5,0.0,2019-09-10,2019-09-16,1,2019-09-10,2019-09-10,2019-09-16,"The contiguous United States experienced widespread flash drought in 2019, which is often tied to La Niña events.","In the long-term, the trend of increased precipitation variability may continue, potentially leading to more frequent and severe flash droughts and flooding events in the contiguous United States.;In the short-term, it is likely that the contiguous United States will continue to experience above-average precipitation, potentially leading to flash flooding events.",search,2019-09-09,2019-09-15,1,31
20190917,Total,67.47,32.53,13.72,3.9,0.51,0.0,2019-09-17,2019-09-23,1,2019-09-17,2019-09-17,2019-09-23,"The contiguous United States has experienced extreme precipitation events, including heavy rainfall and flooding, in recent years.","In the long-term, climate change may lead to more frequent and severe extreme precipitation events, which could result in increased flooding and waterborne disease outbreaks in the contiguous United States. Note: The provided search results did not contain specific information about monthly contiguous U.S. precipitation predictions, but rather discussed general trends and events related to precipitation in the United States.;In the short-term, it is likely that the contiguous United States will continue to experience heavy rainfall and flooding, particularly in areas that have already been affected.",search,2019-09-16,2019-09-22,1,31
20190924,Total,64.43,35.57,16.23,3.72,0.4,0.0,2019-09-24,2019-09-30,1,2019-09-24,2019-09-24,2019-09-30,"Objective facts about the Monthly Contiguous U.S. Precipitation situation: Precipitation was below normal from the Lower and Mid-Mississippi Valley to the Gulf and East Coasts, in parts of the southern to central Plains, and much of the Southwest.","Long-term predictions (next 4-12 months): The persistence of warmer-than-normal temperatures and drier-than-normal conditions in the Southwest and parts of the southern Plains may lead to continued drought and abnormal dryness in these regions. Here is the filtered information and analysis related to Monthly Contiguous U.S. Precipitation: **;Short-term predictions (next 1-3 months): Based on the current drought conditions and temperature trends, it is likely that drought will continue to expand or intensify in the Southeast to Ohio Valley and southern Plains to Southwest.",report,2019-09-01,2019-09-30,0,31
20191001,Total,65.15,34.85,16.96,5.3,0.8,0.0,2019-10-01,2019-10-07,1,2019-10-01,2019-10-01,2019-10-07,"Above-average precipitation was observed across much of the eastern half of the contiguous U.S. in October 2019, with Mississippi ranking as the wettest state during that month.","In the long-term, the increased precipitation variability in the U.S. Southwest may lead to changes in ecosystem health and potentially impact regional climate patterns.;In the short-term, it is likely that the eastern half of the contiguous U.S. will continue to experience above-average precipitation, while the Southwest may see continued variability in precipitation patterns.",search,2019-09-30,2019-10-06,1,31
20191008,Total,67.35,32.65,17.88,6.66,1.15,0.0,2019-10-08,2019-10-14,1,2019-10-08,2019-10-08,2019-10-14,"The contiguous U.S. tied as second warmest September in 2019, with a September precipitation total.","The long-term precipitation patterns in the contiguous U.S. are likely to be influenced by factors such as climate change, which may lead to increased variability in precipitation patterns over the next few months. Note: There is limited information available in the provided search results to make specific predictions about Monthly Contiguous U.S. Precipitation. The insights and predictions provided are based on general trends and patterns in the data.;Based on historical trends, it is possible that the contiguous U.S. will experience above-average precipitation in the next 1-4 weeks, particularly in areas with high evapotranspiration rates.",search,2019-10-07,2019-10-13,1,31
20191015,Total,64.96,35.04,18.52,7.99,1.24,0.0,2019-10-15,2019-10-21,1,2019-10-15,2019-10-15,2019-10-21,The contiguous United States has 344 climate divisions that report daily measurements of precipitation and/or temperature.,"In the long-term, the projected increase in temperatures and shift in precipitation patterns may lead to more frequent and intense droughts and floods in the western United States.;In the short-term, it is likely that the contiguous United States will experience continued extreme weather events, including heavy rainfall and temperature fluctuations.",search,2019-10-14,2019-10-20,1,31
20191022,Total,67.01,32.99,18.36,7.45,0.77,0.0,2019-10-22,2019-10-28,1,2019-10-22,2019-10-22,2019-10-28,The 12-month period ending in June 2019 was the wettest year-long period on record for the contiguous United States.,"In the long-term, the trend of increased precipitation and extreme downpours is likely to continue, leading to more frequent and severe flooding events in the contiguous United States.;In the short-term, it is likely that the contiguous United States will continue to experience above-average precipitation, particularly in the Northeast and Midwest, leading to an increased risk of flooding.",search,2019-10-21,2019-10-27,1,31
20191029,Total,70.15,29.85,15.59,6.51,0.43,0.0,2019-10-29,2019-11-04,1,2019-10-29,2019-10-29,2019-11-04,The annual average precipitation in the continental United States is 30 inches.,"Understanding the long-term trends and patterns of precipitation in the contiguous United States, including the role of ENSO and other climate factors, could improve predictions of monthly contiguous U.S. precipitation.;Based on the current situation, it is likely that precipitation patterns in the western United States will continue to be influenced by ENSO cycles in the short-term future.",search,2019-10-28,2019-11-03,1,31
20191105,Total,75.01,24.99,13.75,5.28,0.44,0.0,2019-11-05,2019-11-11,1,2019-11-05,2019-11-05,2019-11-11,Above-average precipitation fell across much of the eastern half of the contiguous U.S. in October 2019. The average precipitation last month across the contiguous U.S. was 3.14 inches (0.98 of an inch above average) and ranked as the eighth wettest October on record.,NA;NA,search,2019-11-04,2019-11-10,1,31
20191112,Total,73.37,26.63,12.92,4.93,0.04,0.0,2019-11-12,2019-11-18,1,2019-11-12,2019-11-12,2019-11-18,The contiguous United States east of the Rocky Mountains has a mesoscale convective system (MCS) database covering the years 2004 to 2016.,"The long-term trend of increasing extreme precipitation events over the contiguous United States could lead to more frequent and severe flooding events in the coming months.;Based on the recent cooler-than-average conditions in the north-central contiguous U.S., it is possible that the next 1-4 weeks may see below-average precipitation in this region.",search,2019-11-11,2019-11-17,1,31
20191119,Total,73.58,26.42,12.2,4.84,0.16,0.0,2019-11-19,2019-11-25,1,2019-11-19,2019-11-19,2019-11-25,The November precipitation total for the contiguous U.S. was average.,"In the long-term, the contiguous U.S. may experience changing characteristics of precipitation, including increases in heavy precipitation and high streamflow events.;Based on the current situation, it is likely that the contiguous U.S. will continue to experience average precipitation in the short-term, with potential regional extremes.",search,2019-11-18,2019-11-24,1,31
20191126,Total,70.89,29.11,11.95,4.8,0.16,0.0,2019-11-26,2019-12-02,1,2019-11-26,2019-11-26,2019-12-02,"Historical temperature, precipitation, and Palmer drought data from 1895 to present for climate divisions, states, and regions in the contiguous U.S. are available.","In the long-term, it is possible that the contiguous U.S. will experience more frequent and intense extreme precipitation events, particularly in the Northeastern region.;In the short-term, it is likely that the contiguous U.S. will continue to experience varying levels of precipitation, with some areas potentially experiencing heavy rainfall or drought.",search,2019-11-25,2019-12-01,1,31
20191203,Total,72.03,27.97,9.91,3.85,0.09,0.0,2019-12-03,2019-12-09,1,2019-12-03,2019-12-03,2019-12-09,The contiguous United States is on pace to set a new annual rainfall record in 2019.,"In the long-term, the trend of increasing extreme snowstorms in the eastern two-thirds of the contiguous United States could continue, leading to more frequent and intense winter weather events.;In the short-term, it is likely that the contiguous United States will continue to experience above-average precipitation, potentially leading to new records being set.",search,2019-12-02,2019-12-08,1,31
20191210,Total,75.27,24.73,9.46,3.73,0.09,0.0,2019-12-10,2019-12-16,1,2019-12-10,2019-12-10,2019-12-16,"The contiguous United States east of the Rockies experienced dry Canadian air in December 2019, with some areas having above-normal precipitation.","In the long-term, the influence of ENSO and other climate patterns on precipitation in the contiguous U.S. may lead to increased variability in precipitation, with potential for more frequent extreme events. Note: The information provided is limited to December 2019, so the predictions are based on the current situation and may not be applicable to future months.;Based on the current situation, it is likely that precipitation patterns in the contiguous U.S. will continue to be influenced by these factors in the short-term, with potential for above-normal precipitation in some areas.",search,2019-12-09,2019-12-15,1,31
20191217,Total,76.14,23.86,10.74,3.41,0.09,0.0,2019-12-17,2019-12-23,1,2019-12-17,2019-12-17,2019-12-23,Total annual precipitation has increased over land in the contiguous 48 states since 1901.,"In the long-term future (next few months), the continued increase in greenhouse gas concentrations and precipitation patterns may lead to more frequent and severe weather events, such as heavy precipitation events and floods, and potentially alter the distribution of precipitation across different regions of the contiguous United States.;In the short-term future (next 1-4 weeks), it is likely that the trend of increased precipitation will continue, leading to a higher risk of flooding and heavy precipitation events.",search,2019-12-16,2019-12-22,1,31
20191224,Total,77.34,22.66,10.45,3.5,0.09,0.0,2019-12-24,2019-12-30,1,2019-12-24,2019-12-24,2019-12-30,"The contiguous United States experienced generally drier than normal precipitation in December 2019, especially in the northern Rockies Mountains.","In the long-term, climate change is projected to lead to changes in precipitation patterns, with some regions experiencing increased precipitation and others experiencing decreased precipitation.;In the short-term, it is likely that the contiguous United States will continue to experience a mix of dry and wet conditions, with some areas receiving heavy precipitation and others remaining dry.",search,2019-12-23,2019-12-29,1,31
20191231,Total,78.53,21.47,9.53,3.21,0.06,0.0,2019-12-31,2020-01-06,1,2019-12-31,2019-12-31,2020-01-06,"Historical temperature, precipitation, and Palmer drought data from 1895 to present for climate divisions, states, and regions in the contiguous U.S. are available.","Long-term predictions are uncertain, but climate change may lead to increased potential for very large fires and changes in precipitation patterns in the contiguous U.S. over the next few months. Note: The information provided is limited, and most of it is related to specific events or regions in the contiguous U.S. Therefore, it is difficult to make general predictions about Monthly Contiguous U.S. Precipitation. More data and information would be needed to make more accurate predictions.;Based on the current atmospheric circulation patterns, it is likely that precipitation will continue to vary across different regions in the contiguous U.S. over the next 1-4 weeks.",search,2019-12-30,2020-01-05,1,31
20200107,Total,78.78,21.22,9.53,2.7,0.1,0.0,2020-01-07,2020-01-13,1,2020-01-07,2020-01-07,2020-01-13,"The contiguous United States had its second-wettest year on record in 2019, with annual precipitation totals ranking second highest in the 125-year record.","In the long-term, the trend of increasing extreme precipitation events is likely to continue, leading to more frequent and severe flooding and droughts in the contiguous United States.;In the short-term, it is likely that the contiguous United States will continue to experience above-average precipitation, with an increased risk of flooding in certain regions.",search,2020-01-06,2020-01-12,1,31
20200114,Total,79.49,20.51,9.12,2.61,0.1,0.0,2020-01-14,2020-01-20,1,2020-01-14,2020-01-14,2020-01-20,"The contiguous U.S. experienced a mix of drought and above-average precipitation in 2019, with about 5% of the area in drought and Washington state receiving above-average precipitation.",NA;NA,search,2020-01-13,2020-01-19,1,31
20200121,Total,78.18,21.82,9.6,2.84,0.06,0.0,2020-01-21,2020-01-27,1,2020-01-21,2020-01-21,2020-01-27,"The Pacific weather systems migrated across the contiguous United States in a fairly westerly jet stream flow, dropping precipitation along the way.","In the long-term future (next few months), the precipitation patterns in the contiguous United States may be influenced by climate change, with potential changes in extreme precipitation events and drought patterns.;In the short-term future (next 1-4 weeks), it is likely that the contiguous United States will continue to experience precipitation events, potentially influenced by the Pacific weather systems and the westerly jet stream flow.",search,2020-01-20,2020-01-26,1,31
20200128,Total,76.11,23.89,9.2,2.01,0.04,0.0,2020-01-28,2020-02-03,1,2020-01-28,2020-01-28,2020-02-03,"The January 2020 precipitation total for the contiguous U.S. was drier than normal, with 10 out of 12 states receiving below-average precipitation.","Long-term predictions are uncertain, but studies suggest that atmospheric rivers can play a significant role in extreme precipitation and flood events along the U.S. West Coast, which could lead to increased precipitation in the region in the coming months.;Based on the current trend, it is likely that the contiguous US will continue to experience below-average precipitation in the short term (next 1-4 weeks).",search,2020-01-27,2020-02-02,1,31
20200204,Total,76.93,23.07,8.88,2.06,0.06,0.0,2020-02-04,2020-02-10,1,2020-02-04,2020-02-04,2020-02-10,The January precipitation total for the contiguous U.S. was reported in February 2020.,"The warm winter of 2019-2020 may have long-term implications for precipitation patterns in the contiguous U.S., potentially leading to changes in drought patterns and water availability.;In the short-term, precipitation patterns may continue to be influenced by the ongoing warm winter, potentially leading to below-average precipitation in some areas.",search,2020-02-03,2020-02-09,1,31
20200211,Total,78.22,21.78,8.87,2.15,0.14,0.0,2020-02-11,2020-02-17,1,2020-02-11,2020-02-11,2020-02-17,The contiguous United States (CONUS) covers roughly 6.2 Million km2.,"The long-term trend of amplified summer rainfall variability in the contiguous United States, induced by East Asian monsoon interdecadal change, may continue in the coming months. Note: The search results did not provide direct and specific information about monthly contiguous U.S. precipitation, so the insights and predictions are based on indirect connections and the analyst's interpretation.;Based on the current warm temperature trend, it is possible that the next 1-4 weeks may experience above-normal precipitation in certain regions of the contiguous United States.",search,2020-02-10,2020-02-16,1,31
20200218,Total,79.05,20.95,7.99,2.09,0.2,0.0,2020-02-18,2020-02-24,1,2020-02-18,2020-02-18,2020-02-24,December-February precipitation was generally drier than normal across parts of the western contiguous U.S.,"In the long term, it's possible that the western contiguous U.S. will experience a shift towards wetter-than-normal precipitation, potentially due to changes in atmospheric circulation patterns.;In the short term, it's likely that the western contiguous U.S. will continue to experience drier-than-normal precipitation, while the eastern parts of the country may see above-average precipitation.",search,2020-02-17,2020-02-23,1,31
20200225,Total,79.74,20.26,8.5,1.88,0.2,0.0,2020-02-25,2020-03-02,1,2020-02-25,2020-02-25,2020-03-02,"The contiguous United States experienced record-breaking temperature, precipitation, and drought in February 2020.","The long-term future (next few months) may see continued warm and dry conditions, potentially leading to drought and flash flooding in certain regions of the contiguous United States.;Based on the current trends, it is likely that the contiguous United States will experience above-average temperatures in the short-term future (next 1-4 weeks).",search,2020-02-24,2020-03-01,1,31
20200303,Total,79.1,20.9,9.63,2.1,0.43,0.0,2020-03-03,2020-03-09,1,2020-03-03,2020-03-03,2020-03-09,"The February precipitation total for the contiguous U.S. was 2.40 inches, 0.27 inch above average.","The long-term future (next few months) may see an increase in extreme precipitation events, which could be attributed to climate change and climate variability modes. Note: The other search results did not provide useful information for predicting Monthly Contiguous U.S. Precipitation, so they were discarded.;Based on the current trend, it is likely that the contiguous U.S. will continue to experience above-average precipitation in the short term (next 1-4 weeks).",search,2020-03-02,2020-03-08,1,31
20200310,Total,79.69,20.31,10.75,2.17,0.43,0.0,2020-03-10,2020-03-16,1,2020-03-10,2020-03-10,2020-03-16,The contiguous United States has experienced more extreme precipitation events in the past decades.,"The long-term projections suggest that the contiguous United States will continue to experience more extreme precipitation events and warmer temperatures, potentially leading to more frequent and severe weather events. Note: The information provided is limited, and there is no specific data on monthly contiguous U.S. precipitation. The above summary is based on the available information and provides general insights and predictions.;Based on the current trends, it is likely that the contiguous United States will experience above-average precipitation in the next 1-4 weeks.",search,2020-03-09,2020-03-15,1,31
20200317,Total,79.17,20.83,10.53,2.42,0.51,0.02,2020-03-17,2020-03-23,1,2020-03-17,2020-03-17,2020-03-23,"The contiguous United States experienced record-breaking temperature, precipitation, and drought in March 2020.","In the long-term future, the contiguous United States may experience changes in precipitation patterns, with some regions receiving more or less rainfall than usual, based on climate change projections.;Based on the current trend, it is likely that the contiguous United States will continue to experience extreme weather conditions in the short-term future, with a possibility of heavy rainfall events and droughts.",search,2020-03-16,2020-03-22,1,31
20200324,Total,79.05,20.95,9.9,2.36,0.33,0.03,2020-03-24,2020-03-30,1,2020-03-24,2020-03-24,2020-03-30,The 2019-2020 winter was the sixth-warmest on record across the contiguous United States.,"Longer-term predictions suggest that the contiguous United States may experience more frequent and intense precipitation events due to climate change.;In the short-term, an active weather pattern is expected to prevail across the contiguous United States, with rain and thunderstorms likely in the Midwest and Northeast.",search,2020-03-23,2020-03-29,1,31
20200331,Total,78.92,21.08,12.15,2.54,0.4,0.03,2020-03-31,2020-04-06,1,2020-03-31,2020-03-31,2020-04-06,"The contiguous United States is expected to experience wet conditions in April 2020, with precipitation favored to be among the wettest third of Aprils from 1895 to present.","In the long-term future (next few months), the contiguous United States may experience continued fluctuations in precipitation patterns, influenced by large-scale circulation patterns and microphysical processes.;In the short-term future (next 1-4 weeks), it is likely that the contiguous United States will continue to experience wet conditions, with above-average precipitation expected in April 2020.",search,2020-03-30,2020-04-05,1,31
20200407,Total,78.67,21.33,12.43,2.38,0.18,0.01,2020-04-07,2020-04-13,1,2020-04-07,2020-04-07,2020-04-13,"The March precipitation total for the contiguous U.S. was 2.83 inches, 0.32 inch above average, and ranked in the wettest third of the 126-year period of record.",NA;NA,search,2020-04-06,2020-04-12,1,31
20200414,Total,78.62,21.38,12.14,3.63,0.13,0.01,2020-04-14,2020-04-20,1,2020-04-14,2020-04-14,2020-04-20,The contiguous United States receives an average of 26-34 inches of precipitation per year.,"In the long term, climate change is likely to continue to influence precipitation patterns in the contiguous United States, potentially leading to more extreme weather events and changes in precipitation patterns over time. Note: The information provided is limited, and more data would be needed to make more accurate predictions.;Based on historical trends, it is likely that the next 1-4 weeks will see average to above-average precipitation in the contiguous United States, with possible variations in different regions.",search,2020-04-13,2020-04-19,1,31
20200421,Total,77.5,22.5,12.27,4.72,0.41,0.0,2020-04-21,2020-04-27,1,2020-04-21,2020-04-21,2020-04-27,"The contiguous U.S. experienced drier than normal precipitation in April 2020, especially in the western half.","In the long-term, the changing precipitation patterns could lead to more frequent and severe extreme weather events, such as heavy rainfall and droughts, in the contiguous U.S.;In the short-term, it is likely that the contiguous U.S. will continue to experience below-normal precipitation, exacerbating drought conditions and increasing the risk of wildfires.",search,2020-04-20,2020-04-26,1,31
20200428,Total,76.0,24.0,12.33,4.72,0.39,0.0,2020-04-28,2020-05-04,1,2020-04-28,2020-04-28,2020-05-04,"The contiguous United States experienced drought in May 2020, with historical temperature, precipitation, and Palmer drought data available from 1895 to present for climate divisions, states, and regions.","Long-term predictions are uncertain, but the availability of historical climate data and current weather trends suggest that the contiguous United States may experience more frequent and severe droughts and heatwaves in the coming months.;Short-term predictions indicate that the western United States may experience above-average temperatures and precipitation in the next 1-4 weeks, while the eastern region may remain cooler and drier.",search,2020-04-27,2020-05-03,1,31
20200505,Total,74.25,25.75,13.44,5.24,0.81,0.0,2020-05-05,2020-05-11,1,2020-05-05,2020-05-05,2020-05-11,"The May precipitation total for the contiguous U.S. was 3.04 inches, 0.13 inch above average, and ranked in the middle third of the 126-year period of record.","As the summer months approach, it is possible that the contiguous U.S. may experience an increase in precipitation due to the onset of the North American Monsoon, but this is still uncertain and requires further monitoring.;Based on the recent trends, it is likely that the contiguous U.S. will continue to experience near-average precipitation over the next 1-4 weeks, with some regional variations.",search,2020-05-04,2020-05-10,1,31
20200512,Total,71.28,28.72,14.56,5.93,1.01,0.0,2020-05-12,2020-05-18,1,2020-05-12,2020-05-12,2020-05-18,"The contiguous United States has a high average precipitation in the late afternoon and early evening, with a diurnal cycle peaking during summer.","The Pacific‐Atlantic SST contrast may influence U.S. rainfall variability in the long term (next few months), leading to potential changes in precipitation patterns.;Based on the current dry conditions, it is likely that the western half of the contiguous U.S. will continue to experience below-average precipitation in the short term (next 1-4 weeks).",search,2020-05-11,2020-05-17,1,31
20200519,Total,70.1,29.9,15.8,6.1,1.09,0.0,2020-05-19,2020-05-25,1,2020-05-19,2020-05-19,2020-05-25,The contiguous United States (CONUS) is expected to experience increased precipitation due to climate change .,"In the long-term, the contiguous United States can expect increased precipitation and more extreme weather events due to climate change .;In the short-term, it is likely that the contiguous United States will experience above-average precipitation, particularly in the western states .",search,2020-05-18,2020-05-24,1,31
20200526,Total,71.1,28.9,15.49,6.0,1.03,0.0,2020-05-26,2020-06-01,1,2020-05-26,2020-05-26,2020-06-01,"The contiguous United States has experienced changes in precipitation patterns, with some areas showing increases in extreme precipitation events while others show decreases.","In the long-term, climate change is projected to continue to influence precipitation patterns in the contiguous United States, with some areas experiencing increased extreme precipitation events and others experiencing decreased precipitation.;In the short-term, the drought conditions in the Pacific Northwest are likely to continue, while other areas of the country may experience increased precipitation due to weather patterns like the Madden-Julian oscillation.",search,2020-05-25,2020-05-31,1,31
20200602,Total,69.84,30.16,16.7,6.45,1.07,0.0,2020-06-02,2020-06-08,1,2020-06-02,2020-06-02,2020-06-08,"The contiguous United States experienced record-breaking temperature, precipitation, and drought in June 2020.","In the long-term, it is possible that the contiguous United States will continue to experience more frequent and intense extreme precipitation events, leading to increased flood risks and crop failures.;In the short-term, it is likely that the Southeast region will continue to experience above-average precipitation, while other regions may see a decrease in rainfall.",search,2020-06-01,2020-06-07,1,31
20200609,Total,67.53,32.47,17.89,7.06,1.5,0.0,2020-06-09,2020-06-15,1,2020-06-09,2020-06-09,2020-06-15,"As of June 9, 2020, the national drought footprint in the contiguous United States was 17.9%.","In the long term, understanding the impacts of El Niño events on precipitation patterns in the contiguous United States can help inform predictions about future drought and fire risks.;In the short term, precipitation forecasts will be crucial in determining the severity of drought and wildland fire risks.",search,2020-06-08,2020-06-14,1,31
20200616,Total,63.27,36.73,19.61,8.31,1.9,0.0,2020-06-16,2020-06-22,1,2020-06-16,2020-06-16,2020-06-22,"The contiguous U.S. is expected to experience a continuation of current precipitation trends, with a decline of 0-15% in the Southwest by the end of the century.","In the long-term, the contiguous U.S. may experience a shift towards drier precipitation patterns in the Southwest, while other regions may see more variable precipitation patterns. Note: There were some irrelevant search results, such as the one about Pokeboo rain boots, which were discarded.;In the short-term, it is likely that the Southwest will continue to experience drier-than-normal precipitation, while other regions may see a return to normal precipitation patterns.",search,2020-06-15,2020-06-21,1,31
20200623,Total,62.43,37.57,21.36,8.26,1.9,0.0,2020-06-23,2020-06-29,1,2020-06-23,2020-06-23,2020-06-29,The summer precipitation outlook predicts above-normal precipitation for much of the eastern contiguous United States.,"Climate change patterns may continue to influence precipitation patterns in the contiguous United States, leading to more extreme weather events in the long term (next few months).;Above-normal precipitation is predicted for the eastern contiguous United States in the short term (next 1-4 weeks), which may lead to flooding and other weather-related events.",search,2020-06-22,2020-06-28,1,31
20200630,Total,61.85,38.15,21.42,8.81,2.08,0.06,2020-06-30,2020-07-06,1,2020-06-30,2020-06-30,2020-07-06,"Historical temperature, precipitation, and Palmer drought data from 1895 to present for climate divisions, states, and regions in the contiguous U.S. are available.",NA;The precipitation outlook for July 2020 indicates a higher probability of below-average precipitation in the U.S. Southwest and above-average precipitation in the eastern and mid-western US.,search,2020-06-29,2020-07-05,1,31
20200707,Total,58.37,41.63,21.63,9.21,1.96,0.0,2020-07-07,2020-07-13,1,2020-07-07,2020-07-07,2020-07-13,"The contiguous U.S. experienced a warm and dry June in 2020, with a precipitation total 0.21 inches below average.","In the long term (next few months), it is possible that the contiguous U.S. will experience a shift towards more average or above-average precipitation, but this will depend on various climate factors and patterns. Note: The provided search results do not contain explicit predictions or forecasts for monthly contiguous U.S. precipitation. The insights and predictions provided are based on the analysis of the current situation and general climate trends.;In the short term (next 1-4 weeks), it is likely that the contiguous U.S. will continue to experience below-average precipitation, potentially leading to drought conditions in some areas.",search,2020-07-06,2020-07-12,1,31
20200714,Total,56.01,43.99,23.04,9.7,2.29,0.0,2020-07-14,2020-07-20,1,2020-07-14,2020-07-14,2020-07-20,"The contiguous United States has been studied extensively for its precipitation patterns, with research dating back to the 1990s (Hoerling et al. 1997; Quan et al. 2006; Zhang et al. 2016, 2018; Huang et al. 2019).",NA;NA,search,2020-07-13,2020-07-19,1,31
20200721,Total,52.47,47.53,26.33,10.29,2.18,0.0,2020-07-21,2020-07-27,1,2020-07-21,2020-07-21,2020-07-27,"The contiguous United States experiences a significant decrease in the percentage of oceanic precipitation at the Indian coast, and an increase in tropical areas.","In the long-term, the trend of increasing extreme weather events, including intense precipitation and drought, is likely to continue, with significant implications for ecosystems and agriculture in the contiguous United States.;In the short-term, it is likely that the Northeast region will continue to experience dry conditions, while other parts of the country may see intense precipitation events.",search,2020-07-20,2020-07-26,1,31
20200728,Total,52.16,47.84,27.41,11.78,2.43,0.0,2020-07-28,2020-08-03,1,2020-07-28,2020-07-28,2020-08-03,"Historical temperature, precipitation, and Palmer drought data from 1895 to present for climate divisions, states, and regions in the contiguous U.S. are available.","In the long-term, the analysis of climatological relationships of extreme daily precipitation and trends in average precipitation and precipitable water can help predict Monthly Contiguous U.S. Precipitation patterns, with potential for increased precipitation extremes in the contiguous United States.;In the short-term, it is likely that the drought conditions will persist, especially in the Southeast region, with potential extreme precipitation events in different parts of the country.",search,2020-07-27,2020-08-02,1,31
20200804,Total,53.51,46.49,27.98,12.68,2.63,0.0,2020-08-04,2020-08-10,1,2020-08-04,2020-08-04,2020-08-10,"The July 2020 precipitation total for the contiguous U.S. was 2.93 inches, 0.15 inch above average, and ranked in the wettest one-third of the 126-year period of record.","In the long-term future (next few months), it is possible that the contiguous U.S. will experience more frequent and intense precipitation events due to climate change.;Based on the current trend, it is likely that the contiguous U.S. will continue to experience above-average precipitation in the short-term future (next 1-4 weeks).",search,2020-08-03,2020-08-09,1,31
20200811,Total,54.43,45.57,28.76,13.37,3.2,0.0,2020-08-11,2020-08-17,1,2020-08-11,2020-08-11,2020-08-17,"Historical temperature, precipitation, and Palmer drought data from 1895 to present for climate divisions, states, and regions in the contiguous U.S. are available.","The long-term precipitation patterns in the contiguous United States may be influenced by atmospheric circulation patterns, such as the Indian Ocean Dipole, which could lead to increased precipitation in the eastern United States.;Based on the current drought conditions, it is likely that the western United States will continue to experience below-average precipitation in the short term (next 1-4 weeks).",search,2020-08-10,2020-08-16,1,31
20200818,Total,53.51,46.49,30.64,16.8,3.68,0.02,2020-08-18,2020-08-24,1,2020-08-18,2020-08-18,2020-08-24,"August 2020 was the third-warmest on record for the U.S., with extremely dry conditions dominating the West, and the contiguous United States receiving below-normal precipitation.","In the long-term future (next few months), it is possible that the contiguous U.S. will experience a continued increase in precipitation, particularly in the eastern regions, linked to Indian Ocean warming.;In the short-term future (next 1-4 weeks), it is likely that the dry conditions in the West will continue, with possible above-normal precipitation in parts of the Plains and Upper Midwest.",search,2020-08-17,2020-08-23,1,31
20200825,Total,50.01,49.99,32.87,20.06,6.59,0.07,2020-08-25,2020-08-31,1,2020-08-25,2020-08-25,2020-08-31,"Objective facts about the Monthly Contiguous U.S. Precipitation situation: According to the report, August 2020 was drier than normal across most of the West, much of the Great Plains to Mid-Mississippi Valley, and parts of the Great Lakes and Northeast, with record dryness occurring in parts of the Southwest, central Plains, and Mid-Mississippi Valley.","Long-term predictions (next 4-12 months): The report suggests that the West has experienced persistent warmer-than-normal temperatures for most of the last nine years, which may continue to contribute to drought conditions in the region. Additionally, the report notes that the unusual warmth has made the SPEI more extreme than the SPI for those dry areas in the West at the longer time scales. Here are the filtered results:;Short-term predictions (next 1-3 months): Based on the report, it is likely that drought conditions will continue to persist in the West, Plains, and parts of the Great Lakes and Northeast, with the possibility of further expansion and intensification.",report,2020-08-01,2020-08-31,0,31
20200901,Total,46.27,53.73,33.27,20.69,7.19,0.08,2020-09-01,2020-09-07,1,2020-09-01,2020-09-01,2020-09-07,"The precipitation outlook for the contiguous United States for September 2020 provides the probability (percent chance) that September precipitation will be above, near, or below normal.","For the long-term future, decadal-scale changes in the seasonal surface water balance of the contiguous United States may continue to impact precipitation patterns, leading to trends in the precipitation ratio.;For the next 1-4 weeks, the precipitation outlook suggests that September precipitation will be above, near, or below normal, with a probability (percent chance) provided.",search,2020-08-31,2020-09-06,1,31
20200908,Total,47.06,52.94,32.68,21.02,9.79,0.14,2020-09-08,2020-09-14,1,2020-09-08,2020-09-08,2020-09-14,"The contiguous United States experienced varying precipitation patterns in August 2020, with some areas receiving below-average precipitation and others receiving near-average precipitation.",NA;NA,search,2020-09-07,2020-09-13,1,31
20200915,Total,47.0,53.0,32.82,21.0,9.64,0.36,2020-09-15,2020-09-21,1,2020-09-15,2020-09-15,2020-09-21,"The contiguous United States experienced a dry September 2020, with temperatures warmer than average in the West and cooler than average in other areas.","In the long-term, the dry conditions may continue, potentially leading to drought conditions in some areas of the contiguous United States.;In the short-term, it is likely that the dry conditions will persist, with some areas potentially receiving above-normal precipitation.",search,2020-09-14,2020-09-20,1,31
20200922,Total,46.13,53.87,33.49,21.71,10.67,0.48,2020-09-22,2020-09-28,1,2020-09-22,2020-09-22,2020-09-28,"The contiguous United States experienced a record-tying ninth named storm that made landfall in 2020, with Storm Beta bringing rain to parts of Southern Texas.","In the long-term, the contiguous United States may experience increased precipitation events, particularly in the US Great Plains, due to convection-permitting modeling projections.;In the short-term, the contiguous United States may experience continued rainfall and flooding in the Southern regions, particularly in Texas, due to the lingering effects of Storm Beta.",search,2020-09-21,2020-09-27,1,31
20200929,Total,44.5,55.5,35.78,22.89,12.23,1.0,2020-09-29,2020-10-05,1,2020-09-29,2020-09-29,2020-10-05,"Historical temperature, precipitation, and Palmer drought data from 1895 to present for climate divisions, states, and regions in the contiguous U.S. are available.","While long-term predictions are uncertain, the availability of historical data and climate model projections suggests that it may be possible to make predictions about Monthly Contiguous U.S. Precipitation for the next few months.;Based on the current outlook, it is likely that the next 1-4 weeks will experience below-average precipitation in many parts of the contiguous United States.",search,2020-09-28,2020-10-04,1,31
20201006,Total,44.96,55.04,37.2,24.29,13.33,1.73,2020-10-06,2020-10-12,1,2020-10-06,2020-10-06,2020-10-12,"The September 2020 precipitation total for the contiguous U.S. was 2.38 inches, 0.11 inch below average, ranking in the middle one-third of the 126-year period of record.","In the long term (next few months), climate models suggest that the contiguous United States may experience changes in seasonal precipitation extremes, which could lead to more frequent and intense droughts and floods.;Based on the current trend, it is likely that the contiguous United States will continue to experience below-average precipitation in the short term (next 1-4 weeks), exacerbating drought and dryness conditions.",search,2020-10-05,2020-10-11,1,31
20201013,Total,43.34,56.66,39.28,24.97,14.07,1.73,2020-10-13,2020-10-19,1,2020-10-13,2020-10-13,2020-10-19,"The contiguous United States is currently experiencing drought conditions, with nearly half of the region affected.","The potential for El Niño events in the coming months may lead to drier than normal conditions in some regions, while others may experience above-normal precipitation. Note: The information provided is limited, and more data would be necessary to make more accurate predictions.;It is likely that the contiguous United States will experience below-normal precipitation in the next 1-4 weeks, potentially worsening drought conditions.",search,2020-10-12,2020-10-18,1,31
20201020,Total,42.39,57.61,39.53,24.67,15.23,2.36,2020-10-20,2020-10-26,1,2020-10-20,2020-10-20,2020-10-26,"The October precipitation total for the contiguous U.S. was 2.16 inches, exactly average, ranking in the middle one-third of the 126-year period of record.","Based on the trends and projections, it is possible that the contiguous U.S. will experience changes in precipitation patterns, temperature increases, and soil moisture variations in the long-term, which can impact agriculture, water resources, and ecosystems.;It is likely that the contiguous U.S. will experience continued varying climate conditions in the short-term, with potential for drought and temperature extremes in certain regions.",search,2020-10-19,2020-10-25,1,31
20201027,Total,44.04,55.96,38.75,24.97,15.06,2.36,2020-10-27,2020-11-02,1,2020-10-27,2020-10-27,2020-11-02,"The contiguous United States experienced warmer than average temperatures in November 2020, with much of the country being drier than average.",Climate change is expected to lead to increased flood exposure and risk in the contiguous United States due to rising temperatures and changing precipitation patterns.;There is a likelihood of above-average temperatures and drier than average conditions in the southern U.S. in the next month.,search,2020-10-26,2020-11-01,1,31
20201103,Total,45.93,54.07,37.94,24.18,14.84,2.38,2020-11-03,2020-11-09,1,2020-11-03,2020-11-03,2020-11-09,"The October precipitation total for the contiguous U.S. was 2.16 inches, exactly average, and ranked in the middle third of the historical record.","The long-term future is likely to experience increased flood exposure due to climate change and population growth, leading to more frequent heavy precipitation events in the contiguous United States.;Based on the average precipitation pattern in October 2020, it is likely that the next 1-4 weeks will also experience average precipitation, with no significant deviations from the historical record.",search,2020-11-02,2020-11-08,1,31
20201110,Total,44.2,55.8,38.62,25.18,15.71,3.39,2020-11-10,2020-11-16,1,2020-11-10,2020-11-10,2020-11-16,"In November 2020, beneficial rain and snow fell in the West Coast to the Rockies, while the southwestern and central contiguous U.S. experienced drier-than-normal conditions.","In the long term, the predictions suggest that the contiguous U.S. will experience more frequent and severe extreme precipitation events, leading to increased risk of droughts and floods.;For the next 1-4 weeks, it is likely that the southwestern and central contiguous U.S. will continue to experience drier-than-normal conditions, while the West Coast and Rockies may receive more precipitation.",search,2020-11-09,2020-11-15,1,31
20201117,Total,44.05,55.95,39.6,25.77,15.73,4.72,2020-11-17,2020-11-23,1,2020-11-17,2020-11-17,2020-11-23,"2019 was the second-wettest year on record for the contiguous United States, with an annual precipitation total.","In the long-term, climate change is expected to lead to more severe and frequent extreme rainfall events, resulting in increased flooding risks across the contiguous United States.;In the short-term, it is likely that the contiguous United States will continue to experience above-average precipitation, with an increased risk of flooding events.",search,2020-11-16,2020-11-22,1,31
20201124,Total,41.75,58.25,40.67,26.79,17.04,7.12,2020-11-24,2020-11-30,1,2020-11-24,2020-11-24,2020-11-30,"Objective facts about the Monthly Contiguous U.S. Precipitation situation: The contiguous U.S. experienced drier-than-normal conditions in November 2020, with 37.7% of the area in moderate to extreme drought. The West, Plains, and Southeast were particularly dry, while the Midwest and Northeast experienced above-normal precipitation.","Long-term predictions (next 4-12 months): The drought situation is likely to continue in the West, with record warmth and dryness expected to persist. The Plains and Southeast may experience some relief from drought conditions, but the Midwest and Northeast may experience more variable precipitation patterns. Here is the filtered information useful for making predictions about Monthly Contiguous U.S. Precipitation:;Short-term predictions (next 1-3 months): Drought conditions are likely to continue and potentially worsen in the West, Plains, and Southeast, with above-normal temperatures and below-normal precipitation expected in these regions. The Midwest and Northeast may experience above-normal precipitation, but drought conditions may still persist in some areas.",report,2020-11-01,2020-11-30,0,31
20201201,Total,42.28,57.72,40.18,26.67,17.57,8.24,2020-12-01,2020-12-07,1,2020-12-01,2020-12-01,2020-12-07,The contiguous United States experienced rain or snow from Pacific weather systems in early December 2020.,"In the long term (next few months), the country may see a continuation of the current trend, with potential for more extreme weather events and changes in precipitation patterns.;In the short term (next 1-4 weeks), the contiguous United States may experience continued warmer and drier conditions, with potential for isolated precipitation events.",search,2020-11-30,2020-12-06,1,31
20201208,Total,41.8,58.2,41.06,27.99,17.63,8.27,2020-12-08,2020-12-14,1,2020-12-08,2020-12-08,2020-12-14,"The contiguous United States can be divided into nine climate regions, as defined by the National Centers for Environmental Information (NCEI), based on mean annual precipitation from 1981-2010.","In the long-term, climate change is projected to alter the hydrological cycle over the contiguous United States, leading to changes in precipitation characteristics and patterns.;In the short-term, it is likely that the drought conditions in the western United States will persist, while the eastern part of the country may experience more precipitation.",search,2020-12-07,2020-12-13,1,31
20201215,Total,42.17,57.83,41.25,28.52,18.41,8.26,2020-12-15,2020-12-21,1,2020-12-15,2020-12-15,2020-12-21,There are elevated odds of below-normal precipitation for approximately the southern one-third to one-half of the contiguous United States in December 2020.,"Extreme precipitation events are likely to increase in the long term, affecting the entire continental United States.;There is a high likelihood of below-normal precipitation in the southern contiguous United States in the next 1-4 weeks.",search,2020-12-14,2020-12-20,1,31
20201222,Total,42.53,57.47,41.46,28.59,18.56,8.26,2020-12-22,2020-12-28,1,2020-12-22,2020-12-22,2020-12-28,"The contiguous United States exhibits a well-known out-of-phase relationship between central US and Southwest summertime precipitation, explaining ~25% of the variability.","In the long-term, spring and fall precipitation are projected to increase in most of the US, except the Southwest, which may lead to changes in Monthly Contiguous U.S. Precipitation patterns.;In the short-term, precipitation patterns may continue to vary across different regions of the contiguous US, with potential for extreme events in the southeastern US and Mid-Atlantic states.",search,2020-12-21,2020-12-27,1,31
20201229,Total,43.05,56.95,40.97,28.61,18.56,8.26,2020-12-29,2021-01-04,1,2020-12-29,2020-12-29,2021-01-04,"Historical temperature, precipitation, and Palmer drought data from 1895 to present are available for climate divisions, states, and regions in the contiguous U.S.","There is no clear indication of long-term precipitation trends, but the relationship between low-frequency oscillations and precipitation changes may be an important factor in predicting Monthly Contiguous U.S. Precipitation in the coming months.;Based on the January 2021 outlook, it is likely that the next 1-4 weeks will be wetter and warmer than average for much of the contiguous U.S.",search,2020-12-28,2021-01-03,1,31
20210105,Total,47.06,52.94,38.27,27.49,17.63,7.91,2021-01-05,2021-01-11,1,2021-01-05,2021-01-05,2021-01-11,"The annual precipitation total for the contiguous U.S. in 2020 was 30.28 inches, 0.34 inch above average, ranking in the middle third of the historical record.","In the long-term, it is possible that climate change will continue to exacerbate precipitation extremes, leading to increased flood damages and more frequent droughts.;In the short-term, it is likely that the Pacific Northwest will continue to experience above-normal precipitation, while other regions may see a mix of wet and dry conditions.",search,2021-01-04,2021-01-10,1,31
20210112,Total,45.72,54.28,37.52,27.17,17.69,7.73,2021-01-12,2021-01-18,1,2021-01-12,2021-01-12,2021-01-18,The contiguous U.S. average annual precipitation in 2020 was above average.,"In the long term, the trend of above-average temperatures and precipitation levels may continue, with potential for more extreme weather events such as hurricanes, wildfires, and heatwaves.;In the short term, it is likely that the contiguous U.S. will continue to experience above-average temperatures and precipitation levels, with potential for drought in the Southwest and heavy precipitation in the Midwest.",search,2021-01-11,2021-01-17,1,31
20210119,Total,44.3,55.7,37.64,27.11,17.77,7.82,2021-01-19,2021-01-25,1,2021-01-19,2021-01-19,2021-01-25,"As of January 19, 2021, little to no precipitation fell across the southern contiguous United States, while wet weather was mostly in the north.","In the long-term future (next few months), climate change may continue to influence precipitation patterns, potentially leading to more extreme events and altered seasonal precipitation trends in the contiguous U.S.;In the short-term future (next 1-4 weeks), it is likely that the southern contiguous U.S. will continue to experience dry conditions, while the north may see more precipitation.",search,2021-01-18,2021-01-24,1,31
20210126,Total,45.25,54.75,38.5,27.17,17.63,7.49,2021-01-26,2021-02-01,1,2021-01-26,2021-01-26,2021-02-01,"The contiguous U.S. experienced its top-10 warmest January in 2021, with a notable precipitation total for the month.","In the long-term future, climate projections suggest that the contiguous U.S. may experience changes in temperature and precipitation patterns, which could impact Monthly Contiguous U.S. Precipitation.;Based on the current trends and available data, it is likely that the contiguous U.S. will experience continued warm temperatures and variable precipitation patterns over the next 1-4 weeks.",search,2021-01-25,2021-01-31,1,31
20210202,Total,43.02,56.98,38.27,26.31,17.03,7.33,2021-02-02,2021-02-08,1,2021-02-02,2021-02-02,2021-02-08,"The February precipitation total for the contiguous U.S. was 1.99 inches, 0.14 inch below average and ranked in the middle one-third of the historical period of record.","The influence of natural climate variability and other factors may lead to changes in precipitation patterns in the long-term future (next few months), but it is difficult to make specific predictions at this time.;Based on the current trend, it is likely that the contiguous U.S. will continue to experience below-average precipitation in the short-term future (next 1-4 weeks).",search,2021-02-01,2021-02-07,1,31
20210209,Total,42.9,57.1,38.4,26.14,17.02,7.35,2021-02-09,2021-02-15,1,2021-02-09,2021-02-09,2021-02-15,"The January precipitation total for the contiguous U.S. was 2.01 inches, 0.30 inch below average.","As the region is currently in a dry spell, it is possible that the contiguous U.S. may experience above-average precipitation in the long-term to compensate for the dry conditions, but more data is needed to make a confident prediction.;Based on the current trend, it is likely that the contiguous U.S. will continue to experience dry conditions in the short-term, with below-average precipitation in the next 1-4 weeks.",search,2021-02-08,2021-02-14,1,31
20210216,Total,43.09,56.91,37.78,25.21,15.89,6.8,2021-02-16,2021-02-22,1,2021-02-16,2021-02-16,2021-02-22,The northern contiguous U.S. experienced drier than normal precipitation in January 2021.,"In the next few months, it is possible that the central United States will experience increased precipitation, based on historical trends.;In the next 1-4 weeks, it is likely that the southwestern U.S. will continue to experience dry conditions, while other regions may experience more variable precipitation patterns.",search,2021-02-15,2021-02-21,1,31
20210223,Total,43.56,56.44,38.09,25.78,15.59,7.05,2021-02-23,2021-03-01,1,2021-02-23,2021-02-23,2021-03-01,"Historical temperature, precipitation, and Palmer drought data from 1895 to present for climate divisions, states, and regions in the contiguous U.S. are available.","The long-term trends suggest that the contiguous U.S. may experience more frequent and intense precipitation events due to climate change, but it is difficult to make specific predictions for the next few months.;Based on the current trends, it is likely that the contiguous U.S. will continue to experience above-normal precipitation in the short term (next 1-4 weeks).",search,2021-02-22,2021-02-28,1,31
20210302,Total,44.98,55.02,38.95,25.84,15.55,7.1,2021-03-02,2021-03-08,1,2021-03-02,2021-03-02,2021-03-08,"The contiguous United States experiences diverse regional trends in heavy precipitation changes, which do not align with a simple pattern.","The increasing trends of fire activity in the western contiguous United States may lead to drier conditions in the long term, potentially affecting Monthly Contiguous U.S. Precipitation.;Based on the March 2021 outlook, a warm start to meteorological spring is likely for the northern tier of the contiguous U.S., while a drier-than-average March is likely across the southern tier.",search,2021-03-01,2021-03-07,1,31
20210309,Total,38.72,61.28,39.06,26.41,15.51,7.17,2021-03-09,2021-03-15,1,2021-03-09,2021-03-09,2021-03-15,"The contiguous United States had its coldest February in more than 30 years, with above-average precipitation falling across much of the country.","In the long term, the contiguous United States may experience changes in precipitation patterns, with some regions receiving more or less precipitation than usual, due to climate change and urban development.;It is likely that the next 1-4 weeks will continue to experience above-average precipitation across much of the country, particularly in the Northeast and Southwest regions.",search,2021-03-08,2021-03-14,1,31
20210316,Total,39.31,60.69,36.91,25.11,14.84,7.15,2021-03-16,2021-03-22,1,2021-03-16,2021-03-16,2021-03-22,The Mississippi-Atchafalaya River Basin (MARB) drains over 41% of the contiguous United States and changes in precipitation patterns in this region can have significant impacts.,"In the long-term, changes in precipitation patterns in the contiguous United States may have significant implications for agriculture, water resources, and ecosystems, particularly in regions like the Mississippi-Atchafalaya River Basin.;In the short-term, precipitation patterns in the contiguous United States may continue to be influenced by La Niña, leading to wetter conditions in some regions and drier conditions in others.",search,2021-03-15,2021-03-21,1,31
20210323,Total,40.69,59.31,36.4,24.92,15.09,7.3,2021-03-23,2021-03-29,1,2021-03-23,2021-03-23,2021-03-29,"Winter 2020-21 experienced drought in many areas of the contiguous United States, except for the Central Plains and parts of the Rockies, which benefited from winter precipitation.","In the long-term, the trend of above-average precipitation over the northern tier of the United States may continue, potentially leading to changes in extreme rainfall events and streamflow regimes.;In the short-term, the influence of Pacific weather systems may continue to bring precipitation to parts of the West, but the overall drought situation may persist in other areas.",search,2021-03-22,2021-03-28,1,31
20210330,Total,41.38,58.62,36.7,24.74,15.61,7.28,2021-03-30,2021-04-05,1,2021-03-30,2021-03-30,2021-04-05,"The contiguous United States is expected to experience warmth in April 2021, with the exception of North Dakota, Minnesota, and Wisconsin, which may experience wetter than average precipitation.","For the long-term future (next few months), it is possible that drought conditions may persist or worsen in some areas, while others may experience increased precipitation due to the influence of climate patterns such as the inter-decadal Pacific oscillation.;For the short-term future (next 1-4 weeks), it is likely that the warmth will continue in most of the contiguous United States, with the exception of North Dakota, Minnesota, and Wisconsin, which may experience above-average precipitation.",search,2021-03-29,2021-04-04,1,31
20210406,Total,41.5,58.5,37.64,25.64,16.91,7.45,2021-04-06,2021-04-12,1,2021-04-06,2021-04-06,2021-04-12,"The March precipitation total for the contiguous U.S. was 2.45 inches, 0.06 inch below average, and ranked in the middle third of the 127-year period of record.","In the long term, the contiguous U.S. may experience more frequent extreme rainfall events due to climate warming, particularly in the late summer to early fall season.;Based on the current trend, it is likely that the next 1-4 weeks will see continued warmer-than-average temperatures, with precipitation varying across regions, potentially leading to extreme rainfall events in some areas.",search,2021-04-05,2021-04-11,1,31
20210413,Total,44.37,55.63,38.01,26.16,17.42,7.57,2021-04-13,2021-04-19,1,2021-04-13,2021-04-13,2021-04-19,"The contiguous United States has 344 climate divisions, with Tennessee being divided into four unique climate divisions.","Based on the changes in climate-related planting zones and increases in heavy precipitation events, it is likely that the contiguous United States will continue to experience shifts in precipitation patterns in the long-term future.;NA",search,2021-04-12,2021-04-18,1,31
20210420,Total,42.58,57.42,39.5,26.59,17.66,7.6,2021-04-20,2021-04-26,1,2021-04-20,2021-04-20,2021-04-26,The contiguous United States experienced colder-than-normal air from the Great Basin to the Appalachians in April 2021.,"In the long-term, the shifting climate patterns and increased temperatures may lead to changes in precipitation totals and patterns across the contiguous United States, potentially resulting in more extreme weather events.;In the short-term, precipitation levels may remain variable across the contiguous United States, with potential for continued cold fronts and unstable weather patterns.",search,2021-04-19,2021-04-25,1,31
20210427,Total,39.39,60.61,40.43,27.14,18.15,7.7,2021-04-27,2021-05-03,1,2021-04-27,2021-04-27,2021-05-03,"The contiguous United States has historical temperature, precipitation, and Palmer drought data from 1895 to present for climate divisions, states, and regions.","In the long-term future (next few months), the relationship between ENSO and summer rainfall variability may influence precipitation patterns in the contiguous United States, leading to potential drought or flood conditions.;In the short-term future (next 1-4 weeks), it is likely that the southern half of the contiguous United States will experience above-average temperatures, leading to potential drought conditions.",search,2021-04-26,2021-05-02,1,31
20210504,Total,41.59,58.41,38.91,26.93,18.84,7.56,2021-05-04,2021-05-10,1,2021-05-04,2021-05-04,2021-05-10,"The average temperature of the contiguous United States in April 2021 was 51.9°F, 0.9°F above the 20th-century average.","In the long-term, the new climate normals data suggests that the contiguous United States will continue to warm, leading to more extreme temperature and precipitation events, and changing climate patterns. Note: There is no specific information available in the provided search results to make more precise predictions about Monthly Contiguous U.S. Precipitation.;Based on the current trends, it is likely that the contiguous United States will continue to experience above-average temperatures and variable precipitation patterns over the next 1-4 weeks.",search,2021-05-03,2021-05-09,1,31
20210511,Total,45.38,54.62,38.59,26.65,18.8,7.97,2021-05-11,2021-05-17,1,2021-05-11,2021-05-11,2021-05-17,"May 2021 was mild across much of the contiguous U.S., with heavy rainfall contributing to flash flooding across parts of the Gulf Coast.","In the long-term, the trend of increasing heavy precipitation events and droughts may continue, with implications for flood risk and water resources across the contiguous U.S. Note: The provided search results did not contain explicit predictions or long-term trends for Monthly Contiguous U.S. Precipitation. The insights and predictions provided are based on the context and relationships between the search results.;In the short-term, heavy rainfall events may continue to impact parts of the Gulf Coast, while drought conditions may persist in areas that have missed out on recent precipitation.",search,2021-05-10,2021-05-16,1,31
20210518,Total,46.59,53.41,36.97,25.94,18.29,8.11,2021-05-18,2021-05-24,1,2021-05-18,2021-05-18,2021-05-24,The contiguous United States (CONUS) is a region of interest for studying precipitation and climate change.,"In the long-term future (next few months), climate change may lead to more frequent and severe hot drought compound events in the contiguous United States, particularly in the western region. Note: The information provided is limited, and most of the sources are related to specific studies or research papers. Therefore, the insights and predictions are based on the available information and may not be comprehensive.;In the short-term future (next 1-4 weeks), it is likely that the western United States will continue to experience hot and dry conditions, leading to an increased risk of forest fires and drought.",search,2021-05-17,2021-05-23,1,31
20210525,Total,45.2,54.8,36.31,25.2,17.75,8.55,2021-05-25,2021-05-31,1,2021-05-25,2021-05-25,2021-05-31,"Objective facts about the Monthly Contiguous U.S. Precipitation situation: The contiguous U.S. experienced drier-than-normal conditions in May 2021, with 41% of the area in moderate to extreme drought categories. The West, northern Plains to northern New England, and Mid-Atlantic states to Florida were particularly dry.","Long-term predictions (next 4-12 months): The drought situation in the West is likely to persist in the long-term, with continued below-normal precipitation expected. The northern Plains to northern New England and Mid-Atlantic states to Florida may experience some relief from drought conditions, but the overall trend is likely to remain dry. Temperatures are expected to remain near to above normal in many areas, which may further exacerbate drought conditions. Here is the filtered information useful for making predictions about Monthly Contiguous U.S. Precipitation:;Short-term predictions (next 1-3 months): Based on the current drought situation and atmospheric circulation patterns, it is likely that the drought will continue in the West and other affected areas in the short-term. Temperatures are expected to remain near to cooler than normal in many areas, which may slightly alleviate drought conditions. However, precipitation is expected to remain below normal in many areas, exacerbating drought conditions.",report,2021-05-01,2021-05-31,0,31
20210601,Total,47.18,52.82,36.54,25.47,17.53,8.16,2021-06-01,2021-06-07,1,2021-06-01,2021-06-01,2021-06-07,"The precipitation outlook for June 2021 shows a clear wet signal across much of the eastern United States, with the highest likelihood for a much wetter than average month (60-70%) in the eastern region.","The long-term trend suggests that the contiguous United States is becoming warmer and wetter on average, which may lead to more frequent extreme precipitation events in the future.;Based on the current outlook, it is likely that the eastern United States will experience above-average precipitation over the next 1-4 weeks.",search,2021-05-31,2021-06-06,1,31
20210608,Total,46.4,53.6,37.82,26.77,17.76,8.26,2021-06-08,2021-06-14,1,2021-06-08,2021-06-08,2021-06-14,"May 2021 was a dry month across the contiguous United States, with precipitation below average.","Long-term predictions are uncertain, but observations indicate that contiguous U.S. winter precipitation has increased over longer timescales.;Based on the current dry spell, it is likely that the next 1-4 weeks will also experience below-average precipitation across the contiguous United States.",search,2021-06-07,2021-06-13,1,31
20210615,Total,47.31,52.69,38.5,27.51,17.9,8.26,2021-06-15,2021-06-21,1,2021-06-15,2021-06-15,2021-06-21,"The contiguous United States experienced a record-breaking wet winter in 2021, with extreme wet winters linked to oceanic forcing of the atmosphere.","In the long term, the influence of teleconnections on precipitation in the Great Plains region could lead to more frequent extreme precipitation events, potentially exacerbating drought and flood conditions.;Based on the current situation, it is likely that the contiguous United States will continue to experience above-average precipitation in the short term, particularly in the West and Southwest regions.",search,2021-06-14,2021-06-20,1,31
20210622,Total,46.82,53.18,39.89,29.02,18.23,8.25,2021-06-22,2021-06-28,1,2021-06-22,2021-06-22,2021-06-28,"The contiguous United States (CONUS) has experienced climate extremes, with 2020 being a notable year.","As the climate continues to change, it is possible that Monthly Contiguous U.S. Precipitation patterns will become more variable and unpredictable, leading to more frequent extremes.;Based on current drought and heatwave conditions, it is likely that precipitation will be below normal in the contiguous United States over the next 1-4 weeks.",search,2021-06-21,2021-06-27,1,31
20210629,Total,48.65,51.35,39.53,29.85,19.0,8.11,2021-06-29,2021-07-05,1,2021-06-29,2021-06-29,2021-07-05,"Historical temperature, precipitation, and Palmer drought data from 1895 to present for climate divisions, states, and regions in the contiguous U.S. are available.","In the next few months, the Pacific-North American teleconnection may continue to influence precipitation patterns across the Contiguous United States, potentially leading to continued drought conditions in some areas.;In the next 1-4 weeks, moderate surpluses of precipitation are expected in eastern Pennsylvania through northern New Jersey, while other areas may continue to experience drought conditions.",search,2021-06-28,2021-07-04,1,31
20210706,Total,47.62,52.38,39.6,30.67,18.97,7.93,2021-07-06,2021-07-12,1,2021-07-06,2021-07-06,2021-07-12,"The contiguous U.S. experienced its hottest June on record in 2021, with approximately 15.2 percent of the area observing its warmest June on record.","The long-term precipitation patterns for the next few months are uncertain, but the current drought status and record-breaking warmth may indicate a higher likelihood of extreme weather events or continued dry conditions. Note: There is limited information directly related to monthly contiguous U.S. precipitation in the provided search results. The above summary is based on the available information and provides some insights and analysis, but more data would be needed to make more accurate predictions.;Based on the current drought status and record-breaking warmth, it is possible that the next 1-4 weeks will see continued dry conditions and potential drought expansion in certain regions.",search,2021-07-05,2021-07-11,1,31
20210713,Total,49.08,50.92,38.91,30.99,20.19,8.25,2021-07-13,2021-07-19,1,2021-07-13,2021-07-13,2021-07-19,"The contiguous United States has cooled somewhat, with a pattern of annual precipitation change for 1991.","The projected changes to hydroclimate seasonality in the continental U.S. suggest that total precipitation is likely to increase in the long-term future, with no region experiencing a decrease.;Based on the current trends, it is likely that the West will continue to experience high temperatures, precipitation, and drought in the short-term future.",search,2021-07-12,2021-07-18,1,31
20210720,Total,49.94,50.06,40.13,31.81,21.38,8.36,2021-07-20,2021-07-26,1,2021-07-20,2021-07-20,2021-07-26,"According to the July 20 U.S. Drought Monitor, moderate to exceptional drought covers 40.1% of the United States including Puerto Rico.","In the long-term, the trend of increasing precipitation in the Great Lakes region and the contiguous United States is expected to continue, leading to more frequent flooding events. Note: The information provided is limited to the contiguous United States and does not provide a comprehensive overview of the global precipitation situation.;In the short-term, it is likely that the drought conditions will persist in some areas, while others may experience heavy precipitation events.",search,2021-07-19,2021-07-25,1,31
20210727,Total,50.57,49.43,39.74,32.11,21.29,7.39,2021-07-27,2021-08-02,1,2021-07-27,2021-07-27,2021-08-02,"The July precipitation total for the contiguous U.S. was 3.36 inches, 0.58 inch above average, and sixth-wettest in the 127-year period of record.","In the long-term, it is possible that the contiguous U.S. will experience more frequent and intense extreme precipitation events due to climate change, but this is still uncertain and requires further research.;In the short-term, it is likely that the contiguous U.S. will continue to experience a mix of wet and dry conditions, with above-average precipitation in some areas and drought in others.",search,2021-07-26,2021-08-01,1,31
20210803,Total,50.79,49.21,39.99,32.64,21.71,7.45,2021-08-03,2021-08-09,1,2021-08-03,2021-08-03,2021-08-09,"The contiguous United States is expected to experience above-average precipitation in August 2021, with a 33-40% chance of above-average precipitation in the northern and eastern regions.","In the long term (next few months), it is possible that the contiguous United States will experience a shift towards drier conditions, potentially exacerbating drought conditions in regions that are currently dry.;In the short term (next 1-4 weeks), it is likely that the contiguous United States will continue to experience above-average precipitation in the northern and eastern regions, potentially alleviating drought conditions.",search,2021-08-02,2021-08-08,1,31
20210810,Total,49.69,50.31,39.98,32.65,22.11,7.57,2021-08-10,2021-08-16,1,2021-08-10,2021-08-10,2021-08-16,"The contiguous United States experienced significantly above-normal precipitation in August 2021, particularly in the southern and eastern regions.","In the long term, the IPCC report suggests that heavy precipitation events are likely to increase in frequency and intensity over North America, including the contiguous US.;In the short term, it is likely that the southern and eastern contiguous US will continue to experience above-normal precipitation, while the western US may see relatively low precipitation.",search,2021-08-09,2021-08-15,1,31
20210817,Total,49.65,50.35,40.28,32.17,22.39,7.71,2021-08-17,2021-08-23,1,2021-08-17,2021-08-17,2021-08-23,"The contiguous United States is experiencing drought conditions, with around 40% of the area affected as of August 10, 2021.",The development of skillful all-season S2S prediction of U.S. precipitation can improve long-term predictions (next few months) of monthly contiguous U.S. precipitation.;Above-normal precipitation is expected in the Southeast to Mid-Atlantic states in the short term (next 1-4 weeks).,search,2021-08-16,2021-08-22,1,31
20210824,Total,51.34,48.66,39.62,31.81,21.43,6.99,2021-08-24,2021-08-30,1,2021-08-24,2021-08-24,2021-08-30,"The contiguous United States is experiencing drought conditions, with 47% of the land mass affected, according to the U.S. Drought Monitor Update for August 24, 2021.","In the long-term, the trend of increasing extreme rainfall events and droughts in the contiguous United States may continue, particularly in the Western region.;In the short-term, it is likely that the drought conditions in the Plains and Upper Midwest will continue to worsen, while the Western region may experience more extreme rainfall events.",search,2021-08-23,2021-08-29,1,31
20210831,Total,53.47,46.53,39.03,30.61,20.47,6.62,2021-08-31,2021-09-06,1,2021-08-31,2021-08-31,2021-09-06,"The August precipitation total for the contiguous U.S. was 3.09 inches, 0.47 inch above average, ranking 14th wettest in the 127-year period of record.","In the long term, the contiguous U.S. may experience increased temperatures and altered precipitation patterns due to climate change, leading to more extreme weather events.;Based on the current trend, it is likely that the contiguous U.S. will experience above-average precipitation in the next 1-4 weeks, particularly in the eastern regions.",search,2021-08-30,2021-09-05,1,31
20210907,Total,54.02,45.98,38.19,29.86,20.04,6.36,2021-09-07,2021-09-13,1,2021-09-07,2021-09-07,2021-09-13,"The contiguous U.S. experienced above-average rainfall in some parts of the West during August 2021, while summer (June-August) temperatures were record-high.","In the long-term, it is possible that the contiguous U.S. will continue to experience more frequent and intense heatwaves and droughts, with varying precipitation patterns across different regions.;In the short-term, it is likely that the northwestern and northeastern contiguous U.S. will continue to experience above-average precipitation, while the southwestern portion may remain dry.",search,2021-09-06,2021-09-12,1,31
20210914,Total,51.01,48.99,38.19,29.85,19.87,6.29,2021-09-14,2021-09-20,1,2021-09-14,2021-09-14,2021-09-20,"The contiguous United States experienced record-warm temperatures in the summer of 2021, with 18.4% of the area experiencing record-warm temperatures.","In the long-term, the trend of increasing extreme precipitation events in the Northeastern United States could continue, potentially leading to more frequent and severe weather events in the region.;In the short-term, it is likely that the contiguous United States will continue to experience above-average precipitation in many states, potentially leading to extreme precipitation events.",search,2021-09-13,2021-09-19,1,31
20210921,Total,49.0,51.0,38.98,29.59,19.0,6.03,2021-09-21,2021-09-27,1,2021-09-21,2021-09-21,2021-09-27,"The contiguous United States experienced a hot summer in 2021, with August 2021 being the hottest summer on record.","As the literature suggests, warm-season precipitation in the Midwestern United States can be predicted using various indices, which could help in making long-term predictions about Monthly Contiguous U.S. Precipitation. However, more information is needed to make specific predictions.;Based on the current drought conditions and the hot summer, it is likely that the next 1-4 weeks will see below-average precipitation in the contiguous United States.",search,2021-09-20,2021-09-26,1,31
20210928,Total,47.51,52.49,40.05,30.61,19.32,6.07,2021-09-28,2021-10-04,1,2021-09-28,2021-09-28,2021-10-04,The September precipitation total for the contiguous U.S. was average to below average from the Aleutians to the Northeast Gulf and above average across much of the remaining portions of the state.,"Long-term predictions are uncertain, but it's likely that the contiguous U.S. will continue to experience varying precipitation patterns, leading to drought and flood events in different regions. Note: The information provided is limited, and more data would be needed to make more accurate predictions.;Short-term predictions suggest a chance of above-normal precipitation in the Northeast in October, which could alleviate drought conditions in the region.",search,2021-09-27,2021-10-03,1,31
20211005,Total,47.75,52.25,39.72,30.5,19.3,5.91,2021-10-05,2021-10-11,1,2021-10-05,2021-10-05,2021-10-11,"The contiguous United States experienced significantly above-average precipitation in October 2021, with most of the eastern states receiving above-average precipitation.","The long-term climate patterns suggest that the contiguous United States will continue to experience a mix of wet and dry conditions, with regional climate patterns playing a significant role in shaping monthly precipitation.;Based on the current climate patterns, it is likely that the eastern states will continue to experience above-average precipitation in the short term (next 1-4 weeks), while the western states may remain dry.",search,2021-10-04,2021-10-10,1,31
20211012,Total,47.61,52.39,39.61,29.53,18.58,5.86,2021-10-12,2021-10-18,1,2021-10-12,2021-10-12,2021-10-18,"The contiguous U.S. has historical temperature, precipitation, and Palmer drought data from 1895 to present for climate divisions, states, and regions.","In the long term, climate projections suggest that the contiguous U.S. may experience more frequent and intense precipitation events, as well as increased temperatures.;In the short term, the contiguous U.S. may experience continued warm and dry conditions, with potential for drought in certain regions.",search,2021-10-11,2021-10-17,1,31
20211019,Total,48.34,51.66,38.88,28.14,17.36,5.58,2021-10-19,2021-10-25,1,2021-10-19,2021-10-19,2021-10-25,The October precipitation total for the contiguous U.S. was reported.,"The 2021-22 Winter Outlook predicts a drier and warmer South, and a wetter North, with half of the contiguous United States expected to receive above-average precipitation.;In the short-term, near-average precipitation is predicted for the remainder of the U.S. between December and February, which may not provide relief for drought-stricken areas.",search,2021-10-18,2021-10-24,1,31
20211026,Total,46.23,53.77,39.62,28.29,15.95,5.04,2021-10-26,2021-11-01,1,2021-10-26,2021-10-26,2021-11-01,"A series of strong Pacific weather systems moved across the contiguous United States, spreading precipitation across Wyoming.","In the long-term, climate change may lead to increased flood risk and more extreme rainfall events in the contiguous United States, potentially impacting precipitation patterns.;In the short-term, it is likely that the contiguous United States will continue to experience precipitation, potentially leading to further drought relief.",search,2021-10-25,2021-10-31,1,31
20211102,Total,47.41,52.59,40.01,27.55,15.03,4.8,2021-11-02,2021-11-08,1,2021-11-02,2021-11-02,2021-11-08,"The average precipitation numbers for West Glacier, Montana, which sits at around 3,200 feet (975 m) in elevation, are available.","In the long-term, climate change is likely to continue to impact precipitation patterns in the contiguous United States, with potential increases in extreme precipitation events and changes in snowpack and snowmelt runoff timing.;In the short-term, it is likely that precipitation patterns will continue to vary by region, with some areas experiencing above-normal precipitation and others experiencing normal or below-normal precipitation.",search,2021-11-01,2021-11-07,1,31
20211109,Total,47.24,52.76,40.25,27.27,14.81,4.56,2021-11-09,2021-11-15,1,2021-11-09,2021-11-09,2021-11-15,October 2021 was the ninth-wettest and sixth-warmest on record for the contiguous United States.,"In the long-term future (next few months), climate change is expected to continue to impact precipitation patterns in the contiguous United States, leading to more extreme wet and dry events.;In the short-term future (next 1-4 weeks), it is likely that some areas of the contiguous United States will continue to experience above-normal precipitation, potentially leading to flooding and other weather-related issues.",search,2021-11-08,2021-11-14,1,31
20211116,Total,46.77,53.23,40.87,27.22,14.36,4.46,2021-11-16,2021-11-22,1,2021-11-16,2021-11-16,2021-11-22,"In November 2021, most of the contiguous United States had some precipitation but ended up drier than normal.","In the long term, it is possible that climate change will impact precipitation patterns in the contiguous United States, leading to more extreme weather events and changes in drought patterns.;In the short term, it is likely that the southeast region will continue to receive more precipitation than other parts of the contiguous United States.",search,2021-11-15,2021-11-21,1,31
20211123,Total,45.03,54.97,42.32,27.62,14.42,4.45,2021-11-23,2021-11-29,1,2021-11-23,2021-11-23,2021-11-29,"The contiguous United States has varying levels of precipitation, with the western region receiving more precipitation than other areas.","In the long-term, changes in climate patterns, such as the North American Monsoon, may impact precipitation patterns in the contiguous United States, leading to potential changes in regional precipitation levels.;In the short-term, precipitation patterns in the contiguous United States are likely to be influenced by the North American Monsoon, leading to increased precipitation in the southwestern region.",search,2021-11-22,2021-11-28,1,31
20211130,Total,42.07,57.93,44.76,29.38,14.86,4.45,2021-11-30,2021-12-06,1,2021-11-30,2021-11-30,2021-12-06,"Historical temperature, precipitation, and Palmer drought data from 1895 to present for climate divisions, states, and regions in the contiguous U.S. are available.","In the long-term, the trend of varying precipitation patterns across the contiguous U.S. is likely to continue, with some areas experiencing more extreme drought or wet conditions.;In the short-term, it is likely that the Pacific Northwest will experience wetter-than-average conditions, while the Southwest will experience drier-than-average conditions.",search,2021-11-29,2021-12-05,1,31
20211207,Total,39.59,60.41,46.53,31.05,14.92,4.16,2021-12-07,2021-12-13,1,2021-12-07,2021-12-07,2021-12-13,"The contiguous United States experienced dry conditions in November 2021, with Alabama and North Carolina ranking fifth driest for the month, and 11 additional states experiencing drought.","With the available data, it is difficult to make long-term predictions, but it is possible that the drought conditions may persist or worsen in the coming months if precipitation remains below average.;Based on the current dry conditions, it is likely that the contiguous United States will continue to experience below-average precipitation in the short-term future (next 1-4 weeks).",search,2021-12-06,2021-12-12,1,31
20211214,Total,38.04,61.96,46.15,30.66,14.83,3.81,2021-12-14,2021-12-20,1,2021-12-14,2021-12-14,2021-12-20,"The Vegetation Drought Response Index (VegDRI) provides a weekly depiction of vegetation stress across the contiguous United States, with a period of record from 2009.","Long-term predictions (next few months) of precipitation patterns over the contiguous United States can be made by analyzing trends in climate change and seasonality, such as the potential for more winter precipitation to fall as rain rather than snow. Note: There is limited information available in the provided search results to make specific predictions about Monthly Contiguous U.S. Precipitation. The above summary is based on the available information and provides a general overview of the situation.;Based on the evaluation of S2S precipitation forecasts, it is possible to make short-term predictions (next 1-4 weeks) of precipitation patterns over the contiguous United States.",search,2021-12-13,2021-12-19,1,31
20211221,Total,39.37,60.63,46.17,30.67,14.68,3.07,2021-12-21,2021-12-27,1,2021-12-21,2021-12-21,2021-12-27,"The contiguous United States (CONUS) has been studied for its precipitation patterns, with a focus on flooding mechanisms, soil moisture influence, and drought predictions.","In the long-term, projected changes to spring and summer precipitation in the Midwest may lead to increased flooding vulnerabilities, while snowmelt could decrease over the continental U.S. and southern Canada, resulting in larger flooding vulnerabilities.;In the short-term, it is likely that the CONUS will continue to experience varying precipitation patterns, with some areas receiving above-average precipitation and others experiencing drought conditions.",search,2021-12-20,2021-12-26,1,31
20211228,Total,38.5,61.5,46.23,30.3,11.7,1.59,2021-12-28,2022-01-03,1,2021-12-28,2021-12-28,2022-01-03,"Historical temperature, precipitation, and Palmer drought data from 1895 to present for climate divisions, states, and regions in the contiguous U.S. are available.","In the long-term, it is possible that the contiguous U.S. will experience more extreme precipitation events, as suggested by the study on divergent responses of maize yield to precipitation.;Based on the available data, it is likely that precipitation patterns will continue to vary across the contiguous U.S. over the next 1-4 weeks, with some areas experiencing above-normal precipitation and others experiencing drought.",search,2021-12-27,2022-01-02,1,31
20220104,Total,39.91,60.09,45.82,29.35,10.33,1.3,2022-01-04,2022-01-10,1,2022-01-04,2022-01-04,2022-01-10,"The annual precipitation total for the contiguous U.S. in 2021 was 30.48 inches, 0.54 inch above average, ranking in the middle third of the historical record.","For the next few months, it is possible that the contiguous U.S. will experience a mix of wet and dry conditions, with some regions experiencing drought and others receiving above-average precipitation.;Based on the current trends, it is likely that the next 1-4 weeks will see continued precipitation across the contiguous U.S., with some areas receiving above-average rainfall.",search,2022-01-03,2022-01-09,1,31
20220111,Total,39.92,60.08,45.96,29.53,9.6,1.03,2022-01-11,2022-01-17,1,2022-01-11,2022-01-11,2022-01-17,"The contiguous U.S. average annual precipitation was 30.48 inches in 2021, which is 0.54 inches above the long-term average.","In the long term, the southwestern US can expect increased precipitation, while other regions may experience more extreme weather events, such as heavy precipitation and droughts.;In the short term, it is likely that the contiguous US will continue to experience above-average precipitation, with potential for heavy precipitation events in certain regions.",search,2022-01-10,2022-01-16,1,31
20220118,Total,40.65,59.35,46.06,30.08,9.43,1.0,2022-01-18,2022-01-24,1,2022-01-18,2022-01-18,2022-01-24,"The contiguous United States has shown a warming trend, with temperatures rising by 0.6°F in Kentucky and an average increase of 1.2°F across the country since the beginning of the 20th century.","In the long term, the contiguous United States can expect to experience more frequent and intense heatwaves, droughts, and heavy precipitation events, leading to increased climate-related risks and challenges.;Based on the current trends, it is likely that the next 1-4 weeks will continue to experience above-average temperatures in the contiguous United States, with potential for increased precipitation in the southwestern region.",search,2022-01-17,2022-01-23,1,31
20220125,Total,40.59,59.41,46.14,30.4,10.2,1.1,2022-01-25,2022-01-31,1,2022-01-25,2022-01-25,2022-01-31,"Objective facts about the Monthly Contiguous U.S. Precipitation situation: Monthly precipitation amounts were mostly below normal, with only a few areas receiving above-normal totals.","Long-term predictions (next 4-12 months): The Palmer Drought Index suggests that moderate to extreme drought is likely to persist in the West and Great Plains, with some areas experiencing prolonged periods of drought. The SPI and SPEI indices also indicate that dryness is likely to continue in these regions. Here is the filtered and summarized information:;Short-term predictions (next 1-3 months): Based on the current drought and precipitation patterns, it is likely that drought conditions will continue to worsen in the West, Great Plains, and Midwest, with above-normal temperatures and below-normal precipitation expected in these regions.",report,2022-01-01,2022-01-31,0,31
20220201,Total,39.41,60.59,46.33,30.52,10.21,1.12,2022-02-01,2022-02-07,1,2022-02-01,2022-02-01,2022-02-07,"Historical temperature, precipitation, and Palmer drought data from 1895 to present for climate divisions, states, and regions in the contiguous U.S. are available.","The long-term precipitation pattern in the contiguous U.S. may be influenced by climate variability modes, leading to non-uniform changes in different daily precipitation events.;Drier-than-average conditions are expected in the western U.S. in the next 1-4 weeks, while some precipitation is expected along the southeastern coast.",search,2022-01-31,2022-02-06,1,31
20220208,Total,40.34,59.66,46.5,29.58,9.46,1.12,2022-02-08,2022-02-14,1,2022-02-08,2022-02-08,2022-02-14,"The contiguous United States experienced its 14th driest January on record in 2022, with precipitation at about 70% of average.","In the long term, climate projections suggest that Minnesota and other parts of the contiguous United States may experience changes in precipitation patterns, with potential increases in warm-season precipitation.;In the short term, it is likely that the contiguous United States will continue to experience below-average precipitation, potentially exacerbating drought conditions.",search,2022-02-07,2022-02-13,1,31
20220215,Total,39.18,60.82,47.81,30.37,9.9,1.04,2022-02-15,2022-02-21,1,2022-02-15,2022-02-15,2022-02-21,The national maps showing the change in annual and seasonal precipitation across the contiguous United States were created using the Climate Information System.,"For the next few months, the precipitation outlook suggests that the contiguous US will experience a mix of wet and dry conditions, with no clear trend or pattern emerging.;For the next 1-4 weeks, it is predicted that only parts of the Midwest, northern Rockies, and Pacific Northwest will experience above-average precipitation, while the rest of the contiguous US will be drier than average.",search,2022-02-14,2022-02-20,1,31
20220222,Total,38.52,61.48,48.19,30.32,10.17,1.03,2022-02-22,2022-02-28,1,2022-02-22,2022-02-22,2022-02-28,"Objective facts about the Monthly Contiguous U.S. Precipitation situation: About 34% of the contiguous United States was affected by severe to extreme drought as of the end of February 2022, an increase of about 6% from last month. About 52% of the contiguous U.S. fell in the moderate to extreme drought categories (based on the Palmer Drought Index) at the end of February. According to the weekly U.S. Drought Monitor (USDM), as of March 1, 2022, 59.17% of the contiguous U.S. was classified as experiencing moderate to exceptional (D1-D4) drought.","Long-term predictions: For the next 4-12 months, the drought situation is expected to persist, with the West and central Plains continuing to experience moderate to extreme drought. Wetter-than-normal conditions are expected to continue in the East, with the possibility of some relief from drought in the western Great Lakes. Here is the filtered information useful for making predictions about Monthly Contiguous U.S. Precipitation:;Short-term predictions: For the next 1-3 months, the drought situation is expected to continue, with expansion and intensification of drought in parts of the West, central Plains, and western Great Lakes. Wetter-than-normal conditions are expected to continue in the East, with the Gulf of Mexico to Mid-Atlantic coasts being mostly drier than normal.",report,2022-02-01,2022-02-28,0,31
20220301,Total,38.38,61.62,49.58,33.4,11.12,0.98,2022-03-01,2022-03-07,1,2022-03-01,2022-03-01,2022-03-07,"The March 2022 U.S. climate outlook favors a wet month for the Great Plains and the Northwest regions, with above-normal precipitation amounts likely.","The long-term future predictions suggest that the contiguous U.S. will continue to experience above-normal precipitation amounts, particularly in the spring season, with the National Weather Service's long-lead temperature and precipitation outlooks indicating above-normal conditions.;Based on the current climate outlook, it is likely that the contiguous U.S. will experience above-normal precipitation amounts in the next 1-4 weeks, particularly in the Great Plains and Northwest regions.",search,2022-02-28,2022-03-06,1,31
20220308,Total,37.05,62.95,51.19,34.95,12.49,1.7,2022-03-08,2022-03-14,1,2022-03-08,2022-03-08,2022-03-14,"The total precipitation for the contiguous United States in February 2022 was 1.73 inches, 0.40 inch below average, and ranked in the driest third of the historical period of record.","The Spring 2022 Weather Outlook suggests that the western United States may experience above-average precipitation from March to May 2022, which could lead to a shift in the overall precipitation pattern in the contiguous United States.;Based on the current trend, it is likely that the contiguous United States will continue to experience below-average precipitation in the short term (next 1-4 weeks).",search,2022-03-07,2022-03-13,1,31
20220315,Total,37.76,62.24,51.09,35.48,14.24,1.74,2022-03-15,2022-03-21,1,2022-03-15,2022-03-15,2022-03-21,"The contiguous United States (CONUS) has experienced changes in precipitation characteristics, including frequency and magnitude of precipitation events, in the past.","In the next few months, temperature and precipitation are projected to change heterogeneously across the United States, leading to varying precipitation patterns across different regions.;In the next 1-4 weeks, drought expansion is expected in some areas, while others may experience wetter conditions, following the U.S. Spring Outlook 2022.",search,2022-03-14,2022-03-20,1,31
20220322,Total,39.74,60.26,48.83,34.15,13.82,1.47,2022-03-22,2022-03-28,1,2022-03-22,2022-03-22,2022-03-28,"Drought or abnormal dryness contracted in parts of the Pacific Northwest, Great Plains, and Gulf Coast states to the Carolinas where precipitation was above average in March 2022.","As the climate continues to change, it is possible that extreme precipitation events will become more frequent in the contiguous U.S., leading to increased flood risk and other impacts.;Based on the current trends, it is likely that precipitation will continue to be above average in the Pacific Northwest, Great Plains, and Gulf Coast states to the Carolinas in the short term (next 1-4 weeks).",search,2022-03-21,2022-03-27,1,31
20220329,Total,41.7,58.3,48.57,34.54,14.33,1.55,2022-03-29,2022-04-04,1,2022-03-29,2022-03-29,2022-04-04,"Historical temperature, precipitation, and Palmer drought data from 1895 to present are available for climate divisions, states, and regions in the contiguous U.S.","Long-term predictions are difficult to make with certainty, but historical data and climate trends suggest that extreme precipitation changes may impact flood engineering design across the contiguous United States.;Based on the April 2022 U.S. Climate Outlook, warmth is favored for the southern U.S., which may impact precipitation patterns in the short term.",search,2022-03-28,2022-04-03,1,31
20220405,Total,41.92,58.08,48.01,36.16,14.63,1.78,2022-04-05,2022-04-11,1,2022-04-05,2022-04-05,2022-04-11,"The contiguous United States experienced record drought across the West in March 2022, with several regions receiving less than 100% of their average precipitation.","In the long-term, climate simulations suggest that the contiguous US can expect increases in extreme precipitation amounts, although the exact timing and location of these events are uncertain.;In the short-term, it is likely that the drought conditions will persist, with potential for some relief in certain regions due to significant weather systems moving across the country.",search,2022-04-04,2022-04-10,1,31
20220412,Total,43.47,56.53,47.52,36.17,16.19,2.16,2022-04-12,2022-04-18,1,2022-04-12,2022-04-12,2022-04-18,"The average precipitation in the contiguous U.S. in March was 2.26 inches, which is 0.25 inches below average, ranking in the driest third of the climate record.","The influence of ENSO on intraseasonal extreme rainfall and temperature frequencies in the contiguous United States may lead to increased precipitation variability in the long-term future.;There is a possibility of continued dry conditions in the short-term future, potentially leading to further drought development.",search,2022-04-11,2022-04-17,1,31
20220419,Total,44.84,55.16,46.35,35.96,16.91,2.36,2022-04-19,2022-04-25,1,2022-04-19,2022-04-19,2022-04-25,"The contiguous United States is expected to experience average sea level rise, and warming is expected to occur at higher rates in this region.","In the long-term, the contiguous US may experience continued extreme rainfall events and increased temperatures, leading to more frequent flooding and droughts.;In the short-term, there may be moderate levels of precipitation in the northern states, such as the Dakotas, Minnesota, and New Jersey.",search,2022-04-18,2022-04-24,1,31
20220426,Total,45.79,54.21,45.37,35.37,16.49,2.97,2022-04-26,2022-05-02,1,2022-04-26,2022-04-26,2022-05-02,"The contiguous United States had several states with above-average precipitation in April 2022, particularly in the northern and southeastern regions.","In the next few months, the contiguous U.S. may experience a continuation of the current precipitation patterns, with the North American Monsoon bringing rainfall to the southwest region.;Based on the current trends, it is likely that the contiguous U.S. will experience above-average precipitation in the next 1-4 weeks, particularly in the northern and southeastern regions.",search,2022-04-25,2022-05-01,1,31
20220503,Total,45.95,54.05,45.01,33.86,15.48,3.48,2022-05-03,2022-05-09,1,2022-05-03,2022-05-03,2022-05-09,"For April 2022, contiguous U.S. precipitation was 2.58 inches, 0.06 inch above average, ranking in the middle third of the historical record.","As the summer months approach, it is possible that the contiguous U.S. may experience more extreme precipitation events, particularly in regions prone to heavy rainfall.;Based on the recent patterns, it is likely that the contiguous U.S. will continue to experience varying precipitation patterns over the next 1-4 weeks, with some regions receiving above-average precipitation while others receive below-average precipitation.",search,2022-05-02,2022-05-08,1,31
20220510,Total,48.19,51.81,44.38,33.25,16.69,3.57,2022-05-10,2022-05-16,1,2022-05-10,2022-05-10,2022-05-16,"In April 2022, precipitation across the contiguous United States was below average, with some regions receiving more precipitation than others.","In the long-term future (next few months), it is possible that climate change will continue to impact precipitation patterns in the contiguous United States, with some regions experiencing more frequent and intense precipitation events.;In the short-term future (next 1-4 weeks), it is likely that precipitation patterns will continue to be influenced by climate variability, with some regions experiencing above-average precipitation and others experiencing below-average precipitation.",search,2022-05-09,2022-05-15,1,31
20220517,Total,46.57,53.43,43.98,33.38,18.07,4.82,2022-05-17,2022-05-23,1,2022-05-17,2022-05-17,2022-05-23,"The contiguous United States is expected to experience above-average temperatures in the summer, with little to no precipitation in the southern states.","In the long-term, the upward trends in extreme precipitation metrics over the northeastern quadrant of the US may continue, leading to more frequent and intense precipitation events in this region.;In the short-term, it is likely that the southern states will continue to experience little to no precipitation, while areas in the north and west may receive more rainfall.",search,2022-05-16,2022-05-22,1,31
20220524,Total,46.62,53.38,42.41,32.74,17.5,4.98,2022-05-24,2022-05-30,1,2022-05-24,2022-05-24,2022-05-30,"The contiguous United States has experienced a lack of precipitation, leading to drought conditions in some areas.","In the long-term, the predictability of winter precipitation in the contiguous United States may be improved by using sea surface temperature-derived indices, which could help forecasters anticipate and prepare for potential drought conditions.;In the short-term, it is likely that drought conditions will continue to affect some areas of the contiguous United States, with potential hotspots of predictability in certain regions.",search,2022-05-23,2022-05-29,1,31
20220531,Total,48.43,51.57,41.42,30.93,16.83,4.61,2022-05-31,2022-06-06,1,2022-05-31,2022-05-31,2022-06-06,"The snow to liquid ratio across the contiguous United States averages 13:1, meaning 13 inches of snow melts down to 1 inch of water.","In the long-term future (next few months), it is possible that the hydrological cycle will be intensified, leading to enhanced rainfall in high-latitudes, and potentially persistent drought in certain regions of the contiguous United States.;Based on the available information, it is likely that precipitation patterns in the short-term future (next 1-4 weeks) will be influenced by ENSO and other climate factors, leading to varied precipitation outcomes across the contiguous United States.",search,2022-05-30,2022-06-05,1,31
20220607,Total,45.1,54.9,40.1,28.74,16.4,4.54,2022-06-07,2022-06-13,1,2022-06-07,2022-06-07,2022-06-13,"The average temperature of the contiguous U.S. in May 2022 was below average, with precipitation below average across much of the remainder of the country.","Long-term predictions are uncertain, but studies suggest that the contiguous U.S. may experience changes in precipitation extremes due to climate change.;Based on the current trend, it is likely that the contiguous U.S. will continue to experience below-average precipitation in the short term (next 1-4 weeks).",search,2022-06-06,2022-06-12,1,31
20220614,Total,44.8,55.2,39.23,27.41,16.41,4.67,2022-06-14,2022-06-20,1,2022-06-14,2022-06-14,2022-06-20,"The contiguous United States experiences strong spatiotemporal variability in precipitation and flooding, mainly controlled by precipitation patterns.","In the long-term, climate projections suggest that the contiguous United States will experience changes in precipitation patterns, with potential increases in extreme events such as floods and droughts, which can have significant impacts on ecosystems and human societies.;In the short-term, it is likely that precipitation patterns will continue to exhibit strong variability, with potential for extreme events such as heavy rainfall or droughts in specific regions.",search,2022-06-13,2022-06-19,1,31
20220621,Total,40.18,59.82,39.84,27.5,15.99,4.69,2022-06-21,2022-06-27,1,2022-06-21,2022-06-21,2022-06-27,Significantly above-average precipitation occurred across parts of western contiguous U.S. in June 2022.,"In the long term, the effects of ENSO may influence precipitation patterns in the contiguous U.S., potentially leading to more significant drought or wet conditions in certain regions.;In the short term, it's likely that the western contiguous U.S. will continue to experience above-average precipitation, while the southern U.S. Great Plains and eastern states may remain dry.",search,2022-06-20,2022-06-26,1,31
20220628,Total,34.97,65.03,42.53,27.6,14.68,3.23,2022-06-28,2022-07-04,1,2022-06-28,2022-06-28,2022-07-04,The contiguous United States receives an average of 30 inches of precipitation.,"In the next few months, the summer warm biases over the central United States may persist, leading to above-average temperatures and potentially below-average precipitation.;In the next 1-4 weeks, it is likely that the southern states will experience hot and dry conditions, leading to below-average precipitation.",search,2022-06-27,2022-07-03,1,31
20220705,Total,33.92,66.08,44.3,27.57,14.74,3.22,2022-07-05,2022-07-11,1,2022-07-05,2022-07-05,2022-07-11,"June precipitation for the contiguous U.S. was 2.33 inches, 0.60 inch below average, tying with 1930 for 12th driest in the historical record.","As climate models suggest an increase in precipitation extremes in the future, it is possible that the contiguous U.S. will experience more frequent and intense precipitation events in the long term (next few months).;Based on the current dry trend, it is likely that the contiguous U.S. will experience below-average precipitation in the short term (next 1-4 weeks).",search,2022-07-04,2022-07-10,1,31
20220712,Total,35.33,64.67,44.98,27.19,14.38,3.9,2022-07-12,2022-07-18,1,2022-07-12,2022-07-12,2022-07-18,"The contiguous United States received less than 100 percent of their average June precipitation, with some areas experiencing below-average precipitation.","In the long-term, the dry and hot conditions may persist, leading to a prolonged drought and increased risk of wildfires, especially in areas with below-average precipitation. Note: The information provided is limited to the given search results, and the predictions made are based on the analysis of those results.;In the short-term, it is likely that the dry and hot conditions will continue, with an increased risk of drought and wildfires.",search,2022-07-11,2022-07-17,1,31
20220719,Total,36.68,63.32,44.57,30.11,15.08,3.77,2022-07-19,2022-07-25,1,2022-07-19,2022-07-19,2022-07-25,"The contiguous United States experiences extreme precipitation events, with a database and climatology available from NCEI (2008).","In the long-term, the use of datasets and systems such as those mentioned above may improve the accuracy of precipitation predictions over the contiguous United States, allowing for better drought monitoring and management.;In the short-term, precipitation patterns in the contiguous United States may be influenced by the continued migration of Pacific weather systems and the development of the North American Monsoon.",search,2022-07-18,2022-07-24,1,31
20220726,Total,39.59,60.41,43.61,31.0,16.39,3.71,2022-07-26,2022-08-01,1,2022-07-26,2022-07-26,2022-08-01,The average temperature of the contiguous U.S. in July 2022 was above average. Much of the state received average to above-average precipitation.,"In the long-term, the trend towards more extreme weather events may continue, with potential increases in temperature and precipitation variability across the contiguous United States.;In the short-term, the Southwest Monsoon is expected to bring above-average precipitation to the region, while the Northeast may experience dry conditions.",search,2022-07-25,2022-07-31,1,31
20220802,Total,43.25,56.75,43.16,30.97,15.85,3.74,2022-08-02,2022-08-08,1,2022-08-02,2022-08-02,2022-08-08,The maximum 3-hr precipitation accumulation from 1979 to 2020 for each grid in the continental United States (CONUS) has a specific spatial distribution.,"In the long-term, the ongoing drought conditions may persist or even worsen, especially if the current weather patterns continue, leading to potential water scarcity issues and agricultural impacts.;In the short-term, it is likely that the mixed precipitation pattern will continue, with some areas experiencing heavy rainfall events, while others remain dry.",search,2022-08-01,2022-08-07,1,31
20220809,Total,44.53,55.47,41.97,30.32,15.56,3.6,2022-08-09,2022-08-15,1,2022-08-09,2022-08-09,2022-08-15,August 2022 was the third-warmest summer on record for the contiguous United States.,"In the next few months, the contiguous United States may experience more frequent and severe extreme precipitation events due to climate change.;In the next 1-4 weeks, it is likely that the western coast of the contiguous U.S. will continue to experience below-average precipitation, while other areas may see above-average precipitation.",search,2022-08-08,2022-08-14,1,31
20220816,Total,43.68,56.32,41.23,29.13,14.47,3.26,2022-08-16,2022-08-22,1,2022-08-16,2022-08-16,2022-08-22,"On longer timescales, observations indicate contiguous U.S. winter precipitation has increased over the last century.","Based on the observed increase in winter precipitation over the last century, it is possible that Monthly Contiguous U.S. Precipitation will continue to be higher than average in the coming months.;NA",search,2022-08-15,2022-08-21,1,31
20220823,Total,45.67,54.33,39.33,27.42,12.31,2.17,2022-08-23,2022-08-29,1,2022-08-23,2022-08-23,2022-08-29,"The contiguous United States has experienced annual temperature anomalies from 1901-2021, with varying patterns of precipitation.","In the long-term, climate change may lead to more frequent and intense precipitation events in the contiguous United States, potentially resulting in more extreme weather patterns.;In the short-term, it is likely that some parts of the contiguous United States will experience above-normal precipitation, while others may experience drought conditions, depending on the prevailing teleconnection patterns.",search,2022-08-22,2022-08-28,1,31
20220830,Total,45.63,54.37,38.23,25.72,10.91,1.68,2022-08-30,2022-09-05,1,2022-08-30,2022-08-30,2022-09-05,"The contiguous United States experienced record-breaking temperature, precipitation, and drought in August 2022.","In the long term (next few months), the precipitation pattern may continue to exhibit regional variability, with potential for drought conditions to persist or expand in certain areas.;In the short term (next 1-4 weeks), precipitation is expected to be below normal in the north and above normal in the south, with ongoing drought conditions in the Midwest and Northeast.",search,2022-08-29,2022-09-04,1,31
20220906,Total,46.46,53.54,36.96,24.24,9.55,1.45,2022-09-06,2022-09-12,1,2022-09-06,2022-09-06,2022-09-12,"August precipitation for the contiguous U.S. was 3.04 inches, 0.42 inch above average, ranking in the wettest third of the historical record.","As the summer season comes to an end, it is possible that the precipitation patterns will shift, leading to more normal or below-average precipitation in the long term (next few months).;Based on the current trend, it is likely that the contiguous U.S. will continue to experience above-average precipitation in the short term (next 1-4 weeks).",search,2022-09-05,2022-09-11,1,31
20220913,Total,44.36,55.64,37.91,24.45,9.35,1.48,2022-09-13,2022-09-19,1,2022-09-13,2022-09-13,2022-09-19,Above-average precipitation was observed in the southeastern contiguous U.S. in September 2022.,"In the long-term, climate models suggest that the contiguous U.S. will experience increased precipitation due to climate change, which could lead to changes in surface water supply stress and drought patterns.;In the short-term, it is likely that the southeastern contiguous U.S. will continue to experience above-average precipitation, potentially leading to increased surface water supply.",search,2022-09-12,2022-09-18,1,31
20220920,Total,42.08,57.92,41.02,24.93,9.77,1.87,2022-09-20,2022-09-26,1,2022-09-20,2022-09-20,2022-09-26,"Summer 2022 was characterized by above-average temperatures for most of the Lower 48 states, with 64% of the contiguous U.S. experiencing warmer-than-average temperatures.","In the next few months, precipitation patterns may shift as the seasons change, potentially bringing more precipitation to areas that are currently experiencing drought.;In the next 1-4 weeks, precipitation patterns may be influenced by the ongoing drought conditions and above-average temperatures, potentially leading to below-average precipitation in some areas.",search,2022-09-19,2022-09-25,1,31
20220927,Total,36.92,63.08,42.65,25.36,10.45,2.14,2022-09-27,2022-10-03,1,2022-09-27,2022-09-27,2022-10-03,The contiguous United States has new nClimGrid products that provide gridded fields with area averages of daily temperature and precipitation amounts.,"With the focus on understanding regional trends and variability, it is likely that long-term predictions for precipitation patterns in the contiguous United States will become more accurate and reliable.;Based on the October 2022 U.S. Climate Outlook, it is likely that the contiguous United States will experience wetter-than-normal conditions in the short-term future (next 1-4 weeks).",search,2022-09-26,2022-10-02,1,31
20221004,Total,35.17,64.83,44.04,27.15,11.45,2.24,2022-10-04,2022-10-10,1,2022-10-04,2022-10-04,2022-10-10,"As of October 2022, around half of the contiguous U.S. was in drought, according to NOAA/NWS.","As winter approaches, the risk of winter runoff events and nutrient pollution may increase, potentially affecting monthly precipitation patterns in the contiguous U.S. Note: There is limited information available to make more specific predictions about monthly contiguous U.S. precipitation.;Based on the current drought conditions, it is likely that precipitation will be below average in the short term (next 1-4 weeks) in areas that are currently experiencing drought.",search,2022-10-03,2022-10-09,1,31
20221011,Total,31.52,68.48,46.43,27.71,12.11,2.47,2022-10-11,2022-10-17,1,2022-10-11,2022-10-11,2022-10-17,Precipitation across the contiguous United States in September 2022 was above average in some areas and below average in others.,"The long-term trend suggests that winter rain is increasing exponentially across the contiguous United States, which may lead to increased risk of nutrient pollution in certain areas.;Based on the recent trends, it is likely that some areas in the contiguous United States will experience above-average precipitation in the next 1-4 weeks, while others may experience below-average precipitation.",search,2022-10-10,2022-10-16,1,31
20221018,Total,31.14,68.86,49.71,28.82,12.27,2.55,2022-10-18,2022-10-24,1,2022-10-18,2022-10-18,2022-10-24,"The contiguous United States is experiencing drought conditions, with about 82% of the area showing conditions between abnormally dry and exceptional drought.","Summer rainfall is projected to decrease in southern Florida and western states, with a potential impact on the contiguous United States' water resources and ecosystems.;In the short-term, the southern U.S. may experience severe weather threats and extreme temperatures, with heavy rain predicted in some areas.",search,2022-10-17,2022-10-23,1,31
20221025,Total,29.28,70.72,52.7,30.17,12.22,2.39,2022-10-25,2022-10-31,1,2022-10-25,2022-10-25,2022-10-31,"October 2022 was the 22nd driest and 29th warmest October, nationally, in the 1895-2022 record.","In the long term, the pattern of drought and abnormal dryness may continue, especially in the West and Great Plains, where persistently hot and dry conditions have been prevalent over the last few years. Here is the filtered information relevant to predicting Monthly Contiguous U.S. Precipitation:;Based on the current trends, it is likely that drought and abnormal dryness will continue to persist in the short term, with some areas potentially experiencing further expansion or intensification.",report,2022-10-01,2022-10-31,0,31
20221101,Total,28.61,71.39,52.54,30.41,12.07,2.48,2022-11-01,2022-11-07,1,2022-11-01,2022-11-01,2022-11-07,"The contiguous United States is expected to experience drier and warmer conditions in November 2022, with above-average precipitation forecasted on Election Day.","Changes in precipitation timing and variability may have significant impacts on river basins and tree growth in the contiguous United States, but more research is needed to understand these effects.;Above-average precipitation is forecasted on Election Day, but drier conditions are expected to persist in the short term.",search,2022-10-31,2022-11-06,1,31
20221108,Total,28.85,71.15,50.46,29.12,11.84,2.52,2022-11-08,2022-11-14,1,2022-11-08,2022-11-08,2022-11-14,"October 2022 was a warm month for the contiguous U.S., with precipitation of 1.66 inches, ranking in the warmest third of the 98-year period of record.","As climate change continues to impact the region, it is likely that the contiguous U.S. will experience more frequent and intense precipitation events, leading to increased flooding and extreme weather events in the long term.;Based on the current trends, it is likely that the contiguous U.S. will continue to experience warm and dry conditions in the short term, potentially leading to increased drought and wildfires.",search,2022-11-07,2022-11-13,1,31
20221115,Total,31.47,68.53,49.41,27.52,11.65,2.37,2022-11-15,2022-11-21,1,2022-11-15,2022-11-15,2022-11-21,The nClimGrid-Daily dataset provides daily gridded temperature and precipitation data for the Contiguous United States since 1951.,"The long-term records of precipitation and datasets like nClimGrid-Daily can help predict Monthly Contiguous U.S. Precipitation patterns, but more analysis is needed to make accurate predictions for the next few months.;Based on the current trends, it is likely that the Great Plains region will continue to experience above-average precipitation in the short term (next 1-4 weeks).",search,2022-11-14,2022-11-20,1,31
20221122,Total,31.58,68.42,49.59,27.62,11.67,2.4,2022-11-22,2022-11-28,1,2022-11-22,2022-11-22,2022-11-28,"The contiguous United States receives an average rainfall of 120″ annually, with the rainiest town being Forks, Washington.","In the long-term future (next few months), climate change is likely to continue to impact extreme weather events in the continental United States, leading to more frequent and intense rainfall events.;In the short-term future (next 1-4 weeks), above-normal precipitation is expected across the northern tier of the contiguous United States.",search,2022-11-21,2022-11-27,1,31
20221129,Total,33.27,66.73,48.1,26.88,10.87,2.33,2022-11-29,2022-12-05,1,2022-11-29,2022-11-29,2022-12-05,"Historical temperature, precipitation, and Palmer drought data from 1895 to present for climate divisions, states, and regions in the contiguous U.S. are available.","It is possible that the contiguous U.S. will continue to experience above-average precipitation in the coming months, particularly if the current drought conditions persist. However, more data is needed to make a more accurate prediction.;Based on the December drought outlook, it is likely that the northwest quarter of the contiguous U.S. will experience above-normal precipitation in the next 1-4 weeks.",search,2022-11-28,2022-12-04,1,31
20221206,Total,34.26,65.74,46.41,26.0,10.37,2.36,2022-12-06,2022-12-12,1,2022-12-06,2022-12-06,2022-12-12,"The average temperature of the contiguous U.S. in November 2022 was near-average, with near- to above-average precipitation over much of the country.","As La Niña conditions are forecast to dissipate by late spring, the pattern of extreme precipitation events may shift, potentially leading to a more balanced precipitation distribution across the contiguous U.S.;In the short-term, storm activity across the western United States is expected to increase, potentially leading to above-average precipitation in some areas.",search,2022-12-05,2022-12-11,1,31
20221213,Total,35.03,64.97,44.51,25.18,9.43,1.97,2022-12-13,2022-12-19,1,2022-12-13,2022-12-13,2022-12-19,The contiguous United States has gridded temperature and precipitation data available since 1951 through NOAA's nClimGrid-Daily version 1.,NA;NA,search,2022-12-12,2022-12-18,1,31
20221220,Total,38.17,61.83,41.22,23.58,8.99,1.96,2022-12-20,2022-12-26,1,2022-12-20,2022-12-20,2022-12-26,"The contiguous United States is expected to experience a change in precipitation patterns and runoff processes due to climate change, which will alter the timing and magnitude of freshwater inflow to estuaries.","The long-term trend suggests that the contiguous United States will continue to experience changes in precipitation patterns, leading to increased flood risk and altered estuarine systems.;Based on National Weather Service forecasts, a blast of frigid, Arctic air is expected to affect most of the U.S. in the short-term, with temperatures below 20 degrees on Christmas Eve.",search,2022-12-19,2022-12-25,1,31
20221227,Total,38.05,61.95,41.5,23.58,8.99,1.96,2022-12-27,2023-01-02,1,2022-12-27,2022-12-27,2023-01-02,"The contiguous United States experienced a mix of drought and floods in 2022, with 74% of the area facing drought by December 20, while others saw record-shattering rainfall totals.","In the long term, shifts in rainfall patterns are expected to continue, with potential increases in irrigation use in the US Midwest and changes in flood risk across the country.;In the short term, it is likely that the contiguous United States will continue to experience a mix of dry and wet conditions, with some areas seeing heavy rainfall events while others remain in drought.",search,2022-12-26,2023-01-01,1,31
20230103,Total,41.85,58.15,38.67,21.93,8.24,1.55,2023-01-03,2023-01-09,1,2023-01-03,2023-01-03,2023-01-09,"The contiguous United States experienced significantly below-average annual precipitation in 2022, particularly in the southwestern and south-central regions.","Given the existing drought conditions and the uncertainty of future precipitation patterns, it is possible that the contiguous U.S. may experience continued drought conditions or a shift towards wetter conditions in the coming months.;Based on the current trends, it is likely that the contiguous U.S. will experience a wetter-than-average start to January 2023, with some regions potentially receiving above-average precipitation.",search,2023-01-02,2023-01-08,1,31
20230110,Total,44.32,55.68,36.78,20.1,7.02,1.5,2023-01-10,2023-01-16,1,2023-01-10,2023-01-10,2023-01-16,"The contiguous U.S. average annual precipitation was 28.35 inches in 2022, which is 1.59 inches below average, ranking in the driest third of the historical record.","As climate change is expected to increase median annual rainfall across the contiguous United States, it is possible that the long-term future (next few months) will see an increase in precipitation, potentially alleviating drought conditions.;Based on the current drought conditions, it is likely that the contiguous U.S. will continue to experience below-average precipitation in the short term (next 1-4 weeks).",search,2023-01-09,2023-01-15,1,31
20230117,Total,45.63,54.37,36.72,19.42,6.61,1.5,2023-01-17,2023-01-23,1,2023-01-17,2023-01-17,2023-01-23,The contiguous United States experienced the third warmest winter on record in 2022.,"Considering the trends in seasonal large-scale extreme precipitation in the Mid-Atlantic region, I predict an increased likelihood of extreme precipitation events in the next few months, especially during the spring season.;Based on the current drought situation and warm winter temperatures, I predict an increased chance of heavy precipitation events in the next 1-4 weeks, particularly in areas with existing drought conditions.",search,2023-01-16,2023-01-22,1,31
20230124,Total,47.25,52.75,36.0,18.13,6.25,1.48,2023-01-24,2023-01-30,1,2023-01-24,2023-01-24,2023-01-30,"The contiguous United States suffered 18 billion-dollar weather disasters in 2022, with above-average temperatures and precipitation in some regions.","The increase in flood-related property damage is likely to continue in the long-term future (next few months) due to the projected increase in precipitation and extreme weather events.;Based on the current trends, it is likely that some regions in the contiguous United States will continue to experience above-average precipitation and temperature in the short-term future (next 1-4 weeks).",search,2023-01-23,2023-01-29,1,31
20230131,Total,48.39,51.61,35.67,17.87,6.2,1.45,2023-01-31,2023-02-06,1,2023-01-31,2023-01-31,2023-02-06,"The contiguous U.S. experienced above-average minimum temperatures in January 2023, and the January precipitation helped alleviate drought conditions in some areas.","In the next few months, climate models suggest that precipitation projections over the contiguous United States may be constrained, leading to more accurate predictions.;In the next 1-4 weeks, there is a 40-50% chance of precipitation in parts of the contiguous U.S., particularly in Oklahoma, which could lead to further drought alleviation.",search,2023-01-30,2023-02-05,1,31
20230207,Total,49.5,50.5,34.99,16.39,5.29,1.48,2023-02-07,2023-02-13,1,2023-02-07,2023-02-07,2023-02-13,"The nation's average precipitation across the contiguous U.S. in January 2023 was 2.85 inches, which is 0.54 of an inch above average.","In the long term (next few months), the contiguous United States may experience more frequent and intense precipitation events, driven by climate change and climate variability modes.;In the short term (next 1-4 weeks), it is likely that the western United States, particularly California and Nevada, will continue to experience dry conditions, with below-average precipitation.",search,2023-02-06,2023-02-12,1,31
20230214,Total,52.02,47.98,34.55,15.81,4.69,1.42,2023-02-14,2023-02-20,1,2023-02-14,2023-02-14,2023-02-20,Moderate to exceptional drought covers 34.6% of the United States including Puerto Rico.,"In the long-term, climate change projections suggest that precipitation patterns will continue to shift, leading to more frequent and intense extreme weather events, such as flash floods, in the contiguous United States.;In the short-term, it is likely that drought conditions will persist, and precipitation will be below average in areas experiencing moderate to exceptional drought.",search,2023-02-13,2023-02-19,1,31
20230221,Total,51.98,48.02,34.7,15.26,4.57,1.37,2023-02-21,2023-02-27,1,2023-02-21,2023-02-21,2023-02-27,"The contiguous United States can be divided into nine climate regions, and characterizing the causal interactions among these regions can help understand precipitation patterns.","Long-term precipitation patterns in the contiguous United States may be influenced by changes in circulation patterns, which could lead to changes in precipitation extremes in certain regions, such as the U.S. Midwest.;Based on recent weather patterns, above-normal precipitation may continue in parts of the central to southern United States in the short-term future (next 1-4 weeks).",search,2023-02-20,2023-02-26,1,31
20230228,Total,54.03,45.97,32.13,14.46,4.72,1.29,2023-02-28,2023-03-06,1,2023-02-28,2023-02-28,2023-03-06,"February 2023 was a wet month for the contiguous United States, with precipitation 0.30 inches above average, ranking in the wettest third of the historical record.","The availability of historical climate data and daily gridded mosaics can help predict Monthly Contiguous U.S. Precipitation patterns in the long-term, but more analysis is needed to make specific predictions.;Based on the current trend, it is likely that the contiguous United States will experience above-average precipitation in the next 1-4 weeks.",search,2023-02-27,2023-03-05,1,31
20230307,Total,54.13,45.87,31.45,13.98,4.43,1.27,2023-03-07,2023-03-13,1,2023-03-07,2023-03-07,2023-03-13,"February precipitation for the contiguous U.S. was 1.97 inches, 0.16 inch below average, ranking in the middle third of the historical record.","For the long term, it is possible that the contiguous U.S. will experience more frequent extreme precipitation events, particularly in the winter season.;In the short term, it is likely that the contiguous U.S. will continue to experience a mix of wet and dry conditions, with no clear trend emerging.",search,2023-03-06,2023-03-12,1,31
20230314,Total,56.09,43.91,29.9,13.14,4.44,1.3,2023-03-14,2023-03-20,1,2023-03-14,2023-03-14,2023-03-20,"The contiguous United States covers an area that drains over 41% of the country's precipitation, with changes in precipitation patterns affecting the Mississippi-Atchafalaya River Basin.","In the next few months, the precipitation patterns in the contiguous United States are likely to be influenced by the changes in circulation patterns, leading to increased precipitation extremes in the Midwest and a higher risk of flooding in the eastern half of the country.;Based on the current trends, it is likely that the eastern half of the continental United States will experience above-average precipitation in the next 1-4 weeks, leading to a high risk of flooding.",search,2023-03-13,2023-03-19,1,31
20230321,Total,55.97,44.03,28.86,12.26,4.15,1.45,2023-03-21,2023-03-27,1,2023-03-21,2023-03-21,2023-03-27,"The contiguous United States experienced record-breaking temperature, precipitation, and drought in March 2023.","In the long-term, increases in extreme precipitation over the Northeast United States are expected to continue, and climate-informed flood risk management standards may need to be implemented.;In the short-term, there is a threat of heavy rain and flash flooding in the Central US, and severe thunderstorms are possible in the Southeast.",search,2023-03-20,2023-03-26,1,31
20230328,Total,56.53,43.47,25.65,11.61,4.4,1.53,2023-03-28,2023-04-03,1,2023-03-28,2023-03-28,2023-04-03,"The contiguous United States experienced a wetter-than-usual winter season from 2022-2023, with precipitation anomalies above the 1991-2020 average.","In the long-term (next few months), it is possible that the contiguous U.S. will experience a shift towards more average or below-average precipitation, potentially leading to a resurgence of drought conditions.;In the short-term (next 1-4 weeks), it is likely that precipitation will continue to be above average in certain regions, potentially leading to further improvements in drought conditions.",search,2023-03-27,2023-04-02,1,31
20230404,Total,56.86,43.14,23.63,11.21,4.54,1.6,2023-04-04,2023-04-10,1,2023-04-04,2023-04-04,2023-04-10,"The contiguous United States is experiencing moderate to exceptional drought, covering 23.6% of the area, including Puerto Rico.","Long-term predictions suggest an increased risk of extreme precipitation events across the contiguous United States, which may lead to more frequent flooding.;In the short-term, the precipitation pattern is expected to continue, with a wetter-than-average East and South, and a drier-than-average West.",search,2023-04-03,2023-04-09,1,31
20230411,Total,60.49,39.51,21.77,10.56,4.37,1.75,2023-04-11,2023-04-17,1,2023-04-11,2023-04-11,2023-04-17,Moderate to exceptional drought covers 21.8% of the United States including Puerto Rico.,"Long-term, the trend of rising temperatures and shifting rainfall patterns may lead to more frequent and severe droughts and extreme precipitation events.;In the short-term, precipitation is expected to alleviate drought conditions in some areas, such as Oklahoma, but extreme events may still occur.",search,2023-04-10,2023-04-16,1,31
20230418,Total,61.08,38.92,21.61,10.42,4.63,1.87,2023-04-18,2023-04-24,1,2023-04-18,2023-04-18,2023-04-24,The contiguous United States has experienced record high precipitation in recent times.,"In the long-term, it is likely that the US will continue to experience variability in precipitation patterns, which may have significant implications for water resource management and drought mitigation strategies.;In the short-term, there is a chance for above-normal precipitation in the eastern half of the US, which may help alleviate drought conditions in those regions.",search,2023-04-17,2023-04-23,1,31
20230425,Total,61.48,38.52,21.37,10.02,4.99,1.88,2023-04-25,2023-05-01,1,2023-04-25,2023-04-25,2023-05-01,"The contiguous United States is expected to experience a wetter-than-normal May 2023, with green colors indicating much wetter conditions on the U.S. map.","In the long-term, the trend of intensifying rainfall and rising hourly rainfall intensity may continue to affect the contiguous U.S., leading to more frequent and severe precipitation events.;In the short-term, the contiguous U.S. can expect a wetter-than-normal May, with some areas experiencing relief from drought conditions.",search,2023-04-24,2023-04-30,1,31
20230502,Total,61.6,38.4,20.42,9.82,5.13,1.51,2023-05-02,2023-05-08,1,2023-05-02,2023-05-02,2023-05-08,"The current drought situation in the United States covers 20.4% of the country, including Puerto Rico, with moderate to exceptional drought conditions.","The predictability of long-range precipitation patterns in the contiguous United States is influenced by various factors, including El Niño and La Niña events, which may impact precipitation levels in different regions of the country.;Based on the current situation, it is likely that the contiguous United States will continue to experience dry conditions in the short term, with possible drought expansion or intensification.",search,2023-05-01,2023-05-07,1,31
20230509,Total,61.87,38.13,19.65,9.72,4.92,1.49,2023-05-09,2023-05-15,1,2023-05-09,2023-05-09,2023-05-15,The contiguous U.S. experienced a middle-third ranking for April precipitation in 2023.,Long-term predictions based on climate models suggest an overall increase in annual precipitation in the northernmost U.S. states and Canada.;Short-term predictions suggest continued wet conditions in the western U.S. and a possibility of reduced drought conditions in the region.,search,2023-05-08,2023-05-14,1,31
20230516,Total,65.41,34.59,17.02,7.95,3.61,1.22,2023-05-16,2023-05-22,1,2023-05-16,2023-05-16,2023-05-22,"As of May 16, 2023, moderate to exceptional drought covers 17.0% of the United States.","In the long-term, the trend of increasing precipitation intensity and irregular distribution may continue, leading to more frequent and severe droughts and heavy rainfall events across the contiguous U.S.;For the next 1-4 weeks, it is likely that the drought situation will persist in some areas, while others may experience heavy rainfall events, leading to a continued pattern of irregular precipitation distribution.",search,2023-05-15,2023-05-21,1,31
20230523,Total,66.06,33.94,16.05,7.44,3.11,1.11,2023-05-23,2023-05-29,1,2023-05-23,2023-05-23,2023-05-29,Moderate to exceptional drought covers 16.1% of the United States including Puerto Rico.,"Climate change and ENSO variability may contribute to changes in western U.S. precipitation patterns in the long term. Note: Some parts are marked as ""NA"" as there was no relevant information found in the search results.;Based on the NWS Weather Prediction Center 7-day quantitative precipitation forecast, precipitation is expected to be sparse in the short term.",search,2023-05-22,2023-05-28,1,31
20230530,Total,58.13,41.87,15.84,6.8,2.74,1.04,2023-05-30,2023-06-05,1,2023-05-30,2023-05-30,2023-06-05,"The National Oceanic and Atmospheric Administration (NOAA) released its updated monthly climate outlooks for temperature, precipitation, and drought across the United States for June 2023.","For the next few months, the precipitation patterns may be influenced by El Niño/southern oscillation phases, which could lead to changes in drought conditions and precipitation levels across the contiguous U.S.;For the next 1-4 weeks, precipitation levels are expected to be below normal, with drought conditions worsening, especially in regions with already dry conditions.",search,2023-05-29,2023-06-04,1,31
20230606,Total,54.28,45.72,18.33,5.99,1.96,0.66,2023-06-06,2023-06-12,1,2023-06-06,2023-06-06,2023-06-12,"The contiguous United States experienced above-average precipitation in May 2023, with 18.3% of the country under moderate to exceptional drought as of June 6, 2023.","As El Niño conditions are present, I predict that the next few months may see a shift towards wetter-than-average conditions in the contiguous United States, particularly in the southern and western regions.;Based on the current drought conditions and temperature anomalies, I predict that the next 1-4 weeks may see a continuation of this mixed precipitation pattern, with some regions experiencing heavy rainfall and others remaining dry.",search,2023-06-05,2023-06-11,1,31
20230613,Total,54.29,45.71,20.89,5.76,1.82,0.6,2023-06-13,2023-06-19,1,2023-06-13,2023-06-13,2023-06-19,"The contiguous United States (""the Lower 48"") has temperature and precipitation data available for each month back to 1895.","In the next few months, it is possible that climate models will continue to be refined, leading to improved predictions of precipitation extremes in the contiguous United States.;Based on the recent research and data, it is likely that precipitation patterns in the contiguous United States will continue to be closely monitored and studied in the next 1-4 weeks.",search,2023-06-12,2023-06-18,1,31
20230620,Total,53.06,46.94,22.67,6.69,2.06,0.47,2023-06-20,2023-06-26,1,2023-06-20,2023-06-20,2023-06-26,"The contiguous United States has 344 climate divisions, and each division has its own temperature and precipitation data.","The understanding of climate trends and patterns, such as the correlation between El Niño and La Niña events and precipitation, can inform long-term precipitation predictions for the contiguous United States.;Based on the 7-day quantitative precipitation forecast, it is likely that precipitation will remain below normal in many regions of the contiguous United States over the next week.",search,2023-06-19,2023-06-25,1,31
20230627,Total,54.86,45.14,22.61,7.74,2.16,0.49,2023-06-27,2023-07-03,1,2023-06-27,2023-06-27,2023-07-03,The contiguous U.S. March–May precipitation total was below average.,"Climate-driven changes in precipitation patterns are expected to continue in the coming months, with potential impacts on seasonal precipitation variability.;For the next 1-4 weeks, above-average precipitation is expected in much of the country, with well below average precipitation favored only in parts of the Southwest.",search,2023-06-26,2023-07-02,1,31
20230704,Total,56.25,43.75,22.57,7.83,2.29,0.45,2023-07-04,2023-07-10,1,2023-07-04,2023-07-04,2023-07-10,The contiguous United States (CONUS) is divided into 17 domains for precipitation analysis.,"NA;In the short-term, there is a potential for round after round of rainfall in the central US, bringing much-needed rainfall to the region.",search,2023-07-03,2023-07-09,1,31
20230711,Total,58.67,41.33,22.48,7.89,2.16,0.33,2023-07-11,2023-07-17,1,2023-07-11,2023-07-11,2023-07-17,"In June 2023, the contiguous U.S. had 2.85 inches of precipitation, 0.08 inch below average, ranking in the middle third of the historical record.","In the long term, the increasing trend in total annual precipitation in the contiguous U.S. since 1901 suggests that the region may experience more frequent and intense precipitation events in the coming months.;Based on the current trends, it is likely that the contiguous U.S. will continue to experience near-average precipitation over the next 1-4 weeks, with some regions potentially seeing improvements in drought conditions.",search,2023-07-10,2023-07-16,1,31
20230718,Total,58.38,41.62,21.6,7.14,2.23,0.29,2023-07-18,2023-07-24,1,2023-07-18,2023-07-18,2023-07-24,Nearly 80 percent of the stations across the contiguous 48 states have experienced a decrease in the proportion of precipitation falling as snow.,"In the long term, the decrease in snowfall and shift in precipitation patterns may lead to more frequent and intense precipitation events, potentially exacerbating flood risks in the contiguous US.;For the next 1-4 weeks, it is likely that the western contiguous US will continue to experience dry conditions, with above-normal temperatures prevailing across the contiguous US.",search,2023-07-17,2023-07-23,1,31
20230725,Total,57.19,42.81,22.68,8.18,2.19,0.22,2023-07-25,2023-07-31,1,2023-07-25,2023-07-25,2023-07-31,"The contiguous U.S. experienced severe to extreme drought affecting about 10% of the area as of the end of July 2023, an increase of about 4% from last month.","The long-term trend of increasing drought in the western U.S. and the Great Plains may persist, with some areas experiencing more frequent and severe drought events. Here is the summary of the report in 5 parts:;Based on the current trends, it is likely that drought conditions will continue to expand in the western U.S. and the Great Plains over the next 1-3 months.",report,2023-07-01,2023-07-31,0,31
20230801,Total,55.74,44.26,23.52,8.99,2.11,0.22,2023-08-01,2023-08-07,1,2023-08-01,2023-08-01,2023-08-07,"For the month of August 2023, the drought outlook for the contiguous United States indicates that moderate to exceptional drought covers 23.5% of the country.","In the long-term, the ongoing drought conditions and above-average precipitation may lead to a continued complex precipitation pattern, with some areas potentially experiencing increased flooding risk and others remaining drought-prone.;Based on the current drought outlook and precipitation patterns, it is likely that the contiguous United States will experience varying levels of precipitation over the next 1-4 weeks, with some areas potentially receiving above-average rainfall and others remaining dry.",search,2023-07-31,2023-08-06,1,31
20230808,Total,54.65,45.35,25.54,9.77,2.3,0.19,2023-08-08,2023-08-14,1,2023-08-08,2023-08-08,2023-08-14,"The average July precipitation for the contiguous U.S. was 2.70 inches, 0.08 inch below average, ranking in the middle third of the historical record.","In the long term, the trend of below-average precipitation and drought conditions may continue, potentially leading to more severe droughts and water scarcity issues in the contiguous United States.;In the short term, the drought conditions may persist, and precipitation levels may remain below average, potentially affecting agricultural production and water resources.",search,2023-08-07,2023-08-13,1,31
20230815,Total,56.01,43.99,25.86,10.7,2.59,0.18,2023-08-15,2023-08-21,1,2023-08-15,2023-08-15,2023-08-21,"The contiguous United States experienced dry conditions in the western and southern tier states, as well as Hawaii, due to a ridge inhibiting precipitation.","In the long-term, the drought pattern may continue to impact the contiguous United States, potentially leading to increased water scarcity and ecosystem disruption.;In the short-term, it is likely that the dry conditions will persist in the western and southern tier states, potentially leading to increased drought severity.",search,2023-08-14,2023-08-20,1,31
20230822,Total,56.68,43.32,27.52,14.58,4.82,1.0,2023-08-22,2023-08-28,1,2023-08-22,2023-08-22,2023-08-28,"The contiguous United States has a spatial resolution of 1/8th-degree grid spacing for land data assimilation systems, covering the area from 25-53 North latitude.","Long-term predictions are uncertain, but the influence of El Niño and La Niña events on precipitation patterns in the contiguous U.S. may play a role in shaping the precipitation trends in the coming months.;It is likely that the dry spell will continue in the eastern part of the contiguous U.S. for the next 1-4 weeks, with minimal precipitation expected.",search,2023-08-21,2023-08-27,1,31
20230829,Total,56.62,43.38,28.76,15.93,6.23,1.28,2023-08-29,2023-09-04,1,2023-08-29,2023-08-29,2023-09-04,"The contiguous United States experienced record-breaking temperature, precipitation, and drought in August 2023.","The long-term climate trends suggest that the contiguous United States may experience continued changes in precipitation patterns, with some areas experiencing increased precipitation and others experiencing decreased precipitation.;Based on the current trends, it is likely that the contiguous United States will experience continued extreme weather events, such as heavy precipitation or drought, in the next 1-4 weeks.",search,2023-08-28,2023-09-03,1,31
20230905,Total,56.21,43.79,30.2,18.27,7.52,1.65,2023-09-05,2023-09-11,1,2023-09-05,2023-09-05,2023-09-11,"As of September 7, 2023, 58% of the contiguous 48 states are experiencing drought conditions.","In the next few months, the strength of ENSO teleconnections may play a significant role in shaping precipitation patterns in the western United States, potentially leading to above-average rainfall in some areas. Note: The provided search results do not offer explicit predictions or trends for Monthly Contiguous U.S. Precipitation. The insights and predictions made are based on the available information and the expert's analysis.;In the next 1-4 weeks, precipitation patterns may be influenced by the ongoing drought conditions, potentially leading to below-average rainfall in some areas.",search,2023-09-04,2023-09-10,1,31
20230912,Total,55.18,44.82,31.1,19.32,8.0,1.98,2023-09-12,2023-09-18,1,2023-09-12,2023-09-12,2023-09-18,"The contiguous United States experienced above-average temperature and precipitation in September 2023, with the Ohio Valley and West being particularly wet.","In the long term (next few months), I predict a return to more average precipitation patterns, with a possibility of drought conditions developing in the southern and western parts of the contiguous United States.;In the short term (next 1-4 weeks), I predict continued above-average precipitation in the Ohio Valley and West, potentially leading to flooding and waterlogging issues.",search,2023-09-11,2023-09-17,1,31
20230919,Total,53.18,46.82,31.71,19.63,9.44,2.52,2023-09-19,2023-09-25,1,2023-09-19,2023-09-19,2023-09-25,The National Water Model (NWM) simulates observed and forecast streamflow over the entire continental United States.,"The long-term future may see a continuation of El Niño's impacts on temperature and precipitation trends, with potential for above-average precipitation in some areas.;In the short-term, the El Niño winter may bring cooler and wetter conditions to the continental U.S., with potential for excessive rainfall in some areas.",search,2023-09-18,2023-09-24,1,31
20230926,Total,52.53,47.47,32.1,18.79,8.48,2.35,2023-09-26,2023-10-02,1,2023-09-26,2023-09-26,2023-10-02,The contiguous U.S. summer precipitation total was notable in 2023.,"In the long-term, the high-resolution ensemble projections of near-term regional climate over the continental United States could provide valuable insights for predicting monthly contiguous U.S. precipitation patterns.;In the short-term, it is likely that drought conditions will persist, leading to below-average precipitation in the contiguous U.S.",search,2023-09-25,2023-10-01,1,31
20231003,Total,50.88,49.12,33.62,19.41,8.35,2.45,2023-10-03,2023-10-09,1,2023-10-03,2023-10-03,2023-10-09,"The contiguous United States (CONUS) experienced a specific atmospheric circulation pattern recently, which led to precipitation in western areas.","In the long term, the increasing temperature trend may lead to changes in precipitation patterns, potentially resulting in more extreme weather events in the contiguous United States. Note: The other search results were not relevant to predicting Monthly Contiguous U.S. Precipitation and were therefore discarded.;In the short term, it is likely that the contiguous United States will continue to experience varying weather patterns, with potential for precipitation in certain regions.",search,2023-10-02,2023-10-08,1,31
20231010,Total,50.41,49.59,33.59,18.96,7.53,2.11,2023-10-10,2023-10-16,1,2023-10-10,2023-10-10,2023-10-16,"The average temperature of the contiguous U.S. in September 2023 was remarkably warm, and the month was quite dry across the contiguous United States.","The disproportionate amounts of annual precipitation received in the western U.S. in Water Year 2023 might influence precipitation patterns in the coming months, potentially leading to above-normal precipitation in some areas.;The 8-14 Day Probabilistic Precipitation forecast from the Climate Prediction Center suggests that there is a chance of above-normal precipitation in some parts of the contiguous U.S. in the short term.",search,2023-10-09,2023-10-15,1,31
20231017,Total,51.02,48.98,33.22,18.92,7.28,2.1,2023-10-17,2023-10-23,1,2023-10-17,2023-10-17,2023-10-23,"The contiguous U.S. winter outlook for 2023-24 predicts a wetter South and warmer North, with above-average precipitation in the South and below-average precipitation in the North.","For the long term, the winter outlook suggests that the contiguous U.S. may experience a warmer and wetter winter, particularly in the South.;In the short term, it's likely that the South will continue to experience above-average precipitation, while the North will remain dry.",search,2023-10-16,2023-10-22,1,31
20231024,Total,51.32,48.68,33.43,19.9,7.59,2.19,2023-10-24,2023-10-30,1,2023-10-24,2023-10-24,2023-10-30,The contiguous U.S. had its 18th-warmest October in the 129-year record.,"Climate change might continue to affect winter severe weather risks in the contiguous U.S., leading to changes in precipitation patterns.;There is a possibility of above-normal temperatures in the western contiguous United States (CONUS) in November, which could lead to changes in precipitation patterns.",search,2023-10-23,2023-10-29,1,31
20231031,Total,54.37,45.63,30.68,17.65,6.62,1.82,2023-10-31,2023-11-06,1,2023-10-31,2023-10-31,2023-11-06,"The total annual amount of precipitation in the contiguous 48 states has changed since 1901, with a notable increase in heavy precipitation events.","The long-term trend of increasing heavy precipitation events and changing annual precipitation patterns may continue, potentially leading to more extreme weather events in the contiguous U.S.;Based on the climate outlook for November 2023, it is likely that some regions will continue to experience above-average precipitation, while others will remain dry.",search,2023-10-30,2023-11-05,1,31
20231107,Total,53.58,46.42,31.48,18.26,7.16,2.1,2023-11-07,2023-11-13,1,2023-11-07,2023-11-07,2023-11-13,"October precipitation for the contiguous U.S. was 2.14 inches, 0.05 inch below average, ranking in the middle third of the historical record.","In the long term (next few months), climate scientists predict a potential for above-average precipitation in the northern part of the contiguous United States, especially during the winter months, due to El Niño.;In the short term (next 1-4 weeks), an atmospheric river is expected to bring rain and snow to California, and El Niño may bring warmer and wetter conditions to the northern tier of the continental United States.",search,2023-11-06,2023-11-12,1,31
20231114,Total,53.23,46.77,31.46,18.07,7.52,2.31,2023-11-14,2023-11-20,1,2023-11-14,2023-11-14,2023-11-20,"The contiguous United States is experiencing moderate to exceptional drought, covering 31.5% of the area, including Puerto Rico.","In the long-term, the expected warming trend may lead to more frequent and intense precipitation events, but the overall pattern of drought and precipitation variability is likely to continue.;In the short-term, precipitation is expected to be below average in parts of the northern contiguous U.S., potentially exacerbating drought conditions.",search,2023-11-13,2023-11-19,1,31
20231121,Total,52.84,47.16,31.44,18.1,7.27,2.06,2023-11-21,2023-11-27,1,2023-11-21,2023-11-21,2023-11-27,Moderate to exceptional drought covers 31.4% of the United States including Puerto Rico.,"In the long-term future (next few months), rising temperatures and extreme precipitation events are expected to impact the Midwest, affecting agriculture, ecosystems, and other climate-related events.;In the short-term future (next 1-4 weeks), below-normal temperatures and mainly dry conditions are expected, with some snowfall in the West.",search,2023-11-20,2023-11-26,1,31
20231128,Total,53.21,46.79,30.28,17.12,6.54,1.78,2023-11-28,2023-12-04,1,2023-11-28,2023-11-28,2023-12-04,"The contiguous United States is expected to experience below-normal precipitation in December 2023, according to the U.S. climate outlook.","In the next few months, the trend of warming temperatures and changing precipitation patterns is expected to continue, with potential implications for drought and water resources in the contiguous U.S.;In the next 1-4 weeks, precipitation is likely to remain below normal in the contiguous U.S., particularly in the West and central regions.",search,2023-11-27,2023-12-03,1,31
20231205,Total,53.54,46.46,28.85,15.85,6.2,1.02,2023-12-05,2023-12-11,1,2023-12-05,2023-12-05,2023-12-11,"In November 2023, precipitation was near to below average across most of the contiguous U.S.","Models indicate that there may be increased precipitation in the western USA in the long-term future (next few months), but it's uncertain how this will affect the contiguous U.S. as a whole.;Based on the current trends, it is likely that the contiguous U.S. will continue to experience below-average precipitation in the short-term future (next 1-4 weeks).",search,2023-12-04,2023-12-10,1,31
20231212,Total,53.01,46.99,28.05,15.34,5.29,0.91,2023-12-12,2023-12-18,1,2023-12-12,2023-12-12,2023-12-18,"Much of the contiguous U.S. experienced above-average precipitation in December 2023, with some states in the Southern Region ranking in the top ten for all-time December precipitation records.","In the next few months, the contiguous U.S. may continue to experience extreme weather events, including heavy precipitation and drought, due to changing climate patterns.;In the next 1-4 weeks, the eastern contiguous U.S. can expect precipitation, while Florida may experience mild temperatures and rain during the Christmas holiday.",search,2023-12-11,2023-12-17,1,31
20231219,Total,53.58,46.42,27.88,15.24,5.48,0.93,2023-12-19,2023-12-25,1,2023-12-19,2023-12-19,2023-12-25,"The contiguous United States is experiencing moderate to exceptional drought, covering 27.9% of the region, including Puerto Rico.","Secular trends of precipitation in the contiguous United States may continue to impact runoff projections, potentially leading to changes in precipitation patterns in the next few months.;A large storm is expected to bring adverse travel conditions from snow and rain over the middle of the United States, which may lead to increased precipitation in the next 1-4 weeks.",search,2023-12-18,2023-12-24,1,31
20231226,Total,54.5,45.5,27.07,13.99,5.38,0.97,2023-12-26,2024-01-01,1,2023-12-26,2023-12-26,2024-01-01,"The contiguous United States is expected to experience dry weather by the end of the week, with a high chance of drought persistence.","In the long-term future (next few months), I predict a possible shift towards a wetter weather pattern, potentially leading to an increase in precipitation and a decrease in drought severity. However, this is highly uncertain and dependent on various climate factors.;In the short-term future (next 1-4 weeks), I predict a continuation of dry weather patterns, with a high chance of drought persistence and potential water scarcity issues.",search,2023-12-25,2023-12-31,1,31
20240102,Total,54.06,45.94,27.59,13.88,5.25,1.02,2024-01-02,2024-01-08,1,2024-01-02,2024-01-02,2024-01-08,The contiguous U.S. autumn precipitation was above average.,The long-term future (next few months) may see more extreme flooding in the contiguous United States due to higher emissions scenarios.;It is likely that drought conditions will continue in the short-term future (next 1-4 weeks) for the contiguous United States.,search,2024-01-01,2024-01-07,1,31
20240109,Total,55.14,44.86,26.71,12.78,4.51,0.68,2024-01-09,2024-01-15,1,2024-01-09,2024-01-09,2024-01-15,The average annual temperature of the contiguous U.S. was observed to have increased in 2023.,"In the long-term, the contiguous U.S. may experience an increase in precipitation and extreme weather events due to climate change, leading to more frequent flooding and droughts.;In the short-term, the contiguous U.S. can expect a continuation of the current weather patterns, with some areas experiencing heavy rainfall and others seeing cold temperatures.",search,2024-01-08,2024-01-14,1,31
20240116,Total,57.19,42.81,24.13,11.25,4.11,0.6,2024-01-16,2024-01-22,1,2024-01-16,2024-01-16,2024-01-22,Above-normal precipitation is expected in the eastern contiguous U.S.,"In the long-term, it is difficult to make precise predictions, but the dataset for subseasonal forecasting may provide insights into precipitation patterns over the next few months.;In the short-term, precipitation patterns may continue to fluctuate, with potential for above-normal precipitation in the eastern contiguous U.S. and wintry conditions in other areas.",search,2024-01-15,2024-01-21,1,31
20240123,Total,58.2,41.8,22.95,10.86,3.72,0.57,2024-01-23,2024-01-29,1,2024-01-23,2024-01-23,2024-01-29,The atmospheric circulation over the contiguous U.S. for most of this week is expected to lead to precipitation across most areas.,"In the long-term, research suggests that storms may dump 50% more rain, overwhelming cities across the contiguous United States, indicating a potential increase in heavy rainfall events.;In the short-term, precipitation is expected to continue across most areas of the contiguous United States, with potential for heavy rainfall events.",search,2024-01-22,2024-01-28,1,31
20240130,Total,62.88,37.12,19.72,9.01,1.93,0.25,2024-01-30,2024-02-05,1,2024-01-30,2024-01-30,2024-02-05,The contiguous U.S. is expected to see a decrease in drought areas in February 2024.,"In the long-term, the trend of decreasing drought areas may continue if above-normal precipitation persists in certain regions.;In the short-term, there is a possibility of record rainfall and flooding in certain areas due to an atmospheric river.",search,2024-01-29,2024-02-04,1,31
20240206,Total,64.98,35.02,17.79,7.73,1.63,0.23,2024-02-06,2024-02-12,1,2024-02-06,2024-02-06,2024-02-12,"In January 2024, the average temperature of the contiguous U.S. was below average, and precipitation was below average across much of the state.","In the long-term future (next few months), it is possible that the contiguous U.S. will experience a shift in precipitation patterns, with increased precipitation in certain regions and continued below-average precipitation in others.;In the short-term future (next 1-4 weeks), it is likely that the contiguous U.S. will continue to experience below-average precipitation, with potential for increased precipitation in California and the southern tier of the continental U.S.",search,2024-02-05,2024-02-11,1,31
20240213,Total,66.74,33.26,16.32,6.44,1.29,0.15,2024-02-13,2024-02-19,1,2024-02-13,2024-02-13,2024-02-19,Moderate to exceptional drought covers 16.3% of the United States including Puerto Rico.,"Long-term projections suggest that extreme precipitation events will increase in the Contiguous United States, particularly in the Pacific Northwest region.;In the short-term, the 7-day quantitative precipitation forecast suggests that several Pacific weather systems will continue to move across the contiguous U.S., potentially bringing precipitation to drought-stricken areas.",search,2024-02-12,2024-02-18,1,31
20240220,Total,65.29,34.71,16.62,6.39,1.21,0.12,2024-02-20,2024-02-26,1,2024-02-20,2024-02-20,2024-02-26,"The contiguous U.S. states experienced varying levels of precipitation, with the highest recorded in 2023 being 56.84 inches in Hawaii, and the lowest being 10.86 inches in New Mexico.","In the long-term, the influence of human-induced emissions on rainfall patterns may lead to more frequent and intense drought and precipitation events in the contiguous U.S., with potential implications for regional climate patterns.;In the short-term, it is likely that the West Coast will continue to experience heavy precipitation due to Pacific storm systems, while the Southwest and other areas may remain dry.",search,2024-02-19,2024-02-25,1,31
20240227,Total,60.65,39.35,18.09,6.51,1.25,0.12,2024-02-27,2024-03-04,1,2024-02-27,2024-02-27,2024-03-04,"The contiguous United States experienced record-breaking temperature, precipitation, and drought conditions in February 2024.","The long-term precipitation pattern is uncertain, but the availability of historical data and climate models may help predict future trends and anomalies. Note: Some parts were marked as ""NA"" because the information was not relevant to predicting Monthly Contiguous U.S. Precipitation or was not useful for making predictions.;There is a high likelihood of above-normal precipitation in the west-central contiguous U.S. in the next 1-4 weeks, according to the climate outlook for March 2024.",search,2024-02-26,2024-03-03,1,31
20240305,Total,60.25,39.75,18.32,6.54,1.27,0.12,2024-03-05,2024-03-11,1,2024-03-05,2024-03-05,2024-03-11,Precipitation was above average across much of the contiguous U.S. in February 2024.,"NA;For March 2024, the odds of above-normal precipitation are elevated for much of the west-central contiguous U.S., including California and the intermountain West.",search,2024-03-04,2024-03-10,1,31
20240312,Total,61.7,38.3,18.66,6.43,1.27,0.12,2024-03-12,2024-03-18,1,2024-03-12,2024-03-12,2024-03-18,March precipitation for the contiguous U.S. was 2.85 inches.,"In the long-term, changing precipitation patterns could significantly impact agriculture and ecosystems in the Great Lakes region.;In the short-term, it is likely that the variable precipitation patterns will continue, with some regions experiencing improvements and others experiencing degradations.",search,2024-03-11,2024-03-17,1,31
20240319,Total,63.0,37.0,17.78,5.77,1.2,0.12,2024-03-19,2024-03-25,1,2024-03-19,2024-03-19,2024-03-25,"The contiguous U.S. winter precipitation was above average, with changes in precipitation patterns in the Mississippi-Atchafalaya River Basin (MARB) affecting over 41% of the contiguous United States.","In the long term, the ongoing drought conditions and shifts in precipitation patterns may lead to a wetter-than-average spring season in some regions, particularly in the Southeast, while other areas may experience continued drought conditions.;In the short term, precipitation patterns are likely to remain varied across different regions, with a potential for above-average precipitation in the Southeast and below-average precipitation in the Northern Plains and Midwest.",search,2024-03-18,2024-03-24,1,31
20240326,Total,64.8,35.2,15.18,4.83,1.0,0.12,2024-03-26,2024-04-01,1,2024-03-26,2024-03-26,2024-04-01,The contiguous U.S. east of the Rockies and along the southern tier states received rain and snow in March 2024.,"Based on the recent wet winter and spring, it is possible that the contiguous U.S. may experience a wetter-than-normal spring, leading to continued improvements in drought conditions.;In the short-term, precipitation is expected to continue in the northeastern United States, with a Nor'easter bringing rain and snow to the region.",search,2024-03-25,2024-03-31,1,31
20240402,Total,65.53,34.47,15.12,4.61,0.99,0.12,2024-04-02,2024-04-08,1,2024-04-02,2024-04-02,2024-04-08,The average temperature of the contiguous U.S. in April 2024 is expected to be above normal.,"For the long-term future (next few months), above-normal temperatures and potential drought relief in the Corn Belt may continue, but the overall precipitation pattern remains uncertain. Note: There is limited information available to make specific predictions about Monthly Contiguous U.S. Precipitation. The provided information is mostly related to drought conditions and temperature outlooks.;For the short-term future (next 1-4 weeks), an active early spring weather pattern is expected to bring precipitation to some areas, potentially relieving drought conditions in certain regions.",search,2024-04-01,2024-04-07,1,31
20240409,Total,67.37,32.63,14.66,4.31,0.92,0.12,2024-04-09,2024-04-15,1,2024-04-09,2024-04-09,2024-04-15,The contiguous United States experienced precipitation ranking in the wettest third of the historical record for March 2024.,"The long-term precipitation pattern is difficult to predict, but the recent shift towards a more active pattern may indicate a trend towards increased precipitation in the coming months.;Increased above-normal precipitation probabilities are forecast for most of the United States in the short term (next 1-4 weeks).",search,2024-04-08,2024-04-14,1,31
20240416,Total,67.21,32.79,15.02,4.38,0.9,0.12,2024-04-16,2024-04-22,1,2024-04-16,2024-04-16,2024-04-22,"The contiguous United States experienced drought during the week of April 10-16, 2024.","The long-term future (next few months) may see a continuation of the trend of increasing extreme precipitation events and drought in the contiguous United States, with potential impacts on agriculture, water resources, and ecosystems.;Based on the current trend, it is likely that the contiguous United States will experience more extreme precipitation events in the short-term future (next 1-4 weeks).",search,2024-04-15,2024-04-21,1,31
20240423,Total,67.72,32.28,15.14,4.74,0.71,0.05,2024-04-23,2024-04-29,1,2024-04-23,2024-04-23,2024-04-29,"The contiguous U.S. experienced a ridge extending southward along the west coast, with a flat westerly flow dominating most of the CONUS, resulting in little to no precipitation.","In the next few months, it is possible that the contiguous U.S. will experience a prolonged drought, especially if precipitation remains below average.;In the next 1-4 weeks, it is likely that the contiguous U.S. will experience continued dry conditions, with minimal precipitation expected.",search,2024-04-22,2024-04-28,1,31
20240430,Total,68.36,31.64,14.23,4.83,0.71,0.05,2024-04-30,2024-05-06,1,2024-04-30,2024-04-30,2024-05-06,Precipitation across the contiguous US in April was above normal across much of the northern Plains into the Mid-Mississippi Valley and Great Lakes.,"The long-term precipitation trend in the contiguous US may be influenced by climate change, leading to more extreme climate events like heavy rainstorms and record high temperatures.;Above-normal precipitation is favored in the northern Plains into the Mid-Mississippi Valley and Great Lakes, while the southern and mid-Atlantic regions may experience below-normal precipitation.",search,2024-04-29,2024-05-05,1,31
20240507,Total,70.53,29.47,12.66,4.29,0.67,0.05,2024-05-07,2024-05-13,1,2024-05-07,2024-05-07,2024-05-13,"April precipitation for the contiguous U.S. was 2.77 inches, 0.25 inch above average, ranking in the wettest third of the historical record.","In the long-term future (next few months), climate projections suggest that the contiguous U.S. may experience a mix of wet and dry conditions, with some regions potentially experiencing increased precipitation and others experiencing drought.;In the short-term future (next 1-4 weeks), it is likely that the contiguous U.S. will continue to experience above-average precipitation, potentially leading to further alleviation of drought conditions.",search,2024-05-06,2024-05-12,1,31
20240514,Total,73.61,26.39,11.71,4.07,0.68,0.05,2024-05-14,2024-05-20,1,2024-05-14,2024-05-14,2024-05-20,"Montana saw heavy precipitation, which improved conditions across much of the state.","The trend of increasing baseflow in the US Pacific Northwest and Midwest may continue in the long-term, suggesting a wetter pattern in these regions.;Near- or above-normal precipitation is expected across most areas of the contiguous U.S. in the short-term.",search,2024-05-13,2024-05-19,1,31
