Month,Exports,Imports,OT,start_date,date,end_date,fact,preds,text_source,text_start_date,text_end_date,text_age_days,text_window_days
January 1987,17345.9,30798.5,-13452.6,1987-01-01,1987-01-01,1987-01-31,"The U.S. economy grew only 2.5% in 1986, the worst year since 1982, due to a soaring trade deficit and lagging spending.","In the long term, the economy may recover as the trade deficit is addressed and spending increases, but it will likely take time and effort to return to a strong growth trajectory. Note: The provided information is limited to a specific time period (January 1987) and does not provide a comprehensive view of the economy. Therefore, the analysis and predictions are limited in scope.Here is the filtered and summarized information relevant to making predictions about the Economy:;In the short term, the economy is likely to continue to struggle with trade deficits and slow growth, potentially leading to further economic woes.",search,1987-01-19,1987-01-25,6,31
February 1987,18853.9,29810.3,-10956.4,1987-02-01,1987-02-01,1987-02-28,The federal deficit relative to the size of the economy in the United States was more than 1 1/2 times the size of the federal deficit when the current administration came to office in 1987.,"In the long-term, the economy is likely to be shaped by the ongoing Cold War and the relationships between the United States and other major economies, such as the Soviet Union. Here is the filtered and summarized information:;In the short-term, the economy is likely to be affected by the United States' decisions on economic and military assistance to other countries, such as Liberia.",search,1987-02-16,1987-02-22,6,31
March 1987,21835.5,32464.3,-10628.8,1987-03-01,1987-03-01,1987-03-31,The United States has long been championing notions of a global free-market economy.,"The long-term impact of the US's free-market ideology and the use of Section 301 tariffs may lead to a shift in the global economic balance of power, with potential consequences for international trade and cooperation. Here is the filtered and summarized information relevant to making predictions about the Economy:;In the short term, the US may continue to use tariffs as a tool to promote its economic interests, potentially leading to trade tensions with other countries.",search,1987-03-23,1987-03-29,2,31
April 1987,20677.7,32291.1,-11613.4,1987-04-01,1987-04-01,1987-04-30,"The economic growth of Asia and the Pacific region in 1987 was diverse, with some countries experiencing double-digit growth.",NAHere is the summarized output:;NA,search,1987-04-20,1987-04-26,4,31
May 1987,20759.5,33170.0,-12410.5,1987-05-01,1987-05-01,1987-05-31,The world economic outlook is uncertain due to the economies of certain countries.,The world economy may experience a period of adjustment as countries adapt to the changing economic landscape. Here is the summarized information:;NA,search,1987-05-25,1987-05-31,0,31
June 1987,21636.7,35358.0,-13721.3,1987-06-01,1987-06-01,1987-06-30,"The Federal Reserve Board had a chairman named Arthur Burns, who was an economic adviser to five presidents and former U.S. ambassador to West Germany, and passed away on June 26, 1987.","NAAfter reviewing the search results, I found that most of the information is not relevant to making predictions about the Economy. However, I was able to extract some useful information, which I have summarized below:;NA",search,1987-06-22,1987-06-28,2,31
July 1987,21379.0,35809.9,-14430.9,1987-07-01,1987-07-01,1987-07-31,The United States has consistently welcomed foreign investors into the U.S. economy throughout its history.,NAHere is the filtered and summarized information relevant to predicting the Economy:;NA,search,1987-07-20,1987-07-26,5,31
August 1987,20079.1,33826.2,-13747.1,1987-08-01,1987-08-01,1987-08-31,The United States experienced an epidemic of narcotics and cocaine use from 1885 to 1920.,NAHere is the summarized output:;NA,search,1987-08-24,1987-08-30,1,31
September 1987,21183.7,33667.5,-12483.8,1987-09-01,1987-09-01,1987-09-30,"The International Monetary Fund (IMF) released its Annual Report 1987 on September 27, 1987, which discussed the state of the world economy and the Fund's policies and activities.","NAHere is the summarized information, filtered to focus on predicting the Economy:;NA",search,1987-09-21,1987-09-27,3,31
October 1987,22777.8,38075.6,-15297.8,1987-10-01,1987-10-01,1987-10-31,The U.S. economy has been performing well in recent years and is likely to continue moderate economic growth throughout 1989.,"Despite the short-term volatility, the U.S. economy is expected to continue its moderate growth trajectory in the long-term, driven by strong fundamentals. Here is the summarized information:;In the short-term, the economy may experience a decline in consumer confidence and spending, leading to a slowdown in economic growth.",search,1987-10-19,1987-10-25,6,31
November 1987,23278.7,35210.9,-11932.2,1987-11-01,1987-11-01,1987-11-30,"The historical events mentioned in the search results include Governor Ronald Reagan naming Caspar W. Weinberger chairman of the Commission on California State Government Organization and Economy in 1967, and the publication of ""GORBACHEV'S ECONOMIC PLANS VOLUME 1 STUDY PAPERS"" on November 23, 1987.",NAHere is the summarized output:;NA,search,1987-11-23,1987-11-29,1,31
December 1987,24314.4,35758.7,-11444.3,1987-12-01,1987-12-01,1987-12-31,"The United States was experiencing economic vulnerability in 1987, with a federal budget deficit and a decline in its status as a top economic power in the world.",NAHere is the filtered and summarized information relevant to predicting the Economy:;NA,search,1987-12-21,1987-12-27,4,31
January 1988,23161.6,33035.4,-9873.8,1988-01-01,1988-01-01,1988-01-31,"The 1988 State of the Union Address was given by President Ronald Reagan on January 25, 1988, where he discussed the state of the economy and democratic revolutions around the world.",NAHere is the summarized information:;NA,search,1988-01-25,1988-01-31,0,31
February 1988,24315.6,35494.1,-11178.5,1988-02-01,1988-02-01,1988-02-29,"The U.S. economy was in a state of expansion in 1988, with opportunities for growth and job creation.",NAHere is the summarized information:;NA,search,1988-02-22,1988-02-28,1,31
March 1988,29342.8,36998.7,-7655.9,1988-03-01,1988-03-01,1988-03-31,"The Organization for Economic Cooperation and Development (OECD) has identified the United States, Japan, Germany, France, and other economies as key players in the global economy.",NAHere is the summarized information:;NA,search,1988-03-21,1988-03-27,4,31
April 1988,26727.8,34961.1,-8233.3,1988-04-01,1988-04-01,1988-04-30,The American economy was in the longest peacetime expansion in U.S. history as of April 1988.,"NAAfter carefully reviewing the search results, I found that most of the information is not relevant to making predictions about the economy. The results appear to be a mix of unrelated topics, including airport planning, international relations, financial regulation, news magazine analysis, court cases, and book reviews. Here is the summarized information, formatted according to the instructions:;NA",search,1988-04-18,1988-04-24,6,31
May 1988,28192.7,36107.5,-7914.8,1988-05-01,1988-05-01,1988-05-31,The United States economy has created more than twice as many jobs as Europe and Japan combined.,NAHere is the summary of the search results in the 5 parts:;NA,search,1988-05-23,1988-05-29,2,31
June 1988,26802.5,38540.8,-11738.3,1988-06-01,1988-06-01,1988-06-30,"The United States was experiencing economic growth in 1988, with Mississippi sharing in the economic life of the Nation.",NAHere is the filtered and summarized information relevant to making predictions about the Economy:;NA,search,1988-06-20,1988-06-26,4,31
July 1988,25186.4,35397.3,-10210.9,1988-07-01,1988-07-01,1988-07-31,"The U.S. Dept. of Commerce, Bureau of Economic Analysis (1985) provides data on economic indicators.",NAHere is the summarized information:;NA,search,1988-07-25,1988-07-31,0,31
August 1988,26539.0,37545.4,-11006.4,1988-08-01,1988-08-01,1988-08-31,"The Omnibus Trade and Competitiveness Act of 1988 was signed into law on August 23, 1988.","NAAfter carefully reviewing the search results, I found that most of the information is not relevant to making predictions about the Economy. However, I was able to extract some useful information, which I have summarized below:;NA",search,1988-08-22,1988-08-28,3,31
September 1988,27066.6,36303.6,-9237.0,1988-09-01,1988-09-01,1988-09-30,"The Phillips curve, an economic idea, suggests that unemployment and inflation are related, with unemployment increasing when inflation rises.","NA (No long-term predictions can be made based on the provided information) Note: The search results primarily consist of speeches, debates, and government documents from 1988, which provide limited insight into current or future economic trends.Here is the filtered and summarized information relevant to making predictions about the Economy:;NA (No short-term predictions can be made based on the provided information)",search,1988-09-19,1988-09-25,5,31
October 1988,28544.1,38795.2,-10251.1,1988-10-01,1988-10-01,1988-10-31,The United States Olympic Team received financial support to help relieve economic sacrifices of athletes in 1988.,NAHere is the summarized information:;NA,search,1988-10-24,1988-10-30,1,31
November 1988,27565.2,38389.3,-10824.1,1988-11-01,1988-11-01,1988-11-30,"Japan's economic growth for 1988 is expected to be 5.2 to 5.5 percent, far above the Government's forecast at the beginning of the year of 3.8 percent.","The effects of agricultural policies on the economy and the expansion of the international economy may lead to continued growth in the long-term future. Note: There is limited information available to make specific predictions about the economy, and most of the texts are not directly related to economic predictions.Here is the summarized output:;Based on Japan's strong economic growth, it is likely that the economy will continue to experience growth in the short-term future.",search,1988-11-21,1988-11-27,3,31
December 1988,28982.1,39383.9,-10401.8,1988-12-01,1988-12-01,1988-12-31,"The United States Conference of Mayors reported that housing costs have risen beyond the means of people with menial jobs, contributing to homelessness.",NAHere is the filtered and summarized information relevant to predicting the Economy:;NA,search,1988-12-19,1988-12-25,6,31
January 1989,27540.8,36179.3,-8638.5,1989-01-01,1989-01-01,1989-01-31,"The U.S. economy grew at a robust 3.8% in 1988, the best performance in four years, despite the effects of the stock market crash and the drought.","NAAfter filtering the search results, I found that most of the information is not relevant to making predictions about the Economy. However, I was able to extract some useful information. Here is the summary:;NA",search,1989-01-23,1989-01-29,2,31
February 1989,27926.6,36548.8,-8622.2,1989-02-01,1989-02-01,1989-02-28,"The U.S. government expressed concerns over the implications of coproduction agreements for U.S. trade, economy, competition, and balance-of-payments in 1989.",NAHere is the filtered and summarized information relevant to making predictions about the Economy:;NA,search,1989-02-20,1989-02-26,2,31
March 1989,33243.3,40196.9,-6953.6,1989-03-01,1989-03-01,1989-03-31,"The Exxon Valdez oil spill on March 23, 1989, caused over $300 million of economic harm to more than 32 thousand people whose livelihoods were affected.",NAHere is the summarized information:;NA,search,1989-03-20,1989-03-26,5,31
April 1989,31052.4,38243.2,-7190.8,1989-04-01,1989-04-01,1989-04-30,"The International Monetary Fund (IMF) released its annual report in 1989, highlighting the growth of productivity in the context of the World Economic Outlook.","In the long term, the economy may experience a recovery, driven by the growth of productivity and the support of international organizations like the World Bank and IMF. Here is the summarized information, filtered to be relevant to predicting the Economy:;In the short term, the economy may continue to experience a slowdown, as indicated by the US central bank's decision to relax its restrictive course.",search,1989-04-24,1989-04-30,0,31
May 1989,31495.7,40958.6,-9462.9,1989-05-01,1989-05-01,1989-05-31,"The United States was experiencing economic issues in 1989, with Guyana facing one of the worst economic declines in the developing world.",NAHere is the summarized information:;NA,search,1989-05-22,1989-05-28,3,31
June 1989,31820.4,40544.2,-8723.8,1989-06-01,1989-06-01,1989-06-30,The United States has a policy to promote tribal self-determination and economic self-sufficiency.,NAHere is the filtered and summarized information relevant to making predictions about the Economy:;NA,search,1989-06-19,1989-06-25,5,31
July 1989,28707.7,39290.0,-10582.3,1989-07-01,1989-07-01,1989-07-31,"The U.S. economy was concerned about the economic threat from Japan in 1989, with a 3-to-1 margin of Americans more concerned by the economic threat from Japan than by the military threat from the Soviet Union.",NAHere is the filtered and summarized information:;NA,search,1989-07-24,1989-07-30,1,31
August 1989,29405.9,40440.1,-11034.2,1989-08-01,1989-08-01,1989-08-31,"The United States' economy was experiencing a significant event in 1989, as Japan surpassed the US in assets, becoming the world's richest nation.","The long-term prediction is that the US economy will continue to face challenges and competitions from other nations, particularly Japan, and will need to adapt to the changing global economic landscape. After reviewing the search results, I found that most of the information is not relevant to making predictions about the economy. However, I was able to extract some useful information from a few sources. Here is the summarized information:;NA",search,1989-08-21,1989-08-27,4,31
September 1989,29709.5,38680.1,-8970.6,1989-09-01,1989-09-01,1989-09-30,The United States was the predominant economic power in the Pacific Basin in 1989.,"In the long-term, the rise of other economic powers and shifts in global economic relations may challenge the dominant position of the United States and OPEC. Here is the summarized information:;In the short-term, it is likely that the United States will continue to exert its economic influence in the Pacific Basin, with OPEC also maintaining its position in the global energy market.",search,1989-09-18,1989-09-24,6,31
October 1989,31756.2,43536.2,-11780.0,1989-10-01,1989-10-01,1989-10-31,The United States was concerned about Japan's growing trade surplus in 1989.,NAHere is the summarized output:;NA,search,1989-10-23,1989-10-29,2,31
November 1989,30279.0,41033.0,-10754.0,1989-11-01,1989-11-01,1989-11-30,"The United States' gross national product was mentioned as a reference point for the Soviet Union's economy, valued at $2.25 trillion, which is 45% of the US GNP.","The integration of the Soviet Union's economy into the global economy could lead to increased economic growth and cooperation in the long term, but may also pose challenges for economic stability and competition. Here is the filtered and summarized information relevant to making predictions about the Economy:;NA",search,1989-11-20,1989-11-26,4,31
December 1989,30874.0,37560.5,-6686.5,1989-12-01,1989-12-01,1989-12-31,"The U.S. Bureau of the Census reported on disability, functional limitation, and health insurance coverage in 1984/85.",NAHere is the summarized output:;NA,search,1989-12-25,1989-12-31,0,31
January 1990,30664.1,40303.8,-9639.7,1990-01-01,1990-01-01,1990-01-31,The U.S. economy ended 1989 with its weakest growth in 3 1/2 years. The U.S. trade deficit also worsened during the quarter as imports rose more rapidly than exports.,"In the long term, the economy may be influenced by the passage of the Tax Fairness and Economic Growth Act of 1992, which could have a positive impact on economic growth and trade. Additionally, the growth of democracy and the deepening economic crisis in Brazil may lead to increased economic cooperation between the two nations.;In the short term, the economy may continue to experience slow growth and a widening trade deficit, potentially leading to a decrease in demand for American-made products and a further slowdown in economic growth.",search,1990-01-22,1990-01-28,3,31
February 1990,30961.8,37111.9,-6150.1,1990-02-01,1990-02-01,1990-02-28,The United States had a patchwork system of health insurance that omitted coverage of nearly one of every six citizens in 1990.,NAHere is the summarized output:;NA,search,1990-02-19,1990-02-25,3,31
March 1990,35970.6,42339.3,-6368.7,1990-03-01,1990-03-01,1990-03-31,The United States government emphasizes the importance of a healthy and growing economy for national security and survival.,"In the long term, the US government's efforts to promote economic cooperation and stability with other countries may lead to increased economic growth and development.;In the short term, it is likely that the US government will continue to prioritize economic growth and stability, with a focus on promoting fair trade and investment practices.",search,1990-03-19,1990-03-25,6,31
April 1990,32617.1,39143.9,-6526.8,1990-04-01,1990-04-01,1990-04-30,"The United States has been prioritizing certain foreign markets for economic interests, and many countries have made progress in this regard.","NAHere is the summarized information, filtered to focus on predictions about the Economy:;NA",search,1990-04-23,1990-04-29,1,31
May 1990,33538.7,40846.3,-7307.6,1990-05-01,1990-05-01,1990-05-31,"Objective facts about the Economy situation: The book ""Structures of Capital: The Social Organization of the Economy"" was published in 1990, which suggests that there was an interest in understanding the economy and its structures during that time.",Predictions you can make for the long-term future (next few months): NAHere is the summarized information:;Predictions you can make for the short-term future (next 1-4 weeks): NA,search,1990-05-21,1990-05-27,4,31
June 1990,34470.2,40946.2,-6476.0,1990-06-01,1990-06-01,1990-06-30,"The economic viability of Quebec is no longer in doubt, according to John Kenneth Galbraith, a Harvard economist.",NAHere is the summarized information relevant to making predictions about the Economy:;NA,search,1990-06-18,1990-06-24,6,31
July 1990,30736.2,41495.1,-10758.9,1990-07-01,1990-07-01,1990-07-31,"The Soviet economy is in a state of crisis, with official figures released on July 27, 1990, showing a decline in the economy.","In the long term, the Soviet economic crisis may lead to significant changes in the global economic landscape, potentially resulting in a shift in economic power dynamics and new opportunities for economic growth and cooperation. Note: The majority of the search results were not relevant to making predictions about the Economy, and therefore, most parts were left blank.After filtering through the search results, I found that most of the information is not relevant to making predictions about the economy. However, I was able to extract some useful information from a few sources. Here is the summarized information:;In the short term, it is likely that the Soviet economy will continue to struggle, potentially leading to increased economic uncertainty and volatility in the global market.",search,1990-07-23,1990-07-29,2,31
August 1990,31722.9,42231.8,-10508.9,1990-08-01,1990-08-01,1990-08-31,"The United States had a healthy economy in 1990, with a sharp rise in the number of rich people attributed to a healthy economy and major tax law changes.",NAHere is the summarized information:;NA,search,1990-08-20,1990-08-26,5,31
September 1990,31444.3,40601.5,-9157.2,1990-09-01,1990-09-01,1990-09-30,"The United States had a significant presence in the global economy in 1990, with a strong position in international trade and investment.","In the long term, the US economy was likely to continue to evolve and adapt to changes in the global economy, with potential opportunities for growth and investment in emerging markets and industries. Note: The information provided is limited to a specific time period (September 1990) and may not be directly applicable to current economic conditions.Here is the summarized information:;In the short term, the US economy was likely to continue to experience fluctuations in growth and trade, with potential impacts from international agreements and diplomatic relations.",search,1990-09-24,1990-09-30,0,31
October 1990,35310.3,47394.8,-12084.5,1990-10-01,1990-10-01,1990-10-31,"The United States is willing to normalize relations with Vietnam, and critics argue that the trade embargo on Vietnam has affected the U.S. economy.","In the long term, it is possible that socialist economies like Tanzania's will continue to face challenges, while countries like Jamaica will need to implement effective debt management strategies to stabilize their economies. Here is the filtered and summarized information relevant to making predictions about the Economy:;In the short term, it is likely that the United States will continue to prioritize economic cooperation and development, particularly in regions such as the Pacific and Africa.",search,1990-10-22,1990-10-28,3,31
November 1990,33267.0,43795.9,-10528.9,1990-11-01,1990-11-01,1990-11-30,The economy of Eritrea faces socio-economic challenges after independence.,"In the long-term, it is possible that the transition to a market economy in countries like the Soviet Union will lead to significant changes in the global economic landscape. Here is the summary of the search results:;In the short-term, it is likely that economic sanctions on Iraq will continue to have a slow impact, and the United States economy will continue to face challenges.",search,1990-11-19,1990-11-25,5,31
December 1990,32889.0,39100.1,-6211.1,1990-12-01,1990-12-01,1990-12-31,"The U.S. labor force is facing serious shortages of qualified labor, with a conservatively estimated shortage.","The labor shortages and economic challenges faced by the U.S. in 1990 may lead to long-term structural changes in the economy, potentially affecting economic growth and development. Here is the filtered and summarized information:;NA",search,1990-12-24,1990-12-30,1,31
January 1991,33165.0,40243.7,-7078.7,1991-01-01,1991-01-01,1991-01-31,"As of January 1991, there are preliminary signs that the U.S. economy is recovering, according to Alan Greenspan.","In the long term, the U.S. economy will likely continue to recover, but it will be influenced by various factors such as international relations and domestic policies. Note: The provided information is limited and mostly related to news articles from January 1991. The predictions are based on the analysis of the current situation and the potential impact of the Gulf crisis on the U.S. economy.Here is the filtered and summarized information relevant to making predictions about the Economy:;If the Gulf crisis ends on a happy note for the United States, it could lead to short-term economic growth in the next 1-4 weeks.",search,1991-01-21,1991-01-27,4,31
February 1991,32774.7,36975.9,-4201.2,1991-02-01,1991-02-01,1991-02-28,"The United States had the running room to look to its own national economic interests in 1991, following the end of the Cold War.","The long-term effects of the Gulf War on the economy are uncertain, but it is likely that the U.S. will continue to play a significant role in shaping the global economy. Here is the summarized output:;The economy is likely to continue to be affected by the Gulf War in the short term, with potential fluctuations in the market and economic indicators.",search,1991-02-18,1991-02-24,4,31
March 1991,36819.8,38708.3,-1888.5,1991-03-01,1991-03-01,1991-03-31,"The U.S. economy shrank at an annual rate of 1.6 percent in the first quarter of 1991, indicating a milder slump.","In the long-term, the economy may recover from the current slowdown, but it will depend on various factors, including government policies and international economic strategies. Note: The other search results did not provide relevant information for predicting the economy, so they were discarded.Here is the summarized information:;In the short-term, the economy may continue to experience a slowdown, but the decline in GNP rate may indicate a stabilization of the economy.",search,1991-03-25,1991-03-31,0,31
April 1991,36137.0,39547.7,-3410.7,1991-04-01,1991-04-01,1991-04-30,The United States and other G-7 nations were likely to resume efforts to place the Soviet economy under the tutelage and patronage of the IMF and World Bank in 1991.,"The economy would likely be shaped by international events, such as the rise of the IMF and World Bank, and the end of the Cold War, leading to a shift in global economic power dynamics. After carefully reviewing the search results, I found that most of the information is not relevant to making predictions about the Economy. However, I was able to extract some useful information from a few sources.;It is likely that the U.S. economy would continue to experience a recession in the short-term future, given the business cycle peak in July 1990.",search,1991-04-22,1991-04-28,2,31
May 1991,36023.6,40181.3,-4157.7,1991-05-01,1991-05-01,1991-05-31,"The Soviet Union was seeking $100 billion in aid from the West in 1991, highlighting the country's economic struggles.","In the long-term, the trend towards economic liberalization and cooperation between communist and capitalist countries may lead to a more integrated global economy, with potential benefits for economic growth and development. Here is the summarized information in 5 parts:;In the short-term, it is likely that the Soviet Union will continue to face economic challenges, and may need to make significant reforms to attract foreign aid and investment.",search,1991-05-20,1991-05-26,5,31
June 1991,35479.8,39428.2,-3948.4,1991-06-01,1991-06-01,1991-06-30,The European Council confirms the determination of the Community and its member States to contribute to the economic and social development of all peoples in,"In the long-term, the economic crisis in India may lead to significant economic reforms and restructuring, potentially leading to a more stable economy Note: The information provided is limited and mostly related to specific events or news articles from 1991, making it difficult to make more general predictions about the economy.Here is the filtered and summarized information about the Economy:;In the short-term, India's economic crisis may lead to increased reliance on external aid, potentially affecting its economic sovereignty",search,1991-06-24,1991-06-30,0,31
July 1991,33443.9,41337.8,-7893.9,1991-07-01,1991-07-01,1991-07-31,The Federal share of the cost of activities described in the State economic development agency is mentioned in Public Law 102-73.,NAHere is the summarized information:;NA,search,1991-07-22,1991-07-28,3,31
August 1991,33632.7,41082.4,-7449.7,1991-08-01,1991-08-01,1991-08-31,"Objective facts about the Economy situation: The Indian government devalued the currency in July 1991. The United States is one of the world's leading exporters of rice, supplying about 20 percent of the rice in world trade. Total foreign investment in the Soviet Union is a mere $3.151 billion. The ratio of the Commonwealth budget sector's total debt outstanding to GDP in the United States, Canada, and the United Kingdom was 35%, 27%, and 0%, respectively.",Predictions you can make for the long-term future (next few months): The economic instability in India may lead to further economic reforms or policy changes. The US's economic strength in the agricultural sector may continue to drive its exports and economy. Here is the filtered and summarized information:;Predictions you can make for the short-term future (next 1-4 weeks): NA,search,1991-08-19,1991-08-25,6,31
September 1991,34391.3,41501.9,-7110.6,1991-09-01,1991-09-01,1991-09-30,The United States Government argued that Haitians' reasons for fleeing their country were mostly economic in nature and not political in 1991.,"In the long term, the emphasis on economic progress and cooperation among nations may lead to increased global economic stability and growth. Here is the summarized information:;In the short term, the United States and other industrial democracies may need to provide support to economies in transition, such as the Soviet Union.",search,1991-09-23,1991-09-29,1,31
October 1991,37896.5,46631.0,-8734.5,1991-10-01,1991-10-01,1991-10-31,"The United States government allocated $169 million in counternarcotics aid to Peru, including $100 million in economic aid.","In the long term, the US economy may recover from its stall, and international economic cooperation may lead to increased global economic growth and stability. Note: The information provided is limited and mainly focused on international economic aid and the US economy in 1991. There is not enough data to make more specific or accurate predictions.Here is the filtered and summarized information:;In the short term, it is likely that the US government will continue to allocate economic aid to countries like Peru, and may implement policies to stimulate the domestic economy.",search,1991-10-21,1991-10-27,4,31
November 1991,36969.6,41911.2,-4941.6,1991-11-01,1991-11-01,1991-11-30,"The United States was planning to provide $1.5 billion in food aid to the Soviet people in 1991, indicating economic struggles in the Soviet Union.",NAHere is the summarized information relevant to predicting the Economy:;NA,search,1991-11-18,1991-11-24,6,31
December 1991,34996.1,40903.7,-5907.6,1991-12-01,1991-12-01,1991-12-31,"Objective facts about the Economy situation: The US was experiencing a recession in 1991, with a ""blue-collar recession"" affecting the working class. The Soviet economy was in decline, and the CIA had foreseen this decline. The US Strategic Petroleum Reserve was considered as a means to limit price increases and economic damage.",Predictions you can make for the long-term future (next few months): NAHere is the filtered information useful for making predictions about the Economy:;Predictions you can make for the short-term future (next 1-4 weeks): NA,search,1991-12-23,1991-12-29,2,31
January 1992,34514.3,39984.9,-5470.6,1992-01-01,1992-01-01,1992-01-31,"The United States had economic issues in 1992, including a struggling economy in Albania, concerns about the government securities market, and tensions with France and Japan.","In the long-term, the economy may see some growth and development, particularly in local areas, but it will likely take time and effort to address the underlying issues and challenges. Note: The information provided is limited to the given search results and may not be comprehensive or up-to-date.Here is the summarized information:;In the short-term, the economy is likely to continue facing challenges, including a possible decline in the government securities market and ongoing tensions with France and Japan.",search,1992-01-20,1992-01-26,5,31
February 1992,36897.5,39075.0,-2177.5,1992-02-01,1992-02-01,1992-02-29,"The United States has used economic sanctions as an important tool of foreign policy, and sanctions have been used with greater frequency in recent times.","In the long-term, the economy may benefit from increased investment, particularly from foreign investors, as the economy improves and channel capacity increases. Note: The information provided is limited to events and data from 1992, which may not be directly relevant to making predictions about the current economy.Here is the summarized information:;In the short-term, the economy may experience some volatility due to the use of economic sanctions and the disbursement of economic assistance to other countries.",search,1992-02-17,1992-02-23,6,31
March 1992,39816.9,43343.9,-3527.0,1992-03-01,1992-03-01,1992-03-31,"The economic impact of asthma in the United States was significant, with 43% of its economic impact associated with morbidity and mortality.",NAHere is the summarized information:;NA,search,1992-03-23,1992-03-29,2,31
April 1992,37153.4,42924.3,-5770.9,1992-04-01,1992-04-01,1992-04-30,"The United States is considering an agreement on a treaty to cut emissions, with a new analysis showing that the economic costs may not be as high as previously thought.","In the long-term, the economy may be impacted by the outcome of the emissions treaty and the success of Russia's economic reconversion. Here is the filtered and summarized information relevant to making predictions about the Economy:;In the short-term, there may be increased focus on economic data accessibility and discussion around emissions cuts.",search,1992-04-20,1992-04-26,4,31
May 1992,36736.5,42146.0,-5409.5,1992-05-01,1992-05-01,1992-05-31,"The United States experienced significant foreign direct investment in the 1980s, which challenged the assumption of a self-sufficient economy.","In the long-term, the US economy may need to adapt to a more globalized economy, with increased competition and interdependence with foreign firms. Note: The provided search results are mostly from 1992, which is an outdated time frame for making predictions about the current economy. Therefore, the insights and predictions made are limited and based on general economic principles rather than current data.Here is the filtered information relevant to making predictions about the Economy:;In the short-term, the economy may experience increased competition from foreign firms, potentially leading to calls for protectionist measures.",search,1992-05-25,1992-05-31,0,31
June 1992,39094.6,45811.5,-6716.9,1992-06-01,1992-06-01,1992-06-30,The European Council believes that the European Community and its Member States should contribute to the prosperity of their respective peoples in the world economy.,"In the long term, we can expect the ratification of international treaties and agreements that promote economic, social, and cultural rights, and further integration of nations into the world economy.Here is the summarized information:;In the short term, we can expect continued efforts towards economic cooperation and integration, with a focus on promoting economic growth and prosperity.",search,1992-06-22,1992-06-28,2,31
July 1992,35979.2,45872.4,-9893.2,1992-07-01,1992-07-01,1992-07-31,"The United States government has been taking steps to promote economic development in distressed areas, create jobs, and assist start-up companies through initiatives such as Industrial Development Bonds.","In the long term, the focus on education and economic development is likely to lead to improved economic outcomes, but the impact of the current economic slump may take time to overcome. Note: The provided search results are mostly from 1992, which may not be directly relevant to predicting the current economy. However, I have tried to extract some general insights and analysis from the available information.Here is the summarized information about the Economy:;In the short term, it is likely that the government will continue to implement policies to stimulate economic growth and address income disparities.",search,1992-07-20,1992-07-26,5,31
August 1992,34838.2,45055.0,-10216.8,1992-08-01,1992-08-01,1992-08-31,"The Japanese government still borrows money to stimulate the economy, similar to local governments in the United States.","In the long term, the growing income gap in the United States may lead to increased economic inequality and social unrest, potentially affecting the overall economic stability of the country. Note: The other search results did not provide useful information for predicting the economy.Here is the filtered and summarized information:;In the short term, Japan's economic recovery plan may face challenges in stimulating the economy, potentially leading to slow growth or stagnation.",search,1992-08-24,1992-08-30,1,31
September 1992,36811.6,46502.8,-9691.2,1992-09-01,1992-09-01,1992-09-30,The United States aims to complete the Uruguay round of the GATT negotiations as soon as possible and create a network of trade agreements to boost its economic engine.,NAHere is the summarized information relevant to making predictions about the Economy:;NA,search,1992-09-21,1992-09-27,3,31
October 1992,40115.1,49820.2,-9705.1,1992-10-01,1992-10-01,1992-10-31,"The Energy Policy Act of 1992 was enacted on October 24, 1992, which aimed to improve energy efficiency and reduce dependence on foreign oil.",NAHere is the summarized information:;NA,search,1992-10-19,1992-10-25,6,31
November 1992,37670.5,46313.2,-8642.7,1992-11-01,1992-11-01,1992-11-30,"The U.S. economy was still sluggish in 1992, affecting pocketbooks, businesses, and presidential politics.",NAHere is the summarized output:;NA,search,1992-11-23,1992-11-29,1,31
December 1992,38536.7,45812.5,-7275.8,1992-12-01,1992-12-01,1992-12-31,"The International Monetary Fund (IMF) released its annual report in 1992, highlighting the weakness in many areas of the world economy.","In the long term, the economy may trend towards greater integration and competition, with a focus on budgetary rigor and competitiveness, but also potentially leading to increased income inequality and decline of the middle class. Here is the summarized information:;In the short term, it is likely that the world economy will continue to experience weakness and volatility, with potential for rapid growth in certain regions like Vietnam.",search,1992-12-21,1992-12-27,4,31
January 1993,35957.9,42057.7,-6099.8,1993-01-01,1993-01-01,1993-01-31,"The United States government established the National Economic Council on January 25, 1993, to oversee economic policy.","In the long term, the establishment of the National Economic Council may lead to more significant and sustained economic growth, as well as a more stable economic environment, as the council works to address underlying economic issues and implement effective policies. Note: The majority of the search results were not relevant to making predictions about the economy, so the summary is limited to the few results that were relevant.Here is the summarized information about the Economy:;In the short term, we can expect the National Economic Council to begin implementing policies and strategies to improve the economy, potentially leading to incremental changes in economic indicators.",search,1993-01-25,1993-01-31,0,31
February 1993,36070.4,41816.7,-5746.3,1993-02-01,1993-02-01,1993-02-28,"The United States government recognized the importance of technology in driving economic growth in 1993, with technological advances responsible for as much as two-thirds of productivity growth.",NAHere is the summarized output:;NA,search,1993-02-22,1993-02-28,0,31
March 1993,41998.5,50744.6,-8746.1,1993-03-01,1993-03-01,1993-03-31,"The 1991 United Nations-sponsored peace agreement aimed to end the civil war in Angola, which was fought between the Soviet- and Cuban-backed Popular Liberation Movement of Angola (MPLA) government and the United States-backed National Union for the Total Independence of Angola (UNITA).",NAHere is the filtered and summarized information relevant to making predictions about the Economy:;NA,search,1993-03-22,1993-03-28,3,31
April 1993,39420.5,47850.1,-8429.6,1993-04-01,1993-04-01,1993-04-30,"The United States government delivered a speech on the economy on April 25, 1993, and issued the Vancouver Declaration: Joint Statement on the economic plan.","NA (No specific predictions can be made based on this information) Note: The provided information is mostly related to events and speeches that took place in 1993, which is not relevant to making predictions about the current economy. Therefore, most parts are either NA or do not contain relevant information.Here is the summarized output:;NA (No specific predictions can be made based on this information)",search,1993-04-19,1993-04-25,5,31
May 1993,39869.7,46330.0,-6460.3,1993-05-01,1993-05-01,1993-05-31,"The United States government has been involved in various economic policies and agreements, including the renewal of most favored nation status for China, implementation of trade agreements, and economic sanctions against Eritrea.","In the long term, the growing economy of China may lead to shifts in global economic power dynamics, potentially impacting US economic policies and relations with other countries. Note: The provided search results are mostly related to specific events and policies in 1993, which may not have direct implications for current economic predictions. However, I have tried to extract relevant information and provide insights based on the available data.Here is the filtered and summarized information relevant to making predictions about the Economy:;In the short term, it is likely that the US will continue to engage in trade negotiations and agreements, potentially leading to increased economic cooperation and growth.",search,1993-05-24,1993-05-30,1,31
June 1993,38623.3,50361.4,-11738.1,1993-06-01,1993-06-01,1993-06-30,"The International Monetary Fund (IMF) released its annual report in 1993, highlighting the state of the world economy.",NAHere is the filtered and summarized information:;NA,search,1993-06-21,1993-06-27,3,31
July 1993,35464.2,48316.8,-12852.6,1993-07-01,1993-07-01,1993-07-31,"The Federal Reserve abandoned its policy tied to money supply in July 1993, under the Humphrey Hawkins Act of 1978.","In the long-term, Cuba's legalization of the US dollar may lead to increased economic integration with the US, potentially benefiting both countries. Here is the summarized information:;In the short-term, the US economy may experience some fluctuations due to the Federal Reserve's policy change, but it is unclear what the exact impact will be.",search,1993-07-19,1993-07-25,6,31
August 1993,36876.3,48610.1,-11733.8,1993-08-01,1993-08-01,1993-08-31,"The book ""Friends or Strangers: The Impact of Immigrants on the U.S. Economy"" by Borjas concluded that immigrants have an impact on the U.S. economy.","NA Note: The provided search results are mostly from 1993 and do not provide any current or recent information about the economy. The information is mostly related to immigration and its impact on the economy, but it does not provide any useful insights or data to make predictions about the economy.Here is the summary of the search results:;NA",search,1993-08-23,1993-08-29,2,31
September 1993,37955.5,50526.8,-12571.3,1993-09-01,1993-09-01,1993-09-30,"The economy of Puerto Rico is closely integrated with that of the United States mainland, with total trade amounting to US$ 28.7 billion by 1992.","In the long-term, the US economy may experience increased integration with other economies, such as Puerto Rico, leading to further economic growth and development. Note: The information provided is limited and mostly focused on specific events or situations in 1993, making it challenging to make more general predictions about the economy.Here is the summarized information:;In the short-term, the US economy is likely to experience continued growth and development, driven by its emphasis on free trade and economic growth.",search,1993-09-20,1993-09-26,4,31
October 1993,41147.6,53889.3,-12741.7,1993-10-01,1993-10-01,1993-10-31,"The fiscal deficit in the United States rose to US$ 290 billion, or 4.9% of the gross domestic product (GDP) in 1993.","In the long term, the economy may struggle with the implications of large fiscal deficits and government intervention, potentially leading to slower economic growth and higher unemployment. Here is the summarized information:;In the short term, the large fiscal deficit and government intervention in financial markets may lead to increased inflation and interest rates in the US.",search,1993-10-25,1993-10-31,0,31
November 1993,40293.8,51433.5,-11139.7,1993-11-01,1993-11-01,1993-11-30,"The United States was involved in various economic and environmental initiatives in 1993, including the establishment of the National Science and Technology Council, the apology to Native Hawaiians, and the Louisiana Coastal Wetlands Restoration Plan.",NAHere is the filtered and summarized information relevant to making predictions about the Economy:;NA,search,1993-11-22,1993-11-28,2,31
December 1993,41412.2,48719.2,-7307.0,1993-12-01,1993-12-01,1993-12-31,"The economy of Western Europe experienced rapid growth from 1950 to 1970, with West Germany being the largest economy.",NAHere is the summary of the useful filtered information:;NA,search,1993-12-20,1993-12-26,5,31
January 1994,37560.5,46514.1,-8953.6,1994-01-01,1994-01-01,1994-01-31,The U.S. economy produced 1.6 million private sector jobs in 1993.,"The economy is likely to experience sustained growth in the long-term, driven by government reforms and increased economic activity.;The economy is likely to continue its recovery in the short-term, with an increase in job creation and economic activity.",search,1994-01-24,1994-01-30,1,31
February 1994,37125.6,46653.7,-9528.1,1994-02-01,1994-02-01,1994-02-28,"The United States economy was a topic of concern during the 1994 Presidential campaign, with President Bill Clinton expressing worries about the country's economic standing.",NAHere is the filtered information relevant to making predictions about the Economy:;NA,search,1994-02-21,1994-02-27,1,31
March 1994,46138.6,54662.7,-8524.1,1994-03-01,1994-03-01,1994-03-31,"The Federal Open Market Committee Meeting on March 22, 1994, discussed the economic and financial information available at the time, including the economy and financial markets in the United States.",NAHere is the filtered and summarized information relevant to predicting the Economy:;NA,search,1994-03-21,1994-03-27,4,31
April 1994,41586.9,51471.7,-9884.8,1994-04-01,1994-04-01,1994-04-30,The Clinton Administration estimated that the benefits of banning smoking in all public places in the United States would outweigh the costs by at least $12 billion annually.,NAHere is the summarized information:;NA,search,1994-04-18,1994-04-24,6,31
May 1994,42215.3,52986.7,-10771.4,1994-05-01,1994-05-01,1994-05-31,"Objective facts about the Economy situation: The US economy was a global wonder in 1994, with the third-largest economy in the world. The onset of the Great Depression and declining markets for Haitian products, especially coffee, produced economic hardships and contributed to increased unrest in Haiti.",Predictions you can make for the long-term future (next few months): NAHere is the summarized information about the Economy situation in 1994:;Predictions you can make for the short-term future (next 1-4 weeks): NA,search,1994-05-23,1994-05-29,2,31
June 1994,43424.0,57138.9,-13714.9,1994-06-01,1994-06-01,1994-06-30,"Objective facts about the Economy situation: The United States government is committed to increasing its share of the global tourism market, as reiterated by President Bill Clinton in 1994 . The GI Bill of Rights, enacted in 1944, paved the way for an unparalleled period of U.S. economic growth .","Predictions for the long-term future (next few months): The government's efforts to increase tourism and promote economic growth are likely to continue, leading to further economic development and growth in the United States .Here is the summarized information, filtered to focus on predicting the Economy:;Predictions for the short-term future (next 1-4 weeks): NA",search,1994-06-20,1994-06-26,4,31
July 1994,39218.1,54806.9,-15588.8,1994-07-01,1994-07-01,1994-07-31,The economic situation in Nigeria has continued to deteriorate in 1994.,"The long-term impact of international agreements and programs on economic development and cooperation among nations may be significant, but it is difficult to predict specific outcomes. Here is the summarized information:;NA",search,1994-07-25,1994-07-31,0,31
August 1994,43589.0,59303.5,-15714.5,1994-08-01,1994-08-01,1994-08-31,"The United States government has enacted various laws and executive orders related to the economy, including Executive Order 12924, which invokes the International Emergency Economic Powers Act.","In the long term, the economy may benefit from the government's efforts, potentially leading to growth and increased stability. However, the impact of the economic embargo on Cuba and other international trade policies remains to be seen. After filtering the search results, I found that most of the information is not relevant to making predictions about the economy. However, I was able to extract some useful information from a few sources. Here is the summarized information:;In the short term, we can expect the government to continue implementing measures to boost the economy, potentially including further executive orders or legislation.",search,1994-08-22,1994-08-28,3,31
September 1994,43766.5,58879.4,-15112.9,1994-09-01,1994-09-01,1994-09-30,"The United States government was actively engaged in international economic agreements and treaties in September 1994, including a extradition treaty with the Bahamas and a convention on nuclear safety.",NAHere is the summarized information:;NA,search,1994-09-19,1994-09-25,5,31
October 1994,45313.6,61969.8,-16656.2,1994-10-01,1994-10-01,1994-10-31,"The United States government passed laws and executive orders related to economy, trade, and international relations in October 1994.","NA Note: The provided search results are mainly focused on specific events and laws passed in October 1994, and do not provide enough information to make predictions about the economy in the short-term or long-term future.Here is the filtered and summarized information relevant to predicting the Economy:;NA",search,1994-10-24,1994-10-30,1,31
November 1994,45673.7,61334.0,-15660.3,1994-11-01,1994-11-01,1994-11-30,"The United States is in a privileged situation in terms of land, food, and population, with market-oriented economic reform providing the surest path to economic growth.","In the long-term, the U.S. economy is likely to continue to evolve, with a greater focus on market-oriented reforms, privatization, and technological advances, but may also face increased competition from other economies and challenges in maintaining its sovereignty. Here is the summary of the useful filtered information:;In the short-term, the U.S. economy is likely to continue its growth trajectory, driven by market-oriented reforms and technological advances, but may also face challenges in maintaining its international dominance.",search,1994-11-21,1994-11-27,3,31
December 1994,47013.3,57530.4,-10517.1,1994-12-01,1994-12-01,1994-12-31,"The economy of Mexico was affected by the 1982 debt crisis, Chiapas, NAFTA, and had 65% of the indigenous population living in the eight poorest states.",NAHere is the summarized output:;NA,search,1994-12-19,1994-12-25,6,31
January 1995,43632.2,57292.9,-13660.7,1995-01-01,1995-01-01,1995-01-31,"Objective facts about the Monthly international trade balance of U.S. situation: The January 1995 trade deficit was $12.2 billion, a $5.0 billion increase from December 1994. Exports of goods decreased to $44.0 billion, while imports of goods increased to $61.2 billion. The services surplus decreased to $5.0 billion.","Long-term predictions (next 4-18 months): In the long term, the trade deficit may stabilize or even decrease as the U.S. economy adjusts to changes in the global market. The government may implement policies to increase exports and reduce imports, such as trade agreements or tariffs. Additionally, the U.S. dollar may depreciate, making exports more competitive. Based on the provided excerpt from the U.S. Census Bureau's report on Monthly International Trade in Goods and Services from 1995-01-01 to 1995-01-31, I've filtered the results to find information useful for making predictions about the Monthly international trade balance of the U.S. Here are the filtered results, summarized into 5 parts:;Short-term predictions (next 1-3 months): The trade deficit is likely to continue to increase in the short term, as the economy adjusts to changes in global demand and supply. Exports may continue to decline, while imports may increase further, leading to a widening trade gap.",report,1995-01-01,1995-01-31,0,31
February 1995,44997.8,55217.1,-10219.3,1995-02-01,1995-02-01,1995-02-28,"Objective facts about the Monthly international trade balance of U.S. situation** * The U.S. trade deficit decreased to $9.0 billion in February 1995, $2.9 billion less than the January deficit of $12.0 billion. * Exports of goods and services increased to $62.4 billion, $1.5 billion more than January exports of $61.0 billion. * Imports of goods and services decreased to $71.4 billion, $1.5 billion less than January imports of $72.9 billion. **","Long-term predictions (next 4-18 months)** * The trade balance is likely to continue to fluctuate in response to changes in global economic conditions, trade policies, and currency fluctuations. * The U.S. economy is expected to continue growing, driven by domestic consumption and investment, which could lead to increased imports and a potential widening of the trade deficit. Here are the filtered results and my analysis: **;Short-term predictions (next 1-3 months)** * The trade deficit is likely to continue to decrease or remain stable in the short term, driven by the recent trends in exports and imports. * The U.S. dollar is expected to remain strong, supporting exports and potentially leading to further decreases in the trade deficit. **",report,1995-02-01,1995-02-28,0,31
March 1995,52579.2,63583.6,-11004.4,1995-03-01,1995-03-01,1995-03-31,"Objective facts about the Monthly international trade balance of U.S. situation: The U.S. trade deficit in goods and services was $9.1 billion in March 1995, virtually unchanged from February 1995. Exports of goods and services increased to $65.3 billion, while imports of goods and services increased to $74.5 billion.","Long-term predictions (next 4-18 months): In the long term, the trade deficit is likely to remain a concern, unless there are significant changes in trade policies or global economic conditions. The U.S. economy is expected to continue growing, but the trade deficit may widen if imports continue to outpace exports. Here are the filtered results, summarized into 5 parts:;Short-term predictions (next 1-3 months): Based on the current trend, it is likely that the trade deficit will continue to remain around $9-10 billion per month. Exports and imports are expected to continue growing, driven by the strengthening economy.",report,1995-03-01,1995-03-31,0,31
April 1995,47807.7,59792.7,-11985.0,1995-04-01,1995-04-01,1995-04-30,"The United States v. Lopez case (514 U.S. 549) was decided on April 26, 1995, and ruled that the possession of a gun in a local school zone is not an economic activity that substantially affects interstate commerce.",NAHere is the filtered and summarized information related to predicting the Economy:;NA,search,1995-04-24,1995-04-30,0,31
May 1995,49854.9,63198.4,-13343.5,1995-05-01,1995-05-01,1995-05-31,"Objective facts about the Monthly international trade balance of U.S. situation** * The total exports of goods and services in May 1995 were $64.8 billion, and total imports were $76.2 billion, resulting in a goods and services deficit of $11.4 billion. * The goods deficit was unchanged at $16.5 billion, and the services surplus was unchanged at $5.1 billion. * Exports of goods increased to $47.8 billion from $46.9 billion, and imports of goods increased to $64.2 billion from $63.5 billion. **","Long-term predictions (next 4-18 months)** * The trade deficit may continue to be a concern, potentially leading to currency fluctuations and impacting the overall economy. * There may be opportunities for the U.S. to increase its exports, particularly in services, which could help narrow the trade deficit. Here are the filtered results and my analysis: **;Short-term predictions (next 1-3 months)** * The trade deficit is likely to persist in the short term, given the current trends in exports and imports. * There may be some fluctuations in the trade balance due to seasonal factors, but the overall trend is likely to remain unchanged. **",report,1995-05-01,1995-05-31,0,31
June 1995,49392.2,64090.5,-14698.3,1995-06-01,1995-06-01,1995-06-30,"Objective facts about the Monthly international trade balance of U.S. situation: The U.S. trade deficit in goods and services increased to $11.3 billion in June 1995, up from $11.0 billion in May. Exports of goods decreased to $47.4 billion, while imports of goods decreased to $63.8 billion. The services surplus remained unchanged at $5.1 billion.","Long-term predictions (next 4-18 months): In the long term, the trade deficit may continue to be a concern, potentially leading to inflationary pressures and a decrease in the value of the U.S. dollar. The U.S. economy may need to adjust to a new trade reality, with a potential shift towards more domestic production and consumption. Here is the filtered information useful for making predictions about the Monthly international trade balance of the U.S.:;Short-term predictions (next 1-3 months): Based on the current trend, it is likely that the trade deficit will continue to increase in the short term. Exports and imports may continue to decrease, leading to a further widening of the trade gap.",report,1995-06-01,1995-06-30,0,31
July 1995,44389.3,61856.7,-17467.4,1995-07-01,1995-07-01,1995-07-31,Objective facts about the Monthly international trade balance of U.S. situation** * The U.S. trade deficit in goods and services increased by $0.2 billion to $11.5 billion in July 1995 compared to June 1995. * Exports of goods and services decreased by $1.5 billion to $63.1 billion in July 1995 compared to June 1995. * Imports of goods and services decreased by $1.3 billion to $74.6 billion in July 1995 compared to June 1995. * The goods deficit increased to $16.6 billion in July 1995 from $16.5 billion in June 1995. * The services surplus decreased to $5.1 billion in July 1995 from $5.2 billion in June 1995. **,"Long-term predictions (next 4-18 months)** * The trade deficit may decrease if the U.S. economy experiences a growth in exports, particularly in advanced technology products. * The slowdown in international trade may be a temporary phenomenon, and trade is likely to recover in the long term. Here is the filtered information useful for making predictions about the Monthly international trade balance of the U.S.:;Short-term predictions (next 1-3 months)** * The trade deficit is likely to continue to increase if exports do not recover. * The slowdown in international trade may continue in the short term. **",report,1995-07-01,1995-07-31,0,31
August 1995,48972.2,64452.1,-15479.9,1995-08-01,1995-08-01,1995-08-31,"Objective facts about the Monthly international trade balance of U.S. situation** * The goods and services deficit was $8.8 billion in August 1995, $2.4 billion less than the $11.2 billion in July, revised. * Exports of goods and services were $65.7 billion, while imports were $74.6 billion. * The goods deficit decreased to $13.8 billion from $16.2 billion in July, and the services surplus was unchanged at $5.0 billion. **","Long-term predictions (next 4-18 months)** * The trade balance is likely to remain in deficit, but the trend may continue to improve as the US economy grows and exports increase. * The services surplus is expected to remain a key contributor to the overall trade balance, driven by the country's strong services sector. Here are the filtered results and my analysis: **;Short-term predictions (next 1-3 months)** * The trade deficit is likely to continue to narrow in the short term, driven by strong exports of capital goods and consumer goods. * The services surplus is expected to remain stable, supporting the overall trade balance. **",report,1995-08-01,1995-08-31,0,31
September 1995,49723.5,63416.0,-13692.5,1995-09-01,1995-09-01,1995-09-30,"Objective facts about the Monthly international trade balance of U.S. situation: * The goods and services deficit was $8.3 billion, virtually the same as August. * Exports of goods and services were $67.2 billion, while imports were $75.6 billion. * The goods deficit increased to $13.7 billion, and the services surplus increased to $5.4 billion.","Long-term predictions (next 4-18 months): * The trade deficit may begin to decrease as the U.S. economy continues to grow and domestic production increases. * Exports are likely to continue growing, driven by increasing demand for U.S. products and services. * The services surplus may increase as the U.S. becomes a more attractive destination for foreign investment and tourism. Here are the filtered results and analysis: **Objective Facts about the Monthly International Trade Balance of U.S. Situation (;Short-term predictions (next 1-3 months): * The trade deficit is likely to remain stable or slightly increase due to the ongoing demand for foreign goods and services. * Exports may continue to grow, particularly in industries such as automotive and food processing. * The services surplus is expected to remain stable, driven by strong demand for U.S. services such as travel and tourism.",report,1995-09-01,1995-09-30,0,31
October 1995,51828.1,67389.6,-15561.5,1995-10-01,1995-10-01,1995-10-31,"Objective facts about the Monthly international trade balance of U.S. situation** * The U.S. international trade deficit decreased by $0.2 billion to $8.0 billion in October 1995, compared to September 1995. * Exports of goods and services decreased by $0.7 billion to $66.7 billion, while imports decreased by $0.9 billion to $74.8 billion. * The goods deficit decreased by $0.1 billion to $13.7 billion, while the services surplus increased by $0.1 billion to $5.6 billion. **","Long-term predictions (next 4-18 months)** * The trade deficit is likely to remain a concern in the long term, driven by structural imbalances in the U.S. economy. * The services surplus may continue to grow, driven by increasing demand for U.S. services abroad. Here is the analysis of the Monthly U.S. International Trade in Goods and Services report for October 1995: **;Short-term predictions (next 1-3 months)** * The trade deficit is likely to remain stable or slightly decrease in the short term, driven by continued weakness in imports. * Exports may recover slightly, driven by a rebound in certain goods categories. **",report,1995-10-01,1995-10-31,0,31
November 1995,50710.3,63576.5,-12866.2,1995-11-01,1995-11-01,1995-11-30,"Objective facts about the Monthly international trade balance of U.S. situation: The goods and services deficit was $7.1 billion in November, $1.1 billion less than the $8.2 billion of October. Exports of goods increased to $49.4 billion from $49.0 billion, and imports of goods decreased to $61.9 billion from $62.7 billion.","Long-term predictions: In the long term, we expect the trade balance to continue to be influenced by structural factors, such as the shift towards service-based economies and the ongoing trade tensions with major trading partners. While the current trend suggests a narrowing of the trade deficit, long-term predictions are subject to greater uncertainty due to the complexity of global economic factors. Here is the analysis of the monthly international trade balance of the U.S. based on the provided report:;Short-term predictions: In the short term, we expect the goods and services deficit to continue to narrow, driven by increasing exports of goods and decreasing imports of goods. This trend may be influenced by seasonal factors, such as the holiday season, which may boost exports of consumer goods.",report,1995-11-01,1995-11-30,0,31
December 1995,50853.0,59678.9,-8825.9,1995-12-01,1995-12-01,1995-12-31,"The United States was experiencing economic reforms in the transportation sector in 1995, aimed at reducing regulation.",The long-term effects of the economic reforms in the 1990s may have contributed to the growth and stability of the U.S. economy in the following years. Here is the summarized information:;NA,search,1995-12-25,1995-12-31,0,31
January 1996,47767.8,61909.4,-14141.6,1996-01-01,1996-01-01,1996-01-31,"Objective facts about the Monthly international trade balance of U.S. situation: The U.S. had a goods and services deficit of $10.3 billion in January 1996, $3.3 billion more than the $7.0 billion of December, revised. Exports of goods decreased to $48.9 billion, and imports of goods increased to $64.3 billion.","Long-term predictions (next 4-18 months): The trade deficit may narrow as the U.S. economy adjusts to the strong dollar and global economic conditions. Exports may recover, particularly in industries such as technology and services, as the U.S. economy continues to grow and global demand increases. Based on the provided excerpt from the U.S. Census Bureau's report on U.S. International Trade in Goods and Services, I have filtered out the relevant information to predict the Monthly international trade balance of the U.S. **;Short-term predictions (next 1-3 months): The trade deficit is expected to continue, driven by a strong U.S. dollar and a slowdown in global economic growth. Exports may continue to decline, particularly in industries such as capital goods and industrial supplies.",report,1996-01-01,1996-01-31,0,31
February 1996,51112.5,60579.5,-9467.0,1996-02-01,1996-02-01,1996-02-29,"Objective facts about the Monthly international trade balance of U.S. situation: The U.S. trade deficit decreased by $1.7 billion to $8.2 billion in February 1996, with exports increasing by $1.3 billion to $68.1 billion and imports decreasing by $0.4 billion to $76.3 billion. The goods deficit decreased by $1.3 billion to $13.8 billion, while the services surplus increased by $0.4 billion to $5.6 billion.","Long-term predictions (next 4-18 months): In the long term, the U.S. trade balance is likely to continue to improve, driven by a strengthening of the U.S. economy and an increase in global trade. However, there may be challenges ahead, such as potential trade tensions or changes in global economic conditions. It is essential to monitor the situation closely to make more accurate predictions. Here are the filtered results and summary of the Monthly report of U.S. International Trade in Goods and Services from 1996-02-01 to 1996-02-29 published by the U.S. Census Bureau: **;Short-term predictions (next 1-3 months): Based on the current trend, it is likely that the U.S. trade deficit will continue to decrease in the short term, driven by continued growth in exports and a potential slowdown in imports. However, this trend may be affected by external factors such as changes in global demand or trade policies.",report,1996-02-01,1996-02-29,0,31
March 1996,54951.7,63363.3,-8411.6,1996-03-01,1996-03-01,1996-03-31,"The United States did not maintain normal economic relations with certain countries, such as Cuba or Libya, in 1996.",NAHere is the summarized information:;NA,search,1996-03-25,1996-03-31,0,31
April 1996,51871.8,64663.4,-12791.6,1996-04-01,1996-04-01,1996-04-30,"Objective facts about the Monthly international trade balance of U.S. situation** The total exports of goods and services in April 1996 were $69.9 billion, and total imports were $78.6 billion, resulting in a goods and services deficit of $8.6 billion. **","Long-term predictions (next 4-18 months)** The trade deficit may stabilize or even decrease in the long term if the U.S. economy experiences a slowdown in imports, particularly in industrial supplies and materials, and a rebound in exports of services, such as travel and financial services. Based on the provided excerpt from the U.S. International Trade in Goods and Services report, here are the filtered and summarized information relevant to making predictions about the Monthly international trade balance of the U.S.:;Short-term predictions (next 1-3 months)** Based on the current trend, it is likely that the trade deficit will continue to increase in the short term, driven by strong imports and a slower growth in exports. **",report,1996-04-01,1996-04-30,0,31
May 1996,53358.9,66856.9,-13498.0,1996-05-01,1996-05-01,1996-05-31,"Objective facts about the Monthly international trade balance of U.S. situation: The goods and services deficit for May 1996 was $10.9 billion, $1.3 billion more than the revised April deficit of $9.6 billion. Exports of goods and services increased to $69.8 billion, while imports increased to $80.6 billion. The goods deficit increased to $16.9 billion, and the services surplus remained virtually unchanged at $6.0 billion.","Long-term predictions (next 4-18 months): In the long term, the trade deficit could lead to a decrease in U.S. economic growth, as the country relies more heavily on foreign capital to finance its imports. This could also lead to a shift in trade policies, with the U.S. potentially imposing tariffs or other trade restrictions to reduce the deficit. Based on the provided excerpt from the U.S. Census Bureau's report on Monthly U.S. International Trade in Goods and Services, I have filtered out the relevant information to make predictions about the Monthly international trade balance of the U.S. Here are the results:;Short-term predictions (next 1-3 months): Based on the current trend, it is likely that the trade deficit will continue to increase or remain stable in the short term. This could lead to a decrease in the value of the U.S. dollar, making exports more competitive, but also potentially increasing inflation.",report,1996-05-01,1996-05-31,0,31
June 1996,51821.5,64195.8,-12374.3,1996-06-01,1996-06-01,1996-06-30,"The United States was a key player in international economic discussions and agreements in June 1996, with meetings and summits taking place with other countries and organizations.","In the long term, these efforts may lead to increased economic growth and stability, both in the US and globally, as countries work together to address common economic challenges. Note: The provided information is limited to a specific time period (June 1996) and does not provide a comprehensive view of the economy. The predictions made are based on the available information and may not reflect the actual outcomes.Here is the summarized information, filtered to focus on predicting the Economy:;It is likely that the US will continue to prioritize international economic cooperation and trade agreements in the short term, potentially leading to new agreements or policies.",search,1996-06-24,1996-06-30,0,31
July 1996,47597.3,67681.5,-20084.2,1996-07-01,1996-07-01,1996-07-31,"The U.S. international trade deficit in goods and services increased to $11.7 billion in July, up from $8.2 billion in June. Exports of goods and services decreased to $67.2 billion, while imports increased to $78.9 billion. The goods deficit increased to $17.5 billion, and the services surplus decreased to $5.8 billion.","In the long term (next 4-18 months), the trade deficit may continue to be a concern for the U.S. economy. However, it is possible that the government may implement policies to address the trade deficit, such as tariffs or trade agreements, which could impact the trade balance. Additionally, changes in global demand and exchange rates could also influence the trade deficit. Here is the analysis of the Monthly international trade balance of the U.S. based on the provided report:;Based on the current trend, it is likely that the trade deficit will continue to increase in the short term (next 1-3 months). This could be driven by continued strong demand for imports and potential declines in exports.",report,1996-07-01,1996-07-31,0,31
August 1996,51574.4,68025.4,-16451.0,1996-08-01,1996-08-01,1996-08-31,"Objective facts about the Monthly international trade balance of U.S. situation: The trade deficit decreased by $0.8 billion to $10.8 billion in August, with exports increasing by $2.0 billion to $69.3 billion and imports increasing by $1.2 billion to $80.1 billion. The goods deficit decreased by $0.5 billion to $17.0 billion, and the services surplus increased by $0.3 billion to $6.2 billion.","Long-term predictions (next 4-18 months): In the long term, the trade deficit may continue to decrease as the U.S. economy grows and exports increase. However, the trade deficit may also be influenced by external factors such as global economic trends and trade policies. It is likely that the services surplus will continue to grow, driven by the increasing importance of services in the U.S. economy. Here is the analysis of the Monthly report of U.S. International Trade in Goods and Services from 1996-08-01 to 1996-08-31 published by U.S. Census Bureau:;Short-term predictions (next 1-3 months): Based on the current trend, it is likely that the trade deficit will continue to decrease or remain stable in the short term. Exports may continue to grow, driven by increases in capital goods and industrial supplies. Services surplus may also continue to grow, driven by travel and royalties.",report,1996-08-01,1996-08-31,0,31
September 1996,50598.1,68308.8,-17710.7,1996-09-01,1996-09-01,1996-09-30,"Objective facts about the Monthly international trade balance of U.S. situation: The goods and services deficit was $11.3 billion in September 1996, $1.0 billion more than the $10.3 billion in August, revised. Exports of goods decreased to $50.1 billion from $51.1 billion, and imports of goods increased to $67.7 billion from $67.5 billion.","Long-term predictions (next 4-18 months): In the long term, the trade deficit may continue to widen if the U.S. does not take steps to increase its exports and reduce its imports. This could lead to a depreciation of the U.S. dollar, making imports more expensive and potentially leading to higher inflation. However, if the U.S. takes steps to improve its trade balance, such as negotiating new trade agreements or investing in industries with high export potential, the trade deficit could narrow, leading to a stronger economy. Here is the filtered and summarized information useful for making predictions about the Monthly international trade balance of the U.S.:;Short-term predictions (next 1-3 months): Based on the current trend, it is likely that the trade deficit will continue to increase in the short term, potentially reaching $12-13 billion. This could be due to continued weakness in U.S. exports, particularly in capital goods and industrial supplies and materials.",report,1996-09-01,1996-09-30,0,31
October 1996,56107.1,74117.3,-18010.2,1996-10-01,1996-10-01,1996-10-31,"The U.S. trade deficit decreased by $3.5 billion to $8.0 billion in October 1996, with exports increasing by $2.9 billion to $71.7 billion and imports decreasing by $0.6 billion to $79.7 billion.","In the long term (next 4-18 months), I predict that the trade deficit will continue to fluctuate, driven by changes in global demand, exchange rates, and domestic economic conditions. However, I expect the U.S. economy to continue to grow, driven by increases in domestic production and investment, which could lead to a decrease in the trade deficit over time. I'll analyze the provided excerpt from the Monthly report of U.S. International Trade in Goods and Services from 1996-10-01 to 1996-10-31 published by the U.S. Census Bureau. **;In the short term (next 1-3 months), I predict that the trade deficit will continue to decrease as exports continue to grow and imports remain stable. This could be driven by continued growth in domestic production and investment, as well as a potential increase in global demand for U.S. goods.",report,1996-10-01,1996-10-31,0,31
November 1996,55016.4,68015.4,-12999.0,1996-11-01,1996-11-01,1996-11-30,"Objective facts about the Monthly international trade balance of U.S. situation: The goods and services deficit was $8.4 billion in November 1996, $0.4 billion more than the $8.0 billion in October, revised. Exports of goods and services were $72.0 billion, while imports were $80.4 billion. The goods deficit increased $0.7 billion from October to $14.7 billion, and the services surplus increased $0.3 billion from October to $6.3 billion.","Long-term predictions (next 4-18 months): In the long term, the trade deficit may continue to be a concern, potentially leading to a depreciation of the U.S. dollar and higher interest rates. The services sector may continue to drive growth, but its ability to offset the goods deficit will depend on various factors, including global economic trends and trade policies.;Short-term predictions (next 1-3 months): Based on the current trends, it is likely that the trade deficit will continue to widen in the short term, driven by increasing imports of goods. The services surplus may continue to grow, but at a slower pace.",report,1996-11-01,1996-11-30,0,31
December 1996,53295.8,67569.9,-14274.1,1996-12-01,1996-12-01,1996-12-31,"Objective facts about the Monthly international trade balance of U.S. situation** * The U.S. trade deficit increased by $2.3 billion to $10.3 billion in December 1996, compared to November 1996. * Exports of goods decreased by $1.1 billion to $52.2 billion, while imports of goods increased by $1.2 billion to $68.7 billion. * The trade deficit for 1996 was $114.2 billion, an increase of $9.2 billion from 1995. **","Long-term predictions (next 4-18 months)** * The U.S. trade deficit may continue to increase if the country's exports do not become more competitive in the global market. * The U.S. may need to implement policies to increase exports and reduce imports, such as trade agreements or investments in industries with high export potential. Based on the provided report, here are the filtered results and analysis: **;Short-term predictions (next 1-3 months)** * The trade deficit is likely to continue to increase in the short term, given the current trends in exports and imports. * The U.S. dollar may weaken against other currencies, making imports more expensive and potentially reducing the trade deficit. **",report,1996-12-01,1996-12-31,0,31
January 1997,50590.1,67271.9,-16681.8,1997-01-01,1997-01-01,1997-01-31,"Objective facts about the Monthly international trade balance of U.S. situation: The U.S. international trade deficit increased to $12.7 billion in January 1997, a $2.2 billion increase from December 1996. Exports of goods and services decreased by $0.4 billion to $70.8 billion, while imports increased by $0.8 billion to $83.5 billion. The goods deficit increased by $2.1 billion to $19.0 billion, and the services surplus decreased by $0.1 billion to $6.3 billion.","Long-term predictions (next 4-18 months): In the long term, the trade deficit is likely to continue to be a concern for the U.S. economy. The country's reliance on foreign goods and services could lead to a decrease in domestic production and employment, as well as a decrease in the value of the U.S. dollar. To address this, the government may need to implement policies to increase exports and reduce imports, such as trade agreements and tariffs. Here are the filtered results and analysis: **;Short-term predictions (next 1-3 months): Based on the current trend, it is likely that the trade deficit will continue to increase in the short term. This is due to the ongoing demand for imports, particularly in the automotive and industrial supplies sectors. However, exports may also increase as the economy continues to grow, which could help to narrow the deficit.",report,1997-01-01,1997-01-31,0,31
February 1997,53152.9,65090.4,-11937.5,1997-02-01,1997-02-01,1997-02-28,"The U.S. Bureau of Labor Statistics provides data on work stoppages, which can impact the economy.",NAHere is the summary of the useful filtered information:;NA,search,1997-02-17,1997-02-23,5,31
March 1997,61200.9,70606.1,-9405.2,1997-03-01,1997-03-01,1997-03-31,"Objective facts about the Monthly international trade balance of U.S. situation: The goods and services deficit was $8.5 billion in March, $2.0 billion less than the $10.5 billion in February. Exports of goods and services increased to $76.5 billion, while imports of goods and services increased to $85.0 billion. The goods deficit decreased $1.9 billion to $15.1 billion, and the services surplus increased $0.1 billion to $6.6 billion.","Long-term predictions (next 4-18 months): In the long term, the trade balance may continue to improve, driven by a strengthening economy and increased demand for U.S. goods and services. However, potential risks such as trade tensions and global economic uncertainty could impact the trade balance and lead to a widening of the deficit. Here is the filtered information and analysis of the Monthly international trade balance of U.S.:;Short-term predictions (next 1-3 months): Based on the current trend, it is likely that the trade deficit will continue to decrease or remain stable in the short term. Exports may continue to increase, driven by demand for capital goods, industrial supplies, and other goods. The services surplus may also continue to grow, contributing to a more balanced trade situation.",report,1997-03-01,1997-03-31,0,31
April 1997,58179.8,71168.9,-12989.1,1997-04-01,1997-04-01,1997-04-30,"Objective facts about the Monthly international trade balance of U.S. situation: The U.S. international trade in goods and services resulted in a deficit of $8.4 billion in April 1997, $0.6 billion more than the $7.8 billion deficit in March. Exports of goods and services increased to $78.4 billion, while imports increased to $86.7 billion. The goods deficit increased to $15.1 billion, and the services surplus decreased to $6.8 billion.","Long-term predictions (next 4-18 months): The trade deficit may continue to be a concern in the long term, as the U.S. economy is expected to continue to grow, and imports are likely to remain strong. However, the deficit may narrow if the U.S. dollar strengthens, or if the U.S. government takes steps to reduce the trade deficit. Here is the analysis of the report: **;Short-term predictions (next 1-3 months): The trade deficit is likely to continue to widen in the short term, as the U.S. economy is expected to remain strong, and imports are likely to continue to outpace exports.",report,1997-04-01,1997-04-30,0,31
May 1997,58738.4,71430.4,-12692.0,1997-05-01,1997-05-01,1997-05-31,"Objective facts about the Monthly international trade balance of U.S. situation: The goods and services deficit was $10.2 billion in May, $1.5 billion more than the $8.7 billion in April, revised. Exports of goods decreased to $56.3 billion from $57.2 billion, and imports of goods increased to $73.4 billion from $72.7 billion.","Long-term predictions (next 4-18 months): In the long term, the trade deficit could lead to a decrease in U.S. competitiveness in the global market, potentially resulting in a decrease in exports and an increase in imports. This could lead to a sustained trade deficit and a negative impact on the U.S. economy. Here is the analysis of the Monthly report of U.S. International Trade in Goods and Services from 1997-05-01 to 1997-05-31 published by U.S. Census Bureau:;Short-term predictions (next 1-3 months): Based on the current trend, it is likely that the trade deficit will continue to increase in the short term, potentially leading to a decrease in GDP and a weakening of the U.S. dollar.",report,1997-05-01,1997-05-31,0,31
June 1997,58048.2,71575.5,-13527.3,1997-06-01,1997-06-01,1997-06-30,"Objective facts about the Monthly international trade balance of U.S. situation** * The goods and services deficit was $8.2 billion in June 1997, a decrease of $1.4 billion from May 1997. * Exports of goods and services increased by $0.7 billion to $78.4 billion, while imports of goods and services decreased by $0.6 billion to $86.6 billion. * The goods deficit decreased by $1.3 billion to $15.0 billion, and the services surplus was virtually unchanged at $6.9 billion. **","Long-term predictions (next 4-18 months)** * The trade deficit may continue to narrow, driven by a strengthening US economy and increased demand for US goods. * The services surplus is expected to grow, driven by increased global demand for US services. Note: indicates a direct quote from the report, while indicates the author's analysis and opinions. Here are the filtered results and analysis: **;Short-term predictions (next 1-3 months)** * The trade deficit is likely to remain stable or narrow further, driven by continued growth in exports. * The services surplus is expected to remain stable, with steady growth in services exports. **",report,1997-06-01,1997-06-30,0,31
July 1997,54910.0,74815.3,-19905.3,1997-07-01,1997-07-01,1997-07-31,"Objective facts about the Monthly international trade balance of U.S. situation: The goods and services deficit for July 1997 was $10.3 billion, $2.1 billion more than the $8.3 billion in June, revised. Exports of goods and services decreased to $77.4 billion from $78.5 billion in June, while imports of goods and services increased to $87.7 billion from $86.8 billion in June.","Long-term predictions (next 4-18 months): In the long term, the trade balance may be influenced by various factors, including changes in global economic conditions, trade policies, and the value of the U.S. dollar. If the U.S. dollar remains strong, imports may continue to rise, potentially leading to a wider trade deficit. However, if the dollar weakens or trade policies change, the trade balance could shift. Here is the analysis of the monthly report of U.S. International Trade in Goods and Services from 1997-07-01 to 1997-07-31: **;Short-term predictions (next 1-3 months): Based on the current trend, it is likely that the trade deficit will continue to widen in the short term, potentially driven by increased imports of consumer goods and automotive products.",report,1997-07-01,1997-07-31,0,31
August 1997,56660.9,72925.3,-16264.4,1997-08-01,1997-08-01,1997-08-31,"The economy of the United States is experiencing a period of growth, with Chairman of the Federal Reserve Alan Greenspan noting unusual activity in the economy.","In the long-term, the US economy may face challenges in maintaining growth, particularly if government size and spending continue to increase, potentially leading to higher unemployment rates. Note: The provided search results do not offer a comprehensive view of the economy, and most of the results are not directly related to economic predictions. The above summary is based on the limited relevant information available.Here is the filtered and summarized information:;In the short-term, the US economy may continue to experience growth, but with potential fluctuations due to government policies and international trade dynamics.",search,1997-08-25,1997-08-31,0,31
September 1997,57470.4,76750.9,-19280.5,1997-09-01,1997-09-01,1997-09-30,The United States government was concerned about Japan's economic weakness in 1997.,NAHere is the filtered and summarized information relevant to making predictions about the Economy:;NA,search,1997-09-22,1997-09-28,2,31
October 1997,62401.8,81348.6,-18946.8,1997-10-01,1997-10-01,1997-10-31,"Objective facts about the Monthly international trade balance of U.S. situation: The U.S. trade deficit decreased by $1.5 billion to $9.7 billion in October 1997, with exports increasing by $1.9 billion to $80.0 billion and imports increasing by $0.3 billion to $89.7 billion. The goods deficit decreased by $1.5 billion to $17.1 billion, and the services surplus increased by $0.1 billion to $7.4 billion.","Long-term predictions (next 4-18 months): In the long term, the trade balance is likely to be influenced by various factors, including changes in global demand, trade policies, and currency exchange rates. If the U.S. economy continues to perform well, it is likely that exports will continue to increase, leading to a decrease in the trade deficit. However, if trade tensions or protectionist policies escalate, it could negatively impact U.S. exports and lead to an increase in the trade deficit. After carefully reading the monthly report of U.S. International Trade in Goods and Services from 1997-10-01 to 1997-10-31 published by the U.S. Census Bureau, I have filtered the results to find information useful to making predictions about the Monthly international trade balance of the U.S. Here are the summaries:;Short-term predictions (next 1-3 months): Based on the current trends, it is likely that the trade deficit will continue to decrease or remain stable in the short term. Exports are expected to continue to increase, driven by strong demand for U.S. products abroad. However, imports may also increase, driven by a strong U.S. economy and consumer demand.",report,1997-10-01,1997-10-31,0,31
November 1997,58162.9,72049.4,-13886.5,1997-11-01,1997-11-01,1997-11-30,The cost of treating chest pain in emergency departments in the United States is over $3 billion.,"In the long term, the US economy may need to address its competitiveness concerns and find ways to reduce healthcare costs, while Vietnam's economy may continue to grow and become more integrated into the global economy. Here is the summary of the useful filtered information:;In the short term, the US economy may continue to face pressure from high healthcare costs, while FDI flows may continue to shape the Vietnamese economy.",search,1997-11-24,1997-11-30,0,31
December 1997,59663.7,74670.3,-15006.6,1997-12-01,1997-12-01,1997-12-31,"Objective facts about the Monthly international trade balance of U.S. situation** * The U.S. trade deficit increased to $10.8 billion in December 1997, up from $8.7 billion in November. * Exports of goods and services increased to $80.0 billion in December, while imports increased to $90.8 billion. * The goods deficit increased to $17.6 billion, while the services surplus decreased to $6.9 billion. **","Long-term predictions** * The trade deficit is likely to remain a significant issue for the U.S. economy in the long term, potentially reaching $15 billion or more by the end of 1998. * The services surplus may continue to decline, potentially turning into a deficit if U.S. services exports do not recover. U.S. Census Bureau, Bureau of Economic Analysis Here is the analysis of the Monthly International Trade in Goods and Services report from 1997-12-01 to 1997-12-31:;Short-term predictions** * The trade deficit is likely to remain high in the short term, potentially exceeding $11 billion in the next few months. * Exports may continue to grow, but at a slower pace than imports, leading to a widening trade deficit. **",report,1997-12-01,1997-12-31,0,31
January 1998,55171.5,70223.9,-15052.4,1998-01-01,1998-01-01,1998-01-31,"Objective Facts about the Monthly International Trade Balance of U.S. Situation** * The U.S. international trade deficit increased to $12.0 billion in January 1998, $1.1 billion more than the revised December deficit of $10.9 billion. * Exports of goods and services decreased to $77.3 billion, while imports of goods and services decreased to $89.3 billion. * The goods deficit increased to $18.8 billion, while the services surplus was virtually unchanged at $6.8 billion. **","Long-term Predictions (next 4-18 months)** * The trade deficit may continue to be a concern, potentially leading to a slowdown in economic growth and increased pressure on the U.S. dollar. * The services sector may continue to perform well, but its growth may be limited by the overall trade balance and economic conditions. Based on the provided report, here are the filtered results and analysis: **;Short-term Predictions (next 1-3 months)** * The trade deficit is likely to continue to widen in the short term, driven by weak exports and strong imports. * The services surplus may continue to provide some stability, but its impact may be limited by the larger trade deficit. **",report,1998-01-01,1998-01-31,0,31
February 1998,55233.2,68394.0,-13160.8,1998-02-01,1998-02-01,1998-02-28,"Objective facts about the Monthly international trade balance of U.S. situation: The U.S. international trade deficit in goods and services increased by $0.5 billion to $12.1 billion in February 1998, compared to January 1998. Exports of goods and services decreased by $0.6 billion to $77.1 billion, while imports of goods and services decreased by $0.1 billion to $89.1 billion. The goods deficit increased by $0.2 billion to $18.6 billion, and the services surplus decreased by $0.3 billion to $6.5 billion.","Long-term predictions (next 4-18 months): In the long term, I predict that the trade deficit will stabilize and potentially decrease as the U.S. economy continues to grow and exports of goods and services increase. The services sector is likely to continue to be a bright spot, driven by growth in travel and other private services. However, the trade deficit may remain a concern if the U.S. does not address its competitiveness issues and increase exports of goods. Here is the filtered information from the report, summarized into 5 parts:;Short-term predictions (next 1-3 months): Based on the current trend, I predict that the trade deficit will continue to increase in the short term, driven by a decrease in exports of goods and an increase in imports of services. However, the services sector may continue to show strength, particularly in travel and other private services.",report,1998-02-01,1998-02-28,0,31
March 1998,62297.9,78095.7,-15797.8,1998-03-01,1998-03-01,1998-03-31,"Objective facts about the Monthly international trade balance of U.S. situation** * The total exports of goods and services in March 1998 were $79.4 billion, and total imports were $92.4 billion, resulting in a goods and services deficit of $13.0 billion. * The goods deficit increased $1.7 billion from February to $20.2 billion, and the services surplus increased $0.8 billion to $7.2 billion. * Exports of goods increased to $57.5 billion from $55.5 billion, and imports of goods increased to $77.7 billion from $74.1 billion. **","Long-term predictions (next 4-18 months)** * The trade deficit may continue to widen in the long term, driven by structural factors such as the U.S. economy's reliance on imports and a potential slowdown in exports growth. * The U.S. economy may experience a slowdown in growth, driven by the widening trade deficit and a potential decrease in consumer spending. Here is the summary of the report: **;Short-term predictions (next 1-3 months)** * The trade deficit is likely to continue to widen in the short term, driven by strong imports and a relatively weak U.S. dollar. * Exports may continue to grow, particularly in capital goods and automotive vehicles, driven by strong global demand. **",report,1998-03-01,1998-03-31,0,31
April 1998,56674.4,75743.9,-19069.5,1998-04-01,1998-04-01,1998-04-30,"Objective facts about the Monthly international trade balance of U.S. situation: The U.S. international trade deficit in goods and services was $14.5 billion in April 1998, an increase of $1.2 billion from March. Exports of goods and services decreased by $2.0 billion to $77.1 billion, while imports decreased by $0.8 billion to $91.6 billion.","Long-term predictions (next 4-18 months): In the long term, the trade deficit is expected to continue to be a challenge for the U.S. economy, driven by factors such as the strong dollar, global trade tensions, and the ongoing shift in global trade patterns. However, the U.S. economy's resilience and adaptability may help to mitigate the impact of the trade deficit on economic growth. Here is the filtered information and analysis related to the Monthly international trade balance of the U.S.:;Short-term predictions (next 1-3 months): Based on the current trend, it is likely that the trade deficit will continue to widen in the short term, driven by a decline in exports and an increase in imports. However, the pace of the deficit's growth may slow down as the economy adjusts to the changes in global trade patterns.",report,1998-04-01,1998-04-30,0,31
May 1998,56672.7,73997.7,-17325.0,1998-05-01,1998-05-01,1998-05-31,The literature on the union wage effect is one of the most-studied questions in the history of labor economics.,NAHere is the summarized information:;NA,search,1998-05-25,1998-05-31,0,31
June 1998,56994.6,76918.1,-19923.5,1998-06-01,1998-06-01,1998-06-30,"Objective facts about the Monthly international trade balance of U.S. situation** The U.S. international trade deficit decreased by $1.4 billion to $14.2 billion in June 1998, compared to $15.5 billion in May. Exports of goods and services decreased by $0.4 billion to $76.2 billion, while imports decreased by $1.8 billion to $90.3 billion. **","Long-term predictions (next 4-18 months)** In the long term, I predict that the trade deficit will continue to fluctuate, influenced by factors such as changes in global demand, exchange rates, and trade policies. The U.S. economy is likely to continue its growth momentum, but the trade deficit may remain a concern, particularly if imports continue to outpace exports. Here are the results of filtering the report to find information useful to making predictions about the Monthly international trade balance of the U.S.:;Short-term predictions (next 1-3 months)** Based on the current trends, I predict that the trade deficit will continue to narrow in the short term, driven by a potential decrease in imports. However, the pace of exports may slow down, leading to a relatively stable trade balance. **",report,1998-06-01,1998-06-30,0,31
July 1998,51578.0,76336.4,-24758.4,1998-07-01,1998-07-01,1998-07-31,"Objective facts about the Monthly international trade balance of U.S. situation: The U.S. international trade deficit in goods and services increased to $13.9 billion in July 1998, up from $13.6 billion in June. Exports of goods decreased to $53.6 billion, while imports of goods decreased to $74.5 billion. The goods deficit increased to $20.9 billion, while the services surplus increased to $7.0 billion.","Long-term predictions (next 4-18 months): In the long term, I predict that the trade deficit will continue to be a challenge for the U.S. economy, particularly if the country does not address its underlying structural issues, such as the lack of competitiveness in certain industries and the high demand for imports. However, if the U.S. businesses can adapt to the changing global market conditions and invest in research and development, they may be able to increase exports and reduce the trade deficit. Additionally, any potential changes in trade policies or agreements may also impact the trade balance in the long term. Based on the provided excerpt from the U.S. Census Bureau's Monthly Report on International Trade in Goods and Services, I have filtered the results to find information relevant to making predictions about the Monthly international trade balance of the U.S. Here are the summarized findings:;Short-term predictions (next 1-3 months): Based on the current trends, I predict that the trade deficit will continue to widen in the short term, driven by the ongoing decrease in exports and the relatively stable imports. The automotive sector may continue to be a major contributor to the trade deficit, given the ongoing demand for imported vehicles and parts.",report,1998-07-01,1998-07-31,0,31
August 1998,53420.1,76014.0,-22593.9,1998-08-01,1998-08-01,1998-08-31,"Objective Facts about the Monthly International Trade Balance of U.S.: * The total August exports were $74.8 billion, and imports were $91.6 billion, resulting in a goods and services deficit of $16.8 billion. * The goods deficit increased by $2.2 billion from July to $23.2 billion, and the services surplus decreased by $0.1 billion to $6.4 billion. * Exports of goods decreased by $0.3 billion from July to $53.7 billion, and imports of goods increased by $2.0 billion from July to $76.9 billion. * Exports of services decreased by $0.1 billion from July to $21.1 billion, and imports of services decreased by $0.1 billion from July to $14.7 billion.","Long-term Predictions (next 4-18 months): * The trade balance may continue to deteriorate if the U.S. economy continues to grow strongly, driving up demand for imports of goods. * The services surplus may recover in the long term, driven by an increase in travel exports and passenger fare exports. Here is the filtered information and my analysis: **;Short-term Predictions (next 1-3 months): * The trade deficit is likely to continue to widen in the short term, driven by strong demand for imports of goods. * Exports of services may continue to decline due to a decrease in travel exports and passenger fare exports.",report,1998-08-01,1998-08-31,0,31
September 1998,55626.4,78434.7,-22808.3,1998-09-01,1998-09-01,1998-09-30,"The United States had a goods and services deficit of $14.0 billion in September 1998, a decrease of $1.9 billion from August. Exports of goods and services were $77.1 billion, while imports were $91.2 billion.","In the long-term, the trade deficit may continue to narrow as the US economy grows and exports increase, but it may also be influenced by factors such as changes in global demand and trade policies. Based on the provided excerpt of the U.S. International Trade in Goods and Services report from 1998, I will filter the results to find information useful for making predictions about the Monthly international trade balance of the U.S. Here are the summaries of the useful information:;In the short-term, the trade deficit is likely to continue to narrow as exports of capital goods and automotive vehicles continue to grow.",report,1998-09-01,1998-09-30,0,31
October 1998,61312.8,83711.4,-22398.6,1998-10-01,1998-10-01,1998-10-31,"Objective facts about the Monthly international trade balance of U.S. situation** * The total October exports of goods and services were $79.6 billion, while imports were $93.8 billion, resulting in a goods and services deficit of $14.2 billion. * Exports of goods increased to $57.9 billion from $56.0 billion, and imports of goods increased to $78.6 billion from $76.1 billion. * The goods deficit decreased $0.2 billion from September to $20.6 billion, and the services surplus remained virtually unchanged at $6.4 billion. **","Long-term predictions (next 4-18 months)** * The trade balance may continue to fluctuate, influenced by various factors such as global economic conditions, trade policies, and changes in consumer demand. * It is possible that the U.S. trade balance may continue to improve, but it is also possible that it may worsen if imports continue to outpace exports. Note: The predictions are based on the analysis of the current situation and may not reflect actual future outcomes. Here is the analysis of the Monthly International Trade Balance of the U.S. based on the provided report:;Short-term predictions (next 1-3 months)** * Based on the current trend, the trade balance may continue to improve, with a possible decrease in the goods deficit and stability in the services surplus. **",report,1998-10-01,1998-10-31,0,31
November 1998,58394.7,78020.1,-19625.4,1998-11-01,1998-11-01,1998-11-30,"Objective facts about the Monthly international trade balance of U.S. situation** * The U.S. international trade deficit in goods and services increased to $15.5 billion in November 1998, up from $13.6 billion in October. * Exports of goods decreased to $56.8 billion, while imports of goods increased to $78.7 billion. * The goods deficit increased to $21.9 billion, while the services surplus decreased to $6.4 billion. **","Long-term predictions (next 4-18 months)** * The trade deficit may narrow as the U.S. economy slows down and domestic demand cools. * The ongoing trade tensions and protectionist policies may lead to a shift in global trade patterns, potentially benefiting U.S. exports in the long term. Based on the provided excerpt of the U.S. International Trade in Goods and Services report from 1998, here are the filtered results and summaries:;Short-term predictions (next 1-3 months)** * The trade deficit is likely to remain high in the short term, driven by continued strong domestic demand and a strong dollar. * Exports may continue to struggle due to global economic uncertainty and trade tensions. **",report,1998-11-01,1998-11-30,0,31
December 1998,58762.2,76006.8,-17244.6,1998-12-01,1998-12-01,1998-12-31,"Objective facts about the Monthly international trade balance of U.S. situation: The U.S. international trade deficit decreased by $1.5 billion to $13.8 billion in December 1998, from $15.3 billion in November 1998. Exports of goods and services decreased by $0.5 billion to $78.5 billion, while imports decreased by $1.9 billion to $92.3 billion. The goods deficit decreased by $1.3 billion to $20.3 billion, and the services surplus increased by $0.1 billion to $6.5 billion.","Long-term predictions (next 4-18 months): In the long term, the trade deficit is likely to continue to be a concern for the U.S. economy. The country's trade policies, global economic conditions, and consumer demand will influence the trade balance. If the U.S. economy experiences a slowdown, the trade deficit may decrease, but if the economy continues to grow, the trade deficit may increase. Here are the filtered results and my analysis: **;Short-term predictions (next 1-3 months): Based on the current trend, the trade deficit is likely to continue to decrease in the short term, driven by a slowdown in imports. However, the pace of decrease may be slow, and the trade balance is likely to remain in deficit.",report,1998-12-01,1998-12-31,0,31
January 1999,52436.1,71766.3,-19330.2,1999-01-01,1999-01-01,1999-01-31,"The U.S. GDP increased by 4.9% in 1998, with a total increase of $398.0 billion.","The U.S. economy may continue to experience growth, driven by increases in trade and investment, but may also face challenges from social exclusion and unemployment. Here is the summarized information:;NA",search,1999-01-25,1999-01-31,0,31
February 1999,53278.9,73848.6,-20569.7,1999-02-01,1999-02-01,1999-02-28,"The value of the dollar reduced in 1998, affecting U.S. earnings, while buoyant U.S. growth boosted foreigners' earnings on direct investment in the United States.","In the long term, the U.S. economy may need to address the challenges of protectionism and environmental issues in order to sustain growth and foreign investment. Here is the summarized information:;In the short term, the U.S. economy may continue to experience growth and foreign investment, but may also face challenges from protectionist policies and environmental issues.",search,1999-02-22,1999-02-28,0,31
March 1999,60889.4,84071.9,-23182.5,1999-03-01,1999-03-01,1999-03-31,"Objective facts about the Monthly international trade balance of U.S. situation: The total March exports of $77.5 billion and imports of $97.2 billion resulted in a goods and services deficit of $19.7 billion, $0.6 billion more than the $19.1 billion in February.","Long-term predictions (next 4-18 months): The trade deficit may continue to widen if the domestic economy remains strong, leading to increased imports of goods and services. However, if the U.S. economy slows down, the trade deficit may narrow as imports decrease. Based on the provided excerpt from the U.S. Census Bureau's report on U.S. International Trade in Goods and Services from 1999-03-01 to 1999-03-31, here is the filtered information useful for making predictions about the Monthly international trade balance of the U.S.:;Short-term predictions (next 1-3 months): The trade deficit is likely to persist in the short term, driven by continued strong domestic demand and a potential increase in imports of goods such as industrial supplies and materials.",report,1999-03-01,1999-03-31,0,31
April 1999,57282.9,79979.8,-22696.9,1999-04-01,1999-04-01,1999-04-30,"Objective facts about the Monthly international trade balance of U.S. situation** * The total April exports of goods and services were $78.0 billion, and imports were $97.0 billion, resulting in a goods and services deficit of $18.9 billion. * The goods deficit decreased by $0.1 billion from March to $25.5 billion, and the services surplus decreased by $0.1 billion to $6.6 billion. * Exports of goods increased by $0.8 billion to $55.1 billion, and imports of goods increased by $0.7 billion to $80.7 billion. **","Long-term predictions (next 4-18 months)** * The trade deficit is likely to continue, driven by the U.S. demand for imported goods and services. * However, the growth of U.S. exports, particularly in high-value goods such as capital goods and industrial supplies, could lead to a decrease in the trade deficit over the long term. Note: These predictions are based on the analysis of the provided data and may not reflect the actual outcome, as many factors can influence the trade balance. Here is the filtered and summarized information:;Short-term predictions (next 1-3 months)** * The trade deficit is likely to remain relatively stable, with slight fluctuations in exports and imports of goods and services. * The increase in exports of certain goods, such as automotive vehicles and capital goods, may continue, leading to a slight decrease in the trade deficit. **",report,1999-04-01,1999-04-30,0,31
May 1999,56489.0,80964.8,-24475.8,1999-05-01,1999-05-01,1999-05-31,"Objective facts about the Monthly international trade balance of U.S. situation: The U.S. had a goods and services deficit of $21.3 billion in May 1999, $2.7 billion more than the $18.6 billion in April, revised. The goods deficit increased $2.9 billion from April to $28.2 billion, and the services surplus increased $0.1 billion to $6.9 billion.","Long-term predictions (next 4-18 months): The trade deficit may continue to be a concern in the long term, potentially leading to a decline in the value of the dollar and increased inflationary pressures. However, the services sector may continue to be a bright spot, driven by growth in areas such as technology and tourism. Based on the provided excerpt from the U.S. Census Bureau's monthly report on international trade in goods and services, I have filtered the results to find information useful for making predictions about the monthly international trade balance of the U.S. Here is the summary of the filtered information:;Short-term predictions (next 1-3 months): The trade deficit is likely to continue to widen in the short term, driven by strong consumer demand and a robust economy. However, the services surplus may continue to support the overall trade balance.",report,1999-05-01,1999-05-31,0,31
June 1999,57824.5,87878.9,-30054.4,1999-06-01,1999-06-01,1999-06-30,"Objective facts about the Monthly international trade balance of U.S. situation** * The goods and services deficit in June 1999 was $24.6 billion, $3.5 billion more than the $21.2 billion in May. * Exports of goods increased to $55.3 billion from $55.1 billion, and imports of goods increased to $86.7 billion from $83.0 billion. * Exports of services increased to $23.1 billion from $22.8 billion, and imports of services increased to $16.3 billion from $16.1 billion. **","Long-term predictions (next 4-18 months)** * The trade deficit may continue to pose a challenge for the U.S. economy, potentially leading to a decline in the value of the U.S. dollar and an increase in interest rates. * The U.S. may need to implement policies to improve the competitiveness of its exports and reduce its reliance on imports. Here are the filtered results and analysis of the Monthly international trade balance of the U.S.:;Short-term predictions (next 1-3 months)** * The trade deficit is likely to continue to increase in the short term, driven by strong domestic demand and a strong U.S. dollar. **",report,1999-06-01,1999-06-30,0,31
July 1999,52997.4,86775.4,-33778.0,1999-07-01,1999-07-01,1999-07-31,"Objective facts about the Monthly international trade balance of U.S. situation** * The goods and services deficit was $25.2 billion in July 1999, a $0.6 billion increase from June 1999. * Exports of goods and services were $79.0 billion, while imports were $104.2 billion. * The goods deficit increased $0.5 billion to $31.7 billion, and the services surplus decreased $0.1 billion to $6.5 billion. **","Long-term predictions (next 4-18 months)** * The trade deficit may continue to be a concern for the U.S. economy, potentially leading to a decrease in domestic production and employment. * The growth of the technology sector may slow down, leading to a decrease in exports of capital goods. * The automotive industry may recover in the long term, driven by new technologies and innovations. U.S. Census Bureau, U.S. International Trade in Goods and Services, July 1999. These insights and predictions are based on my analysis of the provided data and may not reflect the actual outcome of future events. Here is the filtered information useful for making predictions about the Monthly international trade balance of the U.S.:;Short-term predictions (next 1-3 months)** * The trade deficit is likely to continue to widen in the short term, driven by strong demand for imports and a possible slowdown in exports. * The growth of the technology sector may continue to drive exports of capital goods. * The automotive industry may continue to experience a slowdown in the short term. **",report,1999-07-01,1999-07-31,0,31
August 1999,57438.9,89748.3,-32309.4,1999-08-01,1999-08-01,1999-08-31,"Objective facts about the Monthly international trade balance of U.S. situation: The total August exports of $82.0 billion and imports of $106.4 billion resulted in a goods and services deficit of $24.1 billion, $0.8 billion less than the deficit of $24.9 billion in July.","Long-term predictions (next 4-18 months): In the long term, the trade balance deficit may continue to decrease if the U.S. economy remains strong and exports continue to grow. However, there are also risks that could impact the trade balance, such as changes in global trade policies or a slowdown in the global economy. Here is the analysis of the report:;Short-term predictions (next 1-3 months): Based on the current trend, it is likely that the trade balance deficit will continue to decrease in the short term, driven by increased exports of goods. However, the deficit is still expected to remain significant.",report,1999-08-01,1999-08-31,0,31
September 1999,59431.9,90244.9,-30813.0,1999-09-01,1999-09-01,1999-09-30,"Objective Facts about the Monthly International Trade Balance of U.S. Situation** * The U.S. trade deficit increased by $0.9 billion to $24.4 billion in September 1999, compared to August 1999. (Source) * Exports of goods and services decreased by $0.7 billion to $81.7 billion, while imports of goods and services increased by $0.1 billion to $106.1 billion. (Source) * The goods deficit increased by $0.5 billion to $30.6 billion, and the services surplus decreased by $0.4 billion to $6.2 billion. (Source) **","Long-term Predictions (next 4-18 months)** * The U.S. trade deficit may continue to widen, driven by the strong dollar and the ongoing trade tensions with major trading partners. (LLM) * The services sector may recover, driven by growth in areas such as technology and healthcare, but it may not be enough to offset the widening goods deficit. (LLM) Here are the filtered results and analysis: **;Short-term Predictions (next 1-3 months)** * The trade deficit is likely to continue to widen in the short term, driven by the ongoing decrease in exports and increase in imports. (LLM) * The services surplus may continue to decline, putting pressure on the overall trade balance. (LLM) **",report,1999-09-01,1999-09-30,0,31
October 1999,62972.6,94460.0,-31487.4,1999-10-01,1999-10-01,1999-10-31,"The U.S. GDP includes investments by businesses, households, and governments, as well as net exports to the rest of the world.",The continued growth of labor productivity and investments in technology could lead to sustained economic growth in the long term. Note: There is limited information available to make predictions for the short-term future (next 1-4 weeks).Here is the summarized output:;NA,search,1999-10-25,1999-10-31,0,31
November 1999,60947.9,93580.1,-32632.2,1999-11-01,1999-11-01,1999-11-30,"Objective facts about the Monthly international trade balance of U.S. situation: The U.S. international trade deficit for November 1999 was $26.5 billion, an increase of $0.9 billion from October 1999. Exports of goods and services increased by $0.6 billion to $82.9 billion, while imports of goods and services increased by $1.5 billion to $109.4 billion.","Long-term predictions (next 4-18 months): The trade deficit may continue to be a concern, potentially leading to a slowdown in economic growth. However, the strong domestic demand may help to mitigate the effects of the trade deficit, and the economy may continue to grow, albeit at a slower pace. Here is the analysis of the Monthly international trade balance of the U.S. based on the provided excerpt from the U.S. Census Bureau:;Short-term predictions (next 1-3 months): The trade deficit is likely to continue to grow, potentially leading to a decrease in the value of the U.S. dollar. This may lead to higher interest rates, which could slow down economic growth.",report,1999-11-01,1999-11-30,0,31
December 1999,63807.2,91296.5,-27489.3,1999-12-01,1999-12-01,1999-12-31,"Objective facts about the Monthly international trade balance of U.S. situation: In December 1999, the goods and services deficit was $25.5 billion, $1.6 billion less than the deficit of $27.1 billion in November. The goods deficit decreased $1.4 billion from November to $31.5 billion, and the services surplus increased $0.2 billion to $5.9 billion.","Long-term predictions (next 4-18 months): In the long term, the trade deficit is likely to remain a concern for the U.S. economy. The high deficit in goods, particularly in automotive vehicles, parts, and engines, and consumer goods, will need to be addressed through policy changes or shifts in consumer behavior. The services surplus, on the other hand, may continue to be a bright spot in the trade balance. Based on the provided monthly report of U.S. International Trade in Goods and Services from 1999-12-01 to 1999-12-31, I will extract the relevant information to make predictions about the Monthly international trade balance of the U.S.;Short-term predictions (next 1-3 months): Based on the recent trend, it is likely that the trade deficit will continue to be high in the short term. However, if the goods deficit continues to decrease and the services surplus continues to increase, the overall trade deficit may narrow slightly.",report,1999-12-01,1999-12-31,0,31
January 2000,57679.1,87187.8,-29508.7,2000-01-01,2000-01-01,2000-01-31,"Objective facts about the Monthly international trade balance of U.S. situation** * The U.S. international trade deficit in goods and services increased to $28.0 billion in January 2000, up from $24.6 billion in December 1999. * Exports of goods and services decreased to $84.1 billion in January, while imports increased to $112.1 billion. * The goods deficit increased to $34.7 billion, and the services surplus decreased to $6.7 billion. **","Long-term predictions (next 4-18 months)** * The trade deficit may stabilize or decrease in the long term, as the U.S. economy adjusts to changes in global demand and trade policies. * Exports may recover, and imports may slow down, leading to a narrowing of the trade deficit. Here is the analysis of the Monthly international trade balance of the U.S. based on the provided excerpt:;Short-term predictions (next 1-3 months)** * The trade deficit is likely to continue to widen in the short term, as global demand and exchange rates are unlikely to change significantly. * Exports may continue to decrease, while imports may continue to increase, leading to a further widening of the trade deficit. **",report,2000-01-01,2000-01-31,0,31
February 2000,61179.1,91687.7,-30508.6,2000-02-01,2000-02-01,2000-02-29,"Objective facts about the Monthly international trade balance of U.S. situation: The U.S. international trade deficit increased to $29.2 billion in February 2000, up from $27.4 billion in January. Exports of goods and services decreased by $0.2 billion to $84.2 billion, while imports of goods and services increased by $1.6 billion to $113.4 billion. The goods deficit increased by $1.8 billion to $36.0 billion, while the services surplus remained unchanged at $6.7 billion.","Long-term predictions (next 4-18 months): In the long term, the trade deficit is likely to continue to be a concern for the U.S. economy, particularly if the dollar remains strong and global economic growth slows down. However, the U.S. economy may experience a shift towards more exports of services, such as technology and healthcare, which could help to narrow the trade deficit. Additionally, the development of alternative energy sources and increased domestic production of energy products could reduce the country's reliance on energy imports. Here is the analysis of the monthly report of U.S. International Trade in Goods and Services from 2000-02-01 to 2000-02-29 published by U.S. Census Bureau:;Short-term predictions (next 1-3 months): Based on the current trends, it is likely that the trade deficit will continue to widen in the short term, driven by strong domestic demand and higher imports of energy products. Exports of capital goods may continue to slow down, but exports of services, such as travel and other private services, may remain steady.",report,2000-02-01,2000-02-29,0,31
March 2000,68947.4,103244.5,-34297.1,2000-03-01,2000-03-01,2000-03-31,"Objective facts about the Monthly international trade balance of U.S. situation** * The U.S. international trade deficit increased to $30.2 billion in March 2000, up from $28.7 billion in February. * Exports of goods and services increased to $87.3 billion, while imports increased to $117.4 billion. * The goods deficit increased to $37.0 billion, while the services surplus increased to $6.9 billion. **","Long-term predictions (next 4-18 months)** * The trade deficit may begin to narrow as the U.S. economy slows down and domestic demand for imports decreases. * The services surplus may continue to grow, driven by the increasing globalization of services and the strength of the U.S. financial sector. Here are the filtered results: **;Short-term predictions (next 1-3 months)** * The trade deficit is likely to remain wide in the short term, driven by continued strong domestic demand and imports. * Services exports may continue to grow, driven by the strength of the U.S. economy and financial sector. **",report,2000-03-01,2000-03-31,0,31
April 2000,63302.6,95141.1,-31838.5,2000-04-01,2000-04-01,2000-04-30,"The union-nonunion wage gap narrowed between 1975 and 1982, with union pay consistently rising more rapidly than nonunion pay.","In the long-term, the U.S. economy may face challenges related to health care costs and the impact of economic aid on the economy, but it is likely to continue to experience growth and stability. Here is the summarized output:;In the short-term, it is likely that the U.S. economy will continue to experience growth and stability, with potential increases in wages and aid expenditures.",search,2000-04-24,2000-04-30,0,31
May 2000,64673.5,101067.5,-36394.0,2000-05-01,2000-05-01,2000-05-31,"Objective Facts: The U.S. international trade deficit in goods and services increased to $31.0 billion in May 2000, up from $30.5 billion in April 2000. Exports of goods and services decreased to $85.7 billion, while imports increased to $116.8 billion. The goods deficit increased to $37.2 billion, and the services surplus decreased to $6.1 billion.","Long-term Predictions: In the long term, the trade deficit could become a concern if it continues to widen, leading to a decrease in the country's competitiveness and a potential decline in the value of the dollar. The services sector is likely to remain a strong contributor to the economy, but the goods sector may need to improve its competitiveness to reduce the trade deficit. Here is the analysis of the Monthly international trade balance of U.S.:;Short-term Predictions: In the short term, the trade deficit is likely to continue to widen due to strong domestic demand and a strong dollar. Exports may continue to decrease due to seasonal fluctuations, but the services sector is likely to remain strong.",report,2000-05-01,2000-05-31,0,31
June 2000,68002.3,104526.5,-36524.2,2000-06-01,2000-06-01,2000-06-30,"Objective facts about the Monthly international trade balance of U.S. situation: The goods and services deficit was $30.6 billion in June, $0.3 billion more than the $30.3 billion in May. Exports of goods increased to $66.5 billion from $62.7 billion, and imports of goods increased to $103.3 billion from $99.2 billion.","Long-term predictions (next 4-18 months): In the long term, the trade deficit is likely to have implications for the U.S. economy. A continued reliance on foreign supplies could lead to a decrease in domestic production and employment, as well as a depreciation of the U.S. dollar. To mitigate this, the U.S. may need to focus on increasing domestic production and reducing its reliance on foreign goods and services. Here are the filtered results to make predictions about the Monthly international trade balance of the U.S.:;Short-term predictions (next 1-3 months): Based on the current trend, it is likely that the trade deficit will continue to grow in the short term. Exports are likely to remain strong, driven by a strong domestic economy, but imports are likely to increase at a faster rate, driven by the demand for foreign goods and services.",report,2000-06-01,2000-06-30,0,31
July 2000,60028.6,101986.6,-41958.0,2000-07-01,2000-07-01,2000-07-31,"Objective facts about the Monthly international trade balance of U.S. situation: The U.S. international trade deficit in goods and services increased to $31.9 billion in July 2000, up from $29.8 billion in June. Exports of goods and services decreased to $89.7 billion, while imports increased to $121.6 billion. The goods deficit increased to $38.7 billion, and the services surplus decreased to $6.8 billion.","Long-term predictions (next 4-18 months): The trade deficit may continue to increase, leading to a decrease in domestic production and an increase in foreign ownership of U.S. assets. The U.S. may need to implement policies to increase exports and reduce imports, such as trade agreements and tariffs. The services surplus may continue to shrink, leading to job losses and economic stagnation. Here is the filtered information useful for making predictions about the Monthly international trade balance of the U.S.:;Short-term predictions (next 1-3 months): The trade deficit is likely to continue to increase, driven by strong domestic demand and a strong dollar. Exports may continue to decrease, and the services surplus may continue to shrink. This could lead to a decrease in domestic production and an increase in foreign ownership of U.S. assets.",report,2000-07-01,2000-07-31,0,31
August 2000,68254.4,108166.7,-39912.3,2000-08-01,2000-08-01,2000-08-31,"Objective facts about the Monthly international trade balance of U.S. situation** * The goods and services deficit was $29.4 billion in August 2000, a decrease of $2.3 billion from July 2000. * Exports of goods and services increased to $93.0 billion, while imports increased to $122.5 billion. * The goods deficit decreased $2.1 billion to $36.4 billion, and the services surplus increased $0.1 billion to $7.0 billion. * Advanced technology products (ATP) exports were $19.7 billion, while imports were $20.1 billion, resulting in a deficit of $0.4 billion. **","Long-term predictions (next 4-18 months)** * The trade deficit is likely to decrease as the U.S. economy slows down and demand for imports decreases. * The U.S. may increase its exports of high-tech products, such as ATP, as domestic production increases and the global economy recovers. * The trade balance may improve as the U.S. negotiates new trade agreements with other countries, such as China and Japan. Based on the provided excerpt from the U.S. International Trade in Goods and Services report, here are the filtered results and my analysis: **;Short-term predictions (next 1-3 months)** * The trade deficit is likely to remain significant in the short term, as the U.S. economy continues to grow and drive demand for imports. * Exports may continue to increase, but at a slow pace, as the global economy is still recovering from the Asian financial crisis. **",report,2000-08-01,2000-08-31,0,31
September 2000,67391.0,106355.1,-38964.1,2000-09-01,2000-09-01,2000-09-30,"Objective facts about the Monthly international trade balance of U.S. situation: The U.S. international trade deficit in goods and services increased by $4.5 billion to $34.3 billion in September 2000, compared to August 2000. Exports of goods and services decreased by $0.6 billion to $92.4 billion, while imports increased by $3.8 billion to $126.6 billion. The goods deficit increased by $3.5 billion to $40.2 billion, and the services surplus decreased by $0.9 billion to $5.9 billion.","Long-term predictions (next 4-18 months): The trade deficit may start to narrow as the U.S. economy slows down and domestic demand for imports decreases. The services sector may recover, driven by growth in areas such as technology and healthcare. However, the overall trade balance will likely remain in deficit due to structural factors such as the U.S. economy's reliance on imports. Here is the filtered information useful for making predictions about the Monthly international trade balance of the U.S.:;Short-term predictions (next 1-3 months): The trade deficit is likely to remain high in the short term, driven by continued strong domestic demand and a relatively strong dollar. Exports may continue to struggle, particularly in the automotive and capital goods sectors, due to global economic uncertainty.",report,2000-09-01,2000-09-30,0,31
October 2000,69635.2,113812.5,-44177.3,2000-10-01,2000-10-01,2000-10-31,"Objective facts about the Monthly international trade balance of U.S. situation** The U.S. international trade deficit decreased by $0.6 billion to $33.2 billion in October 2000, compared to September 2000. Exports of goods and services decreased by $1.4 billion to $92.2 billion, while imports of goods and services decreased by $2.0 billion to $124.4 billion. The goods deficit increased by $0.2 billion to $39.5 billion, and the services surplus increased by $0.7 billion to $6.3 billion. **","Long-term predictions (next 4-18 months)** In the long term, the trade balance is likely to be influenced by various factors such as the outcome of trade negotiations, changes in global economic conditions, and shifts in consumer behavior. If the U.S. economy continues to grow at a moderate pace, and trade policies become more favorable, the trade deficit may continue to decrease. However, if global economic conditions deteriorate, or trade tensions escalate, the trade deficit may widen again. Based on the provided excerpt of the U.S. International Trade in Goods and Services report from the U.S. Census Bureau, here are the filtered results and analysis: **;Short-term predictions (next 1-3 months)** Based on the current trends, it is likely that the trade deficit will continue to decrease in the short term, driven by a slowdown in imports. However, the pace of decline may be slow, and the deficit is likely to remain significant. Exports may continue to be sluggish, and the services sector may continue to be the main driver of growth in the trade balance. **",report,2000-10-01,2000-10-31,0,31
November 2000,67613.5,106394.5,-38781.0,2000-11-01,2000-11-01,2000-11-30,"The U.S. international trade deficit decreased by $0.6 billion to $33.0 billion in November 2000, with exports of $90.4 billion and imports of $123.3 billion.","In the long term, the trade deficit is likely to continue to be a challenge for the U.S. economy, particularly if the dollar remains strong and domestic demand remains high. However, efforts to increase exports and reduce imports, such as through trade agreements and investment in infrastructure, could help to improve the trade balance over time. Based on the provided excerpt of the U.S. International Trade in Goods and Services report for November 2000, here are the filtered results and analysis: **;In the short term, the trade deficit is likely to remain high, driven by strong domestic demand and a strong dollar. However, the recent decrease in the deficit may indicate a slight improvement in the trade balance in the coming months.",report,2000-11-01,2000-11-30,0,31
December 2000,65211.3,98452.1,-33240.8,2000-12-01,2000-12-01,2000-12-31,"The United States economy showed remarkable strength in 2000, with GDP growing by 6.5%.","Based on the strong economy and fiscal discipline in 2000, it is likely that the economy will continue to grow and improve in the long term. Here is the summarized information:;NA",search,2000-12-25,2000-12-31,0,31
January 2001,62161.0,101869.1,-39708.1,2001-01-01,2001-01-01,2001-01-31,"Objective facts about the Monthly international trade balance of U.S. situation: The U.S. trade deficit in January 2001 was $33.3 billion, $0.1 billion more than the $33.2 billion in December 2000. Exports of goods increased to $64.7 billion, while imports of goods increased to $104.2 billion. The goods deficit decreased $0.1 billion to $39.5 billion, and the services surplus decreased $0.1 billion to $6.2 billion.","Long-term predictions (next 4-18 months): If the current trend continues, the trade deficit may continue to increase, potentially leading to a larger deficit in the long term. However, it is also possible that changes in global trade policies or economic conditions could lead to a decrease in the trade deficit. Here are the filtered results and analysis of the Monthly international trade balance of the U.S.: **;Short-term predictions (next 1-3 months): Based on the current trend, it is likely that the trade deficit will continue to remain high, potentially increasing slightly in the next few months.",report,2001-01-01,2001-01-31,0,31
February 2001,62742.7,91638.8,-28896.1,2001-02-01,2001-02-01,2001-02-28,"The U.S. international trade balance deficit decreased by $6.3 billion to $27.0 billion in February 2001, compared to January 2001. The goods deficit decreased by $6.1 billion to $33.4 billion, while the services surplus increased by $0.1 billion to $6.4 billion.","In the long term (next 4-18 months), we can expect the trade balance to continue to improve, driven by the ongoing growth of U.S. exports and a potential rebalancing of trade relationships. However, this could be influenced by various factors, including changes in global economic trends, trade policies, and geopolitical events. Here is the filtered information useful for making predictions about the Monthly international trade balance of the U.S.:;In the short term (next 1-3 months), we can expect the trade deficit to continue to decrease, driven by the ongoing strength in U.S. exports and a potential decrease in imports. This could be influenced by global economic trends and changes in trade policies.",report,2001-02-01,2001-02-28,0,31
March 2001,70358.0,103536.9,-33178.9,2001-03-01,2001-03-01,2001-03-31,"Objective facts about the Monthly international trade balance of the U.S. situation: The U.S. international trade deficit increased by $4.3 billion to $31.2 billion in March 2021, with exports of $89.5 billion and imports of $120.6 billion. The goods deficit increased by $4.4 billion to $37.6 billion, while the services surplus increased by $0.1 billion to $6.5 billion.","Long-term predictions (next 4-18 months): In the long term, the trade deficit may stabilize or even decrease if the U.S. government implements policies to promote domestic production and reduce reliance on foreign goods. Additionally, a potential appreciation of the U.S. dollar could make imports more expensive and reduce the trade deficit. However, this will depend on various factors, including global economic conditions, trade agreements, and government policies. Here are the filtered results and my analysis: **;Short-term predictions (next 1-3 months): Based on the current trend, it is likely that the trade deficit will continue to increase in the short term, driven by strong domestic demand and a relatively weak U.S. dollar. Exports may remain steady, but imports are expected to continue growing, widening the trade gap.",report,2001-03-01,2001-03-31,0,31
April 2001,62015.8,96264.3,-34248.5,2001-04-01,2001-04-01,2001-04-30,"Objective facts about the Monthly international trade balance of U.S. situation: The U.S. trade deficit decreased by $0.9 billion to $32.2 billion in April 2021, compared to March 2021. Exports of goods decreased by $1.8 billion to $62.1 billion, while imports of goods decreased by $2.7 billion to $100.0 billion. The goods deficit decreased by $0.9 billion to $37.8 billion, and the services surplus was virtually unchanged at $5.7 billion.","Long-term predictions (next 4-18 months): In the long term, the trade balance situation is likely to remain challenging, driven by structural issues such as the strong dollar and the trade policies of the U.S. government. The decline in exports may continue, particularly in sectors such as manufacturing, which may impact the overall trade balance situation. The services sector may continue to grow, but it may not be enough to offset the decline in goods exports. Here is the filtered information and analysis of the Monthly international trade balance of the U.S.:;Short-term predictions (next 1-3 months): Based on the current trends, it is likely that the trade deficit will continue to narrow in the short term, driven by a decline in imports. However, the decline in exports is a concern, and it may impact the overall trade balance situation in the short term. The services sector is expected to remain stable, but may not contribute significantly to the trade balance.",report,2001-04-01,2001-04-30,0,31
May 2001,64931.5,96604.8,-31673.3,2001-05-01,2001-05-01,2001-05-31,"Objective facts about the Monthly international trade balance of U.S. situation: The U.S. trade deficit in May 2001 was $28.3 billion, which is $3.7 billion less than the $32.0 billion in April 2001. Exports of goods increased to $62.8 billion, while imports of goods decreased to $97.2 billion. The goods deficit decreased by $3.3 billion from April to May, and the services surplus increased by $0.4 billion to $6.1 billion.","Long-term predictions (next 4-18 months): The trade deficit is likely to remain a significant issue for the U.S. economy. The country's reliance on imports and its large trade deficit with countries like China and Canada may lead to continued trade tensions and potential trade wars. The services surplus may continue to grow, driven by growth in areas like technology and healthcare. Here is the analysis of the Monthly international trade balance of the U.S.:;Short-term predictions (next 1-3 months): The trade deficit is likely to remain high, but may continue to decrease slightly due to a decrease in imports. Exports may continue to increase, driven by growth in capital goods, automotive vehicles, and consumer goods.",report,2001-05-01,2001-05-31,0,31
June 2001,63333.6,95662.9,-32329.3,2001-06-01,2001-06-01,2001-06-30,"Objective facts about the Monthly international trade balance of U.S. situation: The U.S. international trade in goods and services resulted in a deficit of $29.4 billion in June 2001, which is $0.9 billion more than the deficit in May 2001. Exports of goods decreased to $60.8 billion, while imports of goods decreased to $96.5 billion. Exports of services increased to $25.1 billion, while imports of services remained virtually unchanged. The goods deficit increased by $1.2 billion to $35.7 billion, and the services surplus increased by $0.3 billion to $6.3 billion.","Long-term predictions (next 4-18 months): The trade deficit may decrease in the long term, as the U.S. economy is expected to recover. Exports of goods may increase, driven by a recovery in global demand, while exports of services may continue to grow, driven by a stronger tourism industry. Based on the provided monthly report of U.S. International Trade in Goods and Services from 2001-06-01 to 2001-06-30, here are the filtered results and predictions about the Monthly international trade balance of the U.S.:;Short-term predictions (next 1-3 months): The trade deficit may continue to increase in the short term, as the global economy is expected to slow down. Exports of goods may continue to decrease, while exports of services may remain strong.",report,2001-06-01,2001-06-30,0,31
July 2001,54611.2,94625.2,-40014.0,2001-07-01,2001-07-01,2001-07-31,"Objective facts about the Monthly international trade balance of U.S. situation: The U.S. international trade in goods and services resulted in a deficit of $28.8 billion in July 2001, a decrease of $0.2 billion from June 2001. Exports of goods decreased to $58.8 billion, and imports of goods decreased to $94.2 billion.","Long-term predictions (next 4-18 months): In the long term, I predict that the trade deficit will continue to be a concern, and may even increase if the U.S. economy continues to grow at a slow rate. The U.S. may need to implement policies to increase exports and reduce imports in order to reduce the trade deficit. Here are the filtered results and analysis: **;Short-term predictions (next 1-3 months): Based on the current trend, I predict that the trade deficit will continue to decrease in the short term, but at a slow rate. Exports and imports may continue to fluctuate, but the overall trend will be a slight decrease.",report,2001-07-01,2001-07-31,0,31
August 2001,60111.5,96727.7,-36616.2,2001-08-01,2001-08-01,2001-08-31,"The leading indicators of future economic activity in the United States rose for the fourth straight month in July 2001, showing signs of strength in the economy.","In the long-term, the impact of right-to-work laws and other policies may become more apparent, potentially leading to a slowdown in economic growth and wage stagnation. Here is the summarized information:;In the short-term, the economy is likely to continue showing signs of strength, with continued job creation and economic growth.",search,2001-08-20,2001-08-26,5,31
September 2001,55232.1,89483.4,-34251.3,2001-09-01,2001-09-01,2001-09-30,"The Executive Order 13224 was issued on September 24, 2001, to target persons who commit, threaten to commit, or support terrorism, which can affect the national security, foreign policy, or economy of the United States.","In the long term, the economy may recover from any short-term instability, but it will likely be influenced by the government's continued focus on national security and terrorism. Here is the summarized information relevant to predicting the Economy:;In the short term, the economy may experience uncertainty and potential instability due to the focus on national security and terrorism.",search,2001-09-24,2001-09-30,0,31
October 2001,60700.8,101176.8,-40476.0,2001-10-01,2001-10-01,2001-10-31,"The Monthly international trade balance of the U.S. in October 2001 was -$29.4 billion, a $10.4 billion increase from September. Exports were $77.3 billion, and imports were $106.8 billion, resulting in a goods deficit of $35.0 billion and a services surplus of $5.6 billion.","In the long-term future (next 4-18 months), I predict that the trade deficit will continue to be a major concern for the U.S. economy. The country may need to implement policies to increase exports and reduce imports, such as negotiating new trade agreements or implementing tariffs on imported goods. Here is the filtered information and analysis of the Monthly international trade balance of the U.S.:;In the short-term future (next 1-3 months), I predict that the trade deficit will continue to increase due to decreased exports and increased imports. This may lead to a slowdown in economic growth and potentially even a recession.",report,2001-10-01,2001-10-31,0,31
November 2001,57900.0,91705.3,-33805.3,2001-11-01,2001-11-01,2001-11-30,"The U.S. international trade deficit in goods and services decreased by $1.4 billion to $27.9 billion in November 2021, compared to $29.3 billion in October 2021.","In the long term, the trade balance is likely to continue to improve, with a possible increase in exports and a decrease in imports, leading to a narrowing of the trade deficit. Here is the filtered information useful for making predictions about the Monthly international trade balance of the U.S.:;Based on the current trend, it is likely that the trade deficit will continue to decrease in the short term, with a possible improvement in the trade balance.",report,2001-11-01,2001-11-30,0,31
December 2001,55002.4,81702.9,-26700.5,2001-12-01,2001-12-01,2001-12-31,"Objective facts about the Monthly international trade balance of U.S. situation** * The United States recorded a goods and services deficit of $25.3 billion in December 2001, a decrease of $3.3 billion from the November deficit. * Exports of goods and services increased by $0.1 billion from November to December, while imports decreased by $3.1 billion. * The goods deficit decreased by $2.9 billion from November to December, while the services surplus increased by $0.3 billion. * For 2001, the goods and services deficit was $346.3 billion, a decrease of $29.5 billion from 2000. **","Long-term predictions** * In the long term, I predict that the U.S. trade balance will continue to be influenced by global economic trends, including the strength of the U.S. dollar and the growth of international trade. * The U.S. trade deficit is likely to remain a challenge, particularly if imports continue to outpace exports. Here is the analysis of the Monthly International Trade in Goods and Services report:;Short-term predictions** * Based on the current trend, I predict that the trade deficit will continue to decrease in the short term, driven by decreases in imports and increases in exports. * The services surplus is likely to continue to increase, driven by growth in travel and passenger fares, as well as transfers under U.S. military sales contracts. **",report,2001-12-01,2001-12-31,0,31
January 2002,52667.2,85111.7,-32444.5,2002-01-01,2002-01-01,2002-01-31,"The U.S. international trade deficit for January 2002 was $28.5 billion, a $3.8 billion increase from December 2001. Exports of goods decreased by $0.2 billion to $54.8 billion, while imports of goods increased by $3.7 billion to $88.9 billion.","In the long-term (next 4-18 months), the trade deficit may stabilize or even decrease if exports recover and imports moderate, driven by a stronger U.S. economy and a weaker dollar. However, this depends on various factors, including global economic conditions, trade policies, and the pace of economic growth in the U.S. and its trading partners. Here is the analysis of the Monthly international trade balance of U.S. situation:;In the short-term (next 1-3 months), the trade deficit is likely to continue to widen due to the ongoing strength of imports and the slow recovery of exports.",report,2002-01-01,2002-01-31,0,31
February 2002,53061.5,83472.6,-30411.1,2002-02-01,2002-02-01,2002-02-28,"Objective facts about the Monthly international trade balance of U.S. situation** * The U.S. international trade in goods and services deficit for February 2002 was $31.5 billion, $3.3 billion more than the $28.2 billion in January. * Exports of goods and services increased to $79.2 billion in February, while imports increased to $110.7 billion. * The goods deficit increased to $36.9 billion, and the services surplus decreased to $5.4 billion. **","Long-term predictions (next 4-18 months)** * The trade deficit may stabilize or decrease in the long term, as exports are likely to increase due to a stronger global economy and a weaker U.S. dollar. Here is the filtered and summarized information relevant to making predictions about the Monthly international trade balance of the U.S.:;Short-term predictions (next 1-3 months)** * The trade deficit is likely to continue to increase in the short term, driven by continued strong domestic demand and imports. **",report,2002-02-01,2002-02-28,0,31
March 2002,60728.5,91414.9,-30686.4,2002-03-01,2002-03-01,2002-03-31,"The U.S. personal saving rate has declined sharply, with causes and consequences being examined.","In the long-term, the economy may recover from the current downturn, but it will likely require significant policy changes or external factors.;In the short-term, the economy may continue to slow down, potentially leading to a recession.",search,2002-03-25,2002-03-31,0,31
April 2002,58145.9,96890.8,-38744.9,2002-04-01,2002-04-01,2002-04-30,"Objective facts about the Monthly international trade balance of U.S. situation** The U.S. Census Bureau and the Bureau of Economic Analysis announced that total April exports of $80.1 billion and imports of $116.0 billion resulted in a goods and services deficit of $35.9 billion, $3.5 billion more than the $32.5 billion in March, revised. **","Long-term predictions (next 4-18 months)** In the long term, the increasing trade deficit may lead to a decline in the U.S. economy's growth rate and potentially even a recession. However, if the U.S. can increase its exports and reduce its imports, the trade deficit may decrease, and the economy may experience growth. Here is the analysis of the monthly international trade balance of the U.S. based on the provided report:;Short-term predictions (next 1-3 months)** Based on the current trend, it is likely that the trade deficit will continue to increase in the short term, potentially leading to a decrease in the U.S. economy's competitiveness and a rise in domestic prices. **",report,2002-04-01,2002-04-30,0,31
May 2002,59884.1,97648.9,-37764.8,2002-05-01,2002-05-01,2002-05-31,"Objective facts about the Monthly international trade balance of U.S. situation: The U.S. Census Bureau and the Bureau of Economic Analysis announced that total May exports of $80.6 billion and imports of $118.3 billion resulted in a goods and services deficit of $37.6 billion, $1.5 billion more than the $36.1 billion in April, revised.","Long-term predictions (next 4-18 months): If the current trend continues, the trade deficit may reach a new high, potentially exceeding $50 billion, which could lead to significant economic implications and potential trade policy changes. Here is the filtered information useful for predicting the Monthly international trade balance of the U.S.:;Short-term predictions (next 1-3 months): Based on the current trend, it is likely that the trade deficit will continue to widen in the short term, potentially exceeding $40 billion.",report,2002-05-01,2002-05-31,0,31
June 2002,59920.7,96415.9,-36495.2,2002-06-01,2002-06-01,2002-06-30,"The U.S. preschool-aged children in the late 1990s had IQs that were, on average, 2.2-4.7 points higher than those in the past due to falling Blood Lead Levels (BLLs).","The improvement in children's IQs and the focus on economic development could lead to a more educated and productive workforce, resulting in long-term economic growth. Here is the summarized information, filtered to focus on predicting the Economy:;NA",search,2002-06-24,2002-06-30,0,31
July 2002,55031.6,100471.9,-45440.3,2002-07-01,2002-07-01,2002-07-31,"The proportion of the population with jobs was the highest in the Midwest in 2000, with 67.4 percent of Midwesterners having jobs.",NAHere is the summarized information:;NA,search,2002-07-22,2002-07-28,3,31
August 2002,59490.4,102276.6,-42786.2,2002-08-01,2002-08-01,2002-08-31,"Objective facts about the Monthly international trade balance of U.S. situation: The U.S. Census Bureau and the Bureau of Economic Analysis reported a goods and services deficit of $38.5 billion in August 2002, $3.4 billion more than the $35.1 billion in July. Exports of goods decreased to $58.0 billion, while imports of goods increased to $100.3 billion. The goods deficit increased $3.2 billion from July to $42.3 billion, and the services surplus decreased $0.2 billion to $3.8 billion.","Long-term predictions (next 4-18 months): In the long term, the trade deficit may continue to be a concern, particularly if the U.S. economy continues to grow at a slower pace than its trading partners. The U.S. may need to implement policies to improve the competitiveness of its goods and services, such as investing in infrastructure, promoting exports, and improving the business environment. After analyzing the provided report, I have filtered out the relevant information to make predictions about the Monthly international trade balance of the U.S. **;Short-term predictions (next 1-3 months): Based on the current trend, the trade deficit is likely to continue to widen, driven by a decrease in exports of goods and an increase in imports of goods. The services surplus may continue to decline, but at a slower pace.",report,2002-08-01,2002-08-31,0,31
September 2002,57277.5,99428.8,-42151.3,2002-09-01,2002-09-01,2002-09-30,"Objective facts about the Monthly international trade balance of U.S. situation: * The U.S. trade deficit in goods and services was $38.0 billion in September 2002, a decrease of $0.3 billion from August 2002. * Exports of goods and services decreased by $0.3 billion to $82.2 billion, while imports decreased by $0.6 billion to $120.2 billion. * The goods deficit decreased by $0.5 billion to $41.8 billion, and the services surplus decreased by $0.3 billion to $3.8 billion. * Exports of goods increased by $0.1 billion to $58.3 billion, and imports of goods decreased by $0.5 billion to $100.1 billion.","Long-term predictions (next 4-18 months): * The trade deficit is likely to remain a significant issue for the U.S. economy, with a potential widening of the deficit due to increasing imports. * The services sector may continue to be a key driver of U.S. economic growth, with a potential increase in exports. Here is the filtered and summarized information relevant to making predictions about the Monthly international trade balance of the U.S.:;Short-term predictions (next 1-3 months): * The trade deficit is likely to remain around $38 billion in the short term, with a potential slight decrease due to seasonal factors. * Exports and imports may continue to slow down due to global economic uncertainty.",report,2002-09-01,2002-09-30,0,31
October 2002,61975.6,106250.8,-44275.2,2002-10-01,2002-10-01,2002-10-31,"Objective facts about the Monthly international trade balance of U.S. situation: The U.S. Census Bureau and the Bureau of Economic Analysis announced that total October exports were $82.0 billion and imports were $117.0 billion, resulting in a goods and services deficit of $35.1 billion. The goods deficit decreased $1.9 billion from September to $39.4 billion, and the services surplus increased $0.2 billion to $4.4 billion.","Long-term predictions (next 4-18 months): In the long term, the trade balance is expected to be influenced by various factors, including the outcome of trade negotiations, changes in global economic trends, and shifts in consumer behavior. While it is difficult to predict the exact outcome, it is likely that the trade deficit will continue to be a challenge for the U.S. economy. However, with a strong services sector and a recovering economy, the trade balance may improve over time. Here is the filtered information useful to making predictions about the Monthly international trade balance of the U.S.:;Short-term predictions (next 1-3 months): Based on the current trend, it is likely that the trade deficit will continue to decrease in the short term. The services surplus is expected to remain strong, and the goods deficit may continue to decrease as the economy recovers from the pandemic.",report,2002-10-01,2002-10-31,0,31
November 2002,59670.2,102564.5,-42894.3,2002-11-01,2002-11-01,2002-11-30,"The U.S. Census Bureau and the Bureau of Economic Analysis reported that total November exports were $83.2 billion and imports were $123.3 billion, resulting in a goods and services deficit of $40.1 billion.","In the long-term, the trade deficit may persist if the U.S. continues to rely heavily on imports to meet domestic demand. However, if the U.S. economy slows down or the dollar weakens, the trade deficit may narrow. Additionally, any changes in trade policies or agreements could also impact the trade balance in the next 4-18 months. Here is the analysis of the Monthly report of U.S. International Trade in Goods and Services:;In the short-term, the trade deficit is likely to continue, driven by strong consumer demand and a relatively strong dollar. This could lead to a further widening of the trade gap in the next 1-3 months.",report,2002-11-01,2002-11-30,0,31
December 2002,55248.2,99419.0,-44170.8,2002-12-01,2002-12-01,2002-12-31,"Objective Facts: * The U.S. international trade deficit in goods and services increased to $44.2 billion in December 2002, up from $40.0 billion in November. * Exports of goods and services decreased by $2.1 billion to $81.2 billion, while imports increased by $2.1 billion to $125.4 billion. * The goods deficit increased by $4.1 billion to $48.4 billion, while the services surplus decreased by $0.1 billion to $4.1 billion. * The trade deficit with Western Europe, China, Japan, Canada, and Mexico increased in December 2002.","Long-term Predictions (next 4-18 months): * The trade deficit may continue to widen in the long term if the U.S. economy continues to experience a slowdown in growth and if the global economy does not recover significantly. * The U.S. may need to implement policies to address the trade imbalance, such as increasing exports or reducing imports. Here is the filtered information and analysis: **;Short-term Predictions (next 1-3 months): * The trade deficit is likely to remain high in the short term due to the ongoing imbalance in trade. * Exports may continue to decrease, while imports may continue to increase, leading to a further widening of the trade deficit.",report,2002-12-01,2002-12-31,0,31
January 2003,54854.1,97491.0,-42636.8,2003-01-01,2003-01-01,2003-01-31,"Objective Facts** * The U.S. trade deficit in goods and services decreased by $3.8 billion to $41.1 billion in January 2003, compared to December 2002. * Exports of goods and services increased by $1.3 billion to $81.9 billion in January 2003, while imports decreased by $2.5 billion to $123.0 billion. * The goods deficit decreased by $3.7 billion to $44.8 billion, and the services surplus increased by $0.1 billion to $3.7 billion. **","Long-term Predictions** * The trade deficit is likely to remain a concern for the U.S. economy in the long term, as the country continues to rely on imports to meet domestic demand. * The U.S. may need to implement policies to increase exports and reduce imports in order to improve the trade balance and strengthen the economy. U.S. Census Bureau, U.S. International Trade in Goods and Services, January 2003. Here is the analysis of the Monthly international trade balance of the U.S. based on the provided report:;Short-term Predictions** * The trade deficit is likely to remain high in the short term, but may continue to decrease as imports slow down and exports continue to grow. * The U.S. economy may experience a slowdown in growth, but the trade sector may continue to show signs of improvement. **",report,2003-01-01,2003-01-31,0,31
February 2003,55917.3,93153.9,-37236.7,2003-02-01,2003-02-01,2003-02-28,"Objective facts about the Monthly international trade balance of U.S. situation: The U.S. international trade in goods and services deficit was $40.3 billion in February 2003, $0.9 billion less than the $41.2 billion in January, revised.","Long-term predictions (next 4-18 months): In the long term, the trade deficit is likely to continue to be a significant issue for the U.S. economy. Factors such as global economic conditions, trade policies, and domestic demand will influence the trade balance. It is possible that the deficit may increase or decrease depending on these factors, but it is unlikely to disappear. Here is the filtered information useful for making predictions about the Monthly international trade balance of the U.S.:;Short-term predictions (next 1-3 months): Based on the recent trend, it is likely that the trade deficit will continue to fluctuate, but remain significant. The deficit may decrease slightly in the short term, but it is unlikely to change dramatically.",report,2003-02-01,2003-02-28,0,31
March 2003,63524.2,105842.3,-42318.1,2003-03-01,2003-03-01,2003-03-31,"The U.S. Census Bureau and the Bureau of Economic Analysis reported a goods and services deficit of $43.5 billion in March 2003, which is $3.1 billion more than the $40.4 billion in February, revised.","In the long term (next 4-18 months), the trade deficit may stabilize or even improve if the U.S. can increase its exports of goods and services, particularly in areas such as advanced technology products, which have been a strong sector in the past. Here is the filtered information useful for making predictions about the Monthly international trade balance of the U.S.:;In the short term (next 1-3 months), the trade deficit may continue to widen due to the ongoing trend of increasing imports of goods and decreasing exports of services.",report,2003-03-01,2003-03-31,0,31
April 2003,59162.2,103869.2,-44707.0,2003-04-01,2003-04-01,2003-04-30,"Objective facts about the Monthly international trade balance of U.S. situation: The U.S. Census Bureau and the Bureau of Economic Analysis announced that total April exports of $81.0 billion and imports of $123.0 billion resulted in a goods and services deficit of $42.0 billion, compared to $42.9 billion in March, revised.","Long-term predictions (next 4-18 months): In the long term, the trade deficit may continue to persist due to various factors such as global economic trends, trade policies, and consumer demand. However, the U.S. government's efforts to promote exports and reduce trade deficits may lead to a gradual reduction in the trade deficit. Here are the filtered results and my analysis:;Short-term predictions (next 1-3 months): Based on the current trend, it is likely that the trade deficit will continue to exist in the short term. However, the decrease in exports and imports may lead to a slight reduction in the trade deficit.",report,2003-04-01,2003-04-30,0,31
May 2003,59983.5,102068.4,-42084.9,2003-05-01,2003-05-01,2003-05-31,"** The U.S. international trade deficit in goods and services increased by $0.2 billion to $41.8 billion in May 2003, compared to April 2003. Exports of goods and services increased by $0.7 billion to $82.1 billion, while imports increased by $0.9 billion to $123.9 billion. **","** In the long term (next 4-18 months), the trade deficit is likely to remain a concern, particularly if the dollar remains weak and domestic demand remains strong. However, if the U.S. economy slows down, imports may decrease, which could help narrow the trade deficit. Additionally, if the U.S. government takes steps to improve the trade balance, such as through trade agreements or policies to promote exports, the trade deficit could narrow over time. Here are the filtered results and my analysis: **;** In the short term (next 1-3 months), the trade deficit is likely to continue to widen due to strong domestic demand and a weak dollar, which makes imports more expensive. However, exports may also increase as global demand picks up, which could help narrow the trade deficit. **",report,2003-05-01,2003-05-31,0,31
June 2003,61570.2,103957.7,-42387.5,2003-06-01,2003-06-01,2003-06-30,"Objective facts about the Monthly international trade balance of U.S. situation** The U.S. Census Bureau and the Bureau of Economic Analysis announced that total June exports of $84.6 billion and imports of $124.2 billion resulted in a goods and services deficit of $39.5 billion, $1.9 billion less than the $41.5 billion in May. **","Long-term predictions (next 4-18 months)** In the long term, the trade balance situation may depend on various factors such as global economic trends, trade policies, and the performance of the U.S. economy. It is possible that the trade deficit may continue to be a challenge, but the growth in services exports could potentially offset some of the deficit. Here is the filtered information and analysis: **;Short-term predictions (next 1-3 months)** Based on the current trend, it is likely that the trade deficit will continue to fluctuate, with a possibility of a slight decrease in the next few months. The growth in services exports may continue, but the goods deficit may remain a challenge. **",report,2003-06-01,2003-06-30,0,31
July 2003,57070.2,107631.0,-50560.8,2003-07-01,2003-07-01,2003-07-31,"Objective facts about the Monthly international trade balance of U.S. situation: The U.S. Census Bureau and the Bureau of Economic Analysis announced that total July exports of $86.1 billion and imports of $126.5 billion resulted in a goods and services deficit of $40.3 billion. The goods deficit increased $0.2 billion from June to $45.3 billion, and the services surplus decreased $0.1 billion to $5.0 billion.","Long-term predictions (next 4-18 months): The trade deficit may continue to increase, potentially leading to a decrease in the value of the U.S. dollar. This could have implications for inflation, interest rates, and the overall economy. Here is the filtered information useful for making predictions about the Monthly international trade balance of the U.S.:;Short-term predictions (next 1-3 months): The trade deficit is likely to continue to increase, and the services surplus may continue to decrease. This could lead to a widening of the trade gap.",report,2003-07-01,2003-07-31,0,31
August 2003,58611.1,102307.0,-43695.9,2003-08-01,2003-08-01,2003-08-31,"Objective facts about the Economy situation: The prevailing Federal minimum wage in 2002 was $5.15 per hour, with about 570,000 American workers earning exactly this amount. Employee retirement and savings benefits were higher for union workers in 2003.","Predictions you can make for the long-term future (next few months): The economy may continue to experience disinflationary pressures due to globalization, leading to a more stable inflation environment. Here is the summary of the search results:;Predictions you can make for the short-term future (next 1-4 weeks): NA",search,2003-08-25,2003-08-31,0,31
September 2003,60238.6,108321.9,-48083.3,2003-09-01,2003-09-01,2003-09-30,"Objective facts about the Monthly international trade balance of U.S. situation: The U.S. Census Bureau and the U.S. Bureau of Economic Analysis reported a goods and services deficit of $41.3 billion in September 2003, which is $1.8 billion more than the $39.5 billion in August, revised. Exports of goods increased $2.1 billion to $59.8 billion, and imports of goods increased $3.9 billion to $106.3 billion.","Long-term predictions (next 4-18 months): The trade deficit may begin to narrow as the U.S. economy slows down, reducing demand for imports. Additionally, the U.S. dollar's depreciation against other currencies could make U.S. exports more competitive, leading to an increase in exports and a narrowing of the trade deficit. Here is the filtered and summarized information relevant to making predictions about the Monthly international trade balance of the U.S.:;Short-term predictions (next 1-3 months): The trade deficit is likely to continue to widen in the short term, driven by the ongoing strength of the U.S. economy and the resulting increase in imports. Exports may continue to grow, but at a slower pace than imports.",report,2003-09-01,2003-09-30,0,31
October 2003,66388.6,117157.6,-50769.0,2003-10-01,2003-10-01,2003-10-31,"The U.S. international trade deficit in goods and services was $41.8 billion in October 2003, up $0.5 billion from September. Exports of goods and services increased $2.2 billion to $88.0 billion, while imports increased $2.7 billion to $129.7 billion.","In the long term (next 4-18 months), I predict that the trade deficit will continue to be a concern, potentially leading to a depreciation of the dollar and a rebalancing of international trade. The growth of exports will depend on the strength of the global economy and the competitiveness of U.S. industries. Based on the provided data, here are the filtered results and analysis: **;In the short term (next 1-3 months), I predict that the trade deficit will continue to widen, driven by strong consumer demand and a relatively strong dollar. Exports may continue to grow, but at a slower pace than imports.",report,2003-10-01,2003-10-31,0,31
November 2003,64491.7,106066.3,-41574.5,2003-11-01,2003-11-01,2003-11-30,The United States Bureau of Labor Statistics (BLS) reports that consumer spending is an engine for U.S. job growth.,"In the long-term, the economy may shift towards more sustainable and environmentally-friendly industries, such as the hydrogen economy, and globalization efforts may lead to increased economic integration and growth. Here is the summarized information, filtered to focus on predicting the Economy:;In the short-term, consumer spending is likely to continue driving job growth, and the economy may experience a boost from increased spending in areas like health care.",search,2003-11-24,2003-11-30,0,31
December 2003,62959.1,109254.9,-46295.8,2003-12-01,2003-12-01,2003-12-31,"Objective facts about the Monthly international trade balance of U.S. situation: The U.S. Census Bureau and the U.S. Bureau of Economic Analysis reported a goods and services deficit of $42.5 billion in December 2003, which is $4.1 billion more than the $38.4 billion in November, revised.","Long-term predictions (next 4-18 months): In the long term, I predict that the trade deficit will continue to be a concern for the U.S. economy, but I also expect to see some adjustments in trade policies and practices to address this issue. There may be increased efforts to promote U.S. exports and reduce dependence on foreign goods, which could help to narrow the trade deficit. Here is the filtered and summarized information useful for making predictions about the Monthly international trade balance of the U.S.:;Short-term predictions (next 1-3 months): Based on the current trend, I predict that the trade deficit will continue to increase in the short term, driven by strong consumer demand and a growing economy. However, I also expect exports to continue growing, albeit at a slower pace than imports.",report,2003-12-01,2003-12-31,0,31
January 2004,58924.3,103993.0,-45068.7,2004-01-01,2004-01-01,2004-01-31,"The U.S. international trade deficit in goods and services was $43.1 billion in January 2004, a $0.4 billion increase from December 2003. Exports were $89.0 billion, while imports were $132.1 billion.","In the long term, the trade deficit may continue to widen, potentially reaching $60-70 billion in the next 4-18 months, unless there are significant changes in trade policies or a shift in consumer behavior. Here is the filtered information useful for making predictions about the Monthly international trade balance of the U.S.:;Based on the current trend, it is likely that the trade deficit will continue to increase in the short term, potentially reaching $45-50 billion in the next 1-3 months.",report,2004-01-01,2004-01-31,0,31
February 2004,63118.3,104864.0,-41745.7,2004-02-01,2004-02-01,2004-02-29,"The United States economy has been characterized by lackluster employment growth and weak labor markets since the 2001 recession, with employment losses being a significant issue.","In the long term, the US economy may experience more significant growth and productivity gains as a result of globalization and trade agreements, but this will depend on the ability of policymakers to effectively manage the economy and address issues such as budget and trade deficits. Here is the summarized information:;In the short term, the US economy is likely to continue experiencing slow employment growth and weak labor markets, with potential implications for consumer spending and economic growth.",search,2004-02-23,2004-02-29,0,31
March 2004,73889.7,123421.0,-49531.3,2004-03-01,2004-03-01,2004-03-31,"The U.S. international trade deficit for March 2004 was $46.0 billion, with exports of $94.7 billion and imports of $140.7 billion.","In the long term (next 4-18 months), the trade deficit may stabilize or even decrease as the economy adjusts to the strong dollar and import prices increase. Here is the analysis of the Monthly international trade balance of the U.S. based on the provided report: **;In the short term (next 1-3 months), the trade deficit is likely to continue to widen, driven by strong consumer demand and a weak dollar.",report,2004-03-01,2004-03-31,0,31
April 2004,67556.0,118885.0,-51329.0,2004-04-01,2004-04-01,2004-04-30,"Objective facts about the Monthly international trade balance of U.S. situation: The U.S. Census Bureau and the U.S. Bureau of Economic Analysis announced that total April exports of $93.9 billion and imports of $142.3 billion resulted in a goods and services deficit of $48.3 billion, compared with $46.6 billion in March, revised.","Long-term predictions (next 4-18 months): If the U.S. economy continues to grow, it may lead to increased consumer spending and imports, further widening the trade deficit. However, if the U.S. takes measures to increase exports, such as negotiating new trade agreements or investing in export-oriented industries, the trade deficit may narrow. Here are the filtered results and my analysis of the Monthly international trade balance of the U.S.:;Short-term predictions (next 1-3 months): The trade deficit is likely to continue to increase in the short term, as imports continue to outpace exports.",report,2004-04-01,2004-04-30,0,31
May 2004,69296.5,118271.0,-48974.5,2004-05-01,2004-05-01,2004-05-31,"Objective facts about the Monthly international trade balance of U.S. situation: The U.S. Census Bureau and the U.S. Bureau of Economic Analysis reported a goods and services deficit of $46.0 billion in May 2004, a decrease of $2.1 billion from April 2004. Exports of goods increased $2.8 billion to $68.7 billion, and imports of goods increased $0.6 billion to $119.5 billion.","Long-term predictions (next 4-18 months): In the long term, the trade balance is likely to be influenced by various factors, including global economic trends, trade policies, and currency fluctuations. While it is difficult to predict the exact direction of the trade balance, it is likely that the U.S. will continue to run a trade deficit, driven by its strong consumer demand and reliance on imports. Here is the filtered and summarized information relevant to making predictions about the Monthly international trade balance of the U.S.:;Short-term predictions (next 1-3 months): Based on the current trend, it is likely that the trade deficit will continue to decrease or remain stable in the short term, driven by continued growth in exports. However, the services surplus may not be enough to offset the goods deficit, and the overall trade balance is likely to remain in deficit.",report,2004-05-01,2004-05-31,0,31
June 2004,68403.1,127657.0,-59253.9,2004-06-01,2004-06-01,2004-06-30,"The U.S. international trade deficit in goods and services was $55.8 billion in June 2004, an increase of $8.9 billion from May. Exports of goods and services decreased $4.2 billion to $92.8 billion, while imports increased $4.7 billion to $148.6 billion.","In the long term (next 4-18 months), the trade deficit may continue to be a challenge for the U.S. economy, potentially leading to a decrease in economic growth and stability. However, the U.S. economy has shown resilience in the past, and policymakers may implement measures to address the trade deficit and stimulate economic growth. Here are the filtered results and analysis:;In the short term (next 1-3 months), the trade deficit is likely to continue to widen due to the ongoing trends in exports and imports. This may lead to a decrease in the value of the U.S. dollar, making imports more expensive and potentially fueling inflation.",report,2004-06-01,2004-06-30,0,31
July 2004,63878.9,123224.0,-59345.1,2004-07-01,2004-07-01,2004-07-31,"Objective facts about the Monthly international trade balance of U.S. situation: The U.S. Census Bureau and the U.S. Bureau of Economic Analysis reported a goods and services deficit of $50.1 billion in July 2004, $4.9 billion less than the $55.0 billion in June, revised.","Long-term predictions: In the long term, the trade deficit is likely to continue to be a challenge for the U.S. economy, particularly if the country continues to rely heavily on imports of goods and services. To address the deficit, the U.S. may need to focus on increasing exports, improving trade agreements, and promoting domestic production and investment. Here is the analysis of the Monthly report of U.S. International Trade in Goods and Services from 2004-07-01 to 2004-07-31 published by U.S. Census Bureau:;Short-term predictions: Based on the current trend, it is likely that the trade deficit will continue to decrease in the short term, driven by increases in exports of goods and services. However, the deficit is still significant, and it remains to be seen whether the U.S. can sustain a decrease in the deficit over time.",report,2004-07-01,2004-07-31,0,31
August 2004,67170.5,127216.0,-60045.5,2004-08-01,2004-08-01,2004-08-31,"The U.S. international trade deficit in goods and services increased by $3.5 billion to $54.0 billion in August 2004, compared to July 2004. Exports of goods and services increased by $0.1 billion to $96.0 billion, while imports of goods and services increased by $3.6 billion to $150.1 billion.","In the long-term (next 4-18 months), the trade deficit may lead to a decline in the value of the US dollar, making exports more competitive and potentially reducing the trade deficit. However, this depends on various factors, including the strength of the US economy and global trade policies. Here is the analysis of the Monthly International Trade in Goods and Services report:;In the short-term (next 1-3 months), the trade deficit is likely to continue to increase, driven by strong demand for imported goods and services.",report,2004-08-01,2004-08-31,0,31
September 2004,69226.1,126022.0,-56795.9,2004-09-01,2004-09-01,2004-09-30,"The U.S. international trade balance deficit in September 2004 was $51.6 billion, a decrease of $1.9 billion from August. The goods deficit decreased $1.4 billion to $55.6 billion, and the services surplus increased $0.6 billion to $4.0 billion.","In the long term, I predict that the trade deficit will continue to be a challenge for the U.S. economy. To address this, the U.S. may need to focus on increasing exports, particularly in the goods sector, and reducing its reliance on imports. Additionally, the U.S. may need to negotiate trade agreements with other countries to improve its trade balance. Here is the filtered information and analysis on the Monthly international trade balance of the U.S.: **;In the short term, I predict that the trade deficit will continue to decrease, driven by increases in exports of goods and services. However, the deficit is still likely to remain significant.",report,2004-09-01,2004-09-30,0,31
October 2004,73091.1,134816.0,-61724.9,2004-10-01,2004-10-01,2004-10-31,The U.S.-Bahrain Free Trade Agreement is expected to have quantifiable and nonquantifiable benefits to the U.S. economy as a whole.,"In the long term, the U.S. economy may face challenges due to population aging, which could impact financial markets and economic growth.;In the short term, the U.S. economy may experience growth due to the implementation of free trade agreements and continued economic development in countries like China.",search,2004-10-25,2004-10-31,0,31
November 2004,69209.4,134719.0,-65509.6,2004-11-01,2004-11-01,2004-11-30,"The Monthly international trade balance of the U.S. was a deficit of $60.3 billion in November 2004, which is $4.3 billion more than the deficit in October. Exports of goods decreased $2.6 billion to $66.5 billion, and imports of goods increased $1.4 billion to $130.7 billion.","In the long term (next 4-18 months), I predict that the trade deficit will continue to be a concern for the US economy. The increasing trade deficit may lead to a decrease in the value of the US dollar, making exports more competitive, but also increasing the cost of imports and potentially leading to higher inflation. The US government may need to implement policies to address the trade deficit, such as increasing exports or reducing imports. Based on the provided report, here are the filtered results and analysis: **;In the short term (next 1-3 months), I predict that the trade deficit will continue to widen, driven by strong domestic demand and increasing imports of goods. Exports of goods may remain stagnant or decrease slightly, contributing to the growing deficit.",report,2004-11-01,2004-11-30,0,31
December 2004,71110.8,126617.0,-55506.2,2004-12-01,2004-12-01,2004-12-31,"Objective facts about the Monthly international trade balance of U.S. situation** * The U.S. goods and services deficit was $56.4 billion in December 2004, $2.9 billion less than the $59.3 billion in November, revised. * Exports of goods and services increased $3.1 billion from November to December, while imports increased $0.1 billion. * The goods deficit decreased $2.9 billion from November to December, and the services surplus was virtually unchanged at $4.2 billion. * For the three months ending in December, exports of goods and services averaged $98.4 billion, while imports of goods and services averaged $155.7 billion, resulting in an average trade deficit of $57.3 billion. **","Long-term predictions (next 4-18 months)** * The trade deficit is likely to remain a significant concern in the long term, unless there are significant changes in U.S. trade policies or a shift in global economic trends. * The services surplus may continue to grow in the long term, driven by increases in travel and other private services. Here is the filtered information useful for making predictions about the Monthly international trade balance of the U.S.:;Short-term predictions (next 1-3 months)** * The trade deficit is likely to remain large in the short term, but there is a possibility of further decreases if exports continue to increase. * The services surplus is likely to remain stable in the short term. **",report,2004-12-01,2004-12-31,0,31
January 2005,66149.1,122900.0,-56750.9,2005-01-01,2005-01-01,2005-01-31,"The U.S. international trade deficit in goods and services was $58.3 billion in January 2005, up from $55.7 billion in December 2004.","In the long term, the trade deficit may continue to be a concern, potentially leading to a decrease in the value of the U.S. dollar and a shift in the global economic landscape. However, it is also possible that the U.S. economy will adjust to the trade imbalance, leading to a more balanced trade situation in the next 4-18 months. Based on the provided excerpt from the U.S. Census Bureau's report on Monthly International Trade in Goods and Services, here are the filtered results and analysis relevant to predicting the Monthly international trade balance of the U.S.:;Based on the current trend, it is likely that the trade deficit will continue to widen in the short term, potentially reaching $60 billion or more in the next 1-3 months.",report,2005-01-01,2005-01-31,0,31
February 2005,68256.3,122233.0,-53976.7,2005-02-01,2005-02-01,2005-02-28,"Objective facts about the Monthly international trade balance of U.S. situation The U.S. trade deficit increased by $2.5 billion to $61.0 billion in February 2005, with exports of $100.5 billion and imports of $161.5 billion. The goods deficit increased by $2.3 billion to $64.7 billion, while the services surplus decreased by $0.3 billion to $3.7 billion.","Long-term predictions (next 4-18 months) In the long term, the trade deficit is likely to remain a significant challenge for the U.S. economy. Unless there is a significant shift in trade policies or a depreciation of the U.S. dollar, the country may continue to rely on imports to drive economic growth, which could lead to inflationary pressures and a decline in the value of the U.S. dollar. Here is the filtered information relevant to making predictions about the Monthly international trade balance of the U.S.:;Short-term predictions (next 1-3 months) Based on the current trend, the trade deficit is likely to continue to widen in the short term, driven by strong domestic demand and a relatively weak U.S. dollar. Exports may struggle to keep pace with imports, particularly if the global economy slows down.",report,2005-02-01,2005-02-28,0,31
March 2005,79512.6,135451.0,-55938.4,2005-03-01,2005-03-01,2005-03-31,"Objective facts about the Monthly international trade balance of U.S. situation: The U.S. Census Bureau and the U.S. Bureau of Economic Analysis announced that total March exports of $102.2 billion and imports of $157.2 billion resulted in a goods and services deficit of $55.0 billion, $5.6 billion less than the $60.6 billion in February.","Long-term predictions (next 4-18 months): In the long term, the trade deficit is likely to continue to be a challenge, but the growth in exports and services could lead to a more balanced trade situation. However, this will depend on various factors, including global economic conditions and trade policies. Here are the filtered results and my analysis of the Monthly international trade balance of the U.S.:;Short-term predictions (next 1-3 months): Based on the current trend, it is likely that the trade deficit will continue to decrease, and exports will continue to increase. This could lead to a further improvement in the trade balance.",report,2005-03-01,2005-03-31,0,31
April 2005,75914.4,135456.0,-59541.6,2005-04-01,2005-04-01,2005-04-30,"The Monthly international trade balance of the U.S. in April 2005 was a deficit of $57.0 billion, which is $3.4 billion more than the deficit in March. Exports were $106.4 billion, and imports were $163.4 billion. The goods deficit increased by $3.3 billion to $62.2 billion, and the services surplus was virtually unchanged at $5.3 billion.","In the long term (next 4-18 months), the trade deficit could continue to grow unless there are significant changes in U.S. trade policies or a shift in global economic trends. This could lead to a decrease in U.S. economic growth and potentially even a recession. Here is the analysis of the Monthly international trade balance of the U.S. based on the provided report:;In the short term (next 1-3 months), the trade deficit is likely to continue to widen as imports continue to outpace exports. This could lead to a decrease in the value of the U.S. dollar and potentially higher inflation.",report,2005-04-01,2005-04-30,0,31
May 2005,75852.4,136191.0,-60338.6,2005-05-01,2005-05-01,2005-05-31,"Objective facts about the Monthly international trade balance of U.S. situation: The U.S. Census Bureau and the U.S. Bureau of Economic Analysis reported that total May exports of $106.9 billion and imports of $162.2 billion resulted in a goods and services deficit of $55.3 billion, $1.6 billion less than the $56.9 billion in April.","Long-term predictions (next 4-18 months): In the long term, the trade deficit is likely to continue to be a concern for the U.S. economy. The country's reliance on imports and the lack of significant growth in exports may lead to a continued trade deficit. However, if the U.S. can increase its exports, particularly in the services sector, it may be able to reduce the trade deficit. **Monthly International Trade Balance of U.S. Report Analysis** **;Short-term predictions (next 1-3 months): Based on the current trend, it is likely that the trade deficit will continue to be significant in the short term. However, the decrease in imports of goods may lead to a slight decrease in the trade deficit in the next few months.",report,2005-05-01,2005-05-31,0,31
June 2005,77589.3,141426.0,-63836.7,2005-06-01,2005-06-01,2005-06-30,"The U.S. Census Bureau and the U.S. Bureau of Economic Analysis reported that total June exports of $106.8 billion and imports of $165.6 billion resulted in a goods and services deficit of $58.8 billion, $3.4 billion more than the $55.4 billion in May.","In the next 4-18 months, the trade balance may improve if exports can increase at a faster rate than imports, potentially driven by a stronger global economy and increased demand for U.S. goods and services. However, this will depend on various factors, including global economic conditions, trade policies, and the competitiveness of U.S. industries. Here is the filtered information useful for making predictions about the Monthly international trade balance of the U.S.:;In the next 1-3 months, the trade deficit is likely to continue to widen due to the ongoing trend of increasing imports and relatively stable exports.",report,2005-06-01,2005-06-30,0,31
July 2005,70026.7,136515.0,-66488.3,2005-07-01,2005-07-01,2005-07-31,"The U.S. assistance programs in Ukraine in Fiscal Year 2005 will promote continued economic reforms and help cement democratic advances after the ""Orange Revolution"".",NAHere is the summarized information about the Economy:;NA,search,2005-07-25,2005-07-31,0,31
August 2005,76693.3,146397.0,-69703.7,2005-08-01,2005-08-01,2005-08-31,"Objective facts about the Monthly international trade balance of U.S. situation: The U.S. Census Bureau reported a goods and services deficit of $59.0 billion in August 2005, compared with $58.0 billion in July, revised. Exports were $108.2 billion, and imports were $167.2 billion. The goods deficit increased $1.3 billion from July to $63.8 billion, and the services surplus increased $0.2 billion to $4.8 billion.","Long-term predictions (next 4-18 months): In the long term, the trade deficit may continue to increase if the U.S. economy continues to grow and imports continue to rise. However, there are also potential risks to the economy, such as a slowdown in global trade or a rise in protectionism, which could impact the trade balance. Additionally, the services sector may continue to grow and potentially offset some of the deficit in goods. Here is the filtered and summarized information relevant to making predictions about the Monthly international trade balance of the U.S.:;Short-term predictions (next 1-3 months): Based on the current trends, it is likely that the trade deficit will continue to increase in the short term, driven by the continued growth in imports of goods. The services surplus may continue to be stable or slightly increase, but it is unlikely to offset the deficit in goods.",report,2005-08-01,2005-08-31,0,31
September 2005,74304.1,146216.0,-71911.9,2005-09-01,2005-09-01,2005-09-30,"Objective facts about the Monthly international trade balance of U.S. situation: The U.S. international trade deficit in goods and services was $66.1 billion in September 2005, an increase of $6.8 billion from August. Exports of goods and services were $105.2 billion, while imports were $171.3 billion. The goods deficit increased $7.1 billion to $71.1 billion, and the services surplus increased $0.3 billion to $5.0 billion.","Long-term predictions (next 4-18 months): In the long term, the trade deficit may decrease as the U.S. economy becomes more competitive, and exports increase. However, this will depend on various factors, including government policies, exchange rates, and global economic conditions. Here is the filtered information useful for making predictions about the Monthly international trade balance of the U.S.:;Short-term predictions (next 1-3 months): The trade deficit is likely to continue to increase in the short term, driven by strong domestic demand and a weak dollar. Exports may struggle to recover, given the current global economic conditions.",report,2005-09-01,2005-09-30,0,31
October 2005,79147.1,156162.0,-77014.9,2005-10-01,2005-10-01,2005-10-31,"Objective facts about the Monthly international trade balance of U.S. situation The U.S. Census Bureau and the U.S. Bureau of Economic Analysis reported that total October exports of $107.5 billion and imports of $176.4 billion resulted in a goods and services deficit of $68.9 billion. The goods deficit increased $2.6 billion from September to $73.9 billion, and the services surplus decreased $0.3 billion to $5.0 billion.","Long-term predictions (next 4-18 months) In the long term, the trade deficit is likely to continue to be a concern, driven by structural issues such as the strong dollar, low savings rates, and a growing dependence on foreign oil. However, if the US economy slows down, imports may decrease, and the trade deficit could narrow. Additionally, if the US dollar depreciates, exports could increase, also narrowing the trade deficit. Here is the filtered and summarized information about the Monthly international trade balance of U.S.:;Short-term predictions (next 1-3 months) Based on the current trend, it is likely that the trade deficit will continue to grow in the short term, driven by strong consumer demand and a strong dollar. This could lead to a further widening of the trade deficit, potentially exceeding $70 billion in the next few months.",report,2005-10-01,2005-10-31,0,31
November 2005,78241.0,150245.0,-72004.0,2005-11-01,2005-11-01,2005-11-30,"The U.S. international trade deficit in goods and services decreased by $3.9 billion to $64.2 billion in November 2005, compared to October 2005. Exports increased by $1.9 billion to $109.3 billion, and imports decreased by $2.0 billion to $173.5 billion. The goods deficit decreased by $4.3 billion to $68.9 billion, and the services surplus decreased by $0.4 billion to $4.7 billion.","In the long term (next 4-18 months), the trade deficit may continue to decrease if the U.S. economy maintains its competitiveness in the global market. However, the trade deficit may also be influenced by factors such as the appreciation of the U.S. dollar, changes in global demand, and shifts in trade policies. Here is the filtered information useful for making predictions about the Monthly international trade balance of the U.S.:;In the short term (next 1-3 months), the trade deficit may continue to decrease or remain stable, driven by the increasing exports and decreasing imports. However, this trend may be influenced by factors such as global economic conditions, exchange rates, and trade policies.",report,2005-11-01,2005-11-30,0,31
December 2005,79395.5,144262.0,-64866.5,2005-12-01,2005-12-01,2005-12-31,"The Monthly international trade balance of U.S. in December 2005 was a deficit of $65.7 billion, $1.0 billion more than the $64.7 billion in November, revised.","In the long-term, I predict that the trade deficit will continue to be a concern for the U.S. economy. The increasing demand for foreign products could lead to a shift in production and jobs overseas, potentially impacting the domestic economy. Here is the filtered and summarized information related to the Monthly international trade balance of the U.S.:;In the short-term, I predict that the trade deficit will continue to widen, driven by increased imports of goods and services. This could lead to a decrease in GDP growth and potentially impact the value of the dollar.",report,2005-12-01,2005-12-31,0,31
January 2006,74338.3,144562.0,-70223.7,2006-01-01,2006-01-01,2006-01-31,"Objective facts about the Monthly international trade balance of U.S. situation** The goods and services deficit was $68.5 billion in January 2006, $3.4 billion more than the $65.1 billion in December, revised. **","Long-term predictions (next 4-18 months)** In the long term, the trade deficit may continue to grow if the U.S. economy continues to rely heavily on imports of goods. However, if the U.S. economy experiences a slowdown, the demand for imports may decrease, leading to a reduction in the trade deficit. Here is the filtered information useful for making predictions about the Monthly international trade balance of the U.S.:;Short-term predictions (next 1-3 months)** Based on the current trend, it is likely that the trade deficit will continue to grow in the short term, driven by increasing imports of goods such as industrial supplies and materials, capital goods, and automotive vehicles, parts, and engines. **",report,2006-01-01,2006-01-31,0,31
February 2006,76935.2,134702.0,-57766.8,2006-02-01,2006-02-01,2006-02-28,"The Monthly international trade balance of the U.S. was a deficit of $65.7 billion in February 2006, a decrease of $2.8 billion from January. Exports were $113.0 billion, while imports were $178.7 billion. The goods deficit decreased $3.5 billion to $70.1 billion, and the services surplus decreased $0.6 billion to $4.3 billion.","In the long term, I predict that the trade deficit will continue to be a significant issue, but there may be opportunities for improvement. The U.S. economy is expected to continue growing, which could lead to increased exports and a decrease in the trade deficit. Additionally, there may be opportunities for trade agreements and other policies to improve the trade balance. In the next 4-18 months, I expect the trade deficit to slowly decrease, but it will likely remain a significant concern. Here is the filtered information useful for making predictions about the Monthly international trade balance of the U.S.:;In the short term, I predict that the trade deficit will continue to be a concern, but there may be some fluctuations in the deficit due to changes in imports and exports. The services sector may continue to be a bright spot, but it will be important to monitor its performance closely. In the next 1-3 months, I expect the trade deficit to remain around $60-70 billion.",report,2006-02-01,2006-02-28,0,31
March 2006,90852.9,154040.0,-63187.1,2006-03-01,2006-03-01,2006-03-31,"The Monthly international trade balance of the U.S. in March 2006 was a deficit of $62.0 billion, $3.6 billion less than the $65.6 billion in February.","In the long-term future (next 4-18 months), we can expect the trade balance to continue to improve, driven by an increase in exports and a decrease in imports, leading to a more balanced trade situation. After analyzing the provided excerpt of the U.S. International Trade in Goods and Services report from 2006-03-01 to 2006-03-31, I have filtered out the relevant information to make predictions about the Monthly international trade balance of the U.S. Here is the summary of the information in 5 parts:;In the short-term future (next 1-3 months), we can expect the trade deficit to continue to decrease, driven by an increase in exports and a decrease in imports.",report,2006-03-01,2006-03-31,0,31
April 2006,82447.9,146919.0,-64471.1,2006-04-01,2006-04-01,2006-04-30,The United States' economy is interconnected with the global economy.,"The United States' economy is likely to continue to be interconnected with the global economy, with potential implications for economic growth and competitiveness. Here is the summarized information:;NA",search,2006-04-24,2006-04-30,0,31
May 2006,86969.0,159164.0,-72195.0,2006-05-01,2006-05-01,2006-05-31,"Objective facts about the Monthly international trade balance of U.S. situation: The U.S. Census Bureau and the U.S. Bureau of Economic Analysis reported a goods and services deficit of $63.8 billion in May, $0.5 billion more than the $63.3 billion in April, revised. Exports of goods and services increased $2.7 billion from April to May, while imports increased $3.2 billion. The goods deficit increased $0.5 billion from April to May, and the services surplus was virtually unchanged at $6.2 billion.","Long-term predictions (next 4-18 months): In the long term, the trade deficit may continue to be a concern, particularly if the U.S. economy continues to grow and demand for imported goods increases. However, efforts to increase exports and reduce the trade deficit may lead to a more balanced trade situation. Here is the filtered information useful for making predictions about the Monthly international trade balance of the U.S.:;Short-term predictions (next 1-3 months): The trade deficit is likely to continue to increase in the short term, driven by the ongoing demand for imported goods. However, the services sector may continue to provide some stability to the trade balance.",report,2006-05-01,2006-05-31,0,31
June 2006,89730.6,160487.0,-70756.4,2006-06-01,2006-06-01,2006-06-30,"The U.S. international trade deficit for June 2006 was $64.8 billion, a decrease of $0.2 billion from May 2006. The deficit was up $6.4 billion from June 2005. Exports of goods and services increased $2.4 billion to $120.7 billion, while imports increased $2.2 billion to $185.5 billion.","In the long term (next 4-18 months), I predict that the trade deficit will continue to be a concern, driven by structural factors such as the large U.S. trade deficit with China and the increasing demand for imported goods. However, the U.S. economy may adjust to these factors through changes in exchange rates, trade policies, and shifts in consumer behavior. Here is the filtered information useful for making predictions about the Monthly international trade balance of the U.S.:;In the short term (next 1-3 months), I predict that the trade deficit will continue to widen, driven by strong consumer demand and a strong dollar, which makes imports cheaper. This could lead to a further increase in imports of goods, particularly consumer goods and automotive vehicles.",report,2006-06-01,2006-06-30,0,31
July 2006,79354.3,157768.0,-78413.7,2006-07-01,2006-07-01,2006-07-31,"Objective facts about the Monthly international trade balance of U.S. situation: The U.S. Census Bureau and the U.S. Bureau of Economic Analysis reported a goods and services deficit of $68.0 billion in July 2006, $3.2 billion more than the $64.8 billion in June, revised.","Long-term predictions (next 4-18 months): In the long term, the trade deficit may continue to increase if the U.S. economy continues to grow and imports continue to rise. However, if the economy slows down or if there are changes in global trade policies, the trade deficit may stabilize or even decrease. Here is the analysis of the Monthly international trade balance of the U.S. based on the provided report:;Short-term predictions (next 1-3 months): Based on the current trend, it is likely that the trade deficit will continue to increase in the short term. The deficit may further widen if imports continue to grow at a faster rate than exports.",report,2006-07-01,2006-07-31,0,31
August 2006,88245.7,167558.0,-79312.3,2006-08-01,2006-08-01,2006-08-31,"Objective facts about the Monthly international trade balance of U.S. situation: The U.S. international trade deficit in goods and services increased by $1.9 billion to $69.9 billion in August 2006, compared to July 2006. Exports of goods and services increased by $2.7 billion to $122.4 billion, while imports of goods and services increased by $4.6 billion to $192.3 billion. The trade deficit in goods increased by $2.1 billion to $75.5 billion, while the services surplus increased by $0.2 billion to $5.7 billion.","Long-term predictions (next 4-18 months): The trade deficit is likely to continue to be a concern for the U.S. economy in the long term, driven by structural factors such as the large budget deficit and the low savings rate. However, the weak dollar may help to reduce the trade deficit by making exports cheaper and more competitive. The services sector is likely to continue to grow, driven by growth in emerging markets and the increasing importance of services in the global economy. Here is the analysis of the Monthly report of U.S. International Trade in Goods and Services:;Short-term predictions (next 1-3 months): The trade deficit is likely to continue to increase in the short term, driven by strong demand for imports and a weak dollar. Exports may continue to grow, but at a slower pace than imports. The services surplus is likely to remain stable or increase slightly.",report,2006-08-01,2006-08-31,0,31
September 2006,87545.5,158470.0,-70924.5,2006-09-01,2006-09-01,2006-09-30,"The U.S. international trade deficit decreased by $4.7 billion to $64.3 billion in September 2006, compared to August 2006. The deficit was down $0.7 billion from September 2005.","In the long term, the trade balance may continue to improve if the current trends persist, with a potential shift towards a more balanced trade situation. However, this depends on various factors, including global economic conditions and trade policies. Here is the analysis of the Monthly international trade balance of the U.S. based on the provided report:;Based on the recent trends, it is likely that the trade deficit will continue to decrease in the short term, with a potential increase in exports and a decrease in imports.",report,2006-09-01,2006-09-30,0,31
October 2006,91664.5,164028.0,-72363.5,2006-10-01,2006-10-01,2006-10-31,"The U.S. international trade deficit for October 2006 was $58.9 billion, $5.4 billion less than the $64.3 billion in September.","In the long term, the trade deficit may continue to decrease as the U.S. economy becomes more competitive, but it will likely remain a significant issue. The U.S. may need to address its trade policies and practices to reduce the deficit further. Here is the filtered and summarized information relevant to predicting the Monthly international trade balance of the U.S.:;In the short term, the trade deficit is likely to remain high, but may continue to decrease slightly due to decreased imports. Exports may continue to increase, but at a slow pace.",report,2006-10-01,2006-10-31,0,31
November 2006,90044.4,157288.0,-67243.6,2006-11-01,2006-11-01,2006-11-30,"Objective facts about the Monthly international trade balance of U.S. situation: The U.S. international trade deficit in goods and services decreased by $0.6 billion to $58.2 billion in November 2006. Exports increased by $1.1 billion to $124.8 billion, while imports increased by $0.5 billion to $183.0 billion. The goods deficit decreased by $0.3 billion to $64.7 billion, and the services surplus increased by $0.2 billion to $6.5 billion.","Long-term predictions (next 4-18 months): The trade deficit is likely to remain a significant issue for the U.S. economy in the long term. While exports may continue to grow, imports are also likely to increase, driven by a strong U.S. dollar and growing demand for foreign goods. The services surplus may continue to grow, but at a slower pace. The U.S. trade balance is likely to remain a key area of concern for policymakers and economists. Here is the analysis of the Monthly international trade balance of the U.S. based on the provided data:;Short-term predictions (next 1-3 months): The trade deficit is likely to remain large, but may continue to decrease slightly in the short term. Exports are likely to continue to grow, driven by strength in industrial supplies and materials, capital goods, and consumer goods. The services surplus is likely to remain strong, driven by growth in travel and other private services.",report,2006-11-01,2006-11-30,0,31
December 2006,87839.2,148952.0,-61112.8,2006-12-01,2006-12-01,2006-12-31,"The economic impacts of U.S. hurricanes have been examined, and the frequency and severity of hurricanes are increasing.","In the long term, the U.S. economy may need to adapt to the increasing frequency and severity of hurricanes, as well as the rising costs of healthcare, to maintain stability and growth. Note: Some parts are marked as ""NA"" because the provided information did not contain relevant data for predicting the economy.Here is the summarized information:;In the short term, the economy may experience fluctuations due to the ongoing effects of hurricanes and other natural disasters.",search,2006-12-25,2006-12-31,0,31
January 2007,85127.8,150833.0,-65705.2,2007-01-01,2007-01-01,2007-01-31,"The U.S. Census Bureau and the U.S. Bureau of Economic Analysis announced that total January exports of $126.7 billion and imports of $185.8 billion resulted in a goods and services deficit of $59.1 billion, compared with $61.5 billion in December, revised.","In the long term, the trade deficit may continue to be a challenge for the U.S. economy, and it will be important to monitor the trends in exports and imports to predict any potential changes in the trade balance. Here is the filtered and summarized information about the Monthly international trade balance of the U.S.:;Based on the current trend, it is likely that the trade deficit will continue to persist in the short term, but may experience some fluctuations.",report,2007-01-01,2007-01-31,0,31
February 2007,83797.2,139793.0,-55995.8,2007-02-01,2007-02-01,2007-02-28,Objective facts about the Monthly international trade balance of U.S. situation** * The U.S. international trade deficit in goods and services decreased to $58.4 billion in February 2007 from $58.9 billion in January 2007. * Exports of goods and services decreased $2.8 billion to $124.0 billion in February 2007. * Imports of goods and services decreased $3.2 billion to $182.4 billion in February 2007. **,"Long-term predictions (next 4-18 months)** * The trade deficit may continue to decrease in the long term if the U.S. economy experiences a slowdown in growth, leading to a decrease in imports and an increase in exports. * However, if the U.S. economy experiences a rebound in growth, the trade deficit may increase again due to an increase in imports. Here is the filtered and summarized information useful for making predictions about the Monthly international trade balance of the U.S.:;Short-term predictions (next 1-3 months)** * The trade deficit is likely to remain around $58 billion in the short term, as the decrease in imports and exports is expected to continue. **",report,2007-02-01,2007-02-28,0,31
March 2007,99459.2,161363.0,-61903.8,2007-03-01,2007-03-01,2007-03-31,"The goods and services deficit was $63.9 billion in March, an increase of $6.0 billion from February. Exports of goods and services increased by $2.2 billion to $126.2 billion, while imports of goods and services increased by $8.2 billion to $190.1 billion.","In the long-term, the trade deficit could lead to a shift in global trade patterns, with other countries potentially taking advantage of the US trade deficit to increase their own exports and economic growth. This could lead to a rebalancing of the global economy, but it could also have negative implications for the US economy and its position as a global economic leader. Based on the provided excerpt from the U.S. International Trade in Goods and Services report, I have filtered out the relevant information to make predictions about the Monthly international trade balance of the U.S. **;In the short-term, it is likely that the trade deficit will continue to increase, driven by strong demand for imports and a relatively weak US dollar. This could lead to a decrease in US GDP and a potential slowdown in economic growth.",report,2007-03-01,2007-03-31,0,31
April 2007,90877.4,156583.0,-65705.6,2007-04-01,2007-04-01,2007-04-30,"Objective facts about the Monthly international trade balance of the U.S. situation: The U.S. international trade deficit decreased by $3.9 billion to $58.5 billion in April 2007, with exports of $129.5 billion and imports of $188.0 billion. The goods deficit decreased by $3.7 billion to $67.1 billion, and the services surplus increased by $0.2 billion to $8.6 billion.","Long-term predictions (next 4-18 months): The trade deficit is likely to remain a concern in the long term, but it may stabilize or decrease slightly. The services surplus may continue to increase, contributing to a decrease in the overall trade deficit. However, the goods deficit may remain a challenge. Here is the filtered information relevant to making predictions about the Monthly international trade balance of the U.S.:;Short-term predictions (next 1-3 months): The trade deficit is likely to remain high in the short term, but it may continue to decrease slightly. The services surplus may continue to increase, contributing to a decrease in the overall trade deficit.",report,2007-04-01,2007-04-30,0,31
May 2007,96726.3,163323.0,-66596.7,2007-05-01,2007-05-01,2007-05-31,"The U.S. international trade deficit in goods and services increased from $58.7 billion in April to $60.0 billion in May, with exports of $132.0 billion and imports of $192.1 billion.","In the long-term, I predict that the trade deficit will continue to be a concern for the US economy, potentially leading to a decrease in the trade-weighted value of the US dollar and an increase in interest rates. The deficit may reach $70-75 billion in the next 6-12 months. Note: The predictions are based on the analysis of the current trends and patterns in the data, and are subject to change based on new information and developments. Based on the provided excerpt of the U.S. International Trade in Goods and Services report from 2007-05-01 to 2007-05-31, I have filtered the results to focus on information relevant to making predictions about the Monthly international trade balance of the U.S. **;In the short-term, I predict that the trade deficit will continue to widen, driven by the strong demand for imports and the relatively weak demand for exports. The deficit may reach $62-65 billion in the next 2-3 months.",report,2007-05-01,2007-05-31,0,31
June 2007,97885.7,164462.0,-66576.3,2007-06-01,2007-06-01,2007-06-30,"Objective facts about the Monthly international trade balance of U.S. situation: The U.S. international trade in goods and services deficit was $58.1 billion in June 2007, down from $59.2 billion in May. Exports of goods and services increased $2.0 billion to $134.5 billion, while imports increased $0.9 billion to $192.7 billion. The goods deficit decreased $1.0 billion to $67.5 billion, and the services surplus was virtually unchanged at $9.4 billion.","Long-term predictions (next 4-18 months): In the long term, the trade deficit is likely to remain a significant issue for the U.S. economy. Unless there are significant changes in trade policies or a shift towards domestic production, the U.S. is likely to continue relying on imports, maintaining the trade deficit. Here are the filtered results and my analysis: **;Short-term predictions (next 1-3 months): Based on the current trend, it is likely that the trade deficit will continue to fluctuate, but remain significant. Exports may continue to increase, but imports are likely to remain high, maintaining the trade deficit.",report,2007-06-01,2007-06-30,0,31
July 2007,90650.3,166765.0,-76114.7,2007-07-01,2007-07-01,2007-07-31,"Objective facts about the Monthly international trade balance of U.S. situation: The U.S. international trade deficit decreased by $0.2 billion to $59.2 billion in July 2007, as exports increased by $3.6 billion to $137.7 billion and imports increased by $3.4 billion to $196.9 billion. The goods deficit decreased by $0.3 billion to $68.1 billion, and the services surplus decreased by $0.1 billion to $8.9 billion.","Long-term predictions (next 4-18 months): The trade deficit is likely to continue to decrease in the long term, driven by the strong demand for U.S. exports and the potential for the dollar to depreciate, making U.S. products more competitive abroad. However, the increase in imports, particularly in consumer goods, may continue to be a challenge for domestic industries. Here are the filtered and summarized results:;Short-term predictions (next 1-3 months): The trade deficit is likely to continue to decrease in the short term, driven by the strong demand for U.S. exports. However, the increase in imports, particularly in consumer goods, may slow down the pace of the decrease in the trade deficit.",report,2007-07-01,2007-07-31,0,31
August 2007,99866.6,170766.0,-70899.4,2007-08-01,2007-08-01,2007-08-31,"Objective facts about the Monthly international trade balance of U.S. situation: The U.S. international trade deficit decreased by $1.4 billion to $57.6 billion in August 2007, with exports increasing by $0.6 billion to $138.3 billion and imports decreasing by $0.8 billion to $195.9 billion. The goods deficit decreased by $1.2 billion to $66.6 billion, and the services surplus increased by $0.2 billion to $9.0 billion.","Long-term predictions (next 4-18 months): In the long term, the trade balance situation will likely be driven by a number of factors, including changes in global demand, shifts in trade policies, and changes in the value of the U.S. dollar. It is possible that the trade deficit could continue to decrease if the U.S. economy continues to grow and become more competitive, but it is also possible that it could increase if global demand slows or trade policies become more restrictive. Here is the filtered information relevant to making predictions about the Monthly international trade balance of the U.S.:;Short-term predictions (next 1-3 months): Based on the current trends, it is likely that the trade deficit will continue to decrease in the short term, driven by continued growth in exports and a decrease in imports. This could be driven by a number of factors, including a stronger U.S. dollar and increased competitiveness in certain industries.",report,2007-08-01,2007-08-31,0,31
September 2007,96865.8,162772.0,-65906.2,2007-09-01,2007-09-01,2007-09-30,The U.S. wireless communications industry is represented by CTIA.,"In the long-term, the focus on sustainability and addressing climate change could lead to significant economic growth and opportunities in industries related to clean energy and sustainable practices.;In the short-term, the economy is expected to continue on a path of soft landing, with easing inflation pressures.",search,2007-09-24,2007-09-30,0,31
October 2007,104975.6,182044.0,-77068.4,2007-10-01,2007-10-01,2007-10-31,Objective facts about the Monthly international trade balance of U.S. situation: The U.S. Census Bureau and the U.S. Bureau of Economic Analysis announced that total October exports of $141.7 billion and imports of $199.5 billion resulted in a goods and services deficit of $57.8 billion.,"Long-term predictions (next 4-18 months): In the long term, the U.S. trade deficit is expected to continue to be influenced by global economic trends, exchange rates, and trade policies. If the current trend continues, the deficit may widen further, but a potential slowdown in global economic growth could lead to a decrease in imports and a narrowing of the deficit. Here is the filtered information and analysis: **;Short-term predictions (next 1-3 months): Based on the current trend, it is likely that the U.S. trade deficit will continue to increase in the short term, driven by strong demand for imports and a potential slowdown in exports.",report,2007-10-01,2007-10-31,0,31
November 2007,101936.2,175663.0,-73726.8,2007-11-01,2007-11-01,2007-11-30,"The U.S. international trade deficit in goods and services increased to $63.1 billion in November 2007, up from $57.8 billion in October 2007.","In the long term, the trade deficit could become a major concern for the U.S. economy, potentially leading to a decline in economic growth, a decrease in living standards, and a loss of competitiveness in the global market. Here is the filtered information and analysis: **;In the short term, the trade deficit is likely to continue to widen, driven by strong domestic demand and a weak dollar. This could lead to a further decline in the value of the dollar and higher inflation.",report,2007-11-01,2007-11-30,0,31
December 2007,100030.5,162594.0,-62563.5,2007-12-01,2007-12-01,2007-12-31,"The U.S. goods and services deficit was $58.8 billion in December 2007, down from $63.1 billion in November, revised.","In the long term, the trade deficit is likely to remain a significant issue for the U.S. economy, driven by structural factors such as the country's high demand for imports and its relatively low savings rate. Here are the filtered results and my analysis:;Based on the current trend, it is likely that the trade deficit will continue to narrow in the short term, driven by a decrease in imports and an increase in exports.",report,2007-12-01,2007-12-31,0,31
January 2008,98677.1,168350.2,-69673.1,2008-01-01,2008-01-01,2008-01-31,"The U.S. goods and services deficit was $58.2 billion in January 2008, up from $57.9 billion in December, revised.","In the long term, the trade deficit is likely to continue to be a concern for the U.S. economy, potentially leading to a decrease in the value of the U.S. dollar and impacting economic growth. The U.S. may need to take steps to increase exports and reduce imports in order to reduce the trade deficit. Here is the filtered information useful for making predictions about the Monthly international trade balance of the U.S.:;In the short term, the trade deficit is likely to continue to increase, potentially reaching $60 billion or more in the next few months. This could lead to a decrease in the value of the U.S. dollar and potentially impact economic growth.",report,2008-01-01,2008-01-31,0,31
February 2008,104740.0,165069.7,-60329.7,2008-02-01,2008-02-01,2008-02-29,"The U.S. goods and services deficit increased $3.5 billion from January to $72.9 billion in February, and the services surplus increased $0.1 billion to $10.6 billion.","In the long term (next 4-18 months), the trade deficit may stabilize or narrow if the U.S. economy slows down, reducing demand for imports, and/or if the U.S. dollar depreciates, making exports more competitive. Here are the filtered results and my analysis:;In the short term (next 1-3 months), the trade deficit is likely to continue to widen, driven by sustained demand for imports and potential weakening of exports.",report,2008-02-01,2008-02-29,0,31
March 2008,110931.7,171194.0,-60262.4,2008-03-01,2008-03-01,2008-03-31,"The U.S. international trade deficit decreased by $3.5 billion from February to $68.6 billion in March. Exports of goods decreased by $2.5 billion to $104.7 billion, and imports of goods decreased by $6.0 billion to $173.3 billion.","In the long term, the trade deficit is likely to remain a significant issue for the U.S. economy, driven by structural factors such as the country's reliance on imported oil and its large trade deficits with countries like China. However, the current trend suggests that the deficit may continue to narrow in the long term, driven by a shift towards more balanced trade. Here are the filtered results and analysis: **;Based on the current trend, it is likely that the trade deficit will continue to narrow in the short term, driven by a decrease in imports and an increase in exports.",report,2008-03-01,2008-03-31,0,31
April 2008,109856.7,182115.1,-72258.4,2008-04-01,2008-04-01,2008-04-30,"Objective facts about the Monthly international trade balance of U.S. situation: The U.S. Census Bureau and the U.S. Bureau of Economic Analysis announced that total April exports of $155.5 billion and imports of $216.4 billion resulted in a goods and services deficit of $60.9 billion, up from $56.5 billion in March, revised.","Long-term predictions (next 4-18 months): In the long term, the trade deficit may continue to be a concern, particularly if domestic demand remains strong and the country's trade policies do not change. However, potential changes in trade policies or global economic conditions could affect the trade balance. Here are the filtered results and my analysis: **;Short-term predictions (next 1-3 months): Based on the current trend, the trade deficit is likely to continue to widen in the short term, driven by strong domestic demand and increasing imports.",report,2008-04-01,2008-04-30,0,31
May 2008,112627.0,182956.3,-70329.3,2008-05-01,2008-05-01,2008-05-31,"The U.S. international trade deficit in goods and services decreased to $59.8 billion in May 2008, down from $60.5 billion in April, revised.","In the long term, the U.S. needs to focus on increasing its exports and reducing its reliance on imports to achieve a sustainable trade balance. Here is the filtered and summarized information relevant to making predictions about the Monthly international trade balance of the U.S.:;Based on the current trend, it is likely that the trade deficit will continue to decrease in the short term, but the pace of decrease may slow down.",report,2008-05-01,2008-05-31,0,31
June 2008,116787.4,190117.1,-73329.7,2008-06-01,2008-06-01,2008-06-30,"The U.S. goods and services deficit decreased $2.4 billion from June 2007 to June 2008. Exports were up $28.7 billion, or 21.1 percent, and imports were up $26.3 billion, or 13.5 percent.","In the long term, if the current trends continue, the trade deficit could potentially decrease to around $40-45 billion by the end of 2009. However, this will depend on various factors such as global economic conditions and trade policies. Here is the filtered information useful for making predictions about the Monthly international trade balance of the U.S.: **;Based on the current trends, it is likely that the trade deficit will continue to decrease in the short term, potentially reaching an average of $55-57 billion over the next 3 months.",report,2008-06-01,2008-06-30,0,31
July 2008,114522.3,202614.4,-88092.1,2008-07-01,2008-07-01,2008-07-31,"Objective facts about the Monthly international trade balance of U.S. situation: The U.S. Census Bureau and the U.S. Bureau of Economic Analysis announced that total July exports of $168.1 billion and imports of $230.3 billion resulted in a goods and services deficit of $62.2 billion, up from $58.8 billion in June, revised.","Long-term predictions (next 4-18 months): In the long term, the trade deficit may continue to grow if the U.S. economy continues to rely on foreign goods and services. However, if the U.S. economy experiences a slowdown, the trade deficit may narrow as domestic demand decreases. Here is the filtered information useful for making predictions about the Monthly international trade balance of the U.S.:;Short-term predictions (next 1-3 months): Based on the current trend, it is likely that the trade deficit will continue to widen in the short term, potentially exceeding $65 billion.",report,2008-07-01,2008-07-31,0,31
August 2008,116417.8,189874.9,-73457.1,2008-08-01,2008-08-01,2008-08-31,"The unemployment rate among youth in Summer 2008 was notable, with data from the Bureau of Labor Statistics.","In the long term, the US economy may continue to evolve, with a greater emphasis on global trade and emerging industries, such as renewable energy.;In the short term, the economy may continue to experience moderate growth, with some fluctuations in employment rates and industry performance.",search,2008-08-25,2008-08-31,0,31
September 2008,106071.9,180189.0,-74117.0,2008-09-01,2008-09-01,2008-09-30,"The U.S. international trade deficit decreased by $2.6 billion to $56.5 billion in September 2008, as exports decreased by $9.9 billion to $155.4 billion and imports decreased by $12.5 billion to $211.9 billion.","In the long-term, the trade deficit may decrease as the U.S. economy recovers and exports increase. However, this will depend on various factors, such as the recovery of the global economy, exchange rates, and trade policies. Here is the filtered information useful for making predictions about the Monthly international trade balance of the U.S.:;In the short-term, the trade deficit is likely to continue, driven by a decrease in exports and a slower decrease in imports. This may lead to a further appreciation of the U.S. dollar and a decrease in GDP.",report,2008-09-01,2008-09-30,0,31
October 2008,111238.6,185882.2,-74643.6,2008-10-01,2008-10-01,2008-10-31,"Objective facts about the Monthly international trade balance of U.S. situation: The U.S. Census Bureau and the U.S. Bureau of Economic Analysis reported a goods and services deficit of $57.2 billion in October 2008, up from $56.6 billion in September, revised. Exports of goods decreased $3.0 billion to $104.8 billion, and imports of goods decreased $2.7 billion to $174.6 billion.","Long-term predictions (next 4-18 months): In the long term, the trade deficit may stabilize or decrease as the global economy recovers, and international trade picks up. However, this depends on various factors such as changes in global demand, trade policies, and the U.S. economy's ability to adapt to changing market conditions. Here is the filtered information useful for making predictions about the Monthly international trade balance of the U.S.:;Short-term predictions (next 1-3 months): Based on the current trend, it is likely that the trade deficit will continue to increase, and both exports and imports will continue to decrease in the short term.",report,2008-10-01,2008-10-31,0,31
November 2008,97085.4,147515.0,-50429.6,2008-11-01,2008-11-01,2008-11-30,The Quarterly Services Survey provides estimates of the gross domestic product (GDP) by industry.,"In the long term, the integration of Hungary into the European economy and the focus on economic stability and security may lead to a more stable and interconnected global economy. Here is the summarized information, filtered and organized into 5 parts:;In the short term, we may see continued efforts to regulate and stabilize the economy, with a focus on preventing fraud and promoting international cooperation.",search,2008-11-24,2008-11-30,0,31
December 2008,88486.2,137762.9,-49276.8,2008-12-01,2008-12-01,2008-12-31,"The U.S. goods and services deficit decreased $1.7 billion from November to December, to $39.9 billion. Exports of goods decreased $8.3 billion to $88.7 billion, and imports of goods decreased $10.0 billion to $140.3 billion.","In the long term, the trade deficit is likely to continue to fluctuate based on global economic conditions. A sustained decrease in the trade deficit could lead to a stronger economy, while an increase could lead to a weaker economy. Here is the filtered information useful for making predictions about the Monthly international trade balance of the U.S.:;Based on the current trend, it is likely that the trade deficit will continue to decrease in the short term, potentially leading to a stabilization of the economy.",report,2008-12-01,2008-12-31,0,31
January 2009,78150.6,122414.6,-44264.0,2009-01-01,2009-01-01,2009-01-31,"The U.S. international trade deficit decreased to $36.0 billion in January 2009, down from $39.9 billion in December 2008. Exports of goods decreased $6.5 billion to $82.2 billion, and imports of goods decreased $10.9 billion to $129.2 billion.","In the long term (next 4-18 months), the trade deficit may continue to trend downward as the U.S. economy recovers and trade relationships with other countries improve. However, this will depend on various factors, including global economic conditions, trade policies, and commodity prices. Here is the summary of the report in 5 parts:;In the short term (next 1-3 months), the trade deficit is likely to continue to narrow, driven by decreased imports of goods and potentially increased exports of services.",report,2009-01-01,2009-01-31,0,31
February 2009,80349.3,109012.2,-28662.9,2009-02-01,2009-02-01,2009-02-28,"The U.S. international trade deficit decreased to $26.0 billion in February 2009, down from $36.2 billion in January, revised. Exports of goods increased $2.5 billion to $84.7 billion, and imports of goods decreased $7.6 billion to $121.5 billion.","In the long-term, it is likely that the trade deficit will continue to fluctuate, driven by changes in global demand and supply. However, the decrease in trade deficit and the increase in exports of goods may indicate a shift towards a more sustainable trade balance, which could lead to a stronger economy in the long run. Here is the filtered and summarized information relevant to predicting the Monthly international trade balance of the U.S.:;In the short-term, it is likely that the trade deficit will continue to decrease, driven by the increase in exports of goods and the decrease in imports of goods. This trend may continue for the next 1-3 months, as the economy continues to recover from the recession.",report,2009-02-01,2009-02-28,0,31
March 2009,87848.0,121358.7,-33510.7,2009-03-01,2009-03-01,2009-03-31,"The U.S. had a goods and services deficit of $27.6 billion in March 2009, up from $26.1 billion in February, revised.","In the long term, the trade deficit may lead to a decrease in the competitiveness of US industries, potentially leading to a shift in the global economic balance of power. Here are the 5 parts of the analysis:;Based on the current trend, it is likely that the trade deficit will continue to widen in the short term, potentially leading to a decrease in the value of the US dollar.",report,2009-03-01,2009-03-31,0,31
April 2009,80822.5,118895.8,-38073.4,2009-04-01,2009-04-01,2009-04-30,"The U.S. international trade deficit increased from $28.5 billion in March to $29.2 billion in April. The goods deficit increased $0.9 billion to $40.1 billion, and the services surplus increased $0.2 billion to $10.9 billion.","In the long term, the trade deficit may decrease as the global economy recovers and trade increases. However, this will depend on various factors such as the strength of the U.S. economy, global demand for U.S. goods and services, and trade policies. Here is the filtered information and analysis related to the Monthly international trade balance of the U.S.:;In the short term, the trade deficit is likely to continue to increase, with exports decreasing and imports remaining steady or decreasing at a slower rate. This could be due to the ongoing global economic downturn and a decrease in global trade.",report,2009-04-01,2009-04-30,0,31
May 2009,83651.0,116341.5,-32690.4,2009-05-01,2009-05-01,2009-05-31,"Objective facts about the Economy situation: The multiplier estimates of every state dollar spent on universities on the local economy range from 8 for Bowling Green State University in the United States. In April 2009, the Bureau of Labor Statistics reported the states with the highest unemployment rates.",Predictions you can make for the long-term future (next few months): Increases in minimum wage may boost consumer spending and have a positive impact on the economy. Here is the summarized information:;Predictions you can make for the short-term future (next 1-4 weeks): NA,search,2009-05-25,2009-05-31,0,31
June 2009,86829.5,127173.2,-40343.7,2009-06-01,2009-06-01,2009-06-30,"The U.S. goods and services deficit was $27.0 billion in June 2009, up from $26.0 billion in May, revised.","In the long term, the trade deficit is expected to continue to be influenced by the recovery of global trade and economic growth, which may lead to a narrowing of the deficit as exports increase. However, the deficit is likely to remain significant, potentially in the range of $20-25 billion, over the next 4-18 months. Here are the filtered results and analysis of the Monthly international trade balance of the U.S.:;Based on the current trend, it is likely that the trade deficit will continue to widen in the short term, potentially exceeding $28 billion in the next 1-3 months.",report,2009-06-01,2009-06-30,0,31
July 2009,85634.7,135695.8,-50061.1,2009-07-01,2009-07-01,2009-07-31,"Objective facts about the Monthly international trade balance of U.S. situation: The U.S. Census Bureau and the U.S. Bureau of Economic Analysis announced that total July exports of $127.6 billion and imports of $159.6 billion resulted in a goods and services deficit of $32.0 billion, up from $27.5 billion in June, revised.","Long-term predictions (next 4-18 months): In the long term, the trade deficit is likely to remain a significant issue for the U.S. economy. To address this, the U.S. may need to implement policies to increase exports and reduce imports, such as investing in industries with high export potential or negotiating trade agreements with other countries. Here is the analysis of the Monthly international trade balance of U.S. based on the provided report:;Short-term predictions (next 1-3 months): Based on the current trend, it is likely that the trade deficit will continue to be significant in the short term. However, if the slight increase in exports and imports from June to July continues, it may indicate a slow recovery in international trade.",report,2009-07-01,2009-07-31,0,31
August 2009,87315.1,131271.6,-43956.5,2009-08-01,2009-08-01,2009-08-31,"Objective facts about the Monthly international trade balance of U.S. situation** * The U.S. goods and services deficit decreased by $1.2 billion to $30.7 billion in August 2009, from $31.9 billion in July 2009. * Exports of goods and services increased by $0.2 billion to $128.2 billion in August 2009, from $128.0 billion in July 2009. * Imports of goods and services decreased by $0.9 billion to $158.9 billion in August 2009, from $159.8 billion in July 2009. **","Long-term predictions (next 4-18 months)** * The trade deficit is likely to continue to decrease in the long term, driven by a continued improvement in external demand and a slowdown in domestic demand. * Exports are likely to continue to increase, driven by a recovery in global trade and a depreciation of the US dollar. Here are the filtered results and analysis: **;Short-term predictions (next 1-3 months)** * The trade deficit is likely to continue to decrease in the short term, driven by a continued slowdown in domestic demand and a modest improvement in external demand. * Exports are likely to continue to increase slightly, driven by increases in industrial supplies and materials, automotive vehicles, and foods, feeds, and beverages. **",report,2009-08-01,2009-08-31,0,31
September 2009,91458.4,141004.5,-49546.1,2009-09-01,2009-09-01,2009-09-30,"The U.S. international trade deficit in goods and services increased from $30.8 billion in August to $36.5 billion in September. Exports of goods and services increased $3.7 billion to $132.0 billion, while imports increased $9.3 billion to $168.4 billion.","In the long term, the trade deficit may narrow as the economy recovers and exports increase, driven by a stronger global demand for U.S. goods and services. However, this will depend on various factors, including the pace of global economic growth and the competitiveness of U.S. exports. Here is the filtered information useful for making predictions about the Monthly international trade balance of the U.S.:;Based on the current trend, it is likely that the trade deficit will continue to widen in the short term, driven by increasing imports and a slower growth in exports.",report,2009-09-01,2009-09-30,0,31
October 2009,100005.5,147026.9,-47021.4,2009-10-01,2009-10-01,2009-10-31,"The U.S. international trade deficit decreased by $2.8 billion to $32.9 billion in October 2009, compared to September 2009.","In the long term (next 4-18 months), the trade deficit is likely to continue to decrease, driven by a continued recovery in the U.S. economy and an increase in exports. However, the deficit may not completely disappear due to the strong demand for imports in the U.S. Here is the filtered information useful for making predictions about the Monthly international trade balance of the U.S.:;In the short term (next 1-3 months), the trade deficit is likely to continue to decrease, driven by an increase in exports and a decrease in imports.",report,2009-10-01,2009-10-31,0,31
November 2009,94606.5,143324.3,-48717.8,2009-11-01,2009-11-01,2009-11-30,"The U.S. international trade deficit increased to $36.4 billion in November 2009, up from $33.2 billion in October, revised.","In the long-term, the trade deficit may narrow as the U.S. economy recovers and exports increase, driven by a weaker dollar and a rebound in global trade. Based on the provided excerpt from the U.S. Census Bureau's report on U.S. International Trade in Goods and Services, here are the filtered results and analysis: **;In the short-term, the trade deficit is likely to continue to widen, driven by the ongoing recovery in consumer spending and the resulting increase in imports.",report,2009-11-01,2009-11-30,0,31
December 2009,99371.9,146105.8,-46733.9,2009-12-01,2009-12-01,2009-12-31,"The U.S. international trade deficit increased to $40.2 billion in December 2009, up from $36.4 billion in November, revised.","In the long-term, the trade deficit may narrow as the U.S. economy recovers and domestic production increases, reducing the need for imports. Here are the filtered results and analysis: **;In the short-term, the trade deficit is likely to continue to widen, driven by increased imports and a relatively weak dollar.",report,2009-12-01,2009-12-31,0,31
January 2010,92600.6,136725.4,-44124.7,2010-01-01,2010-01-01,2010-01-31,"The US economy showed strong growth in the fourth quarter of 2009, with real GDP increasing strongly.","In the long-term, the economy may experience sustained growth, with increased investment in minority businesses and improved consumer spending habits.;In the short-term, the economy may continue to show signs of recovery, with GDP growth and job market improvement.",search,2010-01-25,2010-01-31,0,31
February 2010,93858.2,133898.8,-40040.6,2010-02-01,2010-02-01,2010-02-28,"Objective facts about the Economy situation: The U.S. economy has experienced a tumultuous decade since 2000, with various trends and shifts. Flight delays cost passengers, airlines, and the U.S. economy billions. International students brought significant amounts of money to the U.S. economy during the 2008-09 academic year. There were work stoppages in 2009, according to the U.S. Bureau of Labor Statistics. The Consumer Price Index for All Urban Consumers (CPI-U) rose 0.2 percent in January 2010.","Long-term predictions (next few months): The U.S. economy may continue to experience growth, driven by international relationships and internal factors. Ohio may position itself to prosper in the emerging economy, leveraging its internal resources. Here is the summarized information:;Short-term predictions (next 1-4 weeks): NA",search,2010-02-22,2010-02-28,0,31
March 2010,110510.2,157728.8,-47218.6,2010-03-01,2010-03-01,2010-03-31,"The U.S. international trade deficit in goods and services increased to $40.4 billion in March 2010, up from $39.4 billion in February.","In the long term (next 4-18 months), the trade deficit may narrow as exports are expected to grow faster than imports, driven by a recovery in global demand and a weaker dollar. Here is the filtered information and analysis: **;In the short term (next 1-3 months), the trade deficit is likely to continue to widen due to the ongoing increase in imports and a slower growth in exports.",report,2010-03-01,2010-03-31,0,31
April 2010,102477.4,153165.0,-50687.6,2010-04-01,2010-04-01,2010-04-30,"The goods and services deficit increased $11.8 billion from April 2009 to April 2010. Exports were up $24.7 billion, or 19.9 percent, and imports were up $36.5 billion, or 23.9 percent.","In the long term, the trade deficit could lead to a decrease in domestic production and an increase in foreign ownership of US assets. To mitigate this, the US may need to implement policies to increase exports and reduce imports, such as investing in infrastructure and promoting US-made products. Here is the filtered and summarized information relevant to making predictions about the Monthly international trade balance of the U.S.:;In the short term, the trade deficit is likely to continue to widen as imports continue to outpace exports. This could lead to a depreciation of the US dollar and higher prices for imported goods.",report,2010-04-01,2010-04-30,0,31
May 2010,105463.3,156153.2,-50689.9,2010-05-01,2010-05-01,2010-05-31,"Objective facts about the Monthly international trade balance of U.S. situation** * The U.S. international trade deficit increased from $40.3 billion in April to $42.3 billion in May. * Exports of goods increased by $3.0 billion to $107.2 billion, while imports of goods increased by $4.9 billion to $161.7 billion. * The goods deficit increased by $1.9 billion from April to May, while the services surplus remained virtually unchanged at $12.2 billion. **","Long-term predictions (next 4-18 months)** * The trade deficit may stabilize or even narrow in the long term, as the economy recovers and exports of goods and services increase. * The services surplus may continue to grow, driven by increases in business, professional, and technical services, as well as travel and tourism. Here is the analysis of the Monthly international trade balance of the U.S. based on the provided report:;Short-term predictions (next 1-3 months)** * The trade deficit is likely to continue to widen in the short term, driven by ongoing strong demand for consumer goods and automotive vehicles. * The services surplus may continue to grow, but at a slower pace. **",report,2010-05-01,2010-05-31,0,31
June 2010,107153.2,168323.6,-61170.4,2010-06-01,2010-06-01,2010-06-30,"The U.S. Census Bureau and the U.S. Bureau of Economic Analysis announced that total June exports of $150.5 billion and imports of $200.3 billion resulted in a goods and services deficit of $49.9 billion, up from $42.0 billion in May, revised.","In the long term, the trade deficit may continue to grow if domestic demand continues to strengthen, but it may be mitigated by a potential appreciation of the US dollar, which could make exports more competitive. However, this is uncertain and depends on various factors, including monetary policy and global economic conditions. Here is the filtered information useful for making predictions about the Monthly international trade balance of the U.S.:;Based on the current trends, it is likely that the trade deficit will continue to widen in the short term, potentially reaching $55-60 billion in the next 1-3 months.",report,2010-06-01,2010-06-30,0,31
July 2010,104051.2,163910.0,-59858.8,2010-07-01,2010-07-01,2010-07-31,"The U.S. international trade deficit decreased to $42.8 billion in July 2020, down from $49.8 billion in June.","In the long-term, the trade balance may continue to improve, driven by a strengthening economy and potential changes in trade policies. However, there are also risks of increased protectionism and trade tensions that could impact the trade balance. Here is the filtered and summarized information relevant to making predictions about the Monthly international trade balance of the U.S.:;In the short-term, we can expect the trade deficit to continue to decrease, driven by continued growth in exports and potential decreases in imports.",report,2010-07-01,2010-07-31,0,31
August 2010,106871.3,171004.1,-64132.8,2010-08-01,2010-08-01,2010-08-31,"The U.S. international trade deficit increased to $46.3 billion in August 2010, up from $42.6 billion in July, revised.","In the long term (next 4-18 months), the trade deficit may stabilize or even decrease if the U.S. economy continues to recover and domestic production increases, leading to a decrease in imports and an increase in exports. However, this depends on various factors, including global economic conditions and trade policies. Based on the provided report, I will filter the results to find information useful to making predictions about the Monthly international trade balance of the U.S. **;In the short term (next 1-3 months), the trade deficit is likely to continue to widen due to the ongoing growth in imports of goods and services.",report,2010-08-01,2010-08-31,0,31
September 2010,107683.1,167120.3,-59437.2,2010-09-01,2010-09-01,2010-09-30,"The U.S. international trade deficit decreased by $2.5 billion to $44.0 billion in September 2020, with exports of $154.1 billion and imports of $198.1 billion.","In the long-term, the trade deficit is likely to continue to be a challenge for the U.S. economy. However, the growth of the services sector and the potential for increased exports of goods could help to reduce the trade deficit. Here is the analysis of the Monthly International Trade in Goods and Services report:;In the short-term, the trade deficit is likely to remain high, but the positive trends in the services sector and the decrease in the goods deficit may lead to a slight decrease in the trade deficit.",report,2010-09-01,2010-09-30,0,31
October 2010,117262.1,170320.1,-53057.9,2010-10-01,2010-10-01,2010-10-31,"The U.S. Census Bureau provides access to demographic, economic, and population data through the New American FactFinder website.","In the long term, the economy may be shaped by demographic changes, immigration policies, and the country's engagement in international trade agreements, potentially leading to sustained growth or new challenges. Note: The other search results were not directly relevant to predicting the economy, so they were discarded.Here is the summarized information, filtered and organized into 5 parts:;In the short term, the economy may experience growth due to the opportunities provided by the CAFTA-DR Free Trade Agreement and the potential benefits of H-2B workers.",search,2010-10-25,2010-10-31,0,31
November 2010,113117.0,168989.2,-55872.2,2010-11-01,2010-11-01,2010-11-30,"The U.S. international trade deficit in goods and services decreased from $38.4 billion in October to $38.3 billion in November. Exports of goods and services increased by $1.2 billion, while imports increased by $1.1 billion.","In the long term, the trade deficit is likely to decrease as the U.S. economy continues to recover and exports increase. Additionally, the deficit may be affected by changes in global trade policies and the value of the U.S. dollar. Here is the filtered and summarized information relevant to predicting the Monthly international trade balance of the U.S.:;In the short term, the trade deficit is likely to remain stable or decrease slightly, as the U.S. economy continues to recover and exports increase. However, the deficit is unlikely to decrease significantly in the next 1-3 months.",report,2010-11-01,2010-11-30,0,31
December 2010,117446.9,166518.1,-49071.3,2010-12-01,2010-12-01,2010-12-31,"The U.S. international trade deficit increased to $40.6 billion in December 2010, up from $38.3 billion in November 2010. Exports of goods and services increased by $2.8 billion to $163.0 billion, while imports increased by $5.1 billion to $203.5 billion.","In the long term (next 4-18 months), I predict that the trade deficit will stabilize or even decrease as the U.S. economy continues to recover and domestic production increases. The growth in exports of services, particularly in other private services, may also help to offset the trade deficit. Here is the filtered and summarized information relevant to predicting the Monthly international trade balance of the U.S.:;In the short term (next 1-3 months), I predict that the trade deficit will continue to widen due to the ongoing demand for raw materials and intermediate goods. Exports may also continue to increase, but at a slower pace than imports, leading to a further widening of the trade deficit.",report,2010-12-01,2010-12-31,0,31
January 2011,110183.4,167048.1,-56864.8,2011-01-01,2011-01-01,2011-01-31,"Objective facts about the Monthly international trade balance of U.S. situation** * The goods and services deficit increased $11.7 billion from January 2010 to January 2011. * Exports of goods increased $4.0 billion to $120.5 billion, and imports of goods increased $10.1 billion to $180.3 billion. * The goods deficit increased $6.1 billion from December to January, and the services surplus was virtually unchanged at $13.4 billion. **","Long-term predictions (next 4-18 months)** * The trade balance may start to improve as the global economy recovers, leading to increased demand for US exports. * However, the US will need to address its competitiveness issues and invest in industries that can drive export growth to sustainably reduce the trade deficit. Here is the filtered and summarized information relevant to making predictions about the Monthly international trade balance of the U.S.:;Short-term predictions (next 1-3 months)** * The deficit is likely to continue to widen in the short term, driven by sustained domestic demand and a strong dollar. * Exports may struggle to keep pace with imports, particularly if global demand remains sluggish. **",report,2011-01-01,2011-01-31,0,31
February 2011,109541.4,156320.7,-46779.3,2011-02-01,2011-02-01,2011-02-28,"The U.S. international trade deficit decreased to $45.8 billion in February 2011, down from $47.0 billion in January, revised.","In the long term, the trade deficit may continue to be a challenge for the U.S. economy, particularly if the country's trade relationships with major partners such as China and the European Union do not improve. Here are the filtered results and analysis: **;In the short term, the trade deficit may continue to decrease slightly as exports and imports adjust to changes in global demand. However, the overall deficit is likely to remain significant.",report,2011-02-01,2011-02-28,0,31
March 2011,131725.8,185977.7,-54251.9,2011-03-01,2011-03-01,2011-03-31,"The goods and services deficit increased $8.7 billion from March 2010 to March 2011. Exports were up $22.4 billion, or 14.9 percent, and imports were up $31.1 billion, or 16.4 percent.","In the long-term, the trade deficit may narrow if exports continue to grow at a faster rate than imports, driven by a stronger recovery in the global economy. Here is the filtered information and analysis on the Monthly international trade balance of the U.S.:;In the short-term, the trade deficit is likely to continue to widen, driven by the ongoing growth in imports.",report,2011-03-01,2011-03-31,0,31
April 2011,124052.1,178293.5,-54241.4,2011-04-01,2011-04-01,2011-04-30,"The U.S. Census Bureau and the U.S. Bureau of Economic Analysis announced that total April exports of $175.6 billion and imports of $219.2 billion resulted in a goods and services deficit of $43.7 billion, down from $46.8 billion in March.","In the long-term, the trade balance is likely to remain a challenge for the U.S. economy. While exports are expected to continue growing, imports are also likely to increase, driven by a strong U.S. economy and a potential appreciation of the U.S. dollar. This could lead to a widening of the trade deficit in the next 4-18 months. Here is the filtered information useful for making predictions about the Monthly international trade balance of the U.S.:;In the short-term, we can expect the trade deficit to continue narrowing, driven by the ongoing recovery in exports and a potential slowdown in imports. This could lead to a slight improvement in the overall trade balance in the next 1-3 months.",report,2011-04-01,2011-04-30,0,31
May 2011,124235.7,188953.4,-64717.7,2011-05-01,2011-05-01,2011-05-31,"Objective facts about the Monthly international trade balance of U.S. situation: The U.S. Census Bureau and the U.S. Bureau of Economic Analysis announced that total May exports of $174.9 billion and imports of $225.1 billion resulted in a goods and services deficit of $50.2 billion, up from $43.6 billion in April, revised.","Long-term predictions (next 4-18 months): In the long term, the trade deficit may continue to be a concern, particularly if the U.S. economy continues to grow faster than its trading partners. The U.S. may need to address issues related to competitiveness, such as investing in infrastructure and education, to reduce the trade deficit. Here is the filtered information relevant to making predictions about the Monthly international trade balance of the U.S.:;Short-term predictions (next 1-3 months): The trade deficit is likely to continue to widen in the short term, driven by increasing imports of goods and services. The growth in imports may slow down if the economy experiences a slowdown or if the dollar strengthens.",report,2011-05-01,2011-05-31,0,31
June 2011,125000.6,191582.1,-66581.5,2011-06-01,2011-06-01,2011-06-30,"The U.S. international trade deficit in goods and services increased from $50.8 billion in May to $53.1 billion in June, with exports decreasing by $4.1 billion and imports decreasing by $1.9 billion.","In the long-term, the trade deficit may start to decrease as the U.S. economy recovers and exports increase. However, this will depend on various factors, including the strength of the global economy and the competitiveness of U.S. industries. Here is the analysis of the Monthly international trade balance of the U.S. based on the provided report:;In the short-term, the trade deficit is likely to continue to increase, as the global economy is expected to remain sluggish. Exports may continue to decrease, while imports may remain steady or decrease slightly.",report,2011-06-01,2011-06-30,0,31
July 2011,120262.1,187230.2,-66968.1,2011-07-01,2011-07-01,2011-07-31,"The U.S. economy continues to recover at a modest pace, in line with international experience following severe financial crises.","In the long-term, the implementation of new fuel economy standards is expected to reduce carbon dioxide pollution by over 6 billion metric tons, equivalent to the emissions from the United States last year. Here is the summarized information:;In the short-term, the passage of trade agreements with Korea, Colombia, and Panama is likely to benefit the United States both economically and strategically.",search,2011-07-25,2011-07-31,0,31
August 2011,126731.9,196337.8,-69605.9,2011-08-01,2011-08-01,2011-08-31,"The U.S. international trade deficit in August 2011 was $45.6 billion, virtually unchanged from July. Exports of goods and services were $177.6 billion, while imports were $223.2 billion.","In the long term, the trade deficit may be influenced by changes in global economic conditions, trade policies, and shifts in consumer demand. It is difficult to predict the exact direction of the trade deficit, but it is likely to remain a significant challenge for the U.S. economy. Here is the filtered and summarized information relevant to predicting the Monthly international trade balance of the U.S.:;Based on the current trends, it is likely that the trade deficit will remain relatively stable in the short term, with possible fluctuations in goods and services trade.",report,2011-08-01,2011-08-31,0,31
September 2011,127032.1,189566.8,-62534.8,2011-09-01,2011-09-01,2011-09-30,"Objective facts about the Monthly international trade balance of U.S. situation: The U.S. international trade deficit decreased by $1.8 billion to $43.1 billion in September 2011, compared to August 2011. Exports of goods and services increased by $2.5 billion to $180.4 billion, while imports of goods and services increased by $0.7 billion to $223.5 billion.","Long-term predictions: In the long term, I predict that the trade deficit will continue to decrease as the U.S. economy continues to recover and become more competitive in the global market. The U.S. will need to continue to invest in industries such as manufacturing and technology to increase exports and reduce its reliance on imports. Based on the provided excerpt from the U.S. Census Bureau's monthly report on international trade in goods and services, I've filtered the results to find relevant information for predicting the monthly international trade balance of the U.S. **;Short-term predictions: In the short term, I predict that the trade deficit will continue to decrease as exports continue to increase and imports stabilize. The U.S. economy is expected to continue its slow recovery, driven by increased demand for U.S. goods and services.",report,2011-09-01,2011-09-30,0,31
October 2011,131099.4,191809.6,-60710.2,2011-10-01,2011-10-01,2011-10-31,"Objective facts about the Monthly international trade balance of U.S. situation: The U.S. international trade deficit decreased by $0.7 billion from September to October, totaling $43.5 billion. The goods deficit decreased by $0.7 billion to $58.8 billion, and the services surplus was virtually unchanged at $15.3 billion.","Long-term predictions (next 4-18 months): The trade deficit may continue to be a challenge for the U.S. economy in the long term, particularly if global trade tensions persist. The U.S. may need to implement policies to increase exports and reduce imports to address the trade deficit. Here is the filtered and summarized information relevant to making predictions about the Monthly international trade balance of the U.S.:;Short-term predictions (next 1-3 months): The trade deficit may continue to decrease in the short term, driven by a potential slowdown in imports. However, the decrease in exports of goods and services may continue, which could offset any gains from a decrease in imports.",report,2011-10-01,2011-10-31,0,31
November 2011,125752.0,190317.8,-64565.7,2011-11-01,2011-11-01,2011-11-30,"Objective facts about the Monthly international trade balance of the U.S. situation: The U.S. international trade deficit in goods and services increased to $47.8 billion in November 2021, up from $43.3 billion in October. Exports of goods and services decreased by $1.5 billion to $177.8 billion, while imports increased by $2.9 billion to $225.6 billion. The goods deficit increased by $4.6 billion to $63.2 billion, and the services surplus increased by $0.1 billion to $15.4 billion.","Long-term predictions (next 4-18 months): In the long term, the trade deficit may narrow as the economy adjusts to changes in global demand and trade policies. The services sector is likely to continue to grow, driven by increasing demand for digital services and tourism. However, the goods sector may continue to face challenges, particularly if global trade tensions persist. Here is the filtered information useful for making predictions about the Monthly international trade balance of the U.S.:;Short-term predictions (next 1-3 months): The trade deficit is likely to continue to widen in the short term, driven by strong domestic demand and a relatively strong dollar. Exports may continue to struggle, particularly in sectors that are heavily dependent on global demand. The services sector is likely to remain stable, but may not be enough to offset the decline in goods exports.",report,2011-11-01,2011-11-30,0,31
December 2011,126891.2,184516.6,-57625.4,2011-12-01,2011-12-01,2011-12-31,"The U.S. international trade deficit for December 2011 was $48.8 billion, up from $47.1 billion in November, revised.","In the long term, the U.S. may need to focus on increasing exports and reducing its reliance on imports to improve its trade balance. This could involve investing in industries that have a competitive advantage in the global market and implementing policies to promote exports. Here is the analysis of the Monthly report of U.S. International Trade in Goods and Services from 2011-12-01 to 2011-12-31 published by U.S. Census Bureau:;In the short term, the trade deficit is likely to continue to widen if imports continue to grow faster than exports. This may lead to a decrease in the value of the U.S. dollar and potentially higher inflation.",report,2011-12-01,2011-12-31,0,31
January 2012,117838.6,183533.2,-65694.6,2012-01-01,2012-01-01,2012-01-31,"The U.S. international trade deficit increased to $52.6 billion in January 2012, up from $50.4 billion in December 2011. Exports of goods and services increased by $2.6 billion to $180.8 billion, while imports increased by $4.7 billion to $233.4 billion.","In the long term (next 4-18 months), the trade deficit may narrow slightly as the U.S. economy continues to recover and exports grow, but it will likely remain significant due to the country's reliance on imports to meet domestic demand. Here is the filtered information useful for making predictions about the Monthly international trade balance of the U.S.:;In the short term (next 1-3 months), the trade deficit is likely to remain high, driven by continued strong demand for imports and potentially slower growth in exports.",report,2012-01-01,2012-01-31,0,31
February 2012,123612.3,171831.1,-48218.8,2012-02-01,2012-02-01,2012-02-29,"The U.S. international trade deficit decreased by $6.5 billion from January to February, from $52.5 billion to $46.0 billion.","In the long-term, the trade deficit may continue to fluctuate, but efforts to increase exports and improve trade agreements could lead to a more sustainable trade balance. Here is the analysis of the Monthly report of U.S. International Trade in Goods and Services:;In the short-term, the trade deficit may continue to decrease or remain stable, depending on factors such as global demand and trade policies.",report,2012-02-01,2012-02-29,0,31
March 2012,140219.1,197350.1,-57131.1,2012-03-01,2012-03-01,2012-03-31,"The U.S. international trade deficit increased to $51.8 billion in March 2012 from $45.4 billion in February, revised.","In the long term, the trade deficit is likely to remain a concern, particularly if the U.S. economy continues to grow faster than its trading partners. However, efforts to increase exports and reduce imports could help to narrow the deficit over time. Here is the filtered information useful for making predictions about the Monthly international trade balance of U.S.:;In the short term, the trade deficit is likely to continue to widen, driven by continued growth in imports. However, exports may also continue to grow, potentially mitigating the impact of the widening deficit.",report,2012-03-01,2012-03-31,0,31
April 2012,127411.4,189466.2,-62054.7,2012-04-01,2012-04-01,2012-04-30,"The U.S. international trade deficit decreased from $52.6 billion in March to $50.1 billion in April. The goods deficit decreased $2.7 billion to $64.8 billion, and the services surplus decreased $0.1 billion to $14.8 billion.","In the long term, the U.S. trade deficit may continue to be a challenge, but it is possible that the deficit will decrease as the U.S. economy continues to recover and exports increase. Here are the filtered results and analysis:;Based on the current trends, it is likely that the U.S. trade deficit will continue to be around $50 billion in the next 1-3 months.",report,2012-04-01,2012-04-30,0,31
May 2012,131233.1,198409.6,-67176.5,2012-05-01,2012-05-01,2012-05-31,"Objective facts about the Monthly international trade balance of U.S. situation: The U.S. international trade deficit decreased to $48.7 billion in May 2012, down from $50.6 billion in April, revised. Exports of goods and services increased by $0.4 billion to $183.1 billion, while imports decreased by $1.6 billion to $231.8 billion.","Long-term predictions (next 4-18 months): In the long term, the trade deficit is likely to continue to be a challenge for the U.S. economy. The country will need to focus on increasing exports and reducing imports, potentially through trade agreements and policies that promote domestic production. The U.S. will also need to address the growing trade deficit with China, which is likely to remain a significant issue in the coming months and years. Here is the filtered information useful for making predictions about the Monthly international trade balance of the U.S.:;Short-term predictions (next 1-3 months): The trade deficit is likely to continue to decrease in the short term, as the U.S. economy continues to recover and exports increase. However, the deficit is still expected to remain significant, and the U.S. will need to continue to work on increasing exports and reducing imports to achieve a more balanced trade situation.",report,2012-05-01,2012-05-31,0,31
June 2012,132578.9,191786.7,-59207.8,2012-06-01,2012-06-01,2012-06-30,"The goods and services deficit decreased $5.4 billion from May to June, to $57.5 billion, and the services surplus decreased $0.3 billion from May to $14.6 billion. Exports of goods increased $1.8 billion to $132.8 billion, and imports of goods decreased $3.6 billion to $190.3 billion.","In the long-term, the trade balance may continue to improve if the U.S. economy continues to grow and imports decrease. However, this depends on various factors such as global economic conditions and trade policies. Here are the filtered results and analysis:;Based on the current trend, it is possible that the trade deficit will continue to decrease in the short-term, leading to a more favorable trade balance.",report,2012-06-01,2012-06-30,0,31
July 2012,121408.1,192838.7,-71430.5,2012-07-01,2012-07-01,2012-07-31,"The U.S. international trade deficit in goods and services increased to $42.0 billion in July, up from $41.9 billion in June.","In the long term, the U.S. trade deficit may continue to decrease as the economy recovers and trade agreements are implemented. However, the impact of global economic trends and trade policies on the U.S. trade balance remains uncertain. Here is the filtered information useful for making predictions about the Monthly international trade balance of the U.S.:;Based on the current trend, it is likely that the U.S. trade deficit will remain around $40-45 billion in the next 1-3 months.",report,2012-07-01,2012-07-31,0,31
August 2012,128583.0,194941.5,-66358.5,2012-08-01,2012-08-01,2012-08-31,"Objective facts about the Monthly international trade balance of U.S. situation: The U.S. international trade in goods and services deficit was $44.2 billion in August 2012, up from $42.5 billion in July, revised. Exports of goods decreased $2.1 billion to $128.5 billion, and imports of goods decreased $0.7 billion to $187.8 billion. The goods deficit increased $1.5 billion from July to $59.3 billion, and the services surplus decreased $0.3 billion from July to $15.1 billion.","Long-term predictions (next 4-18 months): In the long term, the trade deficit may continue to be a challenge for the U.S. economy. The ongoing decline in exports of goods may be due to structural issues, such as the shift of manufacturing to other countries. The services sector may continue to grow, but it may not be enough to offset the decline in goods exports. The U.S. may need to implement policies to boost exports and reduce the trade deficit. Here is the filtered information useful for predicting the Monthly international trade balance of the U.S.:;Short-term predictions (next 1-3 months): The trade deficit is likely to remain high in the short term, driven by the ongoing decline in exports of goods. The services sector may continue to see moderate growth, but it may not be enough to offset the decline in goods exports.",report,2012-08-01,2012-08-31,0,31
September 2012,128260.0,185682.8,-57422.8,2012-09-01,2012-09-01,2012-09-30,"The US economy is expected to benefit from the passage of the DREAM Act, with an estimated addition of $329 billion and creation of 1.4 million new jobs by 2030.","In the long-term, the Eurozone crisis may have a significant impact on the US economy, potentially leading to a slowdown in economic growth and increased uncertainty. Here is the summary of the useful information:;In the short-term, the US economy may experience a boost from the passage of the DREAM Act, leading to increased economic activity and job creation.",search,2012-09-24,2012-09-30,0,31
October 2012,133718.2,198767.1,-65048.9,2012-10-01,2012-10-01,2012-10-31,"The U.S. international trade deficit for October 2012 was $42.2 billion, up from $40.3 billion in September.","In the long term (4-18 months), the trade deficit may continue to widen if the global economy slows down, leading to decreased demand for U.S. exports. However, if the U.S. economy strengthens, it could lead to an increase in imports, potentially narrowing the trade deficit. Here are the filtered results and analysis: **;In the next 1-3 months, the trade deficit is likely to remain around $40-45 billion, assuming no significant changes in global economic conditions.",report,2012-10-01,2012-10-31,0,31
November 2012,130204.4,194553.2,-64348.8,2012-11-01,2012-11-01,2012-11-30,"The U.S. international trade deficit increased to $48.7 billion in November 2012, up from $42.1 billion in October, revised.","In the long-term, a potential recovery in global trade and a shift towards more sustainable domestic consumption patterns may lead to a narrowing of the trade deficit. Here is the filtered information useful for making predictions about the Monthly international trade balance of the U.S.:;In the short-term, the trade deficit may continue to widen due to sustained domestic demand and potential disruptions to global supply chains.",report,2012-11-01,2012-11-30,0,31
December 2012,130753.7,177106.9,-46353.2,2012-12-01,2012-12-01,2012-12-31,"The U.S. international trade deficit decreased by $10.1 billion to $38.5 billion in December 2012, down from $48.6 billion in November.","In the long term, the trade balance is likely to continue to improve, with a potential shift towards a trade surplus as the U.S. economy continues to recover and exports increase. Here is the filtered information and analysis: **;Based on the current trend, it is likely that the trade deficit will continue to decrease in the short term, with exports continuing to increase and imports decreasing.",report,2012-12-01,2012-12-31,0,31
January 2013,123031.9,185168.6,-62136.7,2013-01-01,2013-01-01,2013-01-31,"Objective facts about the Monthly international trade balance of the U.S. situation: The U.S. had a goods and services deficit of $44.4 billion in January 2013, up from $38.1 billion in December, revised. Exports of goods decreased $2.0 billion to $130.8 billion, and imports of goods increased $3.6 billion to $192.5 billion. The goods deficit increased $5.7 billion from December to $61.8 billion.","Long-term predictions (next 4-18 months): In the long term, I predict that the trade deficit will stabilize or decrease as the U.S. economy recovers and exports of goods increase. Additionally, the ongoing trade negotiations and agreements may also impact the trade balance in the long term. Here are the results filtered to find information useful for making predictions about the Monthly international trade balance of the U.S.:;Short-term predictions (next 1-3 months): Based on the current trend, I predict that the trade deficit will continue to increase in the short term, driven by a continued decrease in exports of goods and an increase in imports of goods.",report,2013-01-01,2013-01-31,0,31
February 2013,123443.6,170322.9,-46879.3,2013-02-01,2013-02-01,2013-02-28,"The goods and services deficit decreased $1.6 billion from February 2012 to February 2013. Exports were up $5.8 billion, or 3.2 percent, and imports were up $4.2 billion, or 1.9 percent.","In the long term, the trade balance may continue to improve as the economy grows and exports increase. However, potential risks such as changes in global trade policies and economic downturns could impact the trade balance. A possible prediction is a continued improvement in the trade balance, but with potential fluctuations. Here is the filtered information relevant to making predictions about the Monthly international trade balance of the U.S.:;Based on the current trend, it is likely that the trade balance will continue to improve in the short term, with exports of goods driving the growth. A possible prediction is a further decrease in the goods deficit and a slight increase in the services surplus.",report,2013-02-01,2013-02-28,0,31
March 2013,136642.2,181850.7,-45208.5,2013-03-01,2013-03-01,2013-03-31,Objective facts about the Economy situation: The U.S. Bureau of Labor Statistics reported that minimum wage workers account for 4.7 percent of hourly paid workers.,"Predictions you can make for the long-term future (next few months): The US economy is likely to continue growing, with a possible increase in federal taxes as a percentage of GDP. Here is the summarized information:;Predictions you can make for the short-term future (next 1-4 weeks): NA",search,2013-03-25,2013-03-31,0,31
April 2013,129460.6,190555.3,-61094.7,2013-04-01,2013-04-01,2013-04-30,"Objective facts about the Monthly international trade balance of U.S. situation: The U.S. Census Bureau and the U.S. Bureau of Economic Analysis announced that total April exports of $187.4 billion and imports of $227.7 billion resulted in a goods and services deficit of $40.3 billion, up from $37.1 billion in March. The goods deficit increased $3.2 billion from March to $58.6 billion, and the services surplus increased $0.1 billion from March to $18.3 billion.","Long-term predictions (next 4-18 months): In the long term, the trade balance may improve as the U.S. economy continues to recover and exports growth picks up. However, the trade deficit is likely to remain a challenge, particularly if the dollar remains strong and global trade tensions persist. Policymakers may need to consider strategies to boost exports and reduce the trade deficit, such as investing in infrastructure, promoting trade agreements, and supporting U.S. businesses. Here are the filtered results and analysis:;Short-term predictions (next 1-3 months): Based on the current trend, it is likely that the trade deficit will continue to increase in the short term, driven by a strong dollar and weak global demand. Exports may struggle to grow, while imports may continue to rise, driven by consumer spending and business investment.",report,2013-04-01,2013-04-30,0,31
May 2013,132968.7,196685.4,-63716.7,2013-05-01,2013-05-01,2013-05-31,"Objective facts about the Monthly international trade balance of U.S. situation: The U.S. Census Bureau and the U.S. Bureau of Economic Analysis reported a goods and services deficit of $45.0 billion in May 2013, up from $40.1 billion in April, revised. Exports of goods decreased $0.9 billion to $130.3 billion, and imports of goods increased $4.2 billion to $193.7 billion. The goods deficit increased $5.0 billion from April to $63.4 billion, and the services surplus increased $0.2 billion from April to $18.4 billion.","Long-term predictions (next 4-18 months): In the long term, the trade balance situation may improve as the global economy recovers, leading to an increase in exports of goods. However, the strengthening of domestic demand may continue to drive up imports, leading to a persistent trade deficit. The services surplus may continue to grow, driven by the increasing demand for U.S. services abroad. Here is the filtered information useful for making predictions about the Monthly international trade balance of the U.S.:;Short-term predictions (next 1-3 months): Based on the current trend, it is likely that the goods deficit will continue to increase, and the services surplus will continue to grow, albeit slowly. Exports of goods may continue to decline, while imports of goods may continue to increase, leading to a widening trade deficit.",report,2013-05-01,2013-05-31,0,31
June 2013,134550.4,184930.5,-50380.0,2013-06-01,2013-06-01,2013-06-30,The U.S. and EU economies are two of the most significant economies in the world.,"In the long-term, the T-TIP could lead to increased economic integration between the U.S. and EU, potentially boosting economic growth and job creation.;In the short-term, the U.S. economy may experience continued credit growth and increased trade and investment opportunities with the EU.",search,2013-06-24,2013-06-30,0,31
July 2013,127280.9,197311.7,-70030.8,2013-07-01,2013-07-01,2013-07-31,"The U.S. international trade deficit increased by $4.6 billion from June to July, reaching $39.1 billion. Exports of goods decreased by $1.1 billion to $132.7 billion, while imports of goods increased by $3.4 billion to $191.3 billion.","In the long-term, the trade deficit may continue to be a challenge for the U.S. economy. To address this, the country may need to focus on increasing exports of high-value goods and services, such as technology and professional services, and reducing its reliance on imported goods. Here is the analysis of the Monthly International Trade in Goods and Services report for the United States, focusing on the information relevant to predicting the monthly international trade balance: **;In the short-term, the trade deficit is likely to continue to widen due to the ongoing increase in imports of industrial supplies and materials, and consumer goods. However, a rebound in exports of capital goods and consumer goods may help to narrow the deficit.",report,2013-07-01,2013-07-31,0,31
August 2013,132584.0,193050.7,-60466.7,2013-08-01,2013-08-01,2013-08-31,"The U.S. international trade deficit increased by $0.2 billion from July to August, reaching $38.8 billion. Exports of goods decreased by $0.3 billion to $132.4 billion, while imports of goods decreased by $0.1 billion to $190.7 billion.","In the long term (next 4-18 months), I predict that the trade deficit will remain a significant challenge for the U.S. economy, unless there are significant changes in trade policies or a substantial increase in U.S. exports. The ongoing trade tensions and tariffs imposed by the U.S. and its trading partners may exacerbate the trade deficit. Here is the summary of the report:;In the short term (next 1-3 months), I predict that the trade deficit will continue to be a significant issue, driven by the ongoing imbalance between imports and exports. However, the recent increase in exports of services may provide some relief.",report,2013-08-01,2013-08-31,0,31
September 2013,128377.6,191940.9,-63563.4,2013-09-01,2013-09-01,2013-09-30,"The U.S. international trade deficit increased to $41.8 billion in September 2013 from $38.7 billion in August, revised. Exports of goods and services decreased $0.4 billion to $188.9 billion, while imports increased $2.7 billion to $230.7 billion.","In the long term, the trade deficit may decrease if the U.S. economy continues to recover and domestic demand increases, leading to higher exports. Additionally, efforts to increase U.S. exports, such as the Trans-Pacific Partnership, may also help to reduce the trade deficit. However, the strong U.S. dollar may continue to pose a challenge to U.S. exporters. Here is the filtered information and analysis of the Monthly international trade balance of the U.S.:;In the short term, the trade deficit is likely to remain high due to the ongoing trend of decreasing exports and increasing imports. This could have negative implications for the U.S. economy, particularly if domestic demand remains weak.",report,2013-09-01,2013-09-30,0,31
October 2013,142061.3,205089.7,-63028.4,2013-10-01,2013-10-01,2013-10-31,"Objective facts about the Monthly international trade balance of U.S. situation: The goods and services deficit decreased $2.0 billion from October 2012 to October 2013. Exports were up $10.0 billion, or 5.5 percent, and imports were up $8.0 billion, or 3.6 percent. The October 2013 deficit was $40.6 billion, down from $43.0 billion in September, revised.","Long-term predictions (next 4-18 months): In the long term, the trade deficit is likely to continue to decrease as the economy recovers and exports grow. However, the pace of decrease may slow down as imports also grow. The deficit may stabilize at a lower level, but it is unlikely to disappear completely. Here is the filtered information useful for predicting the Monthly international trade balance of the U.S.:;Short-term predictions (next 1-3 months): Based on the current trend, it is likely that the trade deficit will continue to decrease in the short term. Exports may continue to grow, driven by increasing demand from trading partners. However, imports may also grow, driven by domestic demand, which could limit the decrease in the deficit.",report,2013-10-01,2013-10-31,0,31
November 2013,136200.3,188617.8,-52417.5,2013-11-01,2013-11-01,2013-11-30,"The U.S. international trade deficit decreased by $5 billion to $34.3 billion in November 2013, down from $39.3 billion in October. Exports of goods and services increased by $1.7 billion, while imports decreased by $3.4 billion.","In the long term, the trade deficit is likely to continue to fluctuate, influenced by various factors such as global economic trends, exchange rates, and consumer spending patterns. However, if the current trend continues, it is possible that the trade deficit will continue to decrease, leading to a more balanced trade situation for the U.S. Here are the filtered results and analysis: **;In the short term, it is likely that the trade deficit will continue to decrease or remain stable, as exports are expected to continue growing and imports are expected to remain steady.",report,2013-11-01,2013-11-30,0,31
December 2013,131915.5,182462.7,-50547.2,2013-12-01,2013-12-01,2013-12-31,"The U.S. international trade deficit for December 2013 was $38.7 billion, up from $34.6 billion in November. Exports of goods decreased $4.3 billion to $132.8 billion, and imports of goods increased $0.3 billion to $191.6 billion.","In the long term, if the U.S. economy continues to grow, it is possible that exports will increase and the trade deficit will decrease. However, if the global economy slows down, the trade deficit could continue to increase. Based on the provided report, here are the filtered results and analysis for predicting the Monthly international trade balance of the U.S.:;Based on the current trend, it is likely that the trade deficit will continue to increase in the short term, potentially reaching $40 billion or more in the next 1-3 months.",report,2013-12-01,2013-12-31,0,31
January 2014,126619.2,186070.1,-59450.9,2014-01-01,2014-01-01,2014-01-31,"The U.S. international trade deficit for January 2014 was $39.1 billion, up from $39.0 billion in December, revised.","In the long-term, the trade deficit is expected to decrease as the U.S. economy continues to grow and become more competitive. The shale gas revolution and the resurgence of U.S. manufacturing are expected to support exports and reduce the trade deficit. Additionally, the U.S. is negotiating trade agreements with several countries, which may increase exports and reduce the trade deficit. Here is the analysis of the Monthly report of U.S. International Trade in Goods and Services from 2014-01-01 to 2014-01-31:;In the short-term, the trade deficit is likely to remain around $40 billion, as the growth in imports is expected to continue, driven by domestic demand. However, the U.S. economy is expected to grow at a moderate pace, which may support exports and reduce the trade deficit.",report,2014-01-01,2014-01-31,0,31
February 2014,123630.4,170711.2,-47080.8,2014-02-01,2014-02-01,2014-02-28,"The U.S. international trade deficit increased to $42.3 billion in February 2014, up from $39.3 billion in January. Exports of goods decreased $2.0 billion to $131.7 billion, and imports of goods increased $0.2 billion to $193.4 billion.","In the long term, the trade deficit may continue to widen due to increasing imports of goods, potentially reaching $60-70 billion in the next 4-18 months. However, this depends on various factors such as changes in global demand, exchange rates, and trade policies. Here are the filtered results and my analysis: **;Based on the current trend, it is likely that the trade deficit will continue to widen in the short term, potentially reaching $45-50 billion in the next 1-3 months.",report,2014-02-01,2014-02-28,0,31
March 2014,142289.9,194612.9,-52323.0,2014-03-01,2014-03-01,2014-03-31,"The Monthly international trade balance of U.S. in March 2014 was a deficit of $40.4 billion, down from $41.9 billion in February, revised. Exports of goods increased $3.7 billion to $135.1 billion, and imports of goods increased $3.1 billion to $195.8 billion.","In the long term, the trade balance is likely to be influenced by factors such as the strength of the US economy, the value of the dollar, and global trade policies. If the US economy continues to grow, it may lead to an increase in imports, which could worsen the trade balance. On the other hand, if the dollar weakens, it could make US exports more competitive, which could improve the trade balance. Here is the filtered and summarized information relevant to making predictions about the Monthly international trade balance of the U.S.:;Based on the current trend, it is likely that the trade deficit will continue to be around $40 billion in the next 1-3 months, with exports and imports of goods and services continuing to grow at a moderate pace.",report,2014-03-01,2014-03-31,0,31
April 2014,133990.1,201243.8,-67253.7,2014-04-01,2014-04-01,2014-04-30,"Objective facts about the Monthly international trade balance of U.S. situation: The U.S. Census Bureau and the U.S. Bureau of Economic Analysis announced that total April exports of $193.3 billion and imports of $240.6 billion resulted in a goods and services deficit of $47.2 billion, up from $44.2 billion in March.","Long-term predictions (next 4-18 months): In the long term, the trade balance situation may be influenced by various factors, including the impact of trade agreements, changes in global economic conditions, and shifts in consumer behavior. It's possible that the trade deficit may stabilize or even narrow if exports growth picks up and imports growth slows down. However, it's crucial to continue monitoring the situation and adjusting predictions based on new data and developments. Here is the filtered and summarized information relevant to predicting the Monthly international trade balance of the U.S.:;Short-term predictions (next 1-3 months): Based on the current trend, it is likely that the trade deficit will continue to widen in the short term, driven by steady growth in imports and potential volatility in exports. However, it's essential to monitor global economic indicators and trade policies to adjust predictions accordingly.",report,2014-04-01,2014-04-30,0,31
May 2014,138182.0,200859.9,-62677.9,2014-05-01,2014-05-01,2014-05-31,"Objective facts about the Monthly international trade balance of U.S. situation: The U.S. international trade deficit decreased by $2.6 billion to $44.4 billion in May 2014, compared to April 2014. Exports of goods and services increased by $2.0 billion to $195.5 billion, while imports decreased by $0.7 billion to $239.8 billion. The goods deficit decreased by $2.4 billion to $63.3 billion, and the services surplus increased by $0.3 billion to $18.9 billion.","Long-term predictions: In the long term, we can expect the trade balance situation to improve, driven by an increase in exports and a decrease in imports. The U.S. economy is likely to continue to strengthen, driven by increasing demand from abroad and a growing services sector. However, the trade balance situation may be affected by external factors, such as changes in global trade policies and exchange rates. Here is the filtered and summarized information useful for making predictions about the Monthly international trade balance of the U.S.:;Short-term predictions: In the short term, we can expect the trade deficit to continue to decrease, driven by an increase in exports and a decrease in imports. The strengthening of U.S. industries, particularly in the automotive and consumer goods sectors, is likely to continue, driven by increasing demand from abroad. However, the slowdown in domestic demand may continue, which could lead to a decrease in imports.",report,2014-05-01,2014-05-31,0,31
June 2014,138482.4,198353.0,-59870.5,2014-06-01,2014-06-01,2014-06-30,"Objective facts about the Monthly international trade balance of U.S. situation: The U.S. international trade deficit decreased by $3.2 billion from May to June 2014, reaching $41.5 billion. Exports of goods and services increased by $0.3 billion to $195.9 billion, while imports decreased by $2.9 billion to $237.4 billion.","Long-term predictions (next 4-18 months): In the long term, the trade deficit is likely to remain a challenge for the U.S. economy. The country's reliance on imported goods, particularly from China, will continue to contribute to the deficit. However, efforts to increase domestic production and exports, such as the resurgence of the U.S. manufacturing sector, could help narrow the trade gap. Here is the filtered information useful for making predictions about the Monthly international trade balance of the U.S.:;Short-term predictions (next 1-3 months): Based on the current trend, it is likely that the trade deficit will continue to decrease or remain stable in the short term. The strengthening U.S. economy and increased global demand for American products could lead to further growth in exports. However, imports may also increase as consumer spending and economic activity pick up.",report,2014-06-01,2014-06-30,0,31
July 2014,133326.6,205134.2,-71807.5,2014-07-01,2014-07-01,2014-07-31,"The U.S. international trade deficit decreased by $0.3 billion from June to July, from $40.8 billion to $40.5 billion. Exports of goods increased by $1.8 billion to $138.6 billion, while imports of goods increased by $1.5 billion to $198.8 billion.","In the long term (next 4-18 months), the trade deficit may continue to decrease as the U.S. economy strengthens and exports of goods and services increase. However, the deficit is likely to remain significant due to the country's reliance on imports. Here is the filtered and summarized information relevant to making predictions about the Monthly international trade balance of the U.S.:;Based on the recent trend, it is likely that the trade deficit will continue to stabilize or slightly decrease in the short term (next 1-3 months), driven by increases in exports of goods such as automotive vehicles and industrial supplies.",report,2014-07-01,2014-07-31,0,31
August 2014,137625.8,197312.1,-59686.3,2014-08-01,2014-08-01,2014-08-31,The US jobless rate still hovers above 15 percent despite the ongoing recovery.,"In the long-term, the US economy may need to address structural issues such as inequality of economic opportunity and infrastructure development to achieve sustainable growth. Note: The search results did not provide a comprehensive view of the economy, but rather snippets of information on specific topics. Therefore, the analysis and predictions are limited in scope.Here is the summarized information:;In the short-term, the US economy is likely to continue its slow recovery, with a focus on job creation and poverty reduction initiatives.",search,2014-08-25,2014-08-31,0,31
September 2014,133668.6,203729.7,-70061.0,2014-09-01,2014-09-01,2014-09-30,"The U.S. international trade deficit for September 2014 was $43.0 billion, up from $40.0 billion in August. Exports of goods and services decreased by $3.0 billion to $195.6 billion, while imports of goods and services increased by $0.1 billion to $238.6 billion.","In the long term, I predict that the trade deficit will stabilize as the U.S. economy continues to recover and exports of services, such as travel and intellectual property, continue to grow. Additionally, the recent decline in oil prices could lead to an increase in exports of petroleum products, which could help to narrow the trade deficit. Here is the filtered information useful for making predictions about the Monthly international trade balance of the U.S.:;In the short term, I predict that the trade deficit will continue to widen due to the ongoing decline in exports of goods. This could lead to a decrease in economic growth and a depreciation of the U.S. dollar.",report,2014-09-01,2014-09-30,0,31
October 2014,145613.9,211643.1,-66029.2,2014-10-01,2014-10-01,2014-10-31,"Objective facts about the Monthly international trade balance of U.S. situation** * The U.S. goods and services deficit was $43.4 billion in October, down $0.2 billion from $43.6 billion in September. * Exports were $197.5 billion, $2.3 billion more than September exports. * Imports were $241.0 billion, $2.1 billion more than September imports. * The average goods and services deficit increased $0.9 billion to $42.4 billion for the three months ending in October. **","Long-term predictions (next 4-18 months)** * The trade deficit is likely to increase in the long term, driven by a strong U.S. economy and a weakening global economy. * The U.S. dollar is likely to remain strong, which could lead to a decrease in exports and an increase in imports. Here is the filtered information useful for making predictions about the Monthly international trade balance of the U.S.:;Short-term predictions (next 1-3 months)** * The trade deficit is likely to remain relatively stable in the short term, with some fluctuations due to seasonal factors. * Exports and imports are likely to continue growing, but at a moderate pace, driven by global economic growth. **",report,2014-10-01,2014-10-31,0,31
November 2014,134722.7,190689.7,-55967.0,2014-11-01,2014-11-01,2014-11-30,"The US economy has bounced back more strongly than most others around the world since the financial crisis, with recent data highlighting its growth.","The growth of female entrepreneurship and other key indicators could lead to sustained economic growth in the long term, but potential risks such as global economic shifts and trade agreements could impact the economy. Note: There was limited information available in the search results to make specific predictions about the economy. The insights and analysis provided are based on general trends and indicators.Here is the summarized information:;The US economy is likely to continue its growth trend in the short term, with no significant indicators suggesting a downturn.",search,2014-11-24,2014-11-30,0,31
December 2014,133722.1,195996.5,-62274.4,2014-12-01,2014-12-01,2014-12-31,"Objective facts about the Monthly international trade balance of U.S. situation: The goods and services deficit was $46.6 billion in December, up $6.8 billion from $39.8 billion in November. The December increase in the goods and services deficit reflected an increase in the goods deficit of $6.9 billion to $66.0 billion and a n increase in the services surplus of $0.1 billion to $19.5 billion.","Long-term predictions (next 4-18 months): In the long term, the trade deficit may continue to increase if the current trend persists. This could lead to a decrease in the value of the US dollar and may have negative effects on the overall economy. However, it is also possible that the trade deficit may decrease if the US economy strengthens and exports increase. Here is the filtered information and analysis:;Short-term predictions (next 1-3 months): Based on the current trend, it is possible that the trade deficit will continue to increase in the short term. This could lead to a decrease in exports and/or an increase in imports, which may have negative effects on the economy.",report,2014-12-01,2014-12-31,0,31
January 2015,120872.4,181220.3,-60347.9,2015-01-01,2015-01-01,2015-01-31,"The goods and services deficit was $41.8 billion in January, down $3.8 billion from $45.6 billion in December.","In the long-term, the trade balance may continue to be influenced by structural factors such as the strength of the US dollar, global economic trends, and trade policies. To achieve a sustainable improvement in the trade balance, the US may need to address these underlying factors and implement policies that promote exports and reduce imports. Here is the analysis of the Monthly international trade balance of U.S. based on the provided report:;In the short-term, the trade balance may continue to improve, driven by the decrease in the goods deficit and increase in the services surplus. However, the year-over-year increase in the deficit suggests that there may be volatility in the trade balance in the next 1-3 months.",report,2015-01-01,2015-01-31,0,31
February 2015,118233.7,162949.7,-44716.0,2015-02-01,2015-02-01,2015-02-28,"The U.S. international trade deficit decreased by $7.2 billion to $35.4 billion in February 2015, with exports decreasing by $3.0 billion and imports decreasing by $10.2 billion. The goods deficit decreased by $7.4 billion to $55.2 billion, and the services surplus decreased by $0.1 billion to $19.7 billion.","In the long term, the trade deficit is likely to continue to fluctuate based on changes in global demand, trade policies, and the value of the U.S. dollar. However, the recent trend suggests that the deficit may continue to narrow as the U.S. economy continues to recover and trade relationships with major partners evolve. Here is the filtered information useful for making predictions about the Monthly international trade balance of the U.S.:;Based on the current trend, it is likely that the trade deficit will continue to decrease in the short term, driven by a decrease in imports and a narrowing of the deficit with major trading partners.",report,2015-02-01,2015-02-28,0,31
March 2015,133668.8,198235.3,-64566.5,2015-03-01,2015-03-01,2015-03-31,"Objective facts about the Monthly international trade balance of U.S. situation** * The goods and services deficit was $51.4 billion in March, up $15.5 billion from February. * Exports were $187.8 billion, $1.6 billion more than February exports. * Imports were $239.2 billion, $17.1 billion more than February imports. * The average goods and services deficit increased $1.9 billion to $43.3 billion for the three months ending in March. **","Long-term predictions (next 4-18 months)** * The trade deficit is likely to remain a significant concern for the U.S. economy, with potential implications for the value of the dollar and interest rates. * The U.S. may need to address the trade imbalance with China and other countries through trade agreements and policies to reduce the deficit and promote exports. After reviewing the provided excerpt of the U.S. International Trade in Goods and Services report, I have filtered out the relevant information to make predictions about the Monthly international trade balance of the U.S. Here are my findings:;Short-term predictions (next 1-3 months)** * The trade deficit is likely to remain high in the short term, driven by strong domestic demand and a widening deficit with China. * Exports may continue to grow, but at a slower pace than imports, leading to a widening trade deficit. **",report,2015-03-01,2015-03-31,0,31
April 2015,128499.6,190066.4,-61566.7,2015-04-01,2015-04-01,2015-04-30,"Objective facts about the Monthly international trade balance of U.S. situation: The U.S. Census Bureau and the U.S. Bureau of Economic Analysis announced that the goods and services deficit was $40.9 billion in April, down $9.7 billion from $50.6 billion in March, revised.","Long-term predictions (next 4-18 months): In the long term, the U.S. trade balance may continue to improve, driven by factors such as a strengthening economy, increasing exports, and a potential shift in global trade patterns. However, there are also risks such as trade tensions and protectionist policies that could impact the trade balance. Based on the provided excerpt from the U.S. International Trade in Goods and Services report, I have filtered out the relevant information to make predictions about the Monthly international trade balance of the U.S.;Short-term predictions (next 1-3 months): Based on the current trend, it is likely that the goods and services deficit will continue to decrease or remain stable in the short term. The U.S. may see an increase in exports, particularly in the services sector, which could further improve the trade balance.",report,2015-04-01,2015-04-30,0,31
May 2015,128206.3,186571.1,-58364.8,2015-05-01,2015-05-01,2015-05-31,"The Joint Economic Committee (JEC) was created when Congress passed the Employment Act of 1946 to promote maximum employment, production, and purchasing power.","In the long-term, the U.S. economy may need to address the slowdown in TFP growth and find ways to benefit from technological advances to maintain its competitiveness. Here is the summarized output:;In the short-term, the U.S. economy may continue to experience growth, but with potential challenges from the slowdown in foreign growth and trade balance.",search,2015-05-25,2015-05-31,0,31
June 2015,130976.3,197380.4,-66404.0,2015-06-01,2015-06-01,2015-06-30,"The U.S. international trade deficit increased by $2.9 billion to $43.8 billion in June 2015, with exports decreasing by $0.1 billion to $188.6 billion and imports increasing by $2.8 billion to $232.4 billion.","In the long term (next 4-18 months), the trade deficit may narrow as the dollar's strength begins to fade, and U.S. exports become more competitive again. Additionally, the expected increase in U.S. economic growth could lead to an increase in exports and a narrowing of the trade deficit. Here are the filtered results and my analysis: **;In the short term (next 1-3 months), the trade deficit is likely to continue to widen due to the ongoing strength of the dollar and the expected increase in imports during the peak holiday season.",report,2015-06-01,2015-06-30,0,31
July 2015,124242.9,193673.9,-69431.0,2015-07-01,2015-07-01,2015-07-31,": Objective facts about the Monthly international trade balance of U.S. situation** * The goods and services deficit was $41.9 billion in July, down $3.3 billion from $45.2 billion in June. * Exports were $188.5 billion, $0.8 billion more than June exports. * Imports were $230.4 billion, $2.5 billion less than June imports. * The average goods and services deficit decreased $0.1 billion to $43.2 billion for the three months ending in July. **",": Long-term predictions (next 4-18 months)** * The trade deficit may widen in the long term as the economy recovers and domestic demand increases, leading to higher imports. * The services surplus is likely to continue to grow, driven by increasing demand for U.S. services. * The impact of the improved processing of imports of goods filed in the Automated Commercial Environment (ACE) may lead to revisions in the trade balance figures, potentially affecting the long-term trend. Here is the filtered information useful for making predictions about the Monthly international trade balance of the U.S.:;: Short-term predictions (next 1-3 months)** * The trade deficit is likely to remain narrow in the short term, driven by stable exports and imports. * The services surplus is expected to continue to support the trade balance. * The upcoming revisions to historical statistics in June 2016 may impact the trade balance figures, but the overall trend is likely to remain stable. **",report,2015-07-01,2015-07-31,0,31
August 2015,122758.9,189979.3,-67220.4,2015-08-01,2015-08-01,2015-08-31,"The U.S. Department of Commerce has strategic goals to drive innovation and global competitiveness, foster inclusive capitalism and equitable economic growth, and address the climate crisis.","In the long-term, the strategic goals of the U.S. Department of Commerce and other government agencies may lead to increased economic growth, innovation, and competitiveness, with a more equitable distribution of benefits. Here is the summary of the useful filtered information about the Economy:;In the short-term, we can expect continued efforts by government agencies to promote economic growth, innovation, and competitiveness, with a focus on inclusivity and sustainability.",search,2015-08-24,2015-08-30,1,31
September 2015,124915.1,191544.6,-66629.5,2015-09-01,2015-09-01,2015-09-30,"The U.S. international trade deficit decreased by $7.2 billion to $40.8 billion in September 2015, compared to August 2015. Exports increased by $3.0 billion to $187.9 billion, while imports decreased by $4.2 billion to $228.7 billion.","In the long-term, the trade deficit is expected to remain a significant challenge for the U.S. economy. The ongoing trends of decreasing imports and steady exports may not be enough to offset the structural imbalances in the trade account. Here is the filtered information useful for making predictions about the Monthly international trade balance of the U.S.:;In the short-term, the trade deficit is likely to continue to narrow, driven by a decrease in imports and a steady increase in exports. This could lead to a slight improvement in the overall trade balance.",report,2015-09-01,2015-09-30,0,31
October 2015,130301.6,195248.9,-64947.3,2015-10-01,2015-10-01,2015-10-31,"Objective facts about the Monthly international trade balance of U.S. situation: The U.S. goods and services deficit was $43.9 billion in October, up $1.4 billion from $42.5 billion in September. Exports were $184.1 billion, $2.7 billion less than September exports. Imports were $228.0 billion, $1.3 billion less than September imports. The average goods and services deficit increased $0.5 billion to $45.1 billion for the three months ending in October.","Long-term predictions (next 4-18 months): In the long term, the trade deficit may narrow as the U.S. economy continues to grow and domestic demand increases. However, the deficit with China is likely to remain a significant challenge, and will require a concerted effort by U.S. businesses and policymakers to address. Here is the analysis of the Monthly international trade balance of U.S. situation based on the provided report:;Short-term predictions (next 1-3 months): The trade deficit is likely to continue to widen in the short term, driven by a strong dollar and weak global demand. Exports may continue to decline, particularly in industries such as industrial supplies and materials, and capital goods.",report,2015-10-01,2015-10-31,0,31
November 2015,120541.1,182176.2,-61635.0,2015-11-01,2015-11-01,2015-11-30,"Objective facts about the Monthly international trade balance of U.S. situation** * The U.S. goods and services deficit was $42.4 billion in November 2015, down $2.2 billion from October 2015. * Exports were $182.2 billion, $1.6 billion less than October exports. * Imports were $224.6 billion, $3.8 billion less than October imports. * The average goods and services deficit decreased $2.1 billion to $43.1 billion for the three months ending in November. **","Long-term predictions (next 4-18 months)** * The trade deficit is likely to continue to fluctuate, driven by changes in global demand, the strength of the U.S. dollar, and consumer spending. * The U.S. economy is likely to continue to grow, but at a moderate pace, which could lead to an increase in imports and a widening of the trade deficit. Here is the analysis of the Monthly international trade balance of the U.S. based on the provided report:;Short-term predictions (next 1-3 months)** * The trade deficit is likely to continue to decrease in the short term, driven by a decrease in imports. * Exports may remain relatively stable, but could be affected by global demand and the strength of the U.S. dollar. **",report,2015-11-01,2015-11-30,0,31
December 2015,120111.7,179765.3,-59653.7,2015-12-01,2015-12-01,2015-12-31,"Objective Facts** * The goods and services deficit was $43.4 billion in December 2015, up $1.1 billion from November 2015. * Exports were $181.5 billion, $0.5 billion less than November exports. * Imports were $224.9 billion, up $0.6 billion from November. * The goods deficit increased $1.3 billion to $62.5 billion, and the services surplus increased $0.1 billion to $19.2 billion. **","Long-term Predictions** * The trade deficit may eventually decrease as the dollar weakens and U.S. exports become more competitive. * The U.S. economy may experience a slowdown, which could lead to a decrease in imports and a reduction in the trade deficit. * The impact of the trade deficit on the U.S. economy will depend on the ability of the U.S. to increase exports and reduce its reliance on imports. Here are the filtered results and analysis of the Monthly international trade balance of the U.S.:;Short-term Predictions** * The trade deficit is likely to continue to increase in the short term, driven by a strong dollar and a growing U.S. economy. * Exports may continue to decline, particularly in industries such as automotive and industrial supplies. * Imports are likely to continue to increase, driven by consumer spending and a decrease in oil prices. **",report,2015-12-01,2015-12-31,0,31
January 2016,107960.3,165816.2,-57855.9,2016-01-01,2016-01-01,2016-01-31,"The US GDP increased 3.4% in 2015 to a level of $17,937.8 billion.","In the long term, the US economy may face challenges from rising debt levels and potential economic burdens from factors such as mycotoxins in the corn industry. Here is the filtered and summarized information about the Economy:;In the short term, the US economy is likely to continue growing at a moderate pace, with potential fluctuations due to external shocks.",search,2016-01-25,2016-01-31,0,31
February 2016,113460.4,168042.1,-54581.7,2016-02-01,2016-02-01,2016-02-29,"The goods and services deficit was $47.1 billion in February, up $1.2 billion from $45.9 billion in January.","In the long term, the trade deficit may continue to widen if the U.S. economy continues to grow faster than its trading partners, leading to increased imports and a larger trade deficit.;Based on the current trend, it is likely that the goods and services deficit will continue to increase in the short term, potentially reaching $50 billion or more in the next 1-3 months.",report,2016-02-01,2016-02-29,0,31
March 2016,125527.1,178405.4,-52878.3,2016-03-01,2016-03-01,2016-03-31,"Objective facts about the Monthly international trade balance of U.S. situation** * The goods and services deficit was $40.4 billion in March, down $6.5 billion from February. * Exports were $176.6 billion, $1.5 billion less than February exports. * Imports were $217.1 billion, $8.1 billion less than February imports. * The average goods and services deficit decreased $1.4 billion to $44.4 billion for the three months ending in March. **","Long-term predictions (next 4-18 months)** * The trade balance may continue to improve in the long term, driven by a strengthening of the US economy and a recovery in global demand. * The services surplus is likely to continue to increase, driven by a growing demand for US services abroad. Based on the provided excerpt from the U.S. Census Bureau's report on U.S. International Trade in Goods and Services, I have filtered the results to find information useful for making predictions about the Monthly international trade balance of the U.S. Here are the summarized results:;Short-term predictions (next 1-3 months)** * The trade balance is likely to continue to improve in the short term, driven by a decrease in imports and an increase in services surplus. * Exports may remain stable or slightly increase, driven by a recovery in global demand. **",report,2016-03-01,2016-03-31,0,31
April 2016,118712.7,173964.0,-55251.4,2016-04-01,2016-04-01,2016-04-30,"The U.S. international trade deficit was $37.4 billion in April 2016, up $1.9 billion from $35.5 billion in March, revised.","In the long-term, the trade deficit could lead to a decline in the value of the dollar, making exports more competitive and potentially narrowing the trade gap. However, this would require significant changes in trade policies and practices. Here are the filtered results and my analysis: **;In the short-term, the trade deficit is likely to continue to increase, driven by strong consumer demand and a strong dollar making imports cheaper. This could lead to a decline in GDP growth and a decrease in employment rates.",report,2016-04-01,2016-04-30,0,31
May 2016,119616.3,183394.3,-63778.0,2016-05-01,2016-05-01,2016-05-31,"The U.S. goods and services deficit was $41.1 billion in May, up $3.8 billion from $37.4 billion in April. Exports decreased $0.3 billion to $182.4 billion, while imports increased $3.4 billion to $223.5 billion.","In the long-term, the trade deficit may narrow as the U.S. economy continues to grow, and exports potentially increase due to a more competitive dollar or improved global trade agreements. However, this depends on various factors, including the outcome of trade negotiations and the trajectory of the global economy. Here is the analysis of the Monthly International Trade in Goods and Services report:;In the short-term, the trade deficit may continue to widen due to ongoing global economic uncertainty and a strong dollar. Exports may remain sluggish, while imports may continue to increase, driven by domestic demand.",report,2016-05-01,2016-05-31,0,31
June 2016,125098.5,188539.3,-63440.8,2016-06-01,2016-06-01,2016-06-30,"The goods and services deficit was $44.5 billion in June, up $3.6 billion from May, revised.","In the long term (next 4-18 months), the trade deficit may begin to narrow as the U.S. economy slows down and the dollar weakens, making exports more competitive.;In the short term (next 1-3 months), the trade deficit is likely to continue to widen, driven by the ongoing strength of the U.S. dollar and the continued growth of the U.S. economy.",report,2016-06-01,2016-06-30,0,31
July 2016,115805.0,181779.4,-65974.4,2016-07-01,2016-07-01,2016-07-31,"The EU27 accounts for around 14% of the world's trade in goods, and the EU, China, and the United States are the three largest global traders.","In the long term, the growth of hydropower in the United States could lead to increased economic benefits and a shift towards more sustainable energy sources.;In the short term, we can expect continued growth in Chinese tourism spending in the United States, potentially leading to increased economic activity in the tourism sector.",search,2016-07-25,2016-07-31,0,31
August 2016,122657.9,193986.7,-71328.8,2016-08-01,2016-08-01,2016-08-31,"Objective facts about the Monthly international trade balance of U.S. situation: The U.S. Census Bureau and the U.S. Bureau of Economic Analysis announced that the goods and services deficit was $40.7 billion in August, up $1.2 billion from $39.5 billion in July. Exports were $187.9 billion, $1.5 billion more than July exports, while imports were $228.6 billion, $2.6 billion more than July imports.","Long-term predictions (next 4-18 months): In the long term, the trade deficit is expected to continue to be influenced by the global economic environment and trade policies. If the dollar remains strong, imports are likely to continue to rise, widening the trade deficit. However, if the economy slows down or trade policies change, the deficit may narrow. Additionally, the impact of the updated statistics on trade in services, which will be released in October, may also influence the trade deficit in the long term. Here are my findings and predictions based on the provided report:;Short-term predictions (next 1-3 months): Based on the current trend, it is likely that the trade deficit will continue to widen in the short term, driven by a strong domestic demand and a stable dollar. However, the pace of the deficit's growth may slow down as the holiday season approaches, which could lead to a slight decrease in imports.",report,2016-08-01,2016-08-31,0,31
September 2016,124482.7,185985.6,-61502.9,2016-09-01,2016-09-01,2016-09-30,"Objective facts about the Monthly international trade balance of U.S. situation: The U.S. international trade deficit decreased by $4.0 billion to $36.4 billion in September 2016, with exports increasing by $1.0 billion to $189.2 billion and imports decreasing by $3.0 billion to $225.6 billion. The goods deficit decreased by $2.6 billion to $57.5 billion, while the services surplus increased by $1.4 billion to $21.1 billion.","Long-term predictions (next 4-18 months): In the long term, the trade balance is expected to remain a major concern for the U.S. economy. The country's reliance on imported goods, particularly from China, may continue to contribute to the trade deficit. However, the U.S. government's efforts to promote exports and encourage domestic production may help to reduce the trade deficit. Additionally, the strengthening of the U.S. dollar may make imports more expensive, leading to a decrease in imports and a subsequent decrease in the trade deficit. Here is the analysis of the Monthly report of U.S. International Trade in Goods and Services from 2016-09-01 to 2016-09-30 published by U.S. Census Bureau:;Short-term predictions (next 1-3 months): Based on the current trend, it is likely that the trade deficit will continue to decrease in the short term. Exports are expected to remain strong, driven by the demand for U.S. goods and services from countries such as China and the European Union. However, imports may continue to decline due to the slowdown in domestic demand.",report,2016-09-01,2016-09-30,0,31
October 2016,128525.3,191999.7,-63474.4,2016-10-01,2016-10-01,2016-10-31,"Objective facts about the Monthly international trade balance of U.S. situation: The U.S. international trade deficit increased by $6.4 billion to $42.6 billion in October 2016. Exports decreased by $3.4 billion to $186.4 billion, while imports increased by $3.0 billion to $229.0 billion. The goods deficit increased by $6.3 billion to $63.4 billion, while the services surplus decreased by $0.1 billion to $20.8 billion.","Long-term predictions (next 4-18 months): In the long term, the trade balance situation may improve as the U.S. economy continues to grow and domestic production increases. However, the impact of global economic trends and trade policies on the U.S. trade balance cannot be ruled out. The U.S. may need to implement policies to boost exports and reduce its reliance on imports to improve its trade balance. Here is the filtered information useful for making predictions about the Monthly international trade balance of the U.S.:;Short-term predictions (next 1-3 months): Based on the current trend, it is likely that the trade deficit will continue to widen in the short term, as imports continue to outpace exports. The deficit with China is also likely to remain significant, given the country's large trade surplus with the U.S.",report,2016-10-01,2016-10-31,0,31
November 2016,122999.2,191156.7,-68157.4,2016-11-01,2016-11-01,2016-11-30,"Objective facts about the Monthly international trade balance of U.S. situation** * The U.S. goods and services deficit was $45.2 billion in November 2016, up $2.9 billion from $42.4 billion in October, revised. * Exports of goods decreased $0.7 billion to $122.4 billion in November, while exports of services increased $0.3 billion to $63.5 billion. * Imports of goods increased $2.7 billion to $189.0 billion in November, while imports of services decreased $0.3 billion to $42.1 billion. **","Long-term predictions (next 4-18 months)** * The trade deficit may narrow in the long term as the U.S. economy continues to grow and the global economy recovers. * The dollar's strength may continue to weigh on exports, but a potential decline in the dollar's value could help boost exports and narrow the trade deficit. Here is the filtered information useful for making predictions about the Monthly international trade balance of the U.S.:;Short-term predictions (next 1-3 months)** * The trade deficit is likely to remain wide in the short term, driven by continued strong domestic demand and a slowing global economy. * Exports may continue to struggle, particularly in the capital goods sector, due to global economic uncertainty. **",report,2016-11-01,2016-11-30,0,31
December 2016,126614.4,183716.5,-57102.1,2016-12-01,2016-12-01,2016-12-31,"The Monthly international trade balance of the U.S. was $44.3 billion in December 2016, a decrease of $1.5 billion from November 2016.","In the long-term, the trade balance may be affected by various factors such as changes in global trade policies, shifts in global demand, and the impact of technological advancements on trade. The U.S. may need to implement policies to improve its trade balance, such as increasing exports, reducing imports, and promoting domestic production. Here is the filtered information useful for making predictions about the Monthly international trade balance of the U.S.:;In the short-term, the trade balance may continue to fluctuate, but it is likely to remain in a deficit. The slight improvement in December 2016 may not be sustainable, and the trade balance may return to its previous levels.",report,2016-12-01,2016-12-31,0,31
January 2017,117528.0,185653.7,-68125.7,2017-01-01,2017-01-01,2017-01-31,"Objective facts about the Monthly international trade balance of U.S. situation: The U.S. goods and services deficit was $48.5 billion in January 2017, up $4.2 billion from December 2016. Exports were $192.1 billion, $1.1 billion more than December exports. Imports were $240.6 billion, $5.3 billion more than December imports. The average goods and services deficit increased $2.0 billion to $46.1 billion for the three months ending in January.","Long-term predictions: In the long term, the trade deficit could lead to a decrease in the U.S. trade-weighted value of the dollar, making exports more competitive. However, this could also lead to higher interest rates and a decrease in consumer spending. The trade deficit could also lead to a shift in the composition of U.S. trade, with a greater emphasis on services and high-tech goods. Here is the analysis of the report:;Short-term predictions: In the short term, the trade deficit is likely to continue to widen, driven by strong consumer demand and a strong dollar. This could lead to a decrease in GDP growth and an increase in inflation.",report,2017-01-01,2017-01-31,0,31
February 2017,119234.2,169238.1,-50004.0,2017-02-01,2017-02-01,2017-02-28,"The U.S. goods and services deficit was $43.6 billion in February, down $4.6 billion from $48.2 billion in January.","In the long term (next 4-18 months), we can expect the trade deficit to continue to fluctuate, driven by changes in global economic conditions and trade policies.;In the short term (next 1-3 months), we can expect the trade deficit to continue to narrow, driven by a decrease in imports and an increase in exports.",report,2017-02-01,2017-02-28,0,31
March 2017,135977.0,194066.1,-58089.1,2017-03-01,2017-03-01,2017-03-31,"The U.S. goods and services deficit decreased by $0.1 billion to $43.7 billion in March, with exports decreasing by $1.7 billion to $191.0 billion and imports decreasing by $1.7 billion to $234.7 billion.","In the long term, the trade deficit is likely to remain a significant issue unless there are significant changes in trade policies or global economic conditions. The year-to-date increase in the deficit suggests that the U.S. trade balance is still heavily influenced by external factors, and it may take time and effort to address the underlying issues. Here is the filtered information useful for making predictions about the Monthly international trade balance of the U.S.:;Based on the current trend, it is likely that the trade deficit will continue to be a concern in the short term, but the slight improvement in March may indicate a possible stabilization or slight decrease in the deficit over the next 1-3 months.",report,2017-03-01,2017-03-31,0,31
April 2017,123925.3,185868.2,-61942.9,2017-04-01,2017-04-01,2017-04-30,The ocean and Great Lakes economy employed more than 3 million people in the United States.,"In the long-term, the US economy may shift towards more inclusive growth policies, driven by research and strategy circles, which could lead to more equitable economic outcomes. Here is the summarized information:;In the short-term, the US economy is likely to continue growing, driven by sectors like the ocean and Great Lakes economy, but may also face challenges from the shadow economy.",search,2017-04-24,2017-04-30,0,31
May 2017,127881.1,200330.9,-72449.8,2017-05-01,2017-05-01,2017-05-31,"The goods and services deficit was $46.5 billion in May, down $1.1 billion from April. Exports were $192.0 billion, $0.9 billion more than April exports. Imports were $238.5 billion, $0.2 billion less than April imports.","In the long term (next 4-18 months), I predict that the trade balance will continue to improve, driven by a sustained decrease in the goods deficit and an increase in the services surplus. This is based on the assumption that the US economy will continue to strengthen, leading to increased exports and a narrowing of the trade deficit. Here is the filtered information useful for predicting the Monthly international trade balance of the U.S.:;In the short term (next 1-3 months), I predict that the trade balance will continue to improve, driven by a further decrease in the goods deficit and an increase in the services surplus. This is based on the current trend of a strengthening US economy and increased exports.",report,2017-05-01,2017-05-31,0,31
June 2017,132711.2,198174.4,-65463.2,2017-06-01,2017-06-01,2017-06-30,"The U.S. international trade deficit decreased by $2.7 billion to $43.6 billion in June 2017, with exports increasing by $2.4 billion to $194.4 billion and imports decreasing by $0.4 billion to $238.0 billion. The average goods and services deficit decreased $0.5 billion to $45.9 billion for the three months ending in June.","In the long term, the trade balance could continue to fluctuate based on various factors such as changes in global trade agreements, economic growth, and exchange rates. However, if the current trend continues, it is possible that the U.S. could move towards a more balanced trade situation. Here are the filtered results and my analysis:;Based on the current trend, it is likely that the trade deficit will continue to decrease in the short term, potentially leading to a more balanced trade situation.",report,2017-06-01,2017-06-30,0,31
July 2017,122201.7,191754.5,-69552.8,2017-07-01,2017-07-01,2017-07-31,"Objective facts about the Monthly international trade balance of U.S. situation: The U.S. international trade deficit increased by $0.1 billion to $43.7 billion in July 2017. Exports decreased by $0.6 billion to $194.4 billion, while imports decreased by $0.4 billion to $238.1 billion. The deficit in goods increased by less than $0.1 billion to $65.3 billion, while the surplus in services decreased by $0.2 billion to $21.6 billion.","Long-term predictions (next 4-18 months): In the long term, the trade deficit may continue to be driven by the ongoing trends in global trade and domestic production. The U.S. economy's reliance on imports may continue, and the decrease in exports of goods may persist. However, the services surplus may recover as the global economy continues to grow and demand for U.S. services increases. Based on the provided excerpt from the Monthly report of U.S. International Trade in Goods and Services, here are the filtered results and my analysis: **;Short-term predictions (next 1-3 months): Based on the current trends, it is likely that the trade deficit will continue to widen in the short term, driven by a continued decrease in exports of goods and a potential increase in imports of goods and services. The services surplus may also continue to decrease as travel and other business services decline.",report,2017-07-01,2017-07-31,0,31
August 2017,129236.6,201557.2,-72320.7,2017-08-01,2017-08-01,2017-08-31,"The U.S. international trade deficit decreased by $1.2 billion to $42.4 billion in August 2017. Exports increased by $0.8 billion to $195.3 billion, while imports decreased by $0.4 billion to $237.7 billion.","In the long term (next 4-18 months), the trade deficit may continue to decrease if the U.S. economy continues to grow and exports continue to increase. However, it is also possible that the deficit may increase if imports grow faster than exports. Here is the filtered information useful for making predictions about the Monthly international trade balance of the U.S.:;Based on the current trend, it is likely that the trade deficit will continue to decrease in the short term (next 1-3 months), driven by increased exports and stable imports.",report,2017-08-01,2017-08-31,0,31
September 2017,130342.9,194517.3,-64174.4,2017-09-01,2017-09-01,2017-09-30,"The U.S. international trade deficit increased by $0.7 billion to $43.5 billion in September 2017. Exports increased by $2.1 billion to $196.8 billion, while imports increased by $2.8 billion to $240.3 billion.","In the long term, the trade deficit could have significant implications for the U.S. economy, including a decrease in domestic production and employment. To address this, the U.S. may need to implement policies to increase exports and reduce imports, such as negotiating new trade agreements or implementing tariffs on imported goods. Based on the provided excerpt from the U.S. International Trade in Goods and Services report, here are the filtered results and analysis: **Objective Facts about the Monthly International Trade Balance of U.S. Situation:**;In the short term, the trade deficit is likely to continue to widen due to the ongoing trends in imports and exports. This could lead to a decrease in the value of the U.S. dollar and potentially impact economic growth.",report,2017-09-01,2017-09-30,0,31
October 2017,136312.5,210605.9,-74293.4,2017-10-01,2017-10-01,2017-10-31,"Objective facts about the Monthly international trade balance of U.S. situation: The U.S. goods and services deficit was $48.7 billion in October, up $3.8 billion from $44.9 billion in September. Exports were $195.9 billion, down less than $0.1 billion from September, and imports were $244.6 billion, $3.8 billion more than September. Year-to-date, the goods and services deficit increased $49.1 billion, or 11.9 percent, from the same period in 2016.","Long-term predictions: In the long term, the trade deficit is likely to continue to be a concern for the US economy. The ongoing shift in global trade patterns, particularly with respect to China and other emerging markets, may lead to a persistent trade deficit. Additionally, the impact of protectionist trade policies and the potential for retaliatory measures from other countries may further exacerbate the trade deficit. Here is the analysis of the Monthly International Trade in Goods and Services report:;Short-term predictions: In the short term, the trade deficit is likely to remain high due to the ongoing strength of the US economy and the subsequent increase in demand for imports. However, the deficit may stabilize or even decrease slightly if exports begin to recover from their recent decline.",report,2017-10-01,2017-10-31,0,31
November 2017,135681.5,207578.7,-71897.1,2017-11-01,2017-11-01,2017-11-30,"The U.S. goods and services deficit was $50.5 billion in November 2017, up $1.6 billion from October. Exports were $200.2 billion, $4.4 billion more than October, and imports were $250.7 billion, $6.0 billion more than October.","In the long term (next 4-18 months), the trade deficit may continue to be a concern, potentially leading to a depreciation of the U.S. dollar and affecting the country's economic growth. Here is the filtered information and analysis on the Monthly international trade balance of the U.S.:;In the short term (next 1-3 months), we can expect the trade deficit to continue to widen, driven by strong import growth and potentially weaker export growth.",report,2017-11-01,2017-11-30,0,31
December 2017,136163.5,200246.4,-64082.9,2017-12-01,2017-12-01,2017-12-31,"The United States' GDP is 77.4% (2017 est.) and 76.5% (2016 est.), with an inflation rate of 2.1% (2017 est.) and 1.3% (2016 est.), and a central bank discount rate of 0.5% (31 Dec 2017).","In the long-term future, China is expected to overtake the US economy by 2032, with Asia's major economies continuing to dominate in terms of economic growth. Here is the summarized output:;In the short-term future, the US economy is expected to continue growing, driven by service-providing industries, with a possible impact from the growing importance of Asia's major economies.",search,2017-12-25,2017-12-31,0,31
January 2018,125038.5,203028.9,-77990.4,2018-01-01,2018-01-01,2018-01-31,"The goods and services deficit was $56.6 billion in January, up $2.7 billion from December, revised. Exports were $200.9 billion, down $2.7 billion from December, and imports were $257.5 billion, down less than $0.1 billion from December.","If the current trend continues, it may lead to a decrease in the value of the U.S. dollar and potentially impact economic growth in the long term. However, it is also possible that the trade deficit could stabilize or decrease if the U.S. is able to increase its exports and reduce its imports. Here is the filtered information useful for making predictions about the Monthly international trade balance of the U.S.:;Based on the current trend, it is likely that the trade deficit will continue to increase in the short term, potentially leading to a widening gap between exports and imports.",report,2018-01-01,2018-01-31,0,31
February 2018,128218.8,186770.2,-58551.5,2018-02-01,2018-02-01,2018-02-28,"The U.S. international trade deficit increased by $0.9 billion to $57.6 billion in February 2018, with exports increasing by $3.5 billion to $204.4 billion and imports increasing by $4.4 billion to $262.0 billion.","In the long term (next 4-18 months), the trade deficit is expected to remain a concern for the U.S. economy. The widening deficit could lead to a depreciation of the U.S. dollar, which could, in turn, affect inflation and interest rates. Additionally, the ongoing trade tensions and protectionist policies may lead to a restructuring of global trade patterns, which could have a significant impact on the U.S. trade balance. Based on the provided excerpt from the U.S. Census Bureau's report on Monthly International Trade in Goods and Services, I have filtered out the relevant information to make predictions about the Monthly international trade balance of the U.S.;In the short term (next 1-3 months), the trade deficit is likely to continue to widen due to the ongoing strength of the U.S. economy and the subsequent increase in imports. However, the impact of recent tariffs and trade policies on trade flows is still uncertain and may affect the deficit in the short term.",report,2018-02-01,2018-02-28,0,31
March 2018,149561.8,207985.5,-58423.7,2018-03-01,2018-03-01,2018-03-31,"Objective facts about the Monthly international trade balance of U.S. situation: The goods and services deficit decreased by $8.8 billion to $49.0 billion in March 2018, down 15.2% from February 2018. Exports increased by $4.2 billion to $208.5 billion, while imports decreased by $4.6 billion to $257.5 billion. The average goods and services deficit decreased $1.7 billion to $54.5 billion for the three months ending in March.","Long-term predictions (next 4-18 months): In the long term, the trade balance situation will depend on various factors, including the outcome of trade negotiations, global economic growth, and the impact of tariffs and other trade policies. If the current trends continue, the U.S. trade deficit could narrow further, but potential trade disruptions and global economic uncertainties could impact this trend. After carefully reviewing the provided excerpt of the U.S. International Trade in Goods and Services report, I have filtered out the relevant information to make predictions about the Monthly international trade balance of the U.S. Here are my findings:;Short-term predictions (next 1-3 months): Based on the current trends, it is likely that the goods and services deficit will continue to narrow in the short term, driven by continued growth in exports and a potential slowdown in imports. However, trade policies and global economic developments could impact this trend.",report,2018-03-01,2018-03-31,0,31
April 2018,138230.4,205084.4,-66854.0,2018-04-01,2018-04-01,2018-04-30,"Objective facts about the Monthly international trade balance of the U.S. situation** * The goods and services deficit was $46.2 billion in April, down $1.0 billion from $47.2 billion in March. * Exports of goods increased $0.3 billion to $141.2 billion in April. * Imports of goods decreased $0.7 billion to $209.5 billion in April. * The real goods deficit decreased $0.7 billion to $77.5 billion in April. * The average goods and services deficit decreased $2.2 billion to $49.6 billion for the three months ending in April. **","Long-term predictions (next 4-18 months)** * The trade balance is likely to continue to improve over the long term, driven by increases in exports of goods and services and decreases in imports of goods and services. * The deficit is likely to continue to decrease over the long term, and may eventually move into surplus. After analyzing the provided excerpt, I found the following information relevant to making predictions about the Monthly international trade balance of the U.S.:;Short-term predictions (next 1-3 months)** * The trade balance is likely to continue to improve in the short term, driven by increases in exports of goods and decreases in imports of goods. * The deficit is likely to continue to decrease, but it is still likely to remain in deficit. **",report,2018-04-01,2018-04-30,0,31
May 2018,145527.7,216026.5,-70498.9,2018-05-01,2018-05-01,2018-05-31,"The goods and services deficit was $43.1 billion in May, down $3.0 billion from $46.1 billion in April.","In the long term, the trade balance is likely to remain a concern, and it may take significant policy changes or shifts in global trade patterns to reduce the deficit substantially. Unfortunately, the provided excerpt does not contain specific data or information about the Monthly international trade balance of the U.S. It appears to be a descriptive report explaining the methodology, definitions, and categories used in the U.S. International Trade in Goods and Services report. Therefore, I will provide a response based on the assumption that this excerpt is part of a larger report.;Based on the current trend, it is likely that the trade deficit will continue to decrease or remain stable in the next 1-3 months.",report,2018-05-01,2018-05-31,0,31
June 2018,145498.5,211252.7,-65754.1,2018-06-01,2018-06-01,2018-06-30,"The goods and services deficit was $46.3 billion in June, up $3.2 billion from $43.2 billion in May. Exports were $213.8 billion, $1.5 billion less than May exports. Imports were $260.2 billion, $1.6 billion more than May imports.","In the long-term, the trade deficit could be influenced by factors such as changes in trade policies, shifts in global economic growth, and adjustments in the value of the U.S. dollar. Based on the provided excerpt, I will filter the information to make predictions about the Monthly international trade balance of the U.S. **;In the short-term, the trade deficit is likely to continue to grow, driven by strong domestic demand and a strong U.S. dollar, which makes imports cheaper.",report,2018-06-01,2018-06-30,0,31
July 2018,133808.2,216854.2,-83046.0,2018-07-01,2018-07-01,2018-07-31,"The goods and services deficit increased by $4.3 billion to $50.1 billion in July, with exports decreasing by $2.1 billion to $211.1 billion and imports increasing by $2.2 billion to $261.2 billion.","In the long term (next 4-18 months), I predict that the trade deficit will stabilize or decrease as the effects of the tariffs and trade agreements are absorbed, and the U.S. economy adjusts to the new trade landscape. Additionally, the U.S. may see an increase in exports as other countries retaliate against U.S. tariffs, leading to a more balanced trade situation. Here is the filtered information useful for making predictions about the Monthly international trade balance of the U.S.:;In the short term (next 1-3 months), I predict that the trade deficit will continue to widen due to the ongoing trade tensions and tariffs imposed on various countries, leading to higher imports and lower exports.",report,2018-07-01,2018-07-31,0,31
August 2018,140217.8,221897.0,-81679.2,2018-08-01,2018-08-01,2018-08-31,"The goods and services deficit was $53.2 billion in August, up $3.2 billion from $50.0 billion in July, revised. Exports were $209.4 billion, $1.7 billion less than July exports. Imports were $262.7 billion, $1.5 billion more than July imports.","In the long-term, the trade deficit could lead to a decrease in the value of the dollar, making exports more competitive. However, this would require a shift in domestic consumption patterns and an increase in export-oriented industries. Unfortunately, the provided excerpt does not contain the actual data for the U.S. International Trade in Goods and Services, but rather provides information on the methodology, definitions, and formats used in the report. Therefore, I cannot extract any specific data or insights related to the monthly international trade balance of the U.S. However, I can provide some general information on what to expect from the report and how to analyze it.;In the short-term, the trade deficit is likely to continue to widen, driven by strong domestic consumption and a strong dollar. This could lead to a decrease in GDP growth and potentially impact the overall economy.",report,2018-08-01,2018-08-31,0,31
September 2018,139388.9,211317.5,-71928.6,2018-09-01,2018-09-01,2018-09-30,The average of real GDP and real GDI increased 2.9 percent in the second quarter of 2018.,"In the long-term, the U.S. economy may experience continued growth, driven by investments in industries such as renewable energy and sustainable agriculture, as well as a shift towards more environmentally-friendly policies. Here is the summarized information:;In the short-term, the U.S. economy is likely to continue growing, with a focus on sustainable development and conservation practices.",search,2018-09-24,2018-09-30,0,31
October 2018,147081.9,235857.7,-88775.8,2018-10-01,2018-10-01,2018-10-31,"The U.S. international trade deficit in goods and services was $55.5 billion in October, up $0.9 billion from September. Exports were $211.0 billion, down $0.3 billion from September, while imports were $266.5 billion, up $0.6 billion from September.","In the long term, the trade deficit is likely to remain a concern, driven by structural factors such as the strong dollar and the trade imbalance with major trading partners. However, the impact of trade policies and agreements, such as the USMCA, may help to reduce the deficit over time. Here is the filtered information and analysis:;In the short term, the trade deficit is likely to continue to widen, driven by strong domestic demand and a strong dollar. The ongoing trade tensions with China and other countries may also impact trade flows.",report,2018-10-01,2018-10-31,0,31
November 2018,139278.2,213493.0,-74214.8,2018-11-01,2018-11-01,2018-11-30,"The goods and services deficit was $49.3 billion in November, down $6.4 billion from $55.7 billion in October.","In the long-term, the trade deficit is likely to remain a challenge for the US economy, particularly if the trade tensions continue to escalate. However, if a trade deal is reached with China and other trading partners, it could help to reduce the trade deficit and improve the overall trade balance. Based on the provided excerpt from the U.S. International Trade in Goods and Services report, here is the filtered information relevant to making predictions about the Monthly international trade balance of the U.S.:;In the short-term, the trade deficit is likely to continue to narrow as the impact of tariffs and trade tensions continues to be felt. However, the trade deficit is still likely to remain high due to the strong US economy and the ongoing trade tensions.",report,2018-11-01,2018-11-30,0,31
December 2018,133936.1,206577.7,-72641.6,2018-12-01,2018-12-01,2018-12-31,"The goods and services deficit was $59.8 billion in December, up $9.5 billion from $50.3 billion in November.","In the long-term, the trade deficit may narrow as the US economy slows down and the impact of tariffs on trade flows becomes more evident. The US may also see a shift in trade patterns as companies adjust to the new tariffs and trade agreements. After analyzing the provided excerpt of the MONTHLY report of U.S. International Trade in Goods and Services from 2018-12-01 to 2018-12-31 published by U.S. Census Bureau, I have extracted the following information relevant to making predictions about the Monthly international trade balance of the U.S.:;In the short-term, the trade deficit is likely to continue to widen due to the ongoing trade tensions and the strong US dollar. Exports may remain sluggish, while imports may continue to increase.",report,2018-12-01,2018-12-31,0,31
January 2019,129868.7,203980.7,-74112.0,2019-01-01,2019-01-01,2019-01-31,"Objective facts about the Monthly international trade balance of U.S. situation** * The goods and services deficit was $51.1 billion in January, down $8.8 billion from $59.9 billion in December. * Exports were $207.3 billion, $1.9 billion more than December exports. * Imports were $258.5 billion, $6.8 billion less than December imports. * The January decrease in the goods and services deficit reflected a decrease in the goods deficit of $8.2 billion to $73.3 billion and an increase in the services surplus of $0.5 billion to $22.1 billion. **","Long-term predictions (next 4-18 months)** * The trade balance is expected to continue to improve in the long term, driven by a strengthening U.S. economy and a potential increase in exports. However, this is subject to uncertainty and potential disruptions to global trade. Unfortunately, the provided excerpt does not contain specific data on the Monthly international trade balance of the U.S. Therefore, I will not be able to provide information on the current situation, short-term predictions, and long-term predictions. However, I can provide some general information on the report and the types of data that are typically included in it.;Short-term predictions (next 1-3 months)** * The trade balance is likely to continue to narrow in the short term, driven by strong exports and stable imports. **",report,2019-01-01,2019-01-31,0,31
February 2019,130075.1,185267.5,-55192.5,2019-02-01,2019-02-01,2019-02-28,"The goods and services deficit was $49.4 billion in February, down $1.8 billion from January. Exports were $209.7 billion, $2.3 billion more than January exports. Imports were $259.1 billion, $0.6 billion more than January imports.","In the long-term (next 4-18 months), I predict that the trade deficit will continue to trend downward, driven by a combination of factors such as increased domestic production, a stronger dollar, and potential changes to trade policies. However, this could be influenced by various factors such as global economic trends, trade agreements, and geopolitical events. Here is the filtered information useful for making predictions about the Monthly international trade balance of the U.S.:;In the short-term (next 1-3 months), I predict that the trade deficit will continue to narrow, driven by increased exports and a stronger dollar. This could be influenced by ongoing trade negotiations and a potential resolution to the US-China trade war.",report,2019-02-01,2019-02-28,0,31
March 2019,148549.4,207511.0,-58961.7,2019-03-01,2019-03-01,2019-03-31,"The United States' economy is experiencing a growth slowdown, with the euro area economy losing more momentum than expected.","In the long-term, the economy may benefit from addressing the child care crisis and gender wage inequality, which could lead to increased labor market participation and economic growth. Note: NA indicates that no useful information was found for that part.Here is the summarized information:;In the short-term, the economy may experience continued slow growth, with potential impacts on consumer and business confidence.",search,2019-03-25,2019-03-31,0,31
April 2019,135077.4,208742.1,-73664.8,2019-04-01,2019-04-01,2019-04-30,"The goods and services deficit was $50.8 billion in April, down $1.1 billion from $51.9 billion in March. Exports were $206.8 billion, $4.6 billion less than March exports, while imports were $257.6 billion, $5.7 billion less than March imports.","In the long term, the trade deficit is likely to remain a challenge for the U.S. economy. To address this, the U.S. may need to focus on increasing its competitiveness in goods trade, investing in industries such as manufacturing and technology, and negotiating trade agreements that benefit U.S. exporters. Here is the filtered information useful for making predictions about the Monthly international trade balance of the U.S.:;In the short term, we can expect the trade deficit to continue to fluctuate, but remain significant. The ongoing trade tensions and tariffs may impact trade flows, leading to further decreases in exports and imports.",report,2019-04-01,2019-04-30,0,31
May 2019,142531.2,220207.6,-77676.4,2019-05-01,2019-05-01,2019-05-31,"Objective facts about the Monthly international trade balance of U.S. situation** * The goods and services deficit was $55.5 billion in May, up $4.3 billion from $51.2 billion in April. * Exports were $210.6 billion, $4.2 billion more than April exports. * Imports were $266.2 billion, $8.5 billion more than April imports. * The May increase in the goods and services deficit reflected an increase in the goods deficit of $4.4 billion to $76.1 billion and an increase in the services surplus of $0.1 billion to $20.6 billion. **","Long-term predictions (next 4-18 months)** * The trade deficit is likely to remain a key concern for the U.S. economy, particularly if the dollar remains strong and domestic demand remains robust. * The ongoing trade tensions and tariffs imposed by the U.S. on its trading partners may lead to a shift in global trade patterns, potentially affecting U.S. exports and imports. After carefully reviewing the provided excerpt from the U.S. Census Bureau's monthly report on international trade in goods and services, I have filtered out the relevant information to make predictions about the monthly international trade balance of the U.S. Here are the summarized results:;Short-term predictions (next 1-3 months)** * The trade deficit is likely to continue to widen in the short term, driven by strong domestic demand and a strong dollar. * Exports may remain stable or slightly increase, but imports are likely to continue to rise, driven by consumer demand and inventory restocking. **",report,2019-05-01,2019-05-31,0,31
June 2019,138284.0,206531.6,-68247.5,2019-06-01,2019-06-01,2019-06-30,"The U.S. economy is in the longest expansion in recorded history, with unemployment at levels not seen since the late 1960s and real wages rising.","In the long term, the rise of China as a major economic power may lead to a shift in the global economic landscape, potentially challenging the US's position as a dominant economic power. Here is the summarized information:;In the short term, the US economy is likely to continue its expansion, but trade tensions and sanctions may lead to increased volatility in financial markets and uncertainty for businesses and consumers.",search,2019-06-24,2019-06-30,0,31
July 2019,133436.0,218311.1,-84875.2,2019-07-01,2019-07-01,2019-07-31,"The goods and services deficit was $54.0 billion in July, down $1.5 billion from $55.5 billion in June. Exports were $207.4 billion, $1.2 billion more than June exports, while imports were $261.4 billion, $0.4 billion less than June imports.","In the long term (next 4-18 months), I predict that the trade deficit will stabilize or slightly decrease, driven by a combination of factors such as changes in global trade policies, shifts in consumer behavior, and potential changes in the strength of the US dollar. After carefully reviewing the provided excerpt from the U.S. International Trade in Goods and Services report, I have filtered out the relevant information to make predictions about the Monthly international trade balance of the U.S. **;In the short term (next 1-3 months), I predict that the trade deficit will continue to decrease, driven by a decrease in imports and a slight increase in exports. This is based on the assumption that the tariffs imposed on certain goods will continue to impact imports.",report,2019-07-01,2019-07-31,0,31
August 2019,138665.4,215245.8,-76580.5,2019-08-01,2019-08-01,2019-08-31,"The goods and services deficit was $54.9 billion in August, up $0.9 billion from $54.0 billion in July.","In the long term, the trade balance may improve if the U.S. economy continues to grow, and exports increase at a faster rate than imports. However, this is dependent on various factors, including global trade policies and economic trends. After carefully reading the provided excerpt from the U.S. International Trade in Goods and Services report, I have filtered out the information relevant to making predictions about the Monthly international trade balance of the U.S. Here are the results:;In the short term, the trade balance may continue to remain in deficit, with exports potentially decreasing further due to global economic uncertainty.",report,2019-08-01,2019-08-31,0,31
September 2019,134381.9,206148.9,-71767.0,2019-09-01,2019-09-01,2019-09-30,"The goods and services deficit was $52.5 billion in September, down $2.6 billion from $55.0 billion in August. The September decrease in the goods and services deficit reflected a decrease in the goods deficit of $2.7 billion to $71.7 billion and a decrease in the services surplus of $0.1 billion to $19.3 billion.","In the long term, the U.S. trade balance is likely to continue to be influenced by various factors such as global economic trends, trade policies, and currency fluctuations. It is possible that the U.S. trade deficit will continue to grow, but it is also possible that the country will make progress in reducing the deficit through increased exports and domestic production. Here is the filtered information useful for making predictions about the Monthly international trade balance of the U.S.:;Based on the recent trends, it is likely that the trade balance will continue to be a challenge for the U.S. in the short term, with a potential for further decreases in exports and increases in imports. However, the September data provides some optimism for a potential improvement in the trade balance in the coming months.",report,2019-09-01,2019-09-30,0,31
October 2019,142478.6,218901.1,-76422.5,2019-10-01,2019-10-01,2019-10-31,"Objective facts about the Monthly international trade balance of U.S. situation: The goods and services deficit was $47.2 billion in October, down $3.9 billion from $51.1 billion in September. Exports were $207.1 billion, $0.4 billion less than September exports. Imports were $254.3 billion, $4.3 billion less than September imports.","Long-term predictions: In the long term, the trade balance is likely to be influenced by various factors such as the outcome of trade negotiations, changes in global economic conditions, and shifts in consumer behavior. It is difficult to predict a specific direction for the trade balance, but it is likely that the U.S. will continue to run a trade deficit in the near future. Here is the filtered information useful for making predictions about the Monthly international trade balance of the U.S.:;Short-term predictions: Based on the current trend, it is likely that the trade deficit will continue to narrow in the short term. However, the impact of ongoing trade tensions and the upcoming holiday season on trade balances remains to be seen.",report,2019-10-01,2019-10-31,0,31
November 2019,137137.1,198974.6,-61837.5,2019-11-01,2019-11-01,2019-11-30,"Objective facts about the Monthly international trade balance of U.S. situation: The goods and services deficit was $43.1 billion in November, down $3.9 billion from $46.9 billion in October. Exports were $208.6 billion, $1.4 billion more than October exports. Imports were $251.7 billion, $2.5 billion less than October imports.","Long-term predictions (next 4-18 months): In the long term, I predict that the trade deficit will continue to fluctuate based on various factors, including global economic conditions, trade policies, and changes in demand. However, if the current trend continues, it is possible that the trade deficit will continue to narrow, leading to a more balanced trade relationship and a positive impact on the U.S. economy. Unfortunately, the provided excerpt does not contain the actual data on the U.S. international trade in goods and services. It appears to be a description of the methodology and categories used to classify and report trade data. Therefore, I cannot provide objective facts about the Monthly international trade balance of the U.S. situation, insights, analysis, or predictions based on the provided excerpt. If you can provide the actual data or a more relevant excerpt, I would be happy to assist you in analyzing the information and making predictions about the Monthly international trade balance of the U.S. Based on the provided report, here are the filtered results and analysis relevant to predicting the Monthly international trade balance of the U.S.:;Short-term predictions (next 1-3 months): Based on the current trend, I predict that the trade deficit will continue to narrow in the short term, with exports potentially increasing and imports decreasing. This could lead to a more balanced trade relationship and a positive impact on the U.S. economy.",report,2019-11-01,2019-11-30,0,31
December 2019,135455.6,201877.4,-66421.7,2019-12-01,2019-12-01,2019-12-31,"The goods and services deficit was $48.9 billion in December, up $5.2 billion from $43.7 billion in November, revised. Exports were $209.6 billion, $1.6 billion more than November exports. Imports were $258.5 billion, $6.8 billion more than November imports.","In the long term, the trade balance may improve as the US economy recovers from the pandemic and trade tensions ease. The decrease in the average goods and services deficit over the three months ending in December may be a sign of a potential turnaround. However, the trade balance will continue to be influenced by global economic trends and trade policies. After carefully reviewing the report, I have filtered out the relevant information to make predictions about the Monthly international trade balance of the U.S. Here are my findings:;In the short term, the trade balance may continue to be affected by the ongoing trade tensions and the impact of the COVID-19 pandemic on global trade. The deficit may continue to widen in the next 1-3 months as imports may remain strong due to the holiday season and inventory restocking.",report,2019-12-01,2019-12-31,0,31
January 2020,129119.5,195796.2,-66676.7,2020-01-01,2020-01-01,2020-01-31,"Objective facts about the Monthly international trade balance of U.S. The U.S. international trade deficit decreased by $8.5 billion, or 15.8%, from January 2019 to January 2020. Exports increased by $2.3 billion, or 1.1%, while imports decreased by $6.2 billion, or 2.4%. The average goods and services deficit decreased by $0.7 billion to $45.9 billion for the three months ending January 2020.","Long-term predictions (next 4-18 months) In the long term, the trade deficit may continue to fluctuate based on various factors, including global trade policies, economic growth, and changes in consumer behavior. However, if the current trend continues, it is possible that the trade deficit will continue to decrease or remain stable, indicating a more balanced trade environment. After carefully reading through the provided excerpt of the MONTHLY report of U.S. International Trade in Goods and Services from 2020-01-01 to 2020-01-31 published by the U.S. Census Bureau, I have filtered out the relevant information to make predictions about the Monthly international trade balance of the U.S. Here are the summarized results:;Short-term predictions (next 1-3 months) Based on the current trend, it is likely that the trade deficit will continue to decrease or remain stable in the short term. Exports may continue to increase, driven by a strong domestic economy and possible improvements in trade relations.",report,2020-01-01,2020-01-31,0,31
February 2020,131117.0,178108.0,-46991.0,2020-02-01,2020-02-01,2020-02-29,"The goods and services deficit was $39.9 billion in February, down $5.5 billion from $45.5 billion in January. Exports increased $1.1 billion or 0.3% to $207.5 billion, and imports decreased $18.6 billion or 3.6% to $247.5 billion.","In the long term, the trade deficit is likely to continue to fluctuate based on various factors, including global economic conditions, trade policies, and currency fluctuations. However, if the current trend continues, it could lead to a more balanced trade situation, which could have a positive impact on the economy in the long run. Here is the filtered information useful for making predictions about the Monthly international trade balance of the U.S.:;Based on the current trend, I predict that the trade deficit will continue to narrow in the short term, driven by a likely decrease in imports and a potential increase in exports. This could lead to a positive impact on the overall economy.",report,2020-02-01,2020-02-29,0,31
March 2020,133295.7,193922.8,-60627.1,2020-03-01,2020-03-01,2020-03-31,"The goods and services deficit was $44.4 billion in March, up $4.6 billion from February. Exports were $187.7 billion, $20.0 billion less than February exports. Imports were $232.2 billion, $15.4 billion less than February imports.","In the long term (next 4-18 months), the trade deficit may narrow as global trade recovers from the pandemic's impact. The U.S. economy's resilience and the government's efforts to stimulate growth may lead to an increase in exports and a decrease in imports, ultimately reducing the trade deficit. Unfortunately, the provided excerpt does not contain the actual trade data, but rather provides information on the methodology, definitions, and adjustments used in the U.S. International Trade in Goods and Services report. Therefore, I cannot provide predictions about the monthly international trade balance of the U.S. based on this excerpt. However, I can provide some general insights and information about the report:;In the short term (next 1-3 months), the trade deficit is likely to remain elevated due to ongoing supply chain disruptions and reduced global demand. Exports may continue to decline, particularly in industries heavily affected by the pandemic.",report,2020-03-01,2020-03-31,0,31
April 2020,94709.0,165611.9,-70902.9,2020-04-01,2020-04-01,2020-04-30,"The U.S. international trade deficit increased by $7.1 billion to $49.4 billion in April, with exports decreasing by $38.9 billion to $151.3 billion and imports decreasing by $31.8 billion to $200.7 billion.","In the long-term, the trade deficit may narrow as the global economy recovers from the pandemic and trade relationships are re-established. However, the pandemic may also lead to a shift in global trade patterns, which could have a lasting impact on the U.S. trade deficit. Unfortunately, the provided excerpt does not contain the actual trade data, but rather explains the methodology and definitions used in the report. Therefore, I cannot provide any objective facts about the Monthly international trade balance of U.S. situation. Here is the summary:;In the short-term, the trade deficit is likely to continue to be affected by the pandemic and its impact on global trade. Exports and imports may continue to decline, leading to a widening trade deficit.",report,2020-04-01,2020-04-30,0,31
May 2020,91026.8,163494.1,-72467.3,2020-05-01,2020-05-01,2020-05-31,The United States' real GDP decreased by 4.6% in the first quarter of 2020.,"In the long term, the US economy may recover from the current downturn, driven by its historical pattern of consistent recovery from recessions. Here is the filtered and summarized information:;In the short term, the US economy may experience continued volatility, with potential fluctuations in GDP and personal income.",search,2020-05-25,2020-05-31,0,31
June 2020,105122.4,179138.1,-74015.7,2020-06-01,2020-06-01,2020-06-30,"The goods and services deficit was $50.7 billion in June, down $4.1 billion from $54.8 billion in May.","In the long-term, the trade deficit is likely to remain a challenge for the U.S. economy, driven by structural factors such as the country's low savings rate and high consumption patterns. Here is the filtered information useful for making predictions about the Monthly international trade balance of the U.S.:;In the short-term, the trade deficit is likely to continue to narrow, driven by the ongoing recovery in global trade and the strengthening of the U.S. dollar.",report,2020-06-01,2020-06-30,0,31
July 2020,113303.5,199927.7,-86624.2,2020-07-01,2020-07-01,2020-07-31,"The goods and services deficit was $63.6 billion in July, up $10.1 billion from $53.5 billion in June.","In the long-term, the trade deficit is likely to remain a concern for the U.S. economy, particularly if the country's trade policies do not lead to a significant increase in exports. A widening trade deficit could lead to a depreciation of the U.S. dollar and higher inflation. After carefully reviewing the provided excerpt from the U.S. Census Bureau's report on U.S. International Trade in Goods and Services, I have filtered out the relevant information to make predictions about the Monthly international trade balance of the U.S. **;In the short-term, the trade deficit is likely to continue to widen, driven by the ongoing surge in imports. However, a potential slowdown in global trade growth may help to moderate the deficit in the coming months.",report,2020-07-01,2020-07-31,0,31
August 2020,118351.8,203112.0,-84760.2,2020-08-01,2020-08-01,2020-08-31,"The goods and services deficit was $67.1 billion in August, up $3.7 billion from $63.4 billion in July.","In the long-term, the trade deficit could lead to a decrease in the U.S. standard of living, as the country becomes increasingly reliant on foreign goods and services. Additionally, it could also lead to a shift in the global economic power dynamics, with other countries potentially gaining more influence. Based on the provided report, here are the filtered results and analysis for predicting the Monthly international trade balance of the U.S.:;In the short-term, the trade deficit is likely to continue to grow, potentially leading to a decrease in the value of the U.S. dollar and an increase in inflation.",report,2020-08-01,2020-08-31,0,31
September 2020,121447.9,206083.7,-84635.8,2020-09-01,2020-09-01,2020-09-30,"The goods and services deficit was $63.9 billion in September, down $3.2 billion from $67.0 billion in August. Exports were $176.4 billion, $4.4 billion more than August exports. Imports were $240.2 billion, $1.2 billion more than August imports.","In the long-term, the trade deficit is likely to continue to be a challenge for the U.S. economy. However, if the current trend of increasing exports and decreasing imports continues, we can expect the trade deficit to narrow. Additionally, if the U.S. is able to negotiate more favorable trade agreements with its partners, it could lead to an improvement in the trade balance. Based on the provided excerpt from the U.S. Census Bureau's report on U.S. International Trade in Goods and Services, here are the filtered results and analysis: **;In the short-term, we can expect the trade deficit to continue to fluctuate, but with a slight downward trend. Exports are likely to continue to increase, driven by growth in industries such as foods, feeds, and beverages, and capital goods. However, imports are also likely to continue to increase, driven by consumer demand for goods such as automotive vehicles and electronics.",report,2020-09-01,2020-09-30,0,31
October 2020,132638.5,218952.6,-86314.1,2020-10-01,2020-10-01,2020-10-31,"The goods and services deficit was $63.1 billion in October, up $1.0 billion from $62.1 billion in September, revised.","In the long term, the trade deficit could narrow if the U.S. economy slows down and imports decrease, or if the U.S. dollar weakens, making exports more competitive. Additionally, the ongoing trade negotiations and agreements could also impact the trade balance in the long run. Here is the filtered information useful for making predictions about the Monthly international trade balance of the U.S.:;In the short term, the trade deficit is likely to continue to widen, driven by strong consumer demand and a strong dollar.",report,2020-10-01,2020-10-31,0,31
November 2020,127232.2,212453.3,-85221.1,2020-11-01,2020-11-01,2020-11-30,"Objective facts about the Monthly international trade balance of U.S. situation: The goods and services deficit was $68.1 billion in November, up $5.0 billion from $63.1 billion in October. Exports were $184.2 billion, $2.2 billion more than October exports. Imports were $252.3 billion, $7.2 billion more than October imports. The average goods and services deficit increased $1.1 billion to $64.4 billion for the three months ending in November.","Long-term predictions (next 4-18 months): The trade deficit is expected to continue to be a challenge for the U.S. economy in the long term, driven by structural factors such as the country's high demand for imported goods and the ongoing shift in global trade patterns. However, the U.S. government's efforts to negotiate new trade agreements and protect American industries may help to reduce the trade deficit over time. Based on the provided excerpt from the U.S. International Trade in Goods and Services report, I will filter the results to find information useful for making predictions about the Monthly international trade balance of the U.S. **;Short-term predictions (next 1-3 months): The trade deficit is likely to continue to increase in the short term, driven by the ongoing pandemic and its impact on global trade. However, the recent increase in exports and decrease in imports may indicate a slight improvement in trade activity.",report,2020-11-01,2020-11-30,0,31
December 2020,132631.0,214876.8,-82245.7,2020-12-01,2020-12-01,2020-12-31,"The U.S. international trade deficit decreased by $2.4 billion to $66.6 billion in December 2020. Exports increased by $6.2 billion to $190.0 billion, while imports increased by $3.8 billion to $256.6 billion.","In the long term, I predict that the trade deficit will continue to be a challenge for the U.S. economy, driven by structural factors such as the strong dollar and the country's reliance on imports. However, if the U.S. can negotiate favorable trade agreements and implement policies to boost exports, the trade deficit may decrease over time. Here is the filtered information useful for making predictions about the Monthly international trade balance of the U.S.:;Based on the current trends, I predict that the trade deficit will continue to decrease in the short term, driven by increases in exports and moderation in imports. However, the uncertainty surrounding the COVID-19 pandemic and its impact on global trade may affect this prediction.",report,2020-12-01,2020-12-31,0,31
January 2021,128162.0,204638.9,-76476.9,2021-01-01,2021-01-01,2021-01-31,"The U.S. economy grew at a 4% annual rate in the fourth quarter of 2020, but shrank by 3.5% in 2020 as a whole due to the COVID-19 pandemic.","In the long term, the economy may face challenges related to climate change and the need for sustainable growth, but efforts towards economic diversification and investment in STEM occupations may help mitigate these risks. Here is the summarized information:;The economy is likely to continue its slow recovery in the short term, with growth rates potentially increasing as vaccination efforts continue and pandemic restrictions are lifted.",search,2021-01-25,2021-01-31,0,31
February 2021,124182.0,193444.8,-69262.8,2021-02-01,2021-02-01,2021-02-28,The United States economy has the potential to create or transform up to 16 million jobs across all sectors with the impact of 5G.,"In the long-term, the US economy may experience significant transformations and growth with the adoption of 5G technology and investments in clean energy, potentially leading to increased economic prosperity and national security. Here is the summarized information about the Economy situation:;In the short-term, the US economy may see job creation and growth in industries related to 5G technology and clean energy.",search,2021-02-22,2021-02-28,0,31
March 2021,152670.6,236920.5,-84249.9,2021-03-01,2021-03-01,2021-03-31,"The goods and services deficit was $74.4 billion in March, up $3.9 billion from $70.5 billion in February, revised.","In the long term, the trade deficit may stabilize or even decrease as the economy reaches full capacity and trade agreements are renegotiated or implemented. Note: The analysis is based on the provided excerpt and may not be comprehensive. After reviewing the provided excerpt from the U.S. Census Bureau's report on U.S. International Trade in Goods and Services, I have filtered out the relevant information to make predictions about the Monthly international trade balance of the U.S. Here are my findings:;In the short term, the trade deficit is likely to continue to widen as the economy continues to recover and demand for goods and services increases.",report,2021-03-01,2021-03-31,0,31
April 2021,144017.7,226454.3,-82436.6,2021-04-01,2021-04-01,2021-04-30,"The goods and services deficit was $68.9 billion in April, down $6.1 billion from $75.0 billion in March. Exports were $205.0 billion, $2.3 billion more than March exports. Imports were $273.9 billion, $3.8 billion less than March imports.","In the long term (next 4-18 months), I predict that the trade deficit will continue to fluctuate, driven by changes in global demand and supply chains. However, if the current trend continues, we may see a sustained improvement in the trade balance, which could lead to stronger economic growth and a stronger dollar. Based on the provided excerpt from the U.S. Census Bureau's report on U.S. International Trade in Goods and Services, here is the filtered information useful for making predictions about the Monthly international trade balance of the U.S.:;In the short term (next 1-3 months), I predict that the trade deficit will continue to narrow, driven by continued growth in exports and a decline in imports. This could lead to a slight improvement in the overall economy.",report,2021-04-01,2021-04-30,0,31
May 2021,145815.2,230405.4,-84590.2,2021-05-01,2021-05-01,2021-05-31,"Objective facts about the Monthly international trade balance of U.S. situation: The goods and services deficit was $71.2 billion in May, up $2.2 billion from $69.1 billion in April, revised. Exports were $206.0 billion, $1.3 billion more than April exports, while imports were $277.3 billion, $3.5 billion more than April imports.","Long-term predictions (next 4-18 months): In the long term, I predict that the trade deficit will remain a major concern for the U.S. economy. The ongoing trade tensions and the impact of the COVID-19 pandemic on global trade may lead to a prolonged period of trade deficits. However, the U.S. may explore new trade agreements and policies to address the trade imbalance, which could lead to a gradual reduction in the deficit over time. After carefully reviewing the provided excerpt from the U.S. Census Bureau's report on Monthly U.S. International Trade in Goods and Services, I have filtered out the relevant information to make predictions about the Monthly international trade balance of the U.S. **;Short-term predictions (next 1-3 months): Based on the current trend, I predict that the trade deficit will continue to rise in the short term, driven by the goods deficit. The deficit may widen further if trade tensions with major trading partners such as China and the EU continue to escalate. However, the services surplus may continue to provide some cushion to the overall trade balance.",report,2021-05-01,2021-05-31,0,31
June 2021,148067.5,242328.9,-94261.4,2021-06-01,2021-06-01,2021-06-30,"The goods and services deficit increased by $4.8 billion to $75.7 billion in June, with exports increasing by $1.2 billion to $207.7 billion and imports increasing by $6.0 billion to $283.4 billion. The year-to-date goods and services deficit increased by $135.8 billion, or 46.4%, from the same period in 2020.","In the long term, the trade deficit could have significant implications for the US economy, including impacts on employment, GDP, and trade relationships. To address the deficit, the US may need to implement policies to increase exports, reduce imports, and promote domestic industries. Alternatively, the US could focus on negotiating trade agreements that promote fair trade and reduce trade barriers. Unfortunately, the provided excerpt does not contain the actual trade data, but rather explains the methodology and definitions used in the U.S. International Trade in Goods and Services report. Therefore, I cannot provide predictions about the Monthly international trade balance of the U.S. based on this excerpt. However, I can summarize the information provided in the excerpt, which may be useful for understanding the context and methodology of the report:;In the short term, the trade deficit is likely to continue to grow, driven by increasing imports and a strong US dollar. However, the growth in exports may help to mitigate the impact of the deficit. It is also possible that trade tensions and tariffs could impact trade flows in the coming months.",report,2021-06-01,2021-06-30,0,31
July 2021,144269.8,237297.4,-93027.6,2021-07-01,2021-07-01,2021-07-31,"The goods and services deficit was $70.1 billion in July, down $3.2 billion from $73.2 billion in June. Exports were $212.8 billion, $2.8 billion more than June exports. Imports were $282.9 billion, $0.4 billion less than June imports.","In the long term, the trade deficit is likely to remain a significant issue for the US economy. The large deficits with China and the European Union will need to be addressed through trade agreements or other policy changes. Additionally, the impact of the COVID-19 pandemic on global trade will need to be monitored and addressed in the coming years. I apologize, but the provided text appears to be a list of countries and regions, followed by a description of the methodology and adjustments used in reporting U.S. international trade in goods and services. There is no specific data provided for the month of July 2021. However, I can provide some general information about the report and the types of data that are typically included. The U.S. International Trade in Goods and Services report is a monthly report published by the U.S. Census Bureau and the U.S. Bureau of Economic Analysis (BEA). The report provides data on the trade balance, exports, and imports of goods and services between the United States and other countries. The report typically includes the following types of data: * Goods trade: Exports and imports of goods, including industrial supplies, capital goods, consumer goods, and foods, feeds, and beverages. * Services trade: Exports and imports of services, including travel, transportation, and business and professional services. * Trade balance: The difference between exports and imports of goods and services. * Country and region data: Trade data with individual countries and regions, such as the European Union, Asia, and Latin America. Here is a summary of the information in the format you requested:;In the short term, we can expect the trade deficit to continue to fluctuate based on changes in exports and imports. However, if the current trend continues, we may see a slight decrease in the trade deficit over the next few months.",report,2021-07-01,2021-07-31,0,31
August 2021,148295.2,245205.3,-96910.1,2021-08-01,2021-08-01,2021-08-31,"The U.S. international trade deficit increased by $2.9 billion to $73.3 billion in August 2021, with exports increasing by $1.0 billion to $213.7 billion and imports increasing by $4.0 billion to $287.0 billion.","In the long term (next 4-18 months), the trade deficit is likely to remain a concern, particularly if the U.S. economy continues to grow faster than its trading partners. However, if the U.S. dollar were to weaken, it could help to reduce the trade deficit by making U.S. exports more competitive. After reviewing the provided excerpt from the U.S. International Trade in Goods and Services report, I have filtered out the relevant information to make predictions about the Monthly international trade balance of the U.S. **;In the short term (next 1-3 months), we can expect the trade deficit to continue to increase, driven by strong domestic demand and a strong U.S. dollar. This could lead to a further widening of the trade gap.",report,2021-08-01,2021-08-31,0,31
September 2021,142338.9,244374.7,-102035.8,2021-09-01,2021-09-01,2021-09-30,"The goods and services deficit was $80.9 billion in September, up $8.1 billion from $72.8 billion in August, revised.","In the long term, the trade balance may improve as the global economy recovers from the pandemic, and trade policies are renegotiated. However, the U.S. trade balance is likely to remain sensitive to changes in global demand, supply chains, and trade policies. Based on the provided excerpt, I will filter the results to find information useful to making predictions about the Monthly international trade balance of the U.S. Here is the summary:;In the short term, the trade balance is likely to remain under pressure, with the possibility of further widening of the trade gap. This may be driven by ongoing global supply chain disruptions, changes in trade policies, and shifts in consumer behavior.",report,2021-09-01,2021-09-30,0,31
October 2021,164137.6,251297.4,-87159.8,2021-10-01,2021-10-01,2021-10-31,The real gross domestic product (GDP) increased at an annual rate of 2.0 percent in the third quarter of 2021.,"In the long term, the economy is likely to benefit from the development of an Indo-Pacific economic framework, which could define the United States' economic relationships with partners in the region. Here is the summarized information:;In the short term, the economy is likely to continue growing at a moderate pace, with a focus on building back better through investments in education and infrastructure.",search,2021-10-25,2021-10-31,0,31
November 2021,156533.2,259414.4,-102881.2,2021-11-01,2021-11-01,2021-11-30,"The goods and services deficit was $80.2 billion in November, up $13.0 billion from $67.2 billion in October, revised.","In the long term, the trade deficit could lead to a decrease in the value of the U.S. dollar, making imports more expensive and potentially reducing the trade deficit. Additionally, the government may implement policies to reduce the trade deficit, such as tariffs or trade agreements. Here is the filtered information useful for making predictions about the Monthly international trade balance of the U.S.:;Based on the current trend, it is likely that the trade deficit will continue to increase in the short term, potentially leading to a decrease in GDP and an increase in the trade gap.",report,2021-11-01,2021-11-30,0,31
December 2021,159331.9,257092.8,-97760.9,2021-12-01,2021-12-01,2021-12-31,"Objective Facts** * The goods and services deficit was $80.7 billion in December 2021, up $1.4 billion from November 2021. * Exports of goods increased $2.0 billion to $158.3 billion in December 2021. * Imports of goods increased $5.2 billion to $259.7 billion in December 2021. * The real goods deficit increased $1.3 billion to $111.2 billion in December 2021. * For 2021, the goods and services deficit was $859.1 billion, up $182.4 billion from 2020. **","Long-term Predictions** * The trade deficit may continue to be a challenge for the US economy in the long term, particularly if domestic demand remains strong and the US dollar remains relatively strong. * However, if the US economy can increase its competitiveness and productivity, it may be able to reduce its reliance on imports and narrow the trade deficit. Here is the filtered information relevant to making predictions about the Monthly international trade balance of the U.S.;Short-term Predictions** * The trade deficit is likely to continue to widen in the short term, driven by strong domestic demand and a relatively strong US dollar. * Exports may continue to grow, but at a slower pace than imports, leading to a further widening of the trade deficit. **",report,2021-12-01,2021-12-31,0,31
January 2022,147848.0,247065.3,-99217.3,2022-01-01,2022-01-01,2022-01-31,"Objective facts about the Monthly international trade balance of U.S. situation** * The goods and services deficit was $89.7 billion in January, up $7.7 billion from $82.0 billion in December. * Exports were $224.4 billion, $3.9 billion less than December exports. * Imports were $314.1 billion, $3.8 billion more than December imports. * The goods deficit increased $7.1 billion to $108.9 billion, and the services surplus decreased $0.6 billion to $19.2 billion. **","Long-term predictions (next 4-18 months)** * The trade deficit may continue to increase in the long term, potentially leading to a decrease in the value of the US dollar and impacting the country's GDP. * The shift in global trade patterns and consumer spending habits may lead to a permanent change in the trade balance, potentially requiring adjustments to US trade policies. After carefully reviewing the provided excerpt of the U.S. International Trade in Goods and Services report, I filtered out the relevant information to make predictions about the Monthly international trade balance of the U.S. Here are my findings:;Short-term predictions (next 1-3 months)** * The trade deficit is likely to continue to increase in the short term, potentially driven by ongoing global demand and consumer spending habits. * Exports may continue to decrease, while imports may continue to increase, further widening the trade deficit. **",report,2022-01-01,2022-01-31,0,31
February 2022,150555.2,234218.6,-83663.4,2022-02-01,2022-02-01,2022-02-28,"The goods and services deficit was $89.2 billion in February, down less than $0.1 billion from January. Exports were $228.6 billion, $4.1 billion more than January exports, while imports were $317.8 billion, $4.1 billion more than January imports.","In the long term, the trade deficit is likely to continue to be a concern, but the trend of increasing exports could lead to a gradual decrease in the deficit. However, this will depend on various factors, including the performance of the U.S. economy and global trade policies. Here are the filtered results and my analysis:;In the short term, the trade deficit is likely to remain high, but the increase in exports could lead to a slight decrease in the deficit. However, the deficit is still expected to be significant.",report,2022-02-01,2022-02-28,0,31
March 2022,179313.8,295975.4,-116661.7,2022-03-01,2022-03-01,2022-03-31,"Objective Facts: * The goods and services deficit was $109.8 billion in March, up $20.0 billion from $89.8 billion in February. (Source) * Exports were $241.7 billion, $12.9 billion more than February exports. (Source) * Imports were $351.5 billion, $32.9 billion more than February imports. (Source) * The average goods and services deficit increased $9.3 billion to $96.3 billion for the three months ending in March. (Source)","Long-term Predictions: * The trade deficit could become a major concern for the US economy in the long term, potentially leading to inflation and currency fluctuations. (LLM) * The US may need to re-evaluate its trade policies and agreements to address the growing trade deficit and promote more balanced trade relationships with other countries. (LLM) After carefully reviewing the provided excerpt from the U.S. Census Bureau's report on U.S. International Trade in Goods and Services, I have filtered out the relevant information to make predictions about the Monthly international trade balance of the U.S. Here are my findings:;Short-term Predictions: * The trade deficit is likely to continue to widen in the short term, driven by strong demand for foreign goods and a growing economy. (LLM) * Exports may continue to increase, driven by a growing global demand for US goods and services. (LLM)",report,2022-03-01,2022-03-31,0,31
April 2022,173533.9,273176.8,-99642.9,2022-04-01,2022-04-01,2022-04-30,"The goods and services deficit decreased by $20.6 billion to $87.1 billion in April 2022, with exports increasing by $8.5 billion to $252.6 billion and imports decreasing by $12.1 billion to $339.7 billion.","In the long term, the trade deficit is likely to remain a challenge for the US economy, driven by factors such as the strong US dollar and the country's appetite for imports. However, the current trend suggests that the deficit may stabilize or even decrease in the coming months. Here is the filtered information useful for making predictions about the Monthly international trade balance of the U.S.:;Based on the current trend, it is likely that the trade deficit will continue to decrease in the short term, potentially leading to a more balanced trade situation.",report,2022-04-01,2022-04-30,0,31
May 2022,179047.5,285388.2,-106340.7,2022-05-01,2022-05-01,2022-05-31,"The goods and services deficit was $85.5 billion in May, down $1.1 billion from $86.7 billion in April. Exports were $255.9 billion, $3.0 billion more than April exports. Imports were $341.4 billion, $1.9 billion more than April imports.","In the long term, the trade balance will likely be influenced by the ongoing shifts in the global economy and trade policies. The U.S. may need to continue to adapt to these changes and find ways to increase its competitiveness in the global market in order to improve its trade balance. After carefully reviewing the provided excerpt from the U.S. Census Bureau's report on U.S. International Trade in Goods and Services, I have filtered out the relevant information to make predictions about the Monthly international trade balance of the U.S. **;In the short term, the trade balance may continue to be affected by global supply chain disruptions and changes in trade policies. However, if exports continue to increase at a faster rate than imports, the trade deficit may narrow slightly in the next few months.",report,2022-05-01,2022-05-31,0,31
June 2022,182662.9,286285.2,-103622.3,2022-06-01,2022-06-01,2022-06-30,"Objective facts about the Monthly international trade balance of U.S. situation: The goods and services deficit was $79.6 billion in June, down $5.3 billion from $84.9 billion in May. Exports were $260.8 billion, $4.3 billion more than May exports, while imports were $340.4 billion, $1.0 billion less than May imports.","Long-term predictions (next 4-18 months): In the long term, the trade balance is likely to be influenced by various factors such as global economic trends, trade policies, and currency fluctuations. While it is difficult to predict the exact direction of the trade balance, it is possible that the U.S. economy may experience a continued improvement in its trade dynamics, leading to a narrowing of the trade deficit. After carefully reviewing the provided excerpt of the U.S. International Trade in Goods and Services report, I have filtered out the relevant information to make predictions about the Monthly international trade balance of the U.S. Here are my findings:;Short-term predictions (next 1-3 months): Based on the current trend, it is likely that the trade deficit will continue to decrease in the short term. The increase in exports and decrease in imports may continue, leading to a further narrowing of the trade deficit.",report,2022-06-01,2022-06-30,0,31
July 2022,175896.8,270907.4,-95010.6,2022-07-01,2022-07-01,2022-07-31,"The U.S. debt to GDP ratio surpassed 100% in 2013, and currently, the U.S. economy has shrunk for a second straight quarter, contracting at a 0.9% annual pace.","In the long-term, I predict that the U.S. economy will need to implement fiscal policies to reduce its debt to GDP ratio and stimulate economic growth. The country may need to diversify its economy and invest in industries that can drive growth and create jobs. Here is the summarized output:;In the short-term, I predict that the U.S. economy will continue to experience slow growth, and there is a high possibility of a recession. The inflation rate may continue to rise, leading to tighter financial conditions.",search,2022-07-25,2022-07-31,0,31
August 2022,181182.3,283635.4,-102453.1,2022-08-01,2022-08-01,2022-08-31,"Objective facts about the Monthly international trade balance of U.S. situation: The goods and services deficit was $67.4 billion in August, down $3.1 billion from $70.5 billion in July. Exports were $258.9 billion, $0.7 billion less than July exports, while imports were $326.3 billion, $3.7 billion less than July imports. The average goods and services deficit decreased $6.2 billion to $72.9 billion for the three months ending in August.","Long-term predictions (next 4-18 months): In the long term, the trade balance situation is likely to remain challenging for the U.S. economy. The ongoing trade tensions and tariffs imposed on various countries may continue to affect the trade balance, potentially leading to a widening of the deficit. However, if the U.S. economy can successfully diversify its trade relationships and increase its exports, there is a possibility of a long-term improvement in the trade balance. Based on the provided excerpt of the U.S. International Trade in Goods and Services report, here are the filtered results and analysis:;Short-term predictions (next 1-3 months): Based on the current trend, it is likely that the goods and services deficit will continue to decrease or remain stable in the short term. This could be due to a combination of factors, including a potential slowdown in imports and a slight increase in exports.",report,2022-08-01,2022-08-31,0,31
September 2022,175979.9,275343.2,-99363.2,2022-09-01,2022-09-01,2022-09-30,"Objective facts about the Monthly international trade balance of U.S. situation** * The goods and services deficit was $73.3 billion in September, up $7.6 billion from $65.7 billion in August. * Exports were $258.0 billion, $2.8 billion less than August exports. * Imports were $331.3 billion, $4.8 billion more than August imports. * The average goods and services deficit decreased $2.5 billion to $69.8 billion for the three months ending in September. **","Long-term predictions (next 4-18 months)** * The trade deficit may stabilize or even decrease in the long term, as the U.S. economy adjusts to the new trade landscape and companies adapt to the tariffs and trade agreements. * The services surplus may recover, driven by growth in industries such as technology and healthcare. Based on the provided excerpt of the U.S. International Trade in Goods and Services report, I have filtered out the relevant information to make predictions about the Monthly international trade balance of the U.S.;Short-term predictions (next 1-3 months)** * The trade deficit may continue to widen in the short term, driven by ongoing global economic uncertainty and trade tensions. * Exports may continue to decline, while imports may remain strong, driven by domestic demand. **",report,2022-09-01,2022-09-30,0,31
October 2022,180101.4,281736.6,-101635.3,2022-10-01,2022-10-01,2022-10-31,"Objective facts about the Monthly international trade balance of U.S. situation** * The goods and services deficit was $78.2 billion in October, up $4.0 billion from $74.1 billion in September. * Exports were $256.6 billion, $1.9 billion less than September exports. * Imports were $334.8 billion, $2.2 billion more than September imports. * The year-to-date goods and services deficit increased $136.9 billion, or 19.9 percent, from the same period in 2021. **","Long-term predictions (next 4-18 months)** * The trade deficit may stabilize or even decrease in the long term as the global economy recovers from the pandemic and trade tensions ease, leading to an increase in exports and a decrease in imports. Based on the provided excerpt, here is the filtered information relevant to predicting the Monthly international trade balance of the U.S.:;Short-term predictions (next 1-3 months)** * The trade deficit is likely to continue to increase in the short term, driven by strong demand for imports and sluggish exports growth. **",report,2022-10-01,2022-10-31,0,31
November 2022,171279.9,255967.3,-84687.4,2022-11-01,2022-11-01,2022-11-30,"Objective facts about the Monthly international trade balance of U.S. situation** The goods and services deficit was $61.5 billion in November, down $16.3 billion from $77.8 billion in October, revised. Exports were $251.9 billion, $5.1 billion less than October exports. Imports were $313.4 billion, $21.5 billion less than October imports. **","Long-term predictions** In the long term, I predict that the U.S. will continue to work towards more balanced trade, driven by policies aimed at increasing domestic production and reducing reliance on imports. This could lead to a more sustainable trade situation in the next 4-18 months. However, this will depend on various factors, including global economic trends and trade policies. I apologize, but the provided text does not contain the necessary information to make predictions about the Monthly international trade balance of the U.S. The text appears to be a description of the methodology and categories used in the U.S. International Trade in Goods and Services report, but it does not provide any data or statistics on the current trade balance. If you can provide the actual report or data on the U.S. international trade balance, I would be happy to help you analyze it and make predictions. Here is a sample output format:;Short-term predictions** Based on the current trend, I predict that the goods and services deficit will continue to decrease in the short term, driven by a decrease in imports and an increase in exports. This could lead to a more balanced trade situation in the next 1-3 months. **",report,2022-11-01,2022-11-30,0,31
December 2022,167755.3,252830.3,-85075.0,2022-12-01,2022-12-01,2022-12-31,"The U.S. international trade deficit increased by $6.4 billion to $67.4 billion in December 2022, with exports decreasing by $2.2 billion to $250.2 billion and imports increasing by $4.2 billion to $317.6 billion. The goods deficit increased by $7.4 billion to $90.6 billion, while the services surplus increased by $1.0 billion to $23.2 billion.","In the long term (next 4-18 months), the trade deficit may continue to be a challenge for the U.S. economy, particularly if global demand remains weak. However, the U.S. economy may adapt to the changing trade landscape, and the deficit may stabilize or even decrease if exports recover and imports slow down. After carefully reviewing the provided excerpt from the U.S. Census Bureau's report on Monthly U.S. International Trade in Goods and Services, I have filtered out the relevant information to make predictions about the Monthly international trade balance of the U.S. **;In the short term (next 1-3 months), the trade deficit may continue to widen due to the ongoing decline in exports and increase in imports. This could lead to a slowdown in U.S. economic growth.",report,2022-12-01,2022-12-31,0,31
January 2023,165342.2,254438.5,-89096.3,2023-01-01,2023-01-01,2023-01-31,"The goods and services deficit was $68.3 billion in January, up $1.1 billion from $67.2 billion in December, revised. Exports were $257.5 billion, $8.5 billion more than December exports. Imports were $325.8 billion, $9.6 billion more than December imports.","In the long-term (next 4-18 months), I predict that the trade deficit will continue to be a challenge for the US economy. The ongoing trade tensions and the shift towards protectionism may lead to a decrease in international trade, which could negatively impact the US trade balance. However, the US economy may benefit from the reshoring of manufacturing activities, which could lead to an increase in US exports and a narrowing of the trade deficit. Based on the provided excerpt, here are the filtered results and analysis related to predicting the Monthly international trade balance of the U.S.:;In the short-term (next 1-3 months), I predict that the trade deficit will continue to widen due to the ongoing global supply chain disruptions and the strong US consumer demand. However, the deficit may stabilize or even narrow slightly if the US and China reach a trade agreement, which could lead to increased US exports to China.",report,2023-01-01,2023-01-31,0,31
February 2023,158850.8,230706.8,-71856.0,2023-02-01,2023-02-01,2023-02-28,"The goods and services deficit was $70.5 billion in February, up $1.9 billion from $68.7 billion in January.","In the long term, the trade deficit may continue to be a concern, particularly if the U.S. economy experiences a slowdown or recession. However, it is possible that the deficit may narrow if the U.S. economy experiences a strong recovery. Here is the analysis of the report:;Based on the current trend, it is likely that the trade deficit will continue to widen in the short term, potentially leading to a negative impact on the U.S. economy.",report,2023-02-01,2023-02-28,0,31
March 2023,184620.5,262756.3,-78135.8,2023-03-01,2023-03-01,2023-03-31,"Objective facts about the Monthly international trade balance of U.S. situation** * The goods and services deficit decreased by $6.4 billion to $64.2 billion in March 2023. * Exports increased by $5.3 billion to $256.2 billion, while imports decreased by $1.1 billion to $320.4 billion. * The average goods and services deficit decreased by $1.0 billion to $67.8 billion for the three months ending in March. **","Long-term predictions (next 4-18 months)** * The trade deficit is likely to remain a significant issue for the U.S. economy, driven by underlying structural factors, such as the trade imbalance with China and the European Union. * Policymakers may need to consider long-term solutions, such as trade agreements and investment in domestic industries, to address the trade deficit and promote sustainable economic growth. Here is the filtered information useful for making predictions about the Monthly international trade balance of the U.S.:;Short-term predictions (next 1-3 months)** * The trade deficit is likely to continue to narrow in the short term, driven by continued growth in exports and a possible slowdown in imports. * The strengthening of the U.S. dollar could also contribute to a narrowing of the trade deficit in the short term. **",report,2023-03-01,2023-03-31,0,31
April 2023,162063.7,250751.8,-88688.2,2023-04-01,2023-04-01,2023-04-30,"The United States economy grew by 2.1% in 2022, with consumer spending being the main driver of growth.","In the long-term, the economy may experience a more significant slowdown if consumer spending slows down or if other sectors of the economy do not pick up pace. Here is the summary of the useful information:;In the short-term, the economy is likely to continue growing at a slow pace, with consumer spending remaining a key driver of growth.",search,2023-04-24,2023-04-30,0,31
May 2023,167127.6,264348.9,-97221.4,2023-05-01,2023-05-01,2023-05-31,"Objective facts about the Monthly international trade balance of U.S. situation: The report provides data on goods and services trade, including exports, imports, and trade balances. However, it does not provide specific data on the monthly international trade balance of the U.S. for the period of May 2023.","Long-term predictions (next 4-18 months): In the long term, the trade balance is likely to be influenced by broader economic trends, trade agreements, and policy changes. The report provides information on the classification and measurement of trade data, which can be used to analyze long-term trends and patterns. However, making specific predictions about the trade balance is challenging without more data. Here are the filtered results:;Short-term predictions (next 1-3 months): Based on the information provided, it is difficult to make specific predictions about the short-term trade balance. However, it is likely that the trade balance will continue to be influenced by global economic trends, trade policies, and seasonal patterns.",report,2023-05-01,2023-05-31,0,31
June 2023,167303.0,257886.6,-90583.6,2023-06-01,2023-06-01,2023-06-30,"The goods and services deficit was $65.5 billion in June, down $2.8 billion from $68.3 billion in May.","In the long term, the trade balance is likely to be influenced by structural factors such as the evolution of global supply chains, technological advancements, and shifts in consumer behavior. Therefore, it is difficult to make a precise prediction, but a continued narrowing of the trade deficit is possible if the current trends persist. Unfortunately, the provided excerpt does not contain the actual data on the U.S. international trade in goods and services. It appears to be a description of the methodology and categories used to classify and report trade data. Therefore, I cannot extract any specific information about the monthly international trade balance of the U.S. If you can provide the actual data or a more relevant excerpt, I would be happy to help you with your request. In the meantime, I can only provide a blank response:;Based on the current trend, it is possible that the trade deficit will continue to narrow in the short term, potentially leading to a more balanced trade situation. However, this prediction is subject to various uncertainties, including changes in global economic conditions and trade policies.",report,2023-06-01,2023-06-30,0,31
July 2023,159618.9,255665.9,-96047.1,2023-07-01,2023-07-01,2023-07-31,"Objective facts about the Monthly international trade balance of U.S. situation: The goods and services deficit was $65.0 billion in July, up $1.3 billion from $63.7 billion in June. Year-to-date, the goods and services deficit decreased $128.3 billion, or 21.4 percent, from the same period in 2022.","Long-term predictions: In the long term, the trade deficit is expected to remain a significant issue for the U.S. economy. To address this, the government may need to implement policies to boost exports, such as investing in infrastructure, promoting trade agreements, and supporting domestic industries. Additionally, the U.S. may need to address its trade relationships with countries like China and Mexico to reduce the trade deficit. I'll filter the report to find information useful to making predictions about the Monthly international trade balance of the U.S. **;Short-term predictions: In the short term, the trade deficit is likely to remain high due to the ongoing economic recovery and consumer spending. However, the trade deficit may narrow slightly in the coming months as exports are expected to increase due to a weaker dollar and improving global demand.",report,2023-07-01,2023-07-31,0,31
August 2023,171404.5,266026.9,-94622.4,2023-08-01,2023-08-01,2023-08-31,"The U.S. international trade deficit decreased to $58.3 billion in August 2023, down $6.4 billion from July 2023. Exports increased $4.1 billion to $256.0 billion, while imports decreased $2.3 billion to $314.3 billion.","In the long term, the trade deficit is likely to continue to fluctuate, influenced by various factors such as global economic trends, trade policies, and currency exchange rates. However, if the current trend of increasing exports and decreasing imports continues, it could lead to a more sustainable trade balance and a stronger U.S. economy. Based on the provided excerpt of the U.S. International Trade in Goods and Services report, here are the filtered results to make predictions about the monthly international trade balance of the U.S.:;In the short term, the trade deficit is likely to continue to decrease, driven by the ongoing trend of increasing exports and decreasing imports. This could lead to a more balanced trade situation and a potential boost to the U.S. economy.",report,2023-08-01,2023-08-31,0,31
September 2023,171272.3,261306.3,-90034.0,2023-09-01,2023-09-01,2023-09-30,"Objective facts about the Monthly international trade balance of U.S. situation: The goods and services deficit was $61.5 billion in September, up $2.9 billion from $58.7 billion in August, revised. Exports were $261.1 billion, $5.7 billion more than August exports. Imports were $322.7 billion, $8.6 billion more than August imports.","Long-term predictions (next 4-18 months): In the long term, the trade deficit could continue to be a concern, potentially leading to a decrease in U.S. economic growth and competitiveness. However, if the U.S. can increase its exports and reduce its imports, the trade deficit could narrow, leading to a more balanced trade situation. Based on the provided excerpt, I will filter the results to find information useful to making predictions about the Monthly international trade balance of the U.S. Here is the summary of the useful information:;Short-term predictions (next 1-3 months): Based on the current trend, it is likely that the trade deficit will continue to widen in the short term, driven by increased imports of goods. This could lead to a decrease in the value of the dollar and potential inflationary pressures.",report,2023-09-01,2023-09-30,0,31
October 2023,178021.0,276831.6,-98810.6,2023-10-01,2023-10-01,2023-10-31,"The goods and services deficit was $64.3 billion in October, up $3.1 billion from $61.2 billion in September.","In the long term (next 4-18 months), the trade balance may improve if the U.S. can increase its exports and reduce its imports, but it will depend on various factors such as global economic conditions, trade policies, and exchange rates. Based on the provided excerpt, I will filter out the relevant information to make predictions about the Monthly international trade balance of the U.S.;Based on the current trend, it is likely that the goods and services deficit will continue to increase in the short term (next 1-3 months).",report,2023-10-01,2023-10-31,0,31
November 2023,167193.2,255909.3,-88716.1,2023-11-01,2023-11-01,2023-11-30,"Objective Facts:** * The goods and services deficit decreased by $1.3 billion to $63.2 billion in November 2023. * Exports decreased by $4.8 billion to $253.7 billion, while imports decreased by $6.1 billion to $316.9 billion. * The goods deficit decreased by $0.6 billion to $89.4 billion, while the services surplus increased by $0.7 billion to $26.2 billion. * Year-to-date, the goods and services deficit decreased by $161.8 billion, or 18.4 percent, from the same period in 2022. **","Long-term Predictions (next 4-18 months):** * The trade balance is likely to remain a challenge for the economy, with the deficit potentially widening again. * The ongoing trade tensions and economic uncertainty may continue to impact global trade, leading to slower growth in exports and imports. * The services sector may continue to be a key driver of the trade balance, but its growth may slow down as global economic conditions deteriorate. After carefully reading the provided excerpt, I have filtered out the information relevant to making predictions about the Monthly international trade balance of the U.S. Here is the summarized information in the required format:;Short-term Predictions (next 1-3 months):** * The trade balance is likely to remain in deficit, but the trend may continue to improve slightly. * Exports and imports may continue to slow down due to global trade tensions and economic uncertainty. * The services surplus may continue to drive the overall trade balance, supporting the economy. **",report,2023-11-01,2023-11-30,0,31
December 2023,167788.2,247425.9,-79637.6,2023-12-01,2023-12-01,2023-12-31,"The United States Gross Domestic Product (GDP) rose 5.2% in the third quarter of 2023, the fastest growth rate in recent years.","In the long-term, the economy is likely to continue to benefit from the investments made in clean energy and the growth of the industry, leading to sustained economic growth and development. Here is the filtered and summarized information about the Economy:;In the short-term, the economy is likely to continue its rapid growth, driven by the stimulus and the growth of the clean energy economy.",search,2023-12-25,2023-12-31,0,31
January 2024,160578.7,253800.2,-93221.5,2024-01-01,2024-01-01,2024-01-31,"Objective Facts** * The goods and services deficit was $67.4 billion in January, up $3.3 billion from $64.2 billion in December. * Exports were $257.2 billion, $0.3 billion more than December exports. * Imports were $324.6 billion, $3.6 billion more than December imports. * The average goods and services deficit increased $0.7 billion to $64.8 billion for the three months ending in January. * Year-over-year, the average goods and services deficit decreased $3.7 billion from the three months ending in January 2023. **","Long-term Predictions** * The trade deficit may begin to narrow in the long term as the US economy continues to grow and domestic production increases. * The US may also see an increase in exports as the global economy recovers and demand for US goods and services increases. After reviewing the provided excerpt from the U.S. Census Bureau's report on U.S. International Trade in Goods and Services, I have filtered out the relevant information to make predictions about the Monthly international trade balance of the U.S. Here are my findings:;Short-term Predictions** * The trade deficit is likely to remain high in the short term, driven by continued strong demand for imports. * Exports may continue to increase, but at a slower pace than imports. **",report,2024-01-01,2024-01-31,0,31
February 2024,167171.5,242611.4,-75439.9,2024-02-01,2024-02-01,2024-02-29,"The goods and services deficit was $68.9 billion in February, up $1.3 billion from $67.6 billion in January.","In the long term, the trade deficit may lead to a decrease in the value of the US dollar, making imports more expensive and potentially leading to inflation. Based on the provided excerpt, I will filter out the relevant information to make predictions about the Monthly international trade balance of the U.S.;Based on the current trend, it is likely that the trade deficit will continue to widen in the short term, potentially leading to increased pressures on the US dollar.",report,2024-02-01,2024-02-29,0,31
March 2024,179325.9,259144.7,-79818.8,2024-03-01,2024-03-01,2024-03-31,"The value added of private goods-producing industries increased 7.0 percent, and private services-producing industries increased in the fourth quarter .","In the long-term, the economy is expected to maintain its growth momentum, with a focus on people-centric approaches and investments in arts and culture, leading to sustained growth and development .Here is the summarized information:;In the short-term, the economy is likely to continue growing, driven by consumer spending and a strong labor market, with potential GDP growth of around 3-4% in the next quarter .",search,2024-03-25,2024-03-31,0,31
