date,OT,start_date,end_date,fact,preds,text_source,text_start_date,text_end_date,text_age_days,text_window_days
1998-09-01,805651,1998-09-01,1998-09-30,"The Caribbean Development Bank (CDB) will provide a grant of up to $100,000 to support countries that have declared a national emergency or state of disaster due to Hurricane Georges.","In the long term, it is likely that there will be increased investment in disaster preparedness and mitigation measures, including infrastructure development and emergency planning, to reduce the impact of future natural disasters.;It is likely that the affected regions will continue to receive emergency assistance and disaster relief in the short term, with a focus on restoring basic services and infrastructure.",search,1998-09-21,1998-09-27,3,31
1998-10-01,82522489,1998-10-01,1998-10-31,Avalanches take more lives nationwide than any other natural disaster in the United States.,"NA (No specific predictions can be made for the long-term future based on this information.) Note: The provided information is mostly related to legislation, definitions, and organizations involved in disaster relief and emergency assistance, rather than specific climate or disaster events. Therefore, it is challenging to make predictions based on this data.;NA (No specific predictions can be made for the short-term future based on this information.)",search,1998-10-19,1998-10-25,6,31
1998-11-01,9536781,1998-11-01,1998-11-30,"Hurricane Mitch caused a disaster in Nicaragua in 1998, and the Pan American Health Organization's Emergency Preparedness and Disaster Relief team was involved in the response.",NA;NA,search,1998-11-23,1998-11-29,1,31
1998-12-01,52751300,1998-12-01,1998-12-31,"The Federation provided CHF 10,000 from the Disaster Relief Emergency Fund (DREF) to support the Nigerian Red Cross interventions after a pipeline explosion in 1998.","In the long-term, it is predicted that the frequency and severity of disasters will continue to increase, making it essential for governments and organizations to invest in disaster preparedness and response measures. Note: The search results provided are mostly from 1998, and the information is not directly related to climate and disaster predictions. Therefore, the insights and predictions made are general and based on the context of disaster response and preparedness.;In the short-term, it is likely that emergency responders will continue to provide aid to affected areas and work to mitigate the impact of disasters.",search,1998-12-21,1998-12-27,4,31
1999-01-01,24878097,1999-01-01,1999-01-31,"The United Nations launched an appeal for Sudan in 1999, which included inter-agency coordination and emergency program support.","In the long-term, it is predicted that there will be a greater emphasis on disaster risk reduction and mitigation measures, including the development of early warning systems and infrastructure designed to withstand natural disasters.;In the short-term, it is likely that emergency response efforts will continue to be deployed in response to natural disasters, with a focus on providing humanitarian aid and supporting affected communities.",search,1999-01-25,1999-01-31,0,31
1999-02-01,126717273,1999-02-01,1999-02-28,The National Disaster Medical System is a Federal Coordinating Center that provides training in areas such as neonatal intubation and emergency response.,"In the long-term, it is possible that we will see continued efforts to improve disaster preparedness and response, including increased investment in training and infrastructure.;It is likely that disaster response efforts will continue to be a priority in the short-term, with a focus on providing assistance to affected areas and populations.",search,1999-02-22,1999-02-28,0,31
1999-03-01,110398898,1999-03-01,1999-03-31,The National Emergency Management Agency was established in Nigeria in 1999 to respond to natural and other disasters occurring in the State.,NA;NA,search,1999-03-22,1999-03-28,3,31
1999-04-01,71584821,1999-04-01,1999-04-30,The U.S. Agency for International Development (USAID) has an Office of U.S. Foreign Disaster Assistance (OFDA) that provides humanitarian response and disaster assistance.,"In the long term, it is likely that climate-related disasters will continue to pose a significant threat, and governments and international organizations will need to continue to invest in disaster preparedness, response, and mitigation efforts to address these challenges.;In the short term, it is likely that ongoing disaster response efforts will continue, with a focus on providing humanitarian assistance and emergency management services to affected areas.",search,1999-04-19,1999-04-25,5,31
1999-05-01,47599660,1999-05-01,1999-05-31,"The United States government has programs in place for emergency disaster relief, such as the Disaster Resilience Federal Funding Opportunity (FFO) and Disaster Recovery Assistance.",NA;NA,search,1999-05-24,1999-05-30,1,31
1999-06-01,42589476,1999-06-01,1999-06-30,Objective facts about the Climate and Disaster situation: The Bureau of Indian Affairs (BIA) allocated Welfare Assistance and Emergency Assistance to respond to the Pine Ridge tornado disaster in 1999 . The Federal Emergency Management Agency (FEMA) provides disaster assistance to states when fire emergencies exceed their capabilities .,Long-term predictions (next few months): NA;Short-term predictions (next 1-4 weeks): NA,search,1999-06-21,1999-06-27,3,31
1999-07-01,49197126,1999-07-01,1999-07-31,"The 1999 drought in the United States led to emergencies, with eleven localities in Virginia seeking federal disaster assistance. Much of the eastern third of the U.S. experienced severe to extreme drought conditions.","In the long-term, it is possible that climate patterns like El Niño will continue to exacerbate drought and landslide risks, leading to increased humanitarian needs and disaster responses.;In the short-term, it is likely that affected regions will continue to experience severe drought conditions, leading to further emergencies and potential disasters.",search,1999-07-19,1999-07-25,6,31
1999-08-01,58095044,1999-08-01,1999-08-31,"The scale of the disaster in Sudan is alarming, coming early in the rainy season, with SRCS State Branches responding to the emergency.","In the long term, the frequency and severity of disasters may continue to increase, placing a greater burden on emergency responders and societies as a whole.;In the short term, it is likely that emergency responders will continue to be stretched thin as they respond to multiple disasters and emergencies.",search,1999-08-23,1999-08-29,2,31
1999-09-01,49706536,1999-09-01,1999-09-30,The National Guard provides support to state emergency management operations under the control of the Governor and state Adjutant General.,"In the long-term, it is likely that there will be increased focus on disaster preparedness and mitigation efforts, as well as improvements to emergency response systems.;In the short-term, we can expect continued emergency response efforts and provision of humanitarian aid to affected areas.",search,1999-09-20,1999-09-26,4,31
1999-10-01,69598191,1999-10-01,1999-10-31,"Objective facts about the Climate and Disaster situation: Hurricane Mitch caused a disaster in Honduras in 1999, highlighting the importance of national emergency strategies . In 1999, there were various disasters and emergencies around the world, including floods in Sudan, Mexico, and Orissa, a volcanic eruption in the CNMI, and a jet crash in the US .",Predictions you can make for the long-term future (next few months): NA;Predictions you can make for the short-term future (next 1-4 weeks): NA,search,1999-10-25,1999-10-31,0,31
1999-11-01,122062231,1999-11-01,1999-11-30,"Objective facts about the Climate and Disaster situation: Hurricane Lenny affected Anguilla in November 1999, and the Caribbean Disaster Emergency Response Agency (CDERA) responded to the disaster. Avalanches occurred in Galtür, Austria in November 1999, causing a disaster. A quake hit Assisi Basilica in 1997, causing damage and loss of life, and restoration efforts were ongoing in 1999.",Long-term predictions (next few months): NA;Short-term predictions (next 1-4 weeks): NA,search,1999-11-22,1999-11-28,2,31
1999-12-01,76194245,1999-12-01,1999-12-31,"The floods in Venezuela in December 1999 resulted in a state of emergency, with 48 helicopters from the Venezuelan Government and the United States assisting in relief efforts.","In the long-term, it is possible that climate change will lead to more frequent and severe natural disasters, requiring increased preparedness and response efforts.;In the short-term, it is likely that relief efforts will continue to focus on providing emergency assistance to affected areas in Venezuela.",search,1999-12-20,1999-12-26,5,31
2000-01-01,104092957,2000-01-01,2000-01-31,"Hurricane Andrew in 1992 caused $27 billion worth of property damage, making it the most expensive natural disaster in the United States at the time.","In the next few months, it is possible that there will be an increase in initiatives and funding allocated towards disaster risk reduction and management, particularly in regions prone to natural disasters.;In the next 1-4 weeks, it is likely that there will be continued efforts to assess and improve disaster preparedness and emergency response capabilities, particularly in the United States.",search,2000-01-24,2000-01-30,1,31
2000-02-01,116832758,2000-02-01,2000-02-29,"In the United States, the most common cause of storm-related mortality is flooding, and in the Texas floods of 1998, 76% of the deaths were due to drowning.","In the long term, the impacts of climate change are likely to lead to more frequent and severe weather-related disasters, requiring sustained efforts to improve disaster preparedness, response, and recovery.;In the short term, there is a high likelihood of continued flooding events and storms, particularly in areas prone to these types of disasters.",search,2000-02-21,2000-02-27,2,31
2000-03-01,101307761,2000-03-01,2000-03-31,"The United States Government has provided disaster relief funds, such as the Disaster Emergency Relief Fund, to respond to emergencies.",NA;NA,search,2000-03-20,2000-03-26,5,31
2000-04-01,68602160,2000-04-01,2000-04-30,"The International Disasters Charter was established on April 25, 2000, with the objective of providing a unified system to support disaster relief efforts.",NA;NA,search,2000-04-24,2000-04-30,0,31
2000-05-01,89463498,2000-05-01,2000-05-31,The Framework Convention on Civil Defence Assistance recognizes that States have the primary responsibility to take necessary measures in the face of potential disasters or other emergency situations.,"In the long term, it is likely that there will be increased focus on addressing the root causes of disasters and emergencies, such as climate change, conflict, and oppression, and developing more effective strategies for disaster risk reduction and management.;In the short term, it is likely that there will be continued efforts to enhance emergency response systems, crisis management, and humanitarian assistance in response to ongoing and potential disasters and emergencies.",search,2000-05-22,2000-05-28,3,31
2000-06-01,33191224,2000-06-01,2000-06-30,"The UNDAC Team Mission Report states that no national state of emergency or disaster was declared for the Bengkulu Earthquake in Sumatra on June 19, 2000.",NA;NA,search,2000-06-19,2000-06-25,5,31
2000-07-01,39359592,2000-07-01,2000-07-31,"Between 1992 and 1996, losses associated with natural disasters in the United States totaled $140 billion.","In the next few months, it is possible that there will be an increase in funding and resources allocated to disaster preparedness and response efforts, particularly in areas prone to drought and other natural hazards. Note: The provided search results are mostly from 2000, which may not be directly applicable to the current climate and disaster situation. However, the information still provides some general insights into the importance of emergency preparedness and response planning for natural disasters.;In the next 1-4 weeks, it is likely that emergency responders and governments will continue to develop and refine their emergency response plans to mitigate the effects of natural disasters.",search,2000-07-24,2000-07-30,1,31
2000-08-01,65042923,2000-08-01,2000-08-31,The United States and the United Kingdom have conducted surveys on hazards and emergency situations.,"In the long-term, it is predicted that climate-related disasters will continue to increase in frequency and severity, necessitating improved emergency preparedness and response systems.;In the short-term, it is likely that emergency response systems will be put to the test as natural disasters and crises continue to occur.",search,2000-08-21,2000-08-27,4,31
2000-09-01,130300662,2000-09-01,2000-09-30,The United States government has official websites that provide information on disaster management and emergency responses.,"In the long-term, it is predicted that there will be an increased focus on disaster preparedness and emergency response strategies, including the development of more effective disaster management systems and protocols. Note: The provided search results are from 2000, which may not be directly applicable to current climate and disaster situations. However, the general insights and analysis provided above can still be relevant in understanding the importance of disaster management and emergency response strategies in mitigating the effects of disasters and emergencies on public health.;In the short-term, it is likely that emergency responders and disaster management teams will continue to face logistical challenges in responding to disasters and emergencies.",search,2000-09-18,2000-09-24,6,31
2000-10-01,40504617,2000-10-01,2000-10-31,"The United States government has passed laws and acts related to disaster relief and emergency assistance, such as Public Law 106-377 and Public Law 106-387, which provide funding and support for disaster relief efforts.",NA;NA,search,2000-10-23,2000-10-29,2,31
2000-11-01,140406792,2000-11-01,2000-11-30,"The Andersen Fire Department has trained for any disaster, and the United States Air Force has an official website that provides information on emergency responses.","In the long-term future, it is possible that disaster risk management will become even more critical, with climate change potentially exacerbating the frequency and severity of natural disasters.;In the short-term future, it is likely that emergency responses will continue to be a focus, particularly in areas prone to natural disasters.",search,2000-11-20,2000-11-26,4,31
2000-12-01,105902995,2000-12-01,2000-12-31,"The year 2000 was marked by concerns about the Y2K problem, which was labeled as ""the first challenge of the 21st century"" by then-U.S. President Bill Clinton.",NA;NA,search,2000-12-25,2000-12-31,0,31
2001-01-01,53201307,2001-01-01,2001-01-31,The Gujarat State Disaster Management Authority (GSDMA) was established immediately after the 26th January 2001 earthquake.,"In the long term, it is likely that governments will continue to invest in disaster management and emergency preparedness, potentially leading to more effective response and recovery efforts.;In the short term, it is likely that emergency responders will continue to work to rescue those affected by recent disasters, and governments may announce additional financial packages to support recovery efforts.",search,2001-01-22,2001-01-28,3,31
2001-02-01,75250046,2001-02-01,2001-02-28,Vulnerability to hazards is a function of the degree of exposure to hazards and the degree of ability to cope with them.,"In the next few months, communities in the Western United States, particularly those near volcanic regions, should prioritize emergency preparedness and planning to mitigate the impacts of potential volcanic eruptions.;In the next 1-4 weeks, areas with high volcanic activity, such as the Lassen Volcanic National Park, may experience increased seismicity, prompting emergency responders to be on high alert.",search,2001-02-19,2001-02-25,3,31
2001-03-01,253519064,2001-03-01,2001-03-31,"The Organisation of American States (OAS) is implementing the disaster management program in St. Kitts/Nevis, and the Caribbean Disaster Emergency Response Agency is involved in the national emergency shelter policy.",NA;NA,search,2001-03-19,2001-03-25,6,31
2001-04-01,128902292,2001-04-01,2001-04-30,"The U.S. Army Corps of Engineers is involved in various disaster-related activities, including emergency response and disaster preparedness plans.","In the long-term future, it is likely that disaster preparedness and response will become even more critical, with the increasing frequency and severity of natural disasters. Note: There is limited information available in the provided search results to make specific predictions about climate and disaster. The above summary is based on the available information and provides general insights and analysis.;In the short-term future, it is likely that we will see continued efforts to develop and implement disaster preparedness plans, particularly in regions prone to natural disasters.",search,2001-04-23,2001-04-29,1,31
2001-05-01,105717364,2001-05-01,2001-05-31,"The United States government has laws and regulations in place for disaster mitigation and response, including the International Emergency Economic Powers Act.","In the long-term, it is likely that climate-related disasters will continue to increase in frequency and severity, requiring sustained efforts in disaster preparedness and response. Note: There is limited information in the provided search results that is directly relevant to predicting Climate and Disaster. The results appear to be mostly related to government agencies, emergency responses, and disaster mitigation efforts, but do not provide specific data or trends related to climate and disaster predictions.;In the short-term, it is likely that there will be continued instances of emergency responses and disaster mitigation efforts, particularly in regions prone to natural disasters.",search,2001-05-21,2001-05-27,4,31
2001-06-01,85664740,2001-06-01,2001-06-30,"Objective facts about the Climate and Disaster situation: The Governor of the State of Florida must declare a “state of emergency” in order for an association to utilize the statutorily prescribed emergency powers. Personal generators are useful following a disaster, but they also pose safety risks if not used properly. In Florida, Mobile Home (MH) and Recreational Vehicle (RV) authorities have a role in preparing for emergencies.",Predictions you can make for the long-term future (next few months): NA;Predictions you can make for the short-term future (next 1-4 weeks): NA,search,2001-06-18,2001-06-24,6,31
2001-07-01,96335964,2001-07-01,2001-07-31,"Objective facts about the Climate and Disaster situation: The United States government has official websites that provide information on disaster response and recovery, such as the U.S. Department of Labor and the U.S. Army Corps of Engineers. Natural disasters are occurring more frequently, as stated by Iran on behalf of the Group of 77 and China at the ECOSOC meeting.","Predictions you can make for the long-term future (next few months): It is likely that natural disasters will continue to occur, and governments and organizations will need to continue to develop and implement strategies for disaster response and recovery.;Predictions you can make for the short-term future (next 1-4 weeks): NA",search,2001-07-23,2001-07-29,2,31
2001-08-01,109690069,2001-08-01,2001-08-31,The United States government has official websites with.gov domains that belong to official government organizations.,"In the next few months, it is likely that governments and organizations will focus on rebuilding and recovery efforts in affected areas, and may also develop or revise emergency contingency plans to prepare for future natural disasters.;In the next 1-4 weeks, it is likely that emergency responders and aid organizations will continue to provide relief to affected communities in Sudan and other areas affected by natural disasters.",search,2001-08-20,2001-08-26,5,31
2001-09-01,480079711,2001-09-01,2001-09-30,The authority for USACE to provide emergency response/disaster assistance is PL 84-99 (33 U.S.C. 701n).,NA;NA,search,2001-09-24,2001-09-30,0,31
2001-10-01,193985674,2001-10-01,2001-10-31,"The USA PATRIOT Act of 2001 was signed into law on October 26, 2001, which includes provisions related to emergency response and disaster management.",NA;NA,search,2001-10-22,2001-10-28,3,31
2001-11-01,98834991,2001-11-01,2001-11-30,"The United States has policies and directives in place for using military resources during peacetime civil emergencies, including natural disasters.",NA;NA,search,2001-11-19,2001-11-25,5,31
2001-12-01,77878870,2001-12-01,2001-12-31,"The United States government has provided assistance to countries affected by disasters, including Micronesia and Guinea.","In the long-term, it is predicted that the frequency and severity of disasters will increase due to climate change, and governments and organizations will need to adapt and improve their response strategies.;In the short-term, it is likely that governments and organizations will continue to respond to ongoing disasters and emergencies, and prepare for potential future events.",search,2001-12-24,2001-12-30,1,31
2002-01-01,72314436,2002-01-01,2002-01-31,The Stafford Disaster Relief and Emergency Assistance Act and the National Flood Insurance Act are two key laws related to disaster relief in the United States.,"In the next few months, it is possible that the frequency and severity of natural disasters will continue to increase, and governments and organizations will need to adapt their response strategies to address the changing climate landscape.;In the next 1-4 weeks, it is likely that there will be continued efforts to respond to ongoing disasters and emergencies, and governments may need to allocate additional resources to support affected communities.",search,2002-01-21,2002-01-27,4,31
2002-02-01,323759888,2002-02-01,2002-02-28,"The United States has experienced emergency situations and disasters in the past, including natural disasters, which can lead to prescription drug shortages and affect healthcare services.",NA;NA,search,2002-02-18,2002-02-24,4,31
2002-03-01,176923635,2002-03-01,2002-03-31,"Objective facts about the Climate and Disaster situation: The Federal Emergency Management Agency (FEMA) is an independent agency of the federal government, reporting to the president, established in 1979.",Predictions you can make for the long-term future (next few months): NA;Predictions you can make for the short-term future (next 1-4 weeks): NA,search,2002-03-25,2002-03-31,0,31
2002-04-01,247574801,2002-04-01,2002-04-30,"The United States has guidelines and plans in place for disaster response and emergency management, including mass casualty disaster plans and emergency food assistance.","In the long-term, it is likely that climate-related disasters will continue to pose a significant threat to communities and infrastructure, and that continued investment in disaster response and emergency management will be necessary to mitigate the impacts of these events. Note: The provided search results do not provide specific information about climate predictions or forecasts, but rather focus on disaster response and emergency management. Therefore, the predictions made are based on the assumption that climate-related disasters will continue to occur and that preparedness and mitigation efforts will be necessary to address them.;In the short-term, it is likely that emergency responders and authorities will continue to respond to climate-related disasters, and that preparedness and mitigation efforts will be critical in reducing the impact of these events.",search,2002-04-22,2002-04-28,2,31
2002-05-01,276490373,2002-05-01,2002-05-31,The wildfires in Montana in 2000 were regarded as one of the largest natural disasters in the state's history.,NA;NA,search,2002-05-20,2002-05-26,5,31
2002-06-01,251609426,2002-06-01,2002-06-30,"The United States government has emphasized the importance of emergency preparedness and response to disasters, with various agencies and departments playing a role in managing and coordinating efforts.","In the long-term, it is likely that disaster management efforts will continue to evolve, with a focus on improving response times, enhancing communication strategies, and developing more effective crisis communication strategies.;In the short-term, it is likely that emergency responders and government agencies will continue to prioritize disaster preparedness and response efforts, with a focus on coordinating efforts and enhancing emergency preparedness among communities.",search,2002-06-24,2002-06-30,0,31
2002-07-01,85367859,2002-07-01,2002-07-31,"The United States Government has taken actions to respond to emergencies and disasters, including chartering a ship with emergency food commodities for southern Africa .","In the long-term, it is possible that we will see increased investment in emergency preparedness and response infrastructure, as well as greater international cooperation to address the growing threat of disasters and humanitarian crises .;In the short-term, it is likely that we will see continued efforts to respond to ongoing disasters and emergencies, such as the provision of food aid to southern Africa .",search,2002-07-22,2002-07-28,3,31
2002-08-01,290626645,2002-08-01,2002-08-31,Objective facts about the Climate and Disaster situation: The government of Haiti declared a state of emergency in two departments due to flooding in August 2002.,"Predictions you can make for the long-term future (next few months): NA Note: The provided search results primarily focus on emergency response, disaster management, and policy-related topics, but do not provide specific information about climate and disaster predictions. Therefore, most parts are marked as ""NA"" (not applicable).;Predictions you can make for the short-term future (next 1-4 weeks): NA",search,2002-08-19,2002-08-25,6,31
2002-09-01,79985198,2002-09-01,2002-09-30,"The World Health Organization (WHO) published a practical guide on environmental health in emergencies and disasters in 2002, highlighting the importance of emergency water provision and the danger of epidemics following emergencies and disasters.","In the long-term, the frequency and severity of natural disasters are likely to increase due to climate change, and it is essential to develop and implement effective strategies for disaster risk reduction and management.;In the short-term, there is a high likelihood of continued hurricane activity in the Caribbean and Gulf Coast regions, and emergency responders should be prepared to respond to these events.",search,2002-09-23,2002-09-29,1,31
2002-10-01,146941089,2002-10-01,2002-10-31,"The US Army Corps of Engineers has a Center for Excellence in Disaster Management and Humanitarian Assistance that manages the consequences of nuclear, biological, and chemical attacks, as well as natural disasters.",NA;NA,search,2002-10-21,2002-10-27,4,31
2002-11-01,109638959,2002-11-01,2002-11-30,The United States has a Federal Emergency Management Agency (FEMA) that responds to disasters and emergencies.,NA;NA,search,2002-11-18,2002-11-24,6,31
2002-12-01,142789123,2002-12-01,2002-12-31,"The year 2002 saw significant legislation and events related to disaster management and emergency response, including the creation of a disaster emergency outreach program in New York State and the extension of a state of emergency in Sudan.",NA;NA,search,2002-12-23,2002-12-29,2,31
2003-01-01,260195230,2003-01-01,2003-01-31,"The United States Government has official websites and regulations in place for emergency and disaster situations, such as the Regulations.gov website.","In the long-term, it is likely that the US will continue to refine and improve its emergency and disaster response mechanisms, potentially incorporating new technologies and strategies.;In the short-term, it is likely that the US will continue to respond to emergencies and disasters as they arise, using existing mechanisms and infrastructure.",search,2003-01-20,2003-01-26,5,31
2003-02-01,131922024,2003-02-01,2003-02-28,The United States Department of Agriculture (USDA) has declared disasters in Sudan due to a complex emergency situation.,"In the long-term, it is likely that there will be an increased emphasis on disaster prevention and mitigation measures, as well as the development of more comprehensive emergency response plans.;In the next 1-4 weeks, it is likely that there will be continued efforts to respond to and manage disasters, with a focus on emergency preparedness and response.",search,2003-02-17,2003-02-23,5,31
2003-03-01,493310356,2003-03-01,2003-03-31,The Governor may declare a state of disaster and exercise emergency powers set out in the Texas Disaster Act.,NA;NA,search,2003-03-24,2003-03-30,1,31
2003-04-01,138349442,2003-04-01,2003-04-30,The U.S. Army Corps of Engineers Sacramento District is raising the height of both the Main and Auxiliary Dams by 16 feet to reduce flood risk.,NA;NA,search,2003-04-21,2003-04-27,3,31
2003-05-01,132423736,2003-05-01,2003-05-31,"The National Centers for Environmental Information reported on global hazards in May 2003, including a state of emergency declaration from Governor Togiola Tulafono and a federal disaster area designation.",NA;NA,search,2003-05-19,2003-05-25,6,31
2003-06-01,116112116,2003-06-01,2003-06-30,"The US government has official websites and regulations in place for emergency response and planning, including the Occupational Safety and Health Administration (OSHA) and the Federal Emergency Management Agency (FEMA).",NA;NA,search,2003-06-23,2003-06-29,1,31
2003-07-01,67792812,2003-07-01,2003-07-31,"The Pepcon disaster occurred in 1988 at Henderson, Nevada, USA, with explosions equivalent to more than 2 kilotons of TNT.",NA;NA,search,2003-07-21,2003-07-27,4,31
2003-08-01,1352561070,2003-08-01,2003-08-31,The Florida Division of Emergency Management has a library containing the State of Florida's plans and procedures for dealing with a disaster.,NA;NA,search,2003-08-25,2003-08-31,0,31
2003-09-01,1206244241,2003-09-01,2003-09-30,"The United States has a system in place for responding to disasters, including the National Urban Search and Rescue (US&R) Response System and the Federal Response Plan for implementation of the Robert T. Stafford Disaster Relief and Emergency Assistance Act.",NA;NA,search,2003-09-22,2003-09-28,2,31
2003-10-01,168157654,2003-10-01,2003-10-31,"The United States government has official websites and agencies dedicated to disaster preparedness and response, such as Regulations.gov and the Office of U.S. Foreign Disaster Assistance (OFDA).","In the long-term, it is predicted that climate change will continue to exacerbate the frequency and severity of natural disasters, making disaster preparedness and response even more critical for saving lives and mitigating damage.;In the short-term, it is likely that disaster preparedness and response efforts will continue to be a priority for governments and healthcare providers, particularly in regions prone to natural disasters.",search,2003-10-20,2003-10-26,5,31
2003-11-01,184397992,2003-11-01,2003-11-30,"The United States government has regulations and programs in place to respond to emergency situations, including natural disasters and man-made disasters, such as terrorist attacks.","In the long-term future, it is possible that the government will need to adapt its regulations and programs to address the increasing frequency and severity of natural disasters, which may be exacerbated by climate change.;In the short-term future, it is likely that the government will continue to respond to emergency situations as they arise, and may refine its regulations and programs based on lessons learned from recent disasters.",search,2003-11-24,2003-11-30,0,31
2003-12-01,123026144,2003-12-01,2003-12-31,"The following disasters occurred in December 2003: floods in Santa Fe Province, Argentina; floods in Haiti; an earthquake in an unspecified location; and a disaster in Paso Robles, California.","In the next few months, the impact of climate change on disaster risk may become more apparent, leading to increased calls for disaster preparedness and mitigation efforts. Governments and emergency management agencies may need to adapt their strategies to address the growing frequency and severity of disasters.;In the next 1-4 weeks, it is likely that emergency responders will continue to respond to ongoing disasters, and new disasters may occur due to climate-related factors such as heavy rainfall or extreme weather events.",search,2003-12-22,2003-12-28,3,31
2004-01-01,137229787,2004-01-01,2004-01-31,"Children are affected differently by disasters than adults, with unique needs during and after disasters.","In the long-term, it is predicted that there will be a continued emphasis on improving disaster management and response, with a focus on collaboration between organizations and agencies to enhance preparedness and response capabilities. Note: The provided information is mainly focused on disaster management and response, with limited direct information on climate. Therefore, the predictions and insights are more general and focused on disaster preparedness and response.;In the short-term, it is likely that disaster response efforts will continue to focus on improving emergency preparedness and response plans, particularly in regards to the needs of children.",search,2004-01-19,2004-01-25,6,31
2004-02-01,180432881,2004-02-01,2004-02-29,"The Regional Emergency Operations Center coordinates activities in handling major emergency and disaster events at the federal, state, and county levels.",NA;NA,search,2004-02-23,2004-02-29,0,31
2004-03-01,151745862,2004-03-01,2004-03-31,"The United States experiences frequent natural disasters, including floods, which result in significant economic losses, with over $1 billion in flood damages each year.","In the long-term, the United States will likely need to continue to invest in disaster risk management strategies and emergency response plans to mitigate the impact of natural disasters, which are expected to increase in frequency and severity due to climate change.;In the short-term, it is likely that the United States will continue to experience natural disasters, and the effectiveness of emergency response plans will be crucial in minimizing the impact of these disasters.",search,2004-03-22,2004-03-28,3,31
2004-04-01,200996491,2004-04-01,2004-04-30,The USAID's Office of U.S. Foreign Disaster Assistance (USAID/OFDA) has deployed field staff to Sudan to assess the extent of the humanitarian emergency situation.,"In the long-term, it is possible that disaster preparedness and response plans will be developed and implemented to mitigate the impact of future humanitarian emergencies.;In the short-term, it is likely that disaster response efforts will continue, with a focus on providing aid to affected areas, such as Darfur.",search,2004-04-19,2004-04-25,5,31
2004-05-01,27226326,2004-05-01,2004-05-31,"The DART, led by personnel from USAID's Office of U.S. Foreign Disaster, is providing emergency humanitarian activities in response to the Darfur crisis.","In the long-term, it is predicted that there will be an increased emphasis on disaster preparedness and mitigation measures, as well as the development of more effective emergency response strategies.;In the short-term, it is likely that emergency response efforts will continue to focus on providing humanitarian aid to affected areas, such as Darfur.",search,2004-05-24,2004-05-30,1,31
2004-06-01,39461917,2004-06-01,2004-06-30,"The United States has a system in place for responding to disasters, including a Presidential disaster declaration, aid from the State or Federal government, and the National Flood Insurance Program.","In the long term, the frequency and severity of disasters are likely to increase due to climate change, and it is essential to develop and implement more effective disaster preparedness and response strategies.;In the short term, it is likely that the United States will continue to experience localized flooding and other disasters, and the effectiveness of emergency response plans will be tested.",search,2004-06-21,2004-06-27,3,31
2004-07-01,40929612,2004-07-01,2004-07-31,"The City of Fort Worth declared a state of disaster and public health emergency on July 20, 2004, pursuant to §418.108(a) of the Texas Government Code.","In the long-term, it is likely that there will be a continued need for disaster preparedness and response, with a focus on mitigating the impacts of climate-related disasters.;In the short-term, it is likely that disaster response and relief efforts will continue, with a focus on providing aid to affected communities.",search,2004-07-19,2004-07-25,6,31
2004-08-01,61492110,2004-08-01,2004-08-31,"The United States has a system in place for responding to emergency and disaster situations, including presidential declared emergencies, with coordination from the Department of Defense and other agencies.",NA;NA,search,2004-08-23,2004-08-29,2,31
2004-09-01,18032532,2004-09-01,2004-09-30,"Objective facts about the Climate and Disaster situation: The United States government has an office dedicated to state and local government coordination and preparedness for civil defense, counter-terrorism, and disaster procedures. USAID/OFDA provided $100,000 to support the local purchase and distribution of emergency relief supplies in Grenada. Hurricane Jeanne was forecasted to affect the United States on September 24, 2004. The Government of India has a National Disaster Management plan, which includes a communication plan to connect emergency operation centers with disaster sites.",Predictions you can make for the long-term future (next few months): It is likely that governments and organizations will continue to develop and refine their disaster management plans and strategies.;Predictions you can make for the short-term future (next 1-4 weeks): NA,search,2004-09-20,2004-09-26,4,31
2004-10-01,271407452,2004-10-01,2004-10-31,"The Federal Emergency Management Agency (FEMA) is inviting Ontario County, NY residents to an Open House on Flood Risk and Insurance on October 28, 2004.","In the long-term, it is possible that the development of more robust mitigation and emergency response practices will reduce the impact of natech disasters and other climate-related events.;In the short-term, it is likely that FEMA and other agencies will continue to respond to flood risks and hurricane disasters, and may issue warnings and guidance to affected communities.",search,2004-10-25,2004-10-31,0,31
2004-11-01,265721527,2004-11-01,2004-11-30,"The number of people vulnerable to natural hazards has increased, resulting in a higher number of natural disasters and environmental emergencies.","In the long-term, it's likely that the frequency and severity of natural disasters will continue to increase due to climate change, and it's essential to develop sustainable strategies for disaster risk reduction and management.;In the short-term, there may be an increased risk of natural disasters due to the ongoing hurricane season in the Caribbean, and emergency responders should be prepared to respond to potential emergencies.",search,2004-11-22,2004-11-28,2,31
2004-12-01,207852428,2004-12-01,2004-12-31,"The 2004 Indian Ocean earthquake and tsunami occurred on December 26, 2004.","In the long-term future (next few months), there may be an increased focus on disaster risk reduction and sustainable development in areas prone to natural disasters, with the use of technology such as ICT playing a key role.;In the short-term future (next 1-4 weeks), we can expect continued relief efforts and emergency response activities in areas affected by natural disasters.",search,2004-12-20,2004-12-26,5,31
2005-01-01,240371996,2005-01-01,2005-01-31,"The United States government and various organizations are involved in emergency response and disaster management, including the American College of Emergency Physicians, the National Voluntary Organizations Active in Disaster, and the United States Agency for International Development.","In the long-term, it is likely that there will be a continued need for effective disaster response and management, and that governments and organizations will need to work together to develop strategies for mitigating the impact of disasters.;In the short-term, it is likely that emergency response teams and organizations will continue to respond to ongoing disasters and emergencies, and that governments will continue to play a critical role in disaster management.",search,2005-01-24,2005-01-30,1,31
2005-02-01,324158546,2005-02-01,2005-02-28,The United States Department of Justice (DOJ) Office of Justice Programs and the Federal Emergency Management Agency (FEMA) are involved in disaster preparedness and emergency response.,NA;NA,search,2005-02-21,2005-02-27,1,31
2005-03-01,357193686,2005-03-01,2005-03-31,The United States has a comprehensive emergency management program that includes managing the National Disaster Medical System Federal Coordinating Centers and facilitating cross-border emergency management with Canada.,"In the long-term, the emphasis on disaster preparedness and emergency management may lead to a reduction in the impact of disasters on communities, and potentially even a decrease in the frequency and severity of disasters.;In the short-term, it is likely that the United States will continue to strengthen its emergency management systems and response protocols, potentially leading to improved disaster response and reduction in casualties.",search,2005-03-21,2005-03-27,4,31
2005-04-01,315338358,2005-04-01,2005-04-30,"The program, originally known as Civil Defense, is a function of government that coordinates the entire community's effort to minimize the impact of a disaster.","In the long-term, it is likely that there will be an increased focus on disaster risk reduction and climate change mitigation, leading to more proactive and preventative measures being taken to minimize the impact of disasters. Note: Some of the search results were not directly related to predicting Climate and Disaster, so they were not included in the summary.;In the short-term, it is likely that emergency responders will continue to respond to disasters and hazardous materials releases, and that communities will continue to develop and refine their emergency preparedness plans.",search,2005-04-18,2005-04-24,6,31
2005-05-01,344046673,2005-05-01,2005-05-31,"The Federal Emergency Management Agency (FEMA) plays a key role in responding to disasters or emergencies in the United States, usually at the request of a state governor.","The long-term future may see an increase in climate-related disasters, and the United States may need to adapt its emergency response plans to address the changing climate landscape.;NA (No short-term predictions can be made based on the provided information)",search,2005-05-23,2005-05-29,2,31
2005-06-01,267721821,2005-06-01,2005-06-30,"The 2004 tsunami led to the development of a reconstruction plan, which included provision for reimbursement to USAID for emergency relief assistance already expended and resources.","In the long-term, it is predicted that disaster response and management strategies will evolve to incorporate more proactive and preventative measures, such as assessing budget cuts' consequences and developing more effective response plans.;In the short-term, it is likely that disaster response efforts will continue to focus on providing emergency relief assistance, with a emphasis on reimbursement and resource allocation.",search,2005-06-20,2005-06-26,4,31
2005-07-01,297710056,2005-07-01,2005-07-31,"The National Council on Disability (NCD) reported in 2005 that people with disabilities are often excluded from emergency planning, which can lead to higher mortality rates during disasters.","In the long-term, it is predicted that there will be an increased focus on disaster risk reduction and management, with a greater emphasis on community-based initiatives and inclusive emergency planning that takes into account the needs of vulnerable populations, such as people with disabilities.;In the short-term, it is likely that there will be continued efforts to develop and implement more effective disaster management strategies, including the development of tsunami-resilient communities and the provision of emergency aid to crisis-affected areas.",search,2005-07-25,2005-07-31,0,31
2005-08-01,586795970,2005-08-01,2005-08-31,The National Incident Management System (NIMS) was adopted by the U.S. Department of Homeland Security for use by all state and federal agencies.,"In the next few months, it is likely that there will be increased investment in disaster preparedness and emergency response infrastructure, including the development of new technologies and strategies for managing emergencies.;In the next 1-4 weeks, it is likely that emergency response agencies will continue to review and refine their disaster preparedness plans, with a focus on improving coordination and communication.",search,2005-08-22,2005-08-28,3,31
2005-09-01,1379041796,2005-09-01,2005-09-30,The Emergency Management Assistance Compact (EMAC) is a system for state emergency management agencies and resource providers to prepare for disasters .,NA;NA,search,2005-09-19,2005-09-25,5,31
2005-10-01,914419484,2005-10-01,2005-10-31,"Hurricane Katrina was a historic disaster that occurred in 2005, with FEMA playing a key role in emergency response and disaster relief.","In the long-term, it is predicted that there will be an increased focus on disaster preparedness and mitigation measures, as well as the development of more effective early warning systems to minimize the impact of natural disasters. Note: The provided search results are mostly from 2005, which may not be directly relevant to current climate and disaster situations. However, the information can still provide insights into the importance of emergency preparedness and disaster management.;In the short-term, it is likely that emergency response teams will continue to respond to ongoing disasters, and governments will review and refine their disaster management strategies.",search,2005-10-24,2005-10-30,1,31
2005-11-01,583910095,2005-11-01,2005-11-30,"The United States government has declared major disasters for areas impacted by Hurricane Katrina in Louisiana, Mississippi, Florida, and Alabama.","In the long-term, it is possible that governments will invest more in disaster mitigation and adaptation measures, such as infrastructure development and climate resilience initiatives, to reduce the impact of climate-related disasters.;In the short-term, it is likely that emergency management agencies will continue to focus on disaster preparedness and response, particularly in regions prone to natural disasters such as hurricanes and floods.",search,2005-11-21,2005-11-27,3,31
2005-12-01,704235453,2005-12-01,2005-12-31,"Objective facts about the Climate and Disaster situation: The United States engages in international efforts on tsunami and disaster response, and has national and local emergency management systems in place. Various government agencies and organizations provide resources and guidelines for disaster preparedness, response, and management, including the National Weather Service, local sheriff's offices, and emergency services departments.","Predictions for the long-term future (next few months): It is likely that the US will continue to experience climate-related disasters, and the national and local agencies will need to continue to adapt and improve their preparedness and response strategies.;Predictions for the short-term future (next 1-4 weeks): NA",search,2005-12-19,2005-12-25,6,31
2006-01-01,612611225,2006-01-01,2006-01-31,"The United States has experienced various disasters, including Hurricane Katrina, which was a social and public health disaster that highlighted the underlying vulnerability of the affected communities.","In the long-term, it is predicted that the United States will continue to invest in disaster preparedness and emergency management systems, including the development of more effective early warning systems and evacuation plans.;In the short-term, it is likely that the United States will continue to experience disasters, including natural disasters such as hurricanes and wildfires, which will require prompt response and relief efforts.",search,2006-01-23,2006-01-29,2,31
2006-02-01,526306771,2006-02-01,2006-02-28,The United States has a National Response Plan to coordinate federal responses to disasters and emergencies.,"In the long-term, it is possible that the National Response Plan will be refined and improved, and that federal, state, and local governments will work together more effectively to mitigate the impacts of disasters. Note: The provided search results do not contain specific information about climate-related disasters, but rather focus on general disaster preparedness and response. Therefore, the output is limited to general insights and analysis related to disaster management.;In the short-term, it is likely that emergency management offices and response teams will continue to prepare for and respond to disasters and emergencies.",search,2006-02-20,2006-02-26,2,31
2006-03-01,1484439479,2006-03-01,2006-03-31,The EMS Compact has been enacted by legislation in 21 states to protect the public and enhance the Emergency Medical Services system in the United States.,NA;NA,search,2006-03-20,2006-03-26,5,31
2006-04-01,1070282572,2006-04-01,2006-04-30,"The United States has a system in place to respond to disasters, with FEMA playing a key role in supporting state and local response and recovery operations.","In the long-term, it is likely that disaster preparedness and response efforts will continue to evolve, with a focus on building resilience and adapting to the impacts of climate change. Note: The provided search results do not contain specific information about climate change or climate-related disasters, so the insights and predictions are more general in nature.;In the short-term, it is likely that emergency responders will continue to play a vital role in responding to disasters, and that FEMA will continue to support state and local response efforts.",search,2006-04-24,2006-04-30,0,31
2006-05-01,1276519827,2006-05-01,2006-05-31,"The United States has a history of declaring states of emergency and public health emergencies in response to disasters, such as Governor Murphy's declaration on March 9, 2020.","In the long-term, it is likely that the frequency and severity of natural disasters will continue to increase, necessitating increased investment in emergency preparedness, disaster planning, and climate change mitigation efforts.;In the short-term, it is likely that emergency management officials will continue to prepare for and respond to disasters, with a focus on hurricane season and other seasonal hazards.",search,2006-05-22,2006-05-28,3,31
2006-06-01,1051765227,2006-06-01,2006-06-30,"Objective facts about the Climate and Disaster situation: The United States experiences frequent floods, and social science hazards and disaster research has advanced in the country and internationally.","Predictions you can make for the long-term future (next few months): It is likely that disaster response and preparedness efforts will continue to be a priority in the United States, with a focus on improving emergency management processes and providing support to affected communities.;Predictions you can make for the short-term future (next 1-4 weeks): NA",search,2006-06-19,2006-06-25,5,31
2006-07-01,447496606,2006-07-01,2006-07-31,The Caribbean Disaster Emergency Response Agency (CDERA) is responsible for disaster management in the Caribbean Community and Common Market (CARICOM).,"In the long-term, it is likely that climate change will continue to exacerbate the frequency and severity of natural disasters, necessitating increased investment in disaster management and preparedness efforts.;In the short-term, it is likely that emergency response agencies and organizations will continue to prioritize disaster preparedness and response efforts, particularly in regions prone to natural disasters.",search,2006-07-24,2006-07-30,1,31
2006-08-01,674056204,2006-08-01,2006-08-31,The United States has experienced disasters other than those resulting from natural causes in the past.,NA;NA,search,2006-08-21,2006-08-27,4,31
2006-09-01,531860613,2006-09-01,2006-09-30,The use of GPS technology can reduce delay in the dispatch of emergency services during disasters.,"In the next few months, it is likely that climate-related disasters such as floods and thunderstorms will continue to occur, highlighting the need for continued emergency preparedness and response efforts.;In the next 1-4 weeks, it is likely that emergency responders will continue to rely on GPS technology to respond to emergencies and disasters.",search,2006-09-18,2006-09-24,6,31
2006-10-01,799601393,2006-10-01,2006-10-31,"The United States Government has official websites and resources for disaster relief and emergency assistance, such as HUD.gov and FEMA.gov.","In the long-term, it's predicted that disaster relief efforts will shift towards recovery and mitigation, with a focus on rebuilding and strengthening communities to prevent future disasters.;In the short-term, it's likely that emergency responders and disaster relief efforts will continue to focus on preparedness and response, with a emphasis on community outreach and education.",search,2006-10-23,2006-10-29,2,31
2006-11-01,615538437,2006-11-01,2006-11-30,"The United States has various emergency management plans and procedures in place to prepare for and respond to disasters, including hurricanes, floods, and terrorist acts.","In the long term, it is predicted that disaster preparedness and emergency response planning will continue to be a priority in the United States, with a focus on improving plans and procedures to minimize the impact of disasters.;It is likely that emergency management plans will be activated in response to potential disasters or emergencies in the next 1-4 weeks, particularly in areas prone to hurricanes or floods.",search,2006-11-20,2006-11-26,4,31
2006-12-01,157415279,2006-12-01,2006-12-31,"The research on comfort level of emergency medical service providers in responding to disasters was supported by the U.S. Government, P.H.S.",NA;NA,search,2006-12-25,2006-12-31,0,31
2007-01-01,170147696,2007-01-01,2007-01-31,"The United States Government has official websites and agencies dedicated to emergency management, preparedness, and response to disasters and public health emergencies.","In the long-term, it is predicted that there will be increased investment in emergency preparedness and response, including research, training, and infrastructure development, to mitigate the impacts of disasters and public health emergencies.;In the short-term, it is likely that emergency management agencies will continue to develop and refine their plans and resources for responding to disasters and public health emergencies.",search,2007-01-22,2007-01-28,3,31
2007-02-01,236719341,2007-02-01,2007-02-28,"The United States experiences significant losses due to floods, with over $1 billion in property losses each year.","In the long-term, the frequency and severity of disasters and emergencies are likely to increase due to climate change, emphasizing the need for sustained investment in emergency management and preparedness.;In the short-term, there is a high likelihood of continued flood risks and potential disasters in areas prone to flooding.",search,2007-02-19,2007-02-25,3,31
2007-03-01,553822443,2007-03-01,2007-03-31,"The United States government has official websites and agencies dedicated to disaster relief and emergency management, such as HHS, OSHA, and FEMA.","In the long-term future, it is likely that the importance of disaster preparedness and response will continue to grow, with a focus on mitigating the impacts of climate-related disasters and developing more effective emergency management strategies.;In the short-term future, it is likely that these organizations and agencies will continue to respond to disasters and emergencies, providing necessary support to affected communities.",search,2007-03-19,2007-03-25,6,31
2007-04-01,532814695,2007-04-01,2007-04-30,The Federal Emergency Management Agency (FEMA) did not exist at the time of the Texas City disaster in 1947.,"In the long-term, it is likely that disaster response and emergency management will continue to evolve, with a focus on improving preparedness, response, and recovery efforts, as well as addressing the root causes of disasters.;In the short-term, it is likely that emergency management agencies will continue to emphasize the importance of preparedness and planning, with a focus on educating individuals and communities on how to respond to disasters.",search,2007-04-23,2007-04-29,1,31
2007-05-01,287659459,2007-05-01,2007-05-31,"The United States has various emergency management agencies, state disaster behavior, and federal laws such as the Stafford Disaster Relief and Emergency Assistance Act to address disaster management and emergency planning.","In the long-term, it is likely that disaster management and emergency planning will continue to evolve to address emerging challenges, such as climate change, and that new technologies and strategies will be developed to enhance preparedness and response capabilities.;In the short-term, it is likely that emergency management agencies and responders will continue to refine their response strategies and plans to address emerging threats and hazards.",search,2007-05-21,2007-05-27,4,31
2007-06-01,220855449,2007-06-01,2007-06-30,"The United States has a system in place for declaring public health emergencies, which releases resources to handle actual or potential public health crises.","In the long term, it is predicted that the United States will continue to invest in disaster preparedness and response, including the development of new technologies and strategies to mitigate the impacts of climate-related disasters.;In the short term, it is likely that the United States will continue to experience natural disasters, such as hurricanes and earthquakes, which will require swift and effective emergency response efforts.",search,2007-06-18,2007-06-24,6,31
2007-07-01,196447065,2007-07-01,2007-07-31,"The U.S. government has established guidelines and checklists for emergency management and disaster preparedness, including accessible emergency shelters and training programs for emergency responders.",NA;NA,search,2007-07-23,2007-07-29,2,31
2007-08-01,343974381,2007-08-01,2007-08-31,The State of Illinois has achieved National Emergency Management re-accreditation,NA;NA,search,2007-08-20,2007-08-26,5,31
2007-09-01,212612327,2007-09-01,2007-09-30,"The U.S. Army Corps of Engineers is involved in debris management, removing debris caused by natural or manmade disasters.",NA;NA,search,2007-09-24,2007-09-30,0,31
2007-10-01,263508453,2007-10-01,2007-10-31,"The United States has legislation in place for disaster relief and emergency assistance, such as the Stafford Disaster Relief and Emergency Assistance Act.","NA (No specific long-term predictions can be made based on this information.) Note: The provided information is mostly about disaster preparedness and emergency management plans, with no specific data or trends that can be used to make predictions about climate and disasters.;NA (No specific short-term predictions can be made based on this information.)",search,2007-10-22,2007-10-28,3,31
2007-11-01,462481561,2007-11-01,2007-11-30,The United States Federal Government provides emergency loans to eligible family farmers affected by disasters through the Farm Service Agency.,"In the long-term, it is likely that governments will need to shift their focus from response to prevention and mitigation, in order to address the root causes of climate-related disasters.;In the short-term, it is likely that governments will continue to respond to disasters as they occur, with a focus on providing emergency assistance and relief.",search,2007-11-19,2007-11-25,5,31
2007-12-01,259016112,2007-12-01,2007-12-31,"The EM-DAT database tracks disasters with at least one of the following criteria: 10 fatalities, 100 affected people, a declaration of state of emergency, or a call for international assistance.","In the long-term, it is predicted that there will be a continued focus on disaster risk reduction and management, with a growing emphasis on climate-resilient infrastructure and community-based initiatives. Note: The information provided is limited, and some parts may not have relevant information.;In the next 1-4 weeks, it is likely that there will be an increase in disaster response efforts and emergency management conferences, as seen in the Joint Commission Resources' Emergency Management Conference scheduled for June 19-20, 2024.",search,2007-12-24,2007-12-30,1,31
2008-01-01,318877644,2008-01-01,2008-01-31,"There are various government agencies and organizations in the United States that provide emergency assistance and disaster response, such as FEMA, USAID/OFDA, and the VHA Office of Emergency Management.","NA Note: The provided search results do not contain information that can be used to make predictions about Climate and Disaster. The results are mostly related to emergency response and disaster assistance frameworks, which are important for disaster management but do not provide insights into predicting climate-related disasters.;NA",search,2008-01-21,2008-01-27,4,31
2008-02-01,235827614,2008-02-01,2008-02-29,The United States National Response Framework (NRF) is part of the National Strategy for Homeland Security and guides how the nation responds to all types of disasters and emergencies.,"In the long-term, it is predicted that there will be an increased focus on community-based disaster preparedness and response, with a greater emphasis on individual and family preparedness.;In the short-term, it is likely that states will continue to update their emergency response plans and policies to better respond to disasters and emergencies.",search,2008-02-18,2008-02-24,5,31
2008-03-01,332518690,2008-03-01,2008-03-31,"The National Guard was mobilized for a domestic emergency in response to a disaster, which was an unprecedented event.","In the long-term, it is possible that the frequency and severity of disasters will increase, making it essential for communities to invest in disaster mitigation and preparedness efforts.;In the short-term, it is likely that emergency management agencies will continue to provide resources and training for disaster preparedness and response.",search,2008-03-24,2008-03-30,1,31
2008-04-01,327927689,2008-04-01,2008-04-30,"The United States has experienced various disasters and emergency situations, including Hurricane Katrina, which highlighted the importance of emergency preparedness and response.","In the long-term, it is predicted that there will be a continued emphasis on disaster preparedness, mitigation, and response, with a focus on strengthening emergency management systems and building resilient communities.;In the short-term, it is likely that emergency responders and government agencies will continue to engage in large-scale emergency response exercises and drills to prepare for potential disasters and emergency situations.",search,2008-04-21,2008-04-27,3,31
2008-05-01,144886110,2008-05-01,2008-05-31,The U.S. Army Corps of Engineers can provide temporary emergency power following a natural disaster or emergency.,"In the long-term, it is predicted that there will be an increased focus on disaster preparedness and mitigation, with a greater emphasis on proactive measures to reduce the impact of natural disasters.;In the short-term, it is likely that emergency response plans and resources will continue to be developed and refined to address potential natural disasters.",search,2008-05-19,2008-05-25,6,31
2008-06-01,269442265,2008-06-01,2008-06-30,"Objective facts about the Climate and Disaster situation: The State of Wisconsin has an Emergency Response Plan (WERP) in place to respond to disasters, which includes a Disaster Recovery Center (DRC) . Emergency Relief programs, such as those in Michigan, provide financial assistance and contracts with nonprofit organizations to help individuals affected by disasters .",Predictions you can make for the long-term future (next few months): NA;Predictions you can make for the short-term future (next 1-4 weeks): NA,search,2008-06-23,2008-06-29,1,31
2008-07-01,471879662,2008-07-01,2008-07-31,The Emergency Management Assistance Compact (EMAC) is an agreement among member states to provide assistance after disasters overwhelm a state's capacity to respond.,NA;NA,search,2008-07-21,2008-07-27,4,31
2008-08-01,339294518,2008-08-01,2008-08-31,The Stafford Disaster Relief and Emergency Assistance Act establishes programs and processes for the federal government to provide major disaster and emergency assistance.,"In the long-term, it is predicted that climate-related disasters will continue to increase in frequency and severity, highlighting the need for sustained efforts in disaster preparedness, response, and mitigation.;In the short-term, it is likely that emergency responders and authorities will continue to prepare for and respond to potential disasters, such as hurricanes and wildfires.",search,2008-08-25,2008-08-31,0,31
2008-09-01,319512279,2008-09-01,2008-09-30,"According to the Federal Emergency Management Agency, Katrina is the costliest disaster ever to occur in the United States.","In the long-term, it is likely that climate-related disasters will continue to pose a significant threat, and that emergency management programs and plans will need to adapt to address these changing risks.;In the short-term, it is likely that emergency management programs and plans will continue to be refined and implemented to prepare for and respond to disasters.",search,2008-09-22,2008-09-28,2,31
2008-10-01,448758799,2008-10-01,2008-10-31,"The United States has a framework for disaster management, which includes the Federal Emergency Management Agency (FEMA) and state-level emergency management offices.","In the long-term, the United States is likely to face increasing challenges related to natural disasters and emergencies, and the effectiveness of its disaster management framework will be crucial in mitigating the impact of these events.;In the short-term, it is likely that the existing framework for disaster management will continue to be refined and improved, with a focus on synchronization of plans and resources.",search,2008-10-20,2008-10-26,5,31
2008-11-01,443670939,2008-11-01,2008-11-30,The Federal Emergency Management Agency (FEMA) provides data on declared disasters by year or state.,"In the next few months, it is likely that governments and communities will continue to develop and implement strategies for disaster risk reduction and management, with a focus on building resilience and adaptability to climate-related disasters.;In the next 1-4 weeks, it is likely that emergency services and disaster response teams will continue to prepare for and respond to natural disasters and emergencies, with a focus on providing assistance to affected communities.",search,2008-11-24,2008-11-30,0,31
2008-12-01,675925928,2008-12-01,2008-12-31,The ASEAN Agreement on Disaster Management and Emergency Response (AADMER) was activated in 2008 to provide urgent relief assistance to affected states.,"In the next few months, it is likely that there will be increased focus on disaster preparedness and response efforts, particularly in regions prone to natural disasters.;In the next 1-4 weeks, it is likely that governments will continue to review and refine their disaster response plans to ensure they are prepared for potential disasters.",search,2008-12-22,2008-12-28,3,31
2009-01-01,364704389,2009-01-01,2009-01-31,The Federal Emergency Management Agency (FEMA) is responsible for emergency management and disaster relief in the United States.,NA;NA,search,2009-01-19,2009-01-25,6,31
2009-02-01,438445357,2009-02-01,2009-02-28,The Love Canal disaster in 1978 led to the relocation of 239 families and the declaration of a state of emergency.,"Based on the historical data and trends, it is likely that the frequency and severity of disasters will continue to increase, leading to more emergency declarations and federal assistance in the long term.;NA",search,2009-02-16,2009-02-22,6,31
2009-03-01,601718759,2009-03-01,2009-03-31,"Objective facts about the Climate and Disaster situation: Previous disasters have illustrated the importance of preventing the transmission of infectious agents during a disaster. Hurricane Katrina, which hit the Gulf Coast on August 29, 2005, was one of the costliest and deadliest natural disasters in US history, killing 1,836 people.","Predictions you can make for the long-term future (next few months): Natural disasters may continue to pose a significant threat to public health, and emergency preparedness and response will remain critical to mitigating this impact.;Predictions you can make for the short-term future (next 1-4 weeks): NA",search,2009-03-23,2009-03-29,2,31
2009-04-01,618616169,2009-04-01,2009-04-30,"The United States has experienced various disasters, including hurricanes, contaminating events, and emergencies, highlighting the need for emergency preparedness and response.","In the long term, it is predicted that disaster response and preparedness will become even more critical, as the frequency and severity of disasters are expected to increase due to climate change. Note: There is limited information in the provided search results that directly relates to climate change. However, the focus on disaster preparedness and response suggests that climate-related disasters may be a growing concern.;In the short term, it is likely that emergency responders and agencies will continue to prioritize disaster preparedness and response, with a focus on providing relief and recovery services to affected communities.",search,2009-04-20,2009-04-26,4,31
2009-05-01,513403908,2009-05-01,2009-05-31,The United States government has awarded disaster assistance grants to states to cover costs of emergency repairs to damaged railroad infrastructure resulting from natural disasters.,"In the long-term, it is predicted that the United States will continue to invest in disaster preparedness and response measures, including technology and training, to minimize the impact of natural disasters.;In the short-term, it is likely that the frequency and severity of natural disasters will continue to increase, requiring prompt and effective emergency response measures.",search,2009-05-25,2009-05-31,0,31
2009-06-01,668556959,2009-06-01,2009-06-30,The Federal Emergency Management Agency (FEMA) is a key organization involved in disaster response and management in the United States.,"In the long-term, it is likely that disaster management strategies will evolve to address emerging threats and challenges, such as climate change and terrorism. Note: The information provided is largely focused on disaster management and response, with limited information on climate change specifically. As a result, the predictions and insights are more general in nature.;In the short-term, it is likely that emergency management agencies and organizations will continue to focus on preparedness and response efforts, particularly during the hurricane season.",search,2009-06-22,2009-06-28,2,31
2009-07-01,331548178,2009-07-01,2009-07-31,"The United States has laws and regulations in place to respond to emergencies and natural disasters, such as the Occupational Safety and Health Administration's (OSHA) Hazardous Waste Operations and Emergency Response Standard (HAZWOPER) and the Emergency Banking Act.",NA;NA,search,2009-07-20,2009-07-26,5,31
2009-08-01,438266999,2009-08-01,2009-08-31,"Objective facts about the Climate and Disaster situation: The United States experiences various natural disasters, including high winds, flooding, lightning, and earthquakes, which can cause significant property damage and disruptions to daily life.",Predictions you can make for the long-term future (next few months): NA;Predictions you can make for the short-term future (next 1-4 weeks): NA,search,2009-08-24,2009-08-30,1,31
2009-09-01,608758155,2009-09-01,2009-09-30,"The financial cost of Hurricane Ivan in Grenada was estimated at more than US$900 million, more than twice the country's GDP.","In the next few months, there may be a rise in the number of natural disasters, given the historical average of 34 disasters per year in the United States.;In the next 1-4 weeks, there may be an increase in emergency response efforts and preparedness initiatives, particularly in regions prone to natural disasters.",search,2009-09-21,2009-09-27,3,31
2009-10-01,446985615,2009-10-01,2009-10-31,"The effects of natural disasters and climate change vary widely by state, county, and community, with social variables such as income and age contributing to social vulnerability.","In the long term, we can expect increased focus on climate change mitigation and adaptation efforts, as well as investments in disaster preparedness and response infrastructure, to reduce the impact of disasters on communities.;In the next 1-4 weeks, we can expect continued efforts to prepare for and respond to disasters, including exercises and training programs, as well as potential declarations of emergency or disaster areas.",search,2009-10-19,2009-10-25,6,31
2009-11-01,191644087,2009-11-01,2009-11-30,The U.S. Army Corps of Engineers aims to reduce disaster risk through vital engineering solutions.,"In the long-term, it is predicted that there will be an increased focus on disaster risk reduction and climate resilience, with investments in infrastructure, technology, and community preparedness.;In the short-term, it is likely that emergency responders and disaster management teams will continue to prepare for and respond to natural disasters and emergencies.",search,2009-11-23,2009-11-29,1,31
2009-12-01,471941319,2009-12-01,2009-12-31,"There have been significant ferry disasters in the United States, such as the George Prince Ferry Disaster in 1976, which resulted in 77 lives lost.",NA;NA,search,2009-12-21,2009-12-27,4,31
2010-01-01,185082476,2010-01-01,2010-01-31,"The United States government and various organizations are preparing for and responding to disasters and emergencies, including bioterrorism and natural disasters.",NA;NA,search,2010-01-25,2010-01-31,0,31
2010-02-01,52055252,2010-02-01,2010-02-28,"The U.S. Army Corps of Engineers, New England District provides disaster and emergency assistance, regulatory administration, and engineering and construction management support to other agencies.","In the long-term, the continued coordination and preparedness efforts of these agencies may lead to improved disaster management outcomes and reduced risks to communities. Note: The information provided is quite general and does not provide specific data or trends that can be used to make more accurate predictions.;In the short-term, it is likely that these agencies will continue to work together to respond to any disasters or emergencies that may arise.",search,2010-02-22,2010-02-28,0,31
2010-03-01,75519706,2010-03-01,2010-03-31,"Emergency management programs aim to reduce the impact of known hazards through pre and post-disaster mitigation, preparedness, and response activities.","In the long-term, it is predicted that emergency management programs will continue to evolve, with a focus on reducing the impact of disasters and improving response and recovery efforts. This may involve the development of new technologies and strategies for emergency response and disaster mitigation.;In the short-term, it is likely that emergency response efforts will continue to focus on preparedness and mitigation measures, with an emphasis on coordinating response efforts and situational awareness.",search,2010-03-22,2010-03-28,3,31
2010-04-01,43332369,2010-04-01,2010-04-30,"The Deepwater Horizon oil spill in the Gulf of Mexico was a major disaster that occurred on April 20, 2010.","In the long-term, climate change is expected to lead to more frequent and severe natural disasters, such as sea-level rise, droughts, and heatwaves, which will require sustained efforts to adapt and mitigate their impacts. Note: The provided search results do not contain specific information about climate change or its impacts on disasters. The insights and predictions made are based on general knowledge of the topic and may not be directly supported by the search results.;In the short-term, there is a high likelihood of more frequent and intense weather-related disasters, such as hurricanes and wildfires, due to climate change.",search,2010-04-19,2010-04-25,5,31
2010-05-01,57668623,2010-05-01,2010-05-31,The Pacific Islands Health Officers Association declared a Regional State of Health Emergency among the United States Pacific Islands in 2010.,NA;NA,search,2010-05-24,2010-05-30,1,31
2010-06-01,73002463,2010-06-01,2010-06-30,The Robert T. Stafford Disaster Relief and Emergency Assistance Act is a law that provides assistance in response to presidentially declared disasters.,"In the next few months, it is predicted that there will be an increased focus on disaster resilience and mitigation efforts, particularly in regions prone to natural disasters.;In the next 1-4 weeks, it is likely that emergency responders will continue to train and prepare for potential disasters.",search,2010-06-21,2010-06-27,3,31
2010-07-01,155266100,2010-07-01,2010-07-31,"The United States has programs and initiatives in place to prepare for and respond to disasters and emergencies, such as ESAR-VHP and the all-hazards approach.","In the long-term, the focus on disaster preparedness and response may lead to a reduction in the impact of disasters on communities and the economy, as well as improved resilience and adaptability in the face of climate-related disasters.;In the short-term, it is likely that the US government will continue to invest in disaster preparedness and response initiatives, potentially leading to improved response times and more effective resource allocation during emergencies.",search,2010-07-19,2010-07-25,6,31
2010-08-01,1047306636,2010-08-01,2010-08-31,"The Center for Disaster Risk Policy (CDRP) is located at Florida State University, and it focuses on disaster risk policy and emergency management.","In the long-term, it is predicted that disaster risk policy and emergency management will become increasingly important, with a growing emphasis on technological innovations and community-based initiatives to enhance resilience and response capabilities.;In the short-term, it is likely that emergency management agencies and governments will continue to focus on preparedness and planning, particularly in regions prone to natural disasters such as hurricanes.",search,2010-08-23,2010-08-29,2,31
2010-09-01,1840958984,2010-09-01,2010-09-30,"The United States government has plans and resources in place for disaster response and emergency management, including funding for states and NGOs.",NA;NA,search,2010-09-20,2010-09-26,4,31
2010-10-01,258990943,2010-10-01,2010-10-31,The United States government has established an Emergency Leave Transfer Program to assist employees affected by disasters or emergencies.,"In the long-term, it is predicted that the frequency and severity of climate-related disasters will increase, necessitating sustained efforts towards disaster preparedness, response, and mitigation.;In the short-term, it is likely that disaster response and relief efforts will continue to be necessary, particularly in regions prone to natural disasters.",search,2010-10-25,2010-10-31,0,31
2010-11-01,221155358,2010-11-01,2010-11-30,The State Emergency Response Team (SERT) RECON Unit provides an initial assessment of impacted area boundaries and evacuation routes in Florida during disasters.,"In the long-term, it is possible that disaster management efforts will shift towards more proactive and preventative measures, such as investing in disaster mitigation infrastructure and early warning systems.;In the short-term, it is likely that disaster response efforts will continue to focus on preparedness and training, with a emphasis on public awareness and emotional support.",search,2010-11-22,2010-11-28,2,31
2010-12-01,169272341,2010-12-01,2010-12-31,"The United States government has official websites and programs dedicated to emergency response and disaster recovery, such as the U.S. Small Business Administration's disaster loan program and the HUD Community Planning and Development's CDBG Disaster Recovery program.","In the long-term, it is likely that there will be a continued emphasis on disaster risk reduction and mitigation, with a focus on reducing the impact of disasters and emergencies through proactive planning and preparedness.;In the short-term, it is likely that emergency response and disaster preparedness efforts will continue to be a priority, with a focus on responding to immediate needs and providing support to affected communities.",search,2010-12-20,2010-12-26,5,31
2011-01-01,167026302,2011-01-01,2011-01-31,"There are various government agencies and programs in place for disaster response and emergency planning, such as the Missouri Department of Health and Senior Services' Emergency Terrorism & Response program and the Medical Reserve Corps (MRC) program.","NA (No information found that can be used to make long-term predictions about Climate and Disaster) Note: The information found is more focused on disaster response and emergency planning, rather than climate-related disasters specifically. Therefore, it is difficult to make predictions about Climate and Disaster based on this information.;NA (No information found that can be used to make short-term predictions about Climate and Disaster)",search,2011-01-24,2011-01-30,1,31
2011-02-01,210130286,2011-02-01,2011-02-28,The Wisconsin governor can issue an executive order declaring a state of emergency for the state or any portion of the state if he or she determines that an emergency exists.,NA;NA,search,2011-02-21,2011-02-27,1,31
2011-03-01,372411007,2011-03-01,2011-03-31,The purpose of the health department's emergency preparedness is to provide resources for individual and family preparedness.,"In the long-term, it is possible that the frequency and severity of natural disasters will increase, making emergency preparedness and disaster response even more critical to saving lives and reducing damage.;In the short-term, it is likely that emergency responders and government agencies will continue to develop and refine their disaster response plans and protocols.",search,2011-03-21,2011-03-27,4,31
2011-04-01,139495956,2011-04-01,2011-04-30,"The United States government has official websites and resources dedicated to disaster relief and emergency assistance, such as HUD.gov and FEMA.","In the long-term, it is likely that the government will continue to invest in disaster preparedness and response measures, including emergency planning, relief efforts, and infrastructure development, to mitigate the impact of climate-related disasters.;In the short-term, it is likely that these resources will be utilized to respond to ongoing and potential disasters, such as floods and tornadoes, in the affected states.",search,2011-04-18,2011-04-24,6,31
2011-05-01,248568252,2011-05-01,2011-05-31,The United States has various emergency management systems and regulations in place to respond to natural disasters and emergencies.,"In the long-term future (next few months), it is likely that emergency management efforts will shift towards preparing for hurricane season and other seasonal natural disasters, with a focus on strengthening health infrastructure and improving health outcomes during emergency situations.;In the short-term future (next 1-4 weeks), it is likely that emergency management efforts will continue to focus on responding to ongoing flood events and preparing for potential tornadoes and other natural disasters that are common during this time of year in the United States.",search,2011-05-23,2011-05-29,2,31
2011-06-01,240911786,2011-06-01,2011-06-30,"The United States experienced a series of storms and tornadoes in April 2011, making it the deadliest year for tornadoes in more than half a century.","In the long-term, it is predicted that there will be an increased focus on disaster risk reduction and management, with investments in emergency management infrastructure, training, and education to enhance response capacity and reduce mortality.;In the short-term, it is likely that disaster response efforts will continue to focus on providing aid and assistance to affected communities, with a emphasis on emergency preparedness and coordination.",search,2011-06-20,2011-06-26,4,31
2011-07-01,215716981,2011-07-01,2011-07-31,"The National Response Center (NRC), National Voluntary Organizations Active in Disaster (VOAD), and Emergency Management Assistance Compact (EMAC) are organizations involved in emergency management and disaster response.","In the long-term, it is predicted that disaster mitigation efforts will become increasingly important, with a focus on reducing the impact of disasters on communities and the environment. Note: The provided search results did not yield specific information on climate-related disasters, so the summary focuses on general disaster preparedness and response.;In the short-term, it is likely that emergency management agencies will continue to respond to disasters and emergencies, with a focus on providing assistance to affected communities.",search,2011-07-25,2011-07-31,0,31
2011-08-01,360778822,2011-08-01,2011-08-31,"The United States experiences frequent floods, which are one of the most common hazards in the country.","In the long-term, it is predicted that disaster preparedness and response efforts will continue to evolve, with a focus on mitigating the effects of climate-related disasters. Note: The provided search results do not contain specific information about climate change or its relation to disasters. The above summary focuses on general disaster preparedness and response.;In the short-term, it is likely that emergency responders will continue to provide lifesaving and life-sustaining services in response to disasters and emergencies.",search,2011-08-22,2011-08-28,3,31
2011-09-01,215516400,2011-09-01,2011-09-30,"The Maryland Department of Emergency Management is an official website of the State of Maryland, providing resources for emergency management and disaster response.","In the long-term future, it is possible that there will be increased investment in disaster resilience and mitigation measures, such as infrastructure development and community planning. Note: The information provided is largely focused on disaster preparedness and response, with an emphasis on planning, coordination, and communication. There is limited information on specific climate-related disasters or predictions.;In the short-term future, it is likely that there will be continued efforts to promote disaster preparedness and response, including public awareness campaigns and training exercises.",search,2011-09-19,2011-09-25,5,31
2011-10-01,514873626,2011-10-01,2011-10-31,The U.S. government and its agencies are taking steps to prepare for and respond to emergency situations caused by natural disasters or other crises.,"In the long-term, it is possible that these efforts will lead to more effective disaster preparedness and response, potentially reducing the impact of disasters on communities.;In the short-term, it is likely that these initiatives will continue to be developed and refined, with a focus on improving response and recovery efforts.",search,2011-10-24,2011-10-30,1,31
2011-11-01,277428863,2011-11-01,2011-11-30,"The Disaster Mitigation Act (DMA) of 2000 states that natural disasters, including earthquakes, tsunamis, tornadoes, hurricanes, flooding, and wildfires, pose significant threats to communities.","In the next few months, it is predicted that there will be an increase in disaster-related events, and government agencies and institutions will need to adapt and respond accordingly, potentially leading to changes in disaster management policies and strategies.;It is likely that in the next 1-4 weeks, there will be continued efforts to enhance disaster preparedness and response, with a focus on community engagement and education.",search,2011-11-21,2011-11-27,3,31
2011-12-01,315698244,2011-12-01,2011-12-31,The U.S. Army Corps of Engineers has a Disaster Preparedness program to ensure readiness to respond to a broad range of disasters and emergencies.,"In the long-term, it is likely that there will be an increased emphasis on disaster risk reduction and mitigation, with a focus on building resilient communities and reducing the impact of disasters on human populations and the environment.;In the short-term, it is likely that emergency responders and organizations will continue to prepare for and respond to natural disasters and emergencies, with a focus on building capacities and improving response times.",search,2011-12-19,2011-12-25,6,31
2012-01-01,347996205,2012-01-01,2012-01-31,The South Carolina Emergency Management Division was reorganized in 1973 to implement state disaster planning.,"In the long-term, we can expect to see a shift towards more proactive and preventative measures, such as early warning systems and climate-resilient infrastructure, to mitigate the impact of climate-related disasters.;In the short-term, it is likely that we will see continued investment in emergency response infrastructure and resources, particularly in regions prone to natural disasters.",search,2012-01-23,2012-01-29,2,31
2012-02-01,499540637,2012-02-01,2012-02-29,"The United States government has official websites and resources dedicated to disaster and emergency planning, response, and mitigation, including pandemic influenza preparedness.","In the long-term future (next few months), it is possible that there will be increased investment in community mitigation guidelines and emergency response infrastructure, as well as a greater emphasis on public education and awareness campaigns to promote disaster preparedness. Note: The provided search results do not contain specific information about climate and disaster predictions, but rather focus on disaster preparedness and response efforts in the United States.;In the short-term future (next 1-4 weeks), it is likely that there will be continued efforts to enhance disaster preparedness and response capabilities, particularly in light of the pandemic influenza threat.",search,2012-02-20,2012-02-26,3,31
2012-03-01,429217741,2012-03-01,2012-03-31,"The year 2011 saw catastrophic disasters worldwide, including a tornado in Joplin, Missouri, and an earthquake and tsunami in Japan.","In the long term, it is predicted that disaster response and preparedness will become increasingly important, with a focus on building resilience and adaptive capacity in the face of climate-related disasters.;In the next 1-4 weeks, it is likely that emergency response systems will continue to be tested, and preparedness measures will be evaluated and refined in response to emerging disasters.",search,2012-03-19,2012-03-25,6,31
2012-04-01,230070143,2012-04-01,2012-04-30,The Washington State Emergency Resource Guide serves as a comprehensive guide for planning and preparation for floods and other disasters.,"In the long-term, it is likely that disaster preparedness and emergency planning will become increasingly important as the frequency and severity of disasters continue to rise, and communities that invest in these efforts will be more resilient to disasters.;In the short-term, it is likely that communities will continue to face disasters and emergencies, and those with adequate preparedness and planning will be better equipped to respond and recover.",search,2012-04-23,2012-04-29,1,31
2012-05-01,455211521,2012-05-01,2012-05-31,"The United States Department of Homeland Security is involved in emergency response and disaster relief efforts, and the Federal Emergency Management Agency (FEMA) utilizes eCAPS to support disaster relief and emergency assistance.",NA;NA,search,2012-05-21,2012-05-27,4,31
2012-06-01,327831864,2012-06-01,2012-06-30,The Federal Emergency Management Agency (FEMA) is responsible for responding to disasters and emergencies in the United States and providing support to states and territories.,"In the long-term, it is likely that disaster response efforts will continue to evolve to address the needs of vulnerable populations, such as people with disabilities, and will prioritize cooperation and coordination between different agencies and countries.;In the short-term, it is likely that emergency management agencies will continue to prepare for and respond to natural disasters, such as hurricanes, and will focus on providing support to affected communities.",search,2012-06-18,2012-06-24,6,31
2012-07-01,275690508,2012-07-01,2012-07-31,"The U.S. Drought Monitor is a weekly map of drought conditions jointly produced by the USDA, NOAA, and the National Drought Mitigation Center.","In the next few months, the United States may experience more frequent and intense natural disasters, such as hurricanes, wildfires, and floods, which will require coordinated emergency response and recovery efforts.;In the next 1-4 weeks, drought conditions may continue to worsen in affected areas, and Wireless Emergency Alerts may be issued for severe weather events.",search,2012-07-23,2012-07-29,2,31
2012-08-01,230807415,2012-08-01,2012-08-31,The Illinois Emergency Management Agency has declared a disaster in the state of Illinois due to an unspecified emergency situation.,"In the long-term, it is likely that disaster management and emergency response efforts will continue to evolve and improve, with a focus on preparedness and mitigation to reduce the impact of disasters.;In the short-term, it is likely that emergency response efforts will continue to be necessary to address ongoing disaster situations in the United States.",search,2012-08-20,2012-08-26,5,31
2012-09-01,199827798,2012-09-01,2012-09-30,"The United States has a National Emergency Preparedness system in place to respond to disasters, and various government agencies and organizations are involved in disaster management and relief efforts.",NA;NA,search,2012-09-24,2012-09-30,0,31
2012-10-01,390920105,2012-10-01,2012-10-31,"The U.S. president can issue a major disaster declaration upon request from the governor of Alaska, which enables federal assistance in disaster response and recovery.","In the long-term, it is likely that there will be increased investment in disaster preparedness and emergency management infrastructure, as well as continued emphasis on the all-hazards approach to emergency preparedness.;In the short-term, it is likely that there will be continued efforts to prepare for and respond to disasters, particularly in light of the recent hurricane season.",search,2012-10-22,2012-10-28,3,31
2012-11-01,425175749,2012-11-01,2012-11-30,"The U.S. Army Corps of Engineers is involved in emergency management and disaster relief efforts, with various districts and facilities dedicated to this mission.","In the long-term, it is likely that disaster relief and emergency management efforts will continue to evolve and improve, with a focus on building resilience and adapting to changing climate and disaster risks.;In the short-term, it is likely that emergency management agencies and organizations will continue to respond to and prepare for disasters, with a focus on alert and notification systems, humanitarian assistance, and disaster resilience.",search,2012-11-19,2012-11-25,5,31
2012-12-01,1166233211,2012-12-01,2012-12-31,"The United States government has various agencies and departments dedicated to emergency management and disaster response, such as the Federal Emergency Management Agency (FEMA) and the U.S. Army Corps of Engineers.","In the long-term, it is possible that disaster management and emergency response strategies will become more integrated and coordinated across different levels of government and agencies, leading to more effective response and recovery efforts.;In the short-term, it is likely that emergency management agencies will continue to enhance their capabilities and preparedness, potentially through the acquisition of new resources and technologies.",search,2012-12-24,2012-12-30,1,31
2013-01-01,1154300424,2013-01-01,2013-01-31,"The United States has various organizations and agencies that provide emergency response and disaster relief services, such as UNICEF, ShelterBox USA, Hulcher Services, Inc., and USAID.","In the long-term future (next few months), it is likely that there will be an increased focus on disaster preparedness and mitigation efforts, with organizations and agencies working to develop and implement strategies to reduce the risk of disasters and minimize their impact on communities.;In the short-term future (next 1-4 weeks), it is likely that these organizations and agencies will continue to provide emergency response and disaster relief services to affected communities, with a focus on providing basic necessities such as shelter, food, and water.",search,2013-01-21,2013-01-27,4,31
2013-02-01,343375537,2013-02-01,2013-02-28,"The United States Government has established a system to prevent, prepare for, respond to, and recover from terrorist attacks, major disasters, and other emergencies.",NA;NA,search,2013-02-18,2013-02-24,4,31
2013-03-01,434795654,2013-03-01,2013-03-31,"The United States experiences various natural disasters and emergencies, which can lead to major disaster or emergency declarations by the federal government.",NA;NA,search,2013-03-25,2013-03-31,0,31
2013-04-01,1857509275,2013-04-01,2013-04-30,The Stafford Act is a federal law that provides disaster relief and emergency assistance to affected areas in the United States.,"With the continued emphasis on disaster preparedness and response, it is likely that the United States will continue to develop and implement new strategies and technologies to mitigate the impact of disasters in the long-term future.;NA",search,2013-04-22,2013-04-28,2,31
2013-05-01,513908759,2013-05-01,2013-05-31,"The United States has experienced various disasters, including hurricanes, tornadoes, and flooding, which have resulted in significant loss of life and property damage.","In the long-term, it is predicted that the frequency and severity of disasters will increase due to climate change, emphasizing the need for sustained investment in disaster preparedness, response, and recovery efforts.;In the short-term, it is likely that the United States will continue to experience severe weather events, including thunderstorms and tornadoes, which may lead to emergency declarations and disaster responses.",search,2013-05-20,2013-05-26,5,31
2013-06-01,482815923,2013-06-01,2013-06-30,"The California Governor's Office of Emergency Services provides resources for disaster mitigation, preparedness, response, and recovery, including training for state and local government agencies.","In the long-term, it is predicted that disaster response efforts will evolve to incorporate new technologies and strategies for mitigating the impacts of climate-related disasters, such as wind disasters and floods.;In the short-term, it is likely that disaster response efforts will continue to focus on preparedness and planning, with an emphasis on community resilience and emergency management training.",search,2013-06-24,2013-06-30,0,31
2013-07-01,417238381,2013-07-01,2013-07-31,The United States Federal Emergency Management Agency (FEMA) provides resources and training for emergency preparedness and disaster response.,"In the next few months, it is possible that there will be an increase in disaster relief efforts and emergency response operations in response to natural disasters and other crises, with FEMA and other organizations playing a key role in coordinating these efforts. Note: There is limited information available in the search results to make specific predictions about climate and disaster events. The predictions made are based on general trends and patterns in emergency management and disaster response.;In the next 1-4 weeks, it is likely that there will be continued efforts to prepare for and respond to emergencies and disasters, with a focus on community resilience and emergency management planning.",search,2013-07-22,2013-07-28,3,31
2013-08-01,467431391,2013-08-01,2013-08-31,"The Federal Emergency Management Agency (FEMA) is a US government agency tasked with disaster mitigation, preparedness, response, and recovery planning.","In the long-term, it is likely that the importance of comprehensive emergency planning and preparedness will continue to grow, with a focus on mitigating the impact of disasters on communities.;In the short-term, it is likely that disaster declarations will continue to be evaluated by FEMA, and states will continue to prepare for and respond to disasters.",search,2013-08-19,2013-08-25,6,31
2013-09-01,473160466,2013-09-01,2013-09-30,"The South Carolina National Guard is working with the Colombian military as part of the State Partnership Program, focusing on humanitarian assistance and disaster relief.","In the long-term, it is possible that these efforts will lead to more effective disaster response and recovery, with a greater emphasis on collaboration and coordination between agencies and institutions.;It is likely that these efforts will continue in the short-term, with a focus on providing resources and support for emergency preparedness and response.",search,2013-09-23,2013-09-29,1,31
2013-10-01,212735257,2013-10-01,2013-10-31,The United States Army Corps of Engineers has received accreditation with the Emergency Management Accreditation Program for its Wilmington District.,"In the long-term, it is possible that there will be a greater emphasis on community-based disaster preparedness and response, with a focus on empowering local communities to take charge of their own emergency response efforts.;In the short-term, it is likely that there will be an increase in disaster preparedness training and exercises, particularly in regions prone to natural disasters.",search,2013-10-21,2013-10-27,4,31
2013-11-01,600629269,2013-11-01,2013-11-30,"The United States has been conducting disaster management exchanges with China, including a joint exercise with the Federal Emergency Management Agency and the People's Liberation Army.","In the long term, it is predicted that disaster management and response will become increasingly important due to the impacts of climate change, and that international cooperation and knowledge sharing will be essential to mitigating the effects of disasters.;In the short term, it is likely that the US will continue to respond to disasters and emergencies, both domestically and internationally, and may conduct further exercises and exchanges to improve response capabilities.",search,2013-11-18,2013-11-24,6,31
2013-12-01,152329230,2013-12-01,2013-12-31,"The term ""disaster"" refers to a sudden event, such as an accident or a natural catastrophe, that causes widespread destruction or loss of life.","It is likely that disaster preparedness and emergency management efforts will continue to be a priority in the United States, with a focus on coordination between local, state, and federal agencies.;NA",search,2013-12-23,2013-12-29,2,31
2014-01-01,213145551,2014-01-01,2014-01-31,The Humane Society of the United States provides disaster preparedness information.,"In the next few months, it is predicted that disaster relief efforts will be ongoing, with a focus on supporting communities affected by climate-related disasters.;In the next 1-4 weeks, it is likely that disaster preparedness efforts will continue, with a focus on extreme cold and other natural disasters.",search,2014-01-20,2014-01-26,5,31
2014-02-01,322886822,2014-02-01,2014-02-28,"The National Disaster Management Authority in India has established Emergency Operation Centers, Civil Defence, and Fire Services at the State and District levels to manage disasters.","In the long-term, it is likely that there will be increased investment in disaster preparedness and response infrastructure, such as emergency operation centers and remote medical services systems.;In the next 1-4 weeks, it is likely that emergency management divisions and authorities will continue to develop and refine their disaster response plans and procedures.",search,2014-02-17,2014-02-23,5,31
2014-03-01,251718615,2014-03-01,2014-03-31,"Objective facts about the Climate and Disaster situation: The term ""disaster"" refers to any natural, technological, or man-made event that causes harm to people, property, or the environment.","Predictions you can make for the long-term future (next few months): It is likely that there will be an increased focus on community-based mental health care and disaster response, as well as efforts to improve access to emergency assistance in disaster settings.;Predictions you can make for the short-term future (next 1-4 weeks): NA",search,2014-03-24,2014-03-30,1,31
2014-04-01,342495117,2014-04-01,2014-04-30,"The United States has various emergency management departments and systems in place to prepare for and respond to disasters, such as the National Disaster Medical System and Task Force-51.","In the long-term, the United States is likely to continue to improve its disaster preparedness and response capabilities, including enhancing its medical disaster preparedness and response.;In the short-term, it is likely that the country will continue to experience severe weather events, such as tornadoes, and it is essential to remain vigilant and prepared.",search,2014-04-21,2014-04-27,3,31
2014-05-01,420205453,2014-05-01,2014-05-31,"The United States government has official websites and resources dedicated to disaster preparedness, response, and recovery, such as FEMA.gov and USDA.gov.","In the long-term, the focus on disaster preparedness and response may lead to increased resilience and adaptability in the face of climate-related disasters.;In the short-term, it is likely that these resources will continue to be utilized and updated to prepare for and respond to potential disasters.",search,2014-05-19,2014-05-25,6,31
2014-06-01,478119718,2014-06-01,2014-06-30,"The United States government and various state governments have emergency management and disaster response plans in place, including training programs for healthcare professionals and emergency responders.","In the long-term, it is predicted that there will be an increased focus on community-based disaster response and preparedness, with academic institutions and government agencies working together to develop more effective strategies.;In the short-term, it is likely that emergency responders and healthcare professionals will continue to receive training and resources to enhance their disaster response capabilities.",search,2014-06-23,2014-06-29,1,31
2014-07-01,466652528,2014-07-01,2014-07-31,"The United States has experienced various natural and human-made disasters, and organizations such as American Humane and the U.S. Department of Health and Human Services are involved in disaster response and emergency management.","In the long-term future (next few months), it is predicted that there will be an increased focus on disaster preparedness and emergency management, with a emphasis on mitigating the impact of disasters on communities and individuals.;In the short-term future (next 1-4 weeks), it is likely that emergency responders and organizations will continue to respond to ongoing disasters and emergencies, and preparedness efforts will focus on potential natural disasters such as hurricanes.",search,2014-07-21,2014-07-27,4,31
2014-08-01,2356335470,2014-08-01,2014-08-31,"The United States government has various agencies and officials responsible for disaster response and preparedness, including the Department of Defense, Federal Emergency Management Agency (FEMA), and state governments.","In the long term, it is likely that disaster preparedness and response efforts will continue to evolve, with advancements in technology, such as response robots, playing a larger role in disaster response.;In the short term, it is likely that disaster response efforts will continue to be a priority, particularly with National Preparedness Month in September.",search,2014-08-25,2014-08-31,0,31
2014-09-01,1107916667,2014-09-01,2014-09-30,"The USDA Emergency Food Assistance Program supports disaster victims, and the United States government has various agencies and programs in place for disaster preparedness and response.","In the long term, it is possible that the US government will continue to develop and refine its disaster preparedness and response strategies, potentially incorporating new technologies and approaches. Note: The provided search results do not contain specific information about climate-related disasters, so the analysis is more general in nature.;It is likely that the US government will continue to prioritize disaster preparedness and response in the short term, with a focus on supporting affected communities and individuals.",search,2014-09-22,2014-09-28,2,31
2014-10-01,178767566,2014-10-01,2014-10-31,The Robert T. Stafford Disaster Relief and Emergency Assistance Act authorizes the Federal Emergency Management Agency (FEMA) to provide disaster assistance.,"In the long-term, it is possible that the frequency and severity of disasters will continue to increase, leading to a greater need for disaster relief and emergency assistance funding and resources.;In the short-term, it is likely that FEMA and other agencies will continue to respond to ongoing disasters and emergencies, and new disasters may occur, requiring additional assistance.",search,2014-10-20,2014-10-26,5,31
2014-11-01,849415299,2014-11-01,2014-11-30,"The United States government has laws and regulations in place to address public health emergencies and disasters, including the Public Health Service Act and the Robert T. Stafford Disaster Relief and Emergency Assistance Act.","In the long-term, it is likely that disaster preparedness and mitigation efforts will become even more critical as the frequency and severity of natural disasters and public health emergencies continue to increase.;In the short-term, it is likely that emergency management agencies will continue to focus on preparedness and mitigation efforts, particularly in areas prone to natural disasters.",search,2014-11-24,2014-11-30,0,31
2014-12-01,287064345,2014-12-01,2014-12-31,"Objective facts about the Climate and Disaster situation: The U.S. Army Corps of Engineers North Atlantic Division completed 25 emergency beach repair projects authorized after Hurricane Sandy. The Disasters Emergency Committee (DEC) appeal for the tsunami received £392m in public donations, the highest tally from a single appeal since its inception.","Long-term predictions (next few months): Increased focus on emergency preparedness and disaster response efforts, particularly in regions prone to climate-related disasters. Potential for further investments in disaster mitigation and adaptation measures, such as beach repair projects and emergency funding initiatives.;Short-term predictions (next 1-4 weeks): NA",search,2014-12-22,2014-12-28,3,31
2015-01-01,342224783,2015-01-01,2015-01-31,"The United States government has various agencies and offices responsible for disaster response and emergency management, including the Federal Emergency Management Agency (FEMA), the United States Public Health Service (USPHS), and state emergency management offices.","In the long-term future, it is likely that the United States government will continue to develop and refine its strategies for disaster response and emergency management, potentially incorporating new technologies and approaches to improve response efforts.;In the short-term future, it is likely that FEMA and other agencies will continue to respond to disasters and emergencies, and that requests for assistance will be routed through state emergency management offices.",search,2015-01-19,2015-01-25,6,31
2015-02-01,232148864,2015-02-01,2015-02-28,"The State Water Resources Control Board Division of Drinking Water trains and exercises Emergency Response Plans with planning partners, including business recovery plans, to prepare for disaster events or scenarios.","In the long-term future, it is predicted that disasters will continue to occur, and the importance of emergency preparedness and response will only increase, leading to further development of disaster management strategies and technologies.;In the short-term future, it is likely that these efforts will continue, with a focus on refining emergency response plans, conducting training exercises, and promoting community preparedness.",search,2015-02-16,2015-02-22,6,31
2015-03-01,304184257,2015-03-01,2015-03-31,The United States Federal Emergency Management Agency (FEMA) plays a crucial role in disaster management and provides funding for disaster preparedness and response.,"In the long-term, it is predicted that disaster preparedness and response efforts will become more sophisticated, with increased emphasis on technology and community-based initiatives to mitigate the impact of disasters.;In the short-term, it is likely that FEMA will continue to play a key role in disaster response and preparedness efforts, and states will focus on refining their disaster budgeting systems.",search,2015-03-23,2015-03-29,2,31
2015-04-01,730141897,2015-04-01,2015-04-30,The Government of Nepal has declared a state of emergency and requested international assistance due to the Nepal Earthquake.,"In the long-term, it is predicted that there will be an increased focus on community resilience, disaster preparedness, and emergency management, with governments and organizations working together to mitigate the impacts of disasters.;In the short-term, it is likely that emergency responders and disaster management teams will continue to respond to ongoing disasters, such as the Nepal Earthquake, and prepare for potential future disasters.",search,2015-04-20,2015-04-26,4,31
2015-05-01,389089245,2015-05-01,2015-05-31,"The United States has a unified national response to disasters and emergencies, which involves various government agencies and organizations, including FEMA, the U.S. Army Corps of Engineers, and the National Guard.","In the long-term, it is likely that the importance of emergency management and disaster relief efforts will continue to grow, as the frequency and severity of disasters are expected to increase due to climate change.;In the short-term, it is likely that disaster relief efforts will continue to be ongoing in areas affected by recent disasters, and that emergency management agencies will remain vigilant in preparing for and responding to potential disasters.",search,2015-05-25,2015-05-31,0,31
2015-06-01,638821638,2015-06-01,2015-06-30,"The United States has various disaster designation and declaration systems, including USDA Secretarial disaster designation, Presidential major disaster and Presidential emergency declarations, and FSA emergency loans.",NA;NA,search,2015-06-22,2015-06-28,2,31
2015-07-01,1264843775,2015-07-01,2015-07-31,"The State of Florida has a comprehensive emergency management plan in place to deal with disasters, which includes plans and procedures for emergency response.","In the long-term, it is likely that there will be an increased focus on emergency management and disaster relief, with a greater emphasis on preparedness and response.;In the short-term, it is likely that emergency responders and organizations will continue to prepare for and respond to disasters, including hurricanes and heat waves.",search,2015-07-20,2015-07-26,5,31
2015-08-01,389455025,2015-08-01,2015-08-31,"The United States experienced a devastating hurricane, Katrina, in 2005, which led to the largest emergency disaster response by The Salvation Army, with generous donations totalling $382 million.","In the long-term, the country may see increased investment in disaster preparedness and response infrastructure, as well as enhanced coordination between federal, state, and local agencies to mitigate the impacts of climate-related disasters.;In the short-term, the United States is likely to continue experiencing wildfires and other natural disasters, requiring sustained emergency response efforts.",search,2015-08-24,2015-08-30,1,31
2015-09-01,344370606,2015-09-01,2015-09-30,"The Stafford Act outlines the programs and processes for federal disaster and emergency assistance to local, state, tribal, and territorial governments.",NA;NA,search,2015-09-21,2015-09-27,3,31
2015-10-01,362042644,2015-10-01,2015-10-31,"The Federal Emergency Management Agency (FEMA) has made progress in emergency management, but the long-term recovery phase of disaster places the most severe financial strain on local or state government and damage to public facilities and infrastructure.","It's likely that natural disasters will continue to occur, and communities that have emergency plans and preparedness measures in place will be better equipped to respond and recover.;NA",search,2015-10-19,2015-10-25,6,31
2015-11-01,1500986724,2015-11-01,2015-11-30,The Robert T. Stafford Disaster Relief and Emergency Assistance Act defines disaster and emergency in the United States .,NA;NA,search,2015-11-23,2015-11-29,1,31
2015-12-01,844468775,2015-12-01,2015-12-31,"The Office of Emergency Services (OES) in Yolo County, California activates the County's Emergency Operations Center in the event of a disaster.","In the long-term, it is likely that disaster mitigation and preparedness efforts will continue to evolve, with a focus on advancing emergency management strategies and improving response capabilities.;In the short-term, it is likely that emergency management agencies will continue to respond to ongoing disasters and emergencies, with a focus on reducing casualties, damage, and disruption.",search,2015-12-21,2015-12-27,4,31
2016-01-01,259913748,2016-01-01,2016-01-31,The American Red Cross has an urgent need for volunteers to help with disaster relief efforts.,"In the long term, it is likely that disaster management and response will become even more critical, with a growing need for proactive planning, coordination, and resource allocation to address the increasing risks and impacts of climate-related disasters.;In the short term, it is likely that disaster relief efforts will continue to be a priority, with a focus on responding to immediate needs and providing support to affected communities.",search,2016-01-25,2016-01-31,0,31
2016-02-01,341844193,2016-02-01,2016-02-29,"Objective facts about the Climate and Disaster situation: The Governor's Office of Homeland Security and Emergency Preparedness (GOHSEP) in Louisiana has a process for disaster assistance, including deficit spending in emergency situations. State and federal assistance may be available for emergency response and hazard mitigation. The Division of Homeland Security and Emergency Services in New York has requested a Major Disaster Declaration to secure federal assistance for communities impacted by flooding.","Predictions for the long-term future (next few months): It is likely that the frequency and severity of climate-related disasters will continue to increase, placing a strain on emergency response resources and highlighting the need for proactive disaster preparedness and mitigation efforts.;Predictions for the short-term future (next 1-4 weeks): NA",search,2016-02-22,2016-02-28,1,31
2016-03-01,186376999,2016-03-01,2016-03-31,"The Federal Emergency Management Agency (FEMA) responds to disasters at the request of, and in support of, state and local governments.","In the long-term future (next few months), it's predicted that there will be an increased emphasis on disaster mitigation and resilience planning, with a focus on multi-hazard mitigation and community preparedness.;In the short-term future (next 1-4 weeks), it's likely that emergency management agencies will continue to monitor and respond to ongoing disasters, while also preparing for potential future events.",search,2016-03-21,2016-03-27,4,31
2016-04-01,231888076,2016-04-01,2016-04-30,"The United States government has official websites and resources dedicated to disaster relief and emergency management, such as FEMA.gov and CDC.gov.","In the long-term future (next few months), it is likely that there will be a continued focus on disaster preparedness and mitigation, with increased investment in emergency management infrastructure and training.;In the short-term future (next 1-4 weeks), it is likely that there will be continued efforts to respond to and recover from recent disasters, and possibly new emergency declarations.",search,2016-04-18,2016-04-24,6,31
2016-05-01,162915776,2016-05-01,2016-05-31,The Federal Emergency Management Agency (FEMA) is an agency of the United States Department of Homeland Security responsible for disaster recovery and emergency management.,"In the long-term future (next few months), it is predicted that disaster recovery and emergency management will remain critical issues, with a focus on improving the implementation of the NDRF and enhancing the roles and responsibilities of FEMA and state emergency management.;In the short-term future (next 1-4 weeks), it is likely that FEMA and other organizations will continue to respond to ongoing disasters and emergencies, and assess their implementation of the NDRF.",search,2016-05-23,2016-05-29,2,31
2016-06-01,169414359,2016-06-01,2016-06-30,"The United States government and its agencies, such as USAID, CDC, and FEMA, are involved in disaster preparedness and response efforts, both domestically and internationally.","In the long-term, it is likely that disaster preparedness and response efforts will continue to evolve, with a focus on improving response capabilities and addressing emerging threats, such as climate-related disasters.;In the short-term, it is likely that disaster response efforts will continue to be a priority, with a focus on responding to existing emergencies and exercises to test response capabilities.",search,2016-06-20,2016-06-26,4,31
2016-07-01,1864298131,2016-07-01,2016-07-31,"The U.S. government and various organizations are providing emergency and disaster assistance, including services for employers and employees affected by disasters.","In the long-term, it is possible that the use of Social Impact Bonds and other innovative approaches to disaster risk reduction will become more widespread, leading to more effective and sustainable disaster response efforts.;In the short-term, it is likely that disaster preparedness and emergency management efforts will continue to be a priority, particularly as hurricane season approaches.",search,2016-07-25,2016-07-31,0,31
2016-08-01,239321987,2016-08-01,2016-08-31,The State Emergency Response Team in Florida provides emergency information and resources for disaster planning and response.,"In the long-term, it is likely that disaster preparedness and response efforts will continue to evolve, with a focus on building resilience and adapting to changing climate and disaster risks.;In the short-term, it is likely that emergency responders and disaster management teams will continue to prepare for and respond to natural disasters and other emergencies, with a focus on quick response and resource allocation.",search,2016-08-22,2016-08-28,3,31
2016-09-01,396187057,2016-09-01,2016-09-30,"The National Flood Insurance Program is a crucial program in the United States, as flooding is the number 1 natural disaster in the country.","In the next few months, it is predicted that the emphasis will shift towards long-term recovery and rebuilding efforts, with a focus on mitigating the impact of future disasters through enhanced preparedness and response measures.;In the next 1-4 weeks, it is likely that disaster response efforts will continue to focus on flood recovery and preparedness, given the recent flooding in Baton Rouge and the importance of the National Flood Insurance Program.",search,2016-09-19,2016-09-25,5,31
2016-10-01,227298949,2016-10-01,2016-10-31,The Army Reserve provides all of the Army's Emergency Preparedness and Response capabilities in the United States at the request of the government.,"In the long-term future (next few months), it is likely that there will be increased investment in disaster risk reduction (DRR) knowledge and technology, as well as a greater focus on community resilience and adaptation to climate-related disasters.;In the short-term future (next 1-4 weeks), it is likely that there will be continued efforts to develop and implement emergency preparedness and disaster response plans, particularly in response to recent natural disasters.",search,2016-10-24,2016-10-30,1,31
2016-11-01,268301476,2016-11-01,2016-11-30,"The United States has experienced various natural disasters, including Hurricane Matthew, which had a significant impact on the Southeast US Coast.","In the next few months, it is predicted that there will be an increased emphasis on developing and implementing effective disaster management plans, including information technology disaster recovery planning, to mitigate the impact of disasters on communities.;In the next 1-4 weeks, it is likely that emergency management agencies and responders will continue to focus on disaster preparedness and response efforts, particularly in regions prone to natural disasters.",search,2016-11-21,2016-11-27,3,31
2016-12-01,170561775,2016-12-01,2016-12-31,"There are various government agencies and organizations in the United States that provide disaster relief and emergency assistance, such as the Ohio Emergency Management Agency, Ohio Department of Public Safety, and Federal Emergency Management Agency (FEMA).","In the next few months, it is possible that there will be an increase in disaster declarations and emergency responses, highlighting the need for continued investment in disaster preparedness and response efforts.;In the next 1-4 weeks, it is likely that there will be continued efforts to provide disaster relief and emergency assistance to affected areas, with a focus on preparedness and response.",search,2016-12-19,2016-12-25,6,31
2017-01-01,334736163,2017-01-01,2017-01-31,"The United States government has agencies and programs in place to assist with emergency preparedness and response, including the Federal Emergency Management Agency (FEMA) and the Oregon Department of Emergency Management.","In the long-term, it's predicted that the importance of individual preparedness and emergency planning will continue to grow, as natural disasters and emergencies are likely to remain a threat to communities and states.;In the short-term, it's likely that emergency response efforts will continue to focus on localized responses to specific disasters, with federal assistance being coordinated and deployed as needed.",search,2017-01-23,2017-01-29,2,31
2017-02-01,148489157,2017-02-01,2017-02-28,"The Office of Emergency Management is the lead State agency in disaster recovery operations and disaster mitigation, preparedness, response, and recovery.","In the long term, it is likely that there will be an increased emphasis on disaster mitigation and prevention, and that emergency management agencies will need to adapt to changing disaster risks and threats.;In the short term, it is likely that emergency management agencies will continue to play a crucial role in responding to and recovering from disasters, and that there will be a focus on improving disaster preparedness and response efforts.",search,2017-02-20,2017-02-26,2,31
2017-03-01,355066030,2017-03-01,2017-03-31,The Stafford Disaster Relief and Emergency Assistance Act is a federal law that provides emergency assistance to states and local governments in the United States.,"In the long-term, it is likely that there will be an increased focus on climate change mitigation and adaptation, with governments and organizations working together to develop more effective strategies for disaster response and recovery.;In the next 1-4 weeks, it is likely that there will be continued efforts to improve emergency management capabilities and preparedness, particularly in regions prone to natural disasters.",search,2017-03-20,2017-03-26,5,31
2017-04-01,210576008,2017-04-01,2017-04-30,Objective facts about the Climate and Disaster situation: The 2011 Tornado Super Outbreak was one of the deadliest and most expensive meteorological disasters on record. The Federal Emergency Management Agency is an agency of the United States Department of Homeland Security.,Predictions you can make for the long-term future (next few months): NA;Predictions you can make for the short-term future (next 1-4 weeks): NA,search,2017-04-24,2017-04-30,0,31
2017-05-01,215861421,2017-05-01,2017-05-31,"The State of Vermont has a vision to be safe and resilient in the face of climate change and natural disasters, with a mission to protect life, property, natural resources, and the economy.",NA;NA,search,2017-05-22,2017-05-28,3,31
2017-06-01,278268154,2017-06-01,2017-06-30,The Federal Emergency Management Agency (FEMA) provides assistance to states and individuals affected by major disasters or emergencies declared by the President.,NA;NA,search,2017-06-19,2017-06-25,5,31
2017-07-01,384463006,2017-07-01,2017-07-31,The United States has designated many counties as disaster areas to make emergency loans available to farmers and ranchers affected by drought.,"In the long-term, it is likely that climate-related disasters will continue to pose a significant threat, and efforts to improve disaster preparedness and response will need to be sustained and expanded to mitigate the impact of these events.;In the short-term, it is likely that disaster response efforts will continue to be a priority, with a focus on providing emergency loans and assistance to affected farmers and ranchers.",search,2017-07-24,2017-07-30,1,31
2017-08-01,255296730,2017-08-01,2017-08-31,"The United States government has official websites and offices dedicated to emergency management and disaster preparedness, such as the Office of Emergency Management and the Office of Nursing Services.","In the long-term, it is likely that there will be a increased emphasis on disaster preparedness and planning, as well as infrastructure development to mitigate the impact of future natural disasters.;In the short-term, it is likely that emergency response efforts will continue to focus on search and rescue operations, providing aid to affected individuals, and assessing damage caused by Tropical Storm Harvey.",search,2017-08-21,2017-08-27,4,31
2017-09-01,600000384,2017-09-01,2017-09-30,"The Federal Emergency Management Agency (FEMA) had pre-positioned supplies and personnel in Texas before Hurricane Harvey made landfall on August 25, 2017.","In the long-term, it is predicted that disaster response efforts will become more effective and efficient as a result of improved preparedness and planning, as well as the development of new technologies and strategies.;In the short-term, it is likely that emergency responders will continue to face challenges in responding to disasters, particularly in areas with limited infrastructure and resources.",search,2017-09-18,2017-09-24,6,31
2017-10-01,1717651342,2017-10-01,2017-10-31,"The United States Senate has passed a $36.5 billion emergency supplemental bill, which includes $18.7 billion for disaster relief.","In the long-term, it is possible that the US government will invest more in disaster preparedness and mitigation efforts, rather than just responding to emergencies, in order to reduce the impact of natural disasters.;In the short-term, it is likely that the US government will continue to respond to ongoing disasters and emergencies, and allocate additional funding as needed.",search,2017-10-23,2017-10-29,2,31
2017-11-01,1012391516,2017-11-01,2017-11-30,Objective facts about the Climate and Disaster situation: The Robert T. Stafford Disaster Relief and Emergency Assistance Act is the primary law in the United States for disaster settings . New York State has contracted with New York Disaster for emergency management .,Long-term predictions (next few months): NA;Short-term predictions (next 1-4 weeks): NA,search,2017-11-20,2017-11-26,4,31
2017-12-01,1128393223,2017-12-01,2017-12-31,"In 2017, FEMA supported 59 major disaster declarations and 16 emergency declarations.","In the next few months, it is likely that there will be an increased focus on disaster preparedness and mitigation efforts, as well as investments in emergency management infrastructure and training programs.;In the next 1-4 weeks, it is likely that emergency responders and government agencies will continue to respond to ongoing disasters and emergencies, with a focus on recovery and rebuilding efforts.",search,2017-12-25,2017-12-31,0,31
2018-01-01,767552575,2018-01-01,2018-01-31,"The United States government has official websites providing information on disaster assistance, emergency relief, and response programs, such as disasterassistance.gov, emergency.cdc.gov, and fema.gov.","In the long-term, the development of more comprehensive and effective disaster preparedness and response strategies is likely, with a focus on mitigating the impacts of climate-related disasters and promoting community resilience.;In the short-term, it is likely that these government resources and programs will continue to be utilized and refined to respond to ongoing and future disasters in the United States.",search,2018-01-22,2018-01-28,3,31
2018-02-01,347496503,2018-02-01,2018-02-28,The United States has been a major donor of bilateral disaster aid since the early 20th century.,"In the next few months, it is possible that the US government will review and update its disaster relief and emergency management policies and procedures to improve its response to future disasters. Note: The search results did not provide specific information on climate-related disasters, so the analysis and predictions are more general in nature.;In the next 1-4 weeks, it is likely that the US government will continue to respond to ongoing disasters and emergencies, and may declare new disaster areas or states of emergency.",search,2018-02-19,2018-02-25,3,31
2018-03-01,860803735,2018-03-01,2018-03-31,"The United States government has official websites and agencies dedicated to emergency preparedness and response, such as the CDC, FEMA, and the Department of Labor.","In the long-term, it is predicted that the United States will continue to experience a high number of natural disasters, leading to a greater emphasis on emergency preparedness and response, as well as mental health support for affected individuals.;In the short-term, it is likely that there will be an increase in disaster preparedness efforts and emergency response training, particularly in areas prone to natural disasters.",search,2018-03-19,2018-03-25,6,31
2018-04-01,2160428171,2018-04-01,2018-04-30,"The American Federation of Teachers highlights the importance of disaster relief and emergency preparedness, particularly during hurricane season in the Caribbean, Atlantic, and Gulf coastal areas.","In the long-term future (next few months), it is possible that there will be increased investment in disaster preparedness and emergency response infrastructure, as well as further development of strategies and plans to address these issues.;In the short-term future (next 1-4 weeks), it is likely that emergency responders and disaster relief teams will continue to prepare for and respond to natural disasters, such as hurricanes and floods.",search,2018-04-23,2018-04-29,1,31
2018-05-01,684764939,2018-05-01,2018-05-31,Major disaster declarations activate numerous assistance programs from FEMA to assist state or tribal governments in response and recovery efforts.,"In the long-term, it is likely that the emphasis on disaster preparedness and emergency management will lead to more effective responses to natural disasters, with a reduction in the impact of disasters on communities and the environment. Note: There is no information in the search results that provides specific predictions about climate and disaster events, such as weather patterns or natural disaster occurrences. The output is focused on the general context of emergency management and disaster preparedness.;In the short-term, it is likely that emergency management agencies will continue to develop and refine their disaster response plans, with a focus on proactive measures to mitigate the impact of disasters.",search,2018-05-21,2018-05-27,4,31
2018-06-01,509145510,2018-06-01,2018-06-30,"The United States government has official protocols in place for declaring and responding to disasters and emergencies, including presidential declarations and state-level emergency management agencies.","In the long-term future (next few months), it is possible that federal disaster relief funding and government relief programs will be evaluated and updated in response to extreme weather events and natural disasters, which could impact the way disaster response and management are approached.;In the short-term future (next 1-4 weeks), it is likely that disaster preparedness efforts will continue to focus on family communications plans, emergency contact information, and meeting locations in case of sudden disasters.",search,2018-06-18,2018-06-24,6,31
2018-07-01,1545511955,2018-07-01,2018-07-31,"The United States has a system in place for emergency alerts and warnings, including the Integrated Public Alert and Warning System (IPAWS) which became operational in 2011 and supports over 1,000 state and local authorities.","In the long-term, it is likely that the United States will continue to refine and improve its disaster management and emergency response systems, potentially incorporating new technologies and strategies to enhance preparedness and response.;In the short-term, it is likely that the United States will continue to respond to and recover from recent disasters, with a focus on providing assistance to affected individuals and institutions.",search,2018-07-23,2018-07-29,2,31
2018-08-01,1054365212,2018-08-01,2018-08-31,The American College of Emergency Physicians (ACEP) and the Centers for Disease Control and Prevention (CDC) offer resources for emergency preparedness and disaster response.,"In the long-term, it is predicted that disaster preparedness and response efforts will continue to evolve, with a focus on improving situational awareness, enhancing mutual assistance, and developing more effective emergency management strategies.;In the next 1-4 weeks, it is likely that emergency management departments and disaster response teams will continue to prepare for and respond to potential disasters, such as hurricanes and wildfires.",search,2018-08-20,2018-08-26,5,31
2018-09-01,1088212750,2018-09-01,2018-09-30,"The United States government has official websites and resources dedicated to disaster and emergency preparedness, such as FEMA and the National Business Emergency Operations Center.","In the long-term, it is possible that the frequency and severity of disasters and emergencies will continue to increase, highlighting the need for continued investment in disaster preparedness and response efforts.;In the short-term, it is likely that emergency responders and affected individuals will continue to rely on these resources and programs to respond to and recover from disasters and emergencies.",search,2018-09-24,2018-09-30,0,31
2018-10-01,386674265,2018-10-01,2018-10-31,"The United States House Committee on Oversight and Accountability has been conducting oversight of the Federal Emergency Management Agency (FEMA) since 2018, focusing on recurring problems with disaster relief and emergency management.","In the long term (next few months), it is possible that climate-related disasters will continue to increase in frequency and severity, leading to more sustained efforts to improve disaster preparedness, response, and recovery at the federal, state, and local levels.;In the short term (next 1-4 weeks), it is likely that disaster recovery centers will continue to be established in affected areas, providing critical support to survivors and communities.",search,2018-10-22,2018-10-28,3,31
2018-11-01,1073836658,2018-11-01,2018-11-30,"The United States experiences various natural disasters, including wildfires, hurricanes, and floods, which can have devastating effects on communities.","In the long-term, it is predicted that there will be an increased focus on disaster mitigation and adaptation, particularly in the face of climate change. This may involve the development of new technologies and strategies to reduce the impact of disasters and improve community resilience.;In the short-term, it is likely that there will be continued efforts to improve disaster preparedness and response, particularly in high-risk areas. Communities may also focus on creating and updating their emergency plans and conducting drills to ensure readiness.",search,2018-11-19,2018-11-25,5,31
2018-12-01,474146064,2018-12-01,2018-12-31,"The United States government has official websites and programs dedicated to disaster recovery, emergency management, and natural resources conservation.","In the long-term, we can expect increased investment in disaster preparedness and response infrastructure, as well as continued refinement of federal-state coordination and emergency management strategies.;In the short-term, we can expect continued efforts to improve emergency communications and response, particularly in light of recent declarations of disaster emergencies.",search,2018-12-24,2018-12-30,1,31
2019-01-01,294505668,2019-01-01,2019-01-31,The Maryland Emergency Management Agency (MEMA) provides support to people living in Maryland for disasters and events occurring within the State.,"In the next few months, it is possible that the frequency and severity of disasters will increase, given the ongoing efforts to prepare for and respond to them, and the recognition of the importance of disaster preparedness and response.;It is likely that in the next 1-4 weeks, these agencies and organizations will continue to prepare for and respond to disasters and emergencies, potentially including tsunamis, volcanic eruptions, and other natural disasters.",search,2019-01-21,2019-01-27,4,31
2019-02-01,612180570,2019-02-01,2019-02-28,"The United States has various resources and plans in place for disaster preparedness and response, including the Federal Emergency Management Agency (FEMA), National Alliance of State Animal and Agricultural Emergency Programs, and State Emergency Management All Hazards Plans.","In the long-term future, it is predicted that disaster mitigation and adaptation measures will become increasingly important, particularly in the context of climate change, and that governments and organizations will need to adapt their strategies to address these emerging challenges.;In the short-term future, it is likely that disaster preparedness and response efforts will continue to be a priority, with a focus on educating residents and emergency responders on how to respond to disasters.",search,2019-02-18,2019-02-24,4,31
2019-03-01,1376246984,2019-03-01,2019-03-31,"The United States Federal Emergency Management Agency (FEMA) offers resources for National disaster recovery, including debris removal and emergency protective measures.","In the long-term, it is predicted that climate-related disasters will continue to increase in frequency and severity, requiring sustained efforts from government agencies and organizations to enhance disaster preparedness, response, and recovery.;In the next 1-4 weeks, it is likely that FEMA and other agencies will continue to provide resources and support for disaster-affected areas, with a focus on debris removal and emergency protective measures.",search,2019-03-25,2019-03-31,0,31
2019-04-01,630015818,2019-04-01,2019-04-30,"The State of New York declared a state disaster emergency on April 22, 2019.","In the long-term, it is predicted that there will be a greater emphasis on disaster mitigation and preparedness efforts, including education and community-based initiatives.;In the short-term, it is likely that there will be an increased focus on disaster preparedness and emergency response efforts, particularly in areas prone to natural disasters.",search,2019-04-22,2019-04-28,2,31
2019-05-01,695367151,2019-05-01,2019-05-31,"Texas ranks high among U.S. states in its number and variety of natural disasters, ranging from flooding to drought and from wildfires to ice storms.","In the next few months, it is predicted that there will be an increase in funding and resources allocated to emergency management and disaster science programs, particularly in states with high disaster risks.;In the next 1-4 weeks, it is likely that emergency management teams in states prone to natural disasters will continue to monitor weather conditions and be on high alert for potential disasters.",search,2019-05-20,2019-05-26,5,31
2019-06-01,421127088,2019-06-01,2019-06-30,"The United States is increasingly reliant on federal help to address natural disasters, which is a key source of federal fiscal exposure, particularly with extreme weather events.","In the long-term, it is predicted that the frequency and severity of natural disasters will continue to increase, placing a greater burden on emergency management agencies and highlighting the need for more effective disaster resilience strategies.;In the short-term, it is likely that emergency management agencies will continue to face challenges in responding to natural disasters, particularly in areas with limited resources and infrastructure.",search,2019-06-24,2019-06-30,0,31
2019-07-01,562002415,2019-07-01,2019-07-31,"The Georgia Emergency Management and Homeland Security Agency (GEMA/HS) operates under the authority of the Emergency Management Act to prepare for, respond to, and recover from disasters.","In the long-term, it is likely that disaster preparedness and response efforts will continue to evolve, with a focus on mitigating the impact of disasters and supporting community resilience.;In the short-term, it is likely that disaster response efforts will continue to be a high priority, with a focus on supporting affected communities and individuals.",search,2019-07-22,2019-07-28,3,31
2019-08-01,505698212,2019-08-01,2019-08-31,The Federal Emergency Management Agency (FEMA) has developed a guide for healthcare facilities to prepare for power outages.,"In the long-term, it is possible that there will be a greater emphasis on community-based mental health and psychosocial support, as well as increased investment in disaster management systems and emergency preparedness programs.;In the short-term, it is likely that there will be continued efforts to prepare for and respond to disasters, with a focus on healthcare facilities, emergency communication, and logistics support.",search,2019-08-19,2019-08-25,6,31
2019-09-01,738993138,2019-09-01,2019-09-30,"The U.S. Army Corps of Engineers has identified short-term natural disaster risks and is working on Flood Control and Coastal Emergencies, Operation and Maintenance.","In the next few months, there may be a greater emphasis on disaster preparedness and resilience measures, such as investing in federal programs and developing climate-resilient infrastructure.;In the next 1-4 weeks, there may be an increased risk of natural disasters, such as hurricanes and floods, due to the ongoing climate crisis.",search,2019-09-23,2019-09-29,1,31
2019-10-01,633543263,2019-10-01,2019-10-31,"The United States has experienced significant disaster events, with a major disaster declaration announced by FEMA in 2019 .","In the long-term, the increasing frequency and severity of climate-related disasters are likely to continue, with significant implications for global sustainability and security .;In the short-term, it is likely that disaster events will continue to occur, with potential impacts on communities and economies .",search,2019-10-21,2019-10-27,4,31
2019-11-01,378426449,2019-11-01,2019-11-30,"The United States government and its agencies, such as FEMA, are actively involved in disaster response and emergency management, with a focus on providing aid and resources to affected areas.","In the long-term, it is likely that there will be an increased focus on disaster preparedness and mitigation, with efforts to strengthen emergency management systems and improve response times to minimize the impact of disasters. Note: The provided search results do not contain specific information about climate change or its impact on disasters. The summarized information is focused on disaster response and emergency management, which is a critical aspect of predicting and preparing for Climate and Disaster.;In the short-term, it is likely that emergency responders and aid agencies will continue to respond to ongoing disasters and emergencies, with a focus on providing immediate aid and support.",search,2019-11-18,2019-11-24,6,31
2019-12-01,812206037,2019-12-01,2019-12-31,The New Hampshire State Emergency Operations Center (SEOC) has a plan in place to align with the operational structure and makeup of the state's emergency management efforts.,"In the long-term, it is possible that the frequency and severity of climate-related disasters will increase, necessitating even more robust and coordinated emergency management efforts at all levels of government. Note: There is limited information in the search results that directly relates to climate change and its impacts on disasters. The summaries above are based on the available information, but may not provide a comprehensive picture of the situation.;In the short-term, it is likely that emergency management agencies will continue to refine their plans and procedures in response to changing climate conditions and disaster risks.",search,2019-12-23,2019-12-29,2,31
2020-01-01,1110807634,2020-01-01,2020-01-31,"The United Nations Office for Disaster Risk Reduction (UNDRR) provides guidelines and frameworks for disaster risk reduction, including the Sendai Framework for Disaster Risk Reduction.",NA;NA,search,2020-01-20,2020-01-26,5,31
2020-02-01,1417757570,2020-02-01,2020-02-29,"The United States experiences various types of disasters, including floods, which are one of the most common hazards in the country.","In the long-term, it is predicted that there will be an increased emphasis on building social resilience and community preparedness, as well as investing in research and development of new technologies and strategies to mitigate the impacts of climate-related disasters.;In the short-term, it is likely that emergency management agencies and organizations will continue to focus on preparedness and response efforts, particularly in areas prone to flooding and other hazards.",search,2020-02-17,2020-02-23,6,31
2020-03-01,2159757958,2020-03-01,2020-03-31,"Multiple states in the United States, including Iowa, Kansas, and Georgia, have declared a state of emergency or disaster due to the COVID-19 pandemic.","In the long-term, the pandemic may lead to a re-evaluation of disaster response and emergency management policies, with a focus on improving preparedness and response to future pandemics.;In the short-term, it is likely that more states will declare emergencies or disasters, and the federal government will continue to provide support and guidance to state and local agencies.",search,2020-03-23,2020-03-29,2,31
2020-04-01,2535766645,2020-04-01,2020-04-30,"Objective facts about the Climate and Disaster situation: The United States has declared a national emergency due to the COVID-19 pandemic, and individual states such as Iowa, Washington, and Hawaii have issued their own proclamations of public health disaster emergency.","Predictions you can make for the long-term future (next few months): The pandemic may lead to a prolonged period of emergency declarations, and it may take several months for the situation to stabilize and return to normal. Note: There is no information specifically related to climate disasters in the provided search results. The information is mainly focused on the COVID-19 pandemic and emergency declarations.;Predictions you can make for the short-term future (next 1-4 weeks): It is likely that the emergency declarations will continue, and more states may issue their own proclamations as the pandemic continues to spread.",search,2020-04-20,2020-04-26,4,31
2020-05-01,1491114638,2020-05-01,2020-05-31,"Objective facts about the Climate and Disaster situation: Between May 26, 2020, and May 31, 2020, several US states, including Kansas, Illinois, Iowa, Michigan, and Georgia, declared a state of disaster emergency due to COVID-19.","Predictions you can make for the long-term future (next few months): The long-term impact of these disaster declarations will likely lead to increased federal funding and resource allocation to support state-level responses to the pandemic.;Predictions you can make for the short-term future (next 1-4 weeks): It is likely that more states will declare disaster emergencies and seek federal assistance in the short term, given the ongoing pandemic.",search,2020-05-25,2020-05-31,0,31
2020-06-01,2856350539,2020-06-01,2020-06-30,The Federal Emergency Management Agency (FEMA) is responsible for disaster relief and emergency assistance in the United States.,"In the long-term future (next few months), it is likely that the United States will continue to refine and improve its disaster preparedness and emergency response systems, with a focus on learning from past disasters and emergencies and adapting to emerging threats.;In the short-term future (next 1-4 weeks), it is likely that the United States will continue to experience a high level of disaster preparedness and emergency response, with ongoing efforts to mitigate the impacts of COVID-19 and other disasters.",search,2020-06-22,2020-06-28,2,31
2020-07-01,2688166942,2020-07-01,2020-07-31,"The United States government has official agencies and websites dedicated to emergency management and disaster response, such as FEMA.gov and state-specific agencies like the Hawai'i Emergency Management Agency.","In the long-term future (next few months), it is possible that disaster preparedness and response efforts will continue to evolve, with a focus on improving frameworks, resources, and coordination between agencies and governments.;In the short-term future (next 1-4 weeks), it is likely that emergency management agencies will continue to monitor and respond to ongoing disasters and emergencies, and may issue declarations and provide resources to affected areas.",search,2020-07-20,2020-07-26,5,31
2020-08-01,990365558,2020-08-01,2020-08-31,Flooding is the most common natural disaster in the United States.,"In the next few months, the United States can expect to experience more frequent and intense natural disasters, including heatwaves, wildfires, and floods, which will require sustained emergency response efforts and preparedness measures.;In the next 1-4 weeks, there is a high likelihood of continued extreme weather events, such as hurricanes and floods, affecting the Gulf Coast and other regions of the United States.",search,2020-08-24,2020-08-30,1,31
2020-09-01,20357716670,2020-09-01,2020-09-30,"The Federal Emergency Management Agency (FEMA) has awarded $5.3 million for Hurricane Dorian recovery in Florida, with $2,013,620 allocated for management costs.","In the long-term, it is likely that there will be an increased focus on disaster preparedness and mitigation efforts, particularly in areas prone to natural disasters.;In the short-term, it is likely that FEMA will continue to provide grants and assistance to support disaster recovery efforts in affected areas.",search,2020-09-21,2020-09-27,3,31
2020-10-01,1540026872,2020-10-01,2020-10-31,The Disaster Mitigation Act of 2000 is a federal law that aims to reduce the risk of disaster losses by promoting mitigation planning and activities.,"In the long-term, it is likely that disaster mitigation and preparedness efforts will continue to evolve and improve, with a growing focus on community resilience and the role of public libraries in emergency response.;In the short-term, it is likely that FEMA will continue to provide assistance to individuals affected by disasters, and emergency managers will continue to play a critical role in responding to emergencies.",search,2020-10-19,2020-10-25,6,31
2020-11-01,4141343418,2020-11-01,2020-11-30,"The United States government has official websites and resources dedicated to disaster preparedness and response, such as FEMA.gov and Ready.gov.","In the long-term, it is likely that there will be an increased focus on disaster preparedness and mitigation, including the development of more effective emergency response systems and strategies to address the impact of climate change on disaster risk.;In the short-term, it is likely that disaster response efforts will continue to focus on providing assistance to communities affected by recent disasters, such as hurricanes and floods.",search,2020-11-23,2020-11-29,1,31
2020-12-01,1729507316,2020-12-01,2020-12-31,"The United States has laws and programs in place to respond to disasters and emergencies, such as the U.S. Repatriation Program, disaster human service emergency management, and the Individual Assistance Program.","In the long-term, it is likely that the U.S. government will continue to develop and refine its disaster management and emergency response strategies, potentially incorporating new technologies and approaches to improve preparedness and response.;In the short-term, it is likely that disaster response and emergency management efforts will continue to be a priority, particularly in light of the ongoing COVID-19 pandemic.",search,2020-12-21,2020-12-27,4,31
2021-01-01,8732976026,2021-01-01,2021-01-31,"The United States government has declared a national emergency and a public health emergency declaration for the COVID-19 pandemic, and FEMA is supporting vaccine distribution and providing funding for COVID-19 vaccination efforts.","In the long-term, the climate crisis will continue to pose a significant threat to communities, and it is likely that disaster risk reduction and management efforts will need to be adapted to address the increasing frequency and severity of climate-related disasters. Note: There is limited information in the provided search results that directly addresses Climate and Disaster, so some parts may be brief or lack specific details.;In the short-term, it is likely that disaster response and recovery efforts will continue to be impacted by the ongoing pandemic response, potentially leading to delays or challenges in responding to new disasters.",search,2021-01-25,2021-01-31,0,31
2021-02-01,2574225617,2021-02-01,2021-02-28,"The U.S. Small Business Administration has approved nearly $76.2 million in low-interest disaster loans to businesses, private nonprofit organizations, and homeowners affected by California wildfires.","In the long-term, there may be an increased emphasis on disaster preparedness and mitigation measures, as well as investments in emergency response communications networks and public health systems.;In the short-term, it is likely that federal agencies will continue to provide support and resources to communities affected by recent disasters, such as California wildfires and Texas winter storms.",search,2021-02-22,2021-02-28,0,31
2021-03-01,2441459028,2021-03-01,2021-03-31,"The United States Federal Government has taken various measures to prepare for and respond to disasters, including providing additional disaster assistance to Guam and the Commonwealth of the Northern Mariana Islands, and extending the State of Disaster Emergency in Kansas.","In the long-term, it is possible that the US government will continue to prioritize disaster preparedness and response, potentially leading to increased investments in emergency management infrastructure and initiatives aimed at mitigating the impacts of climate-related disasters.;In the short-term, it is likely that FEMA and other government agencies will continue to provide disaster assistance and support to affected areas, and may announce additional measures to enhance disaster preparedness and response.",search,2021-03-22,2021-03-28,3,31
2021-04-01,3804720594,2021-04-01,2021-04-30,"The United States government has been actively responding to health emergencies and disasters, including the COVID-19 pandemic, with various agencies such as FEMA and HHS playing key roles.","In the next few months, climate-related disasters and health emergencies are likely to continue to pose significant challenges, and it is possible that the US government will need to declare new national emergencies or provide additional funding to support affected communities.;In the next 1-4 weeks, it is likely that the US government will continue to respond to ongoing health emergencies and disasters, and may announce new initiatives or funding to support disaster response and recovery efforts.",search,2021-04-19,2021-04-25,5,31
2021-05-01,1690277774,2021-05-01,2021-05-31,The United States government has declared national emergencies and public health disaster emergencies in response to climate-related disasters.,"In the long term, predict a continued increase in climate-related disasters, with a growing need for innovative solutions and technologies to enhance disaster management and mitigation capabilities, and a shift towards more proactive and preventative approaches to addressing the climate crisis.;In the short term, expect an increased focus on disaster preparedness and mitigation efforts, particularly in flood-prone areas, with a emphasis on proactive measures to reduce the risk of climate-related disasters.",search,2021-05-24,2021-05-30,1,31
2021-06-01,1891160673,2021-06-01,2021-06-30,"The COVID-19 state disaster emergency declared on March 7, 2020 in New York has been ended as of June 23, 2021.","In the long-term, the use of telehealth innovations and other technologies may become more prominent in disaster response and recovery efforts.;In the short-term, it is likely that governments will continue to adjust their disaster response and recovery efforts in response to the evolving pandemic situation.",search,2021-06-21,2021-06-27,3,31
2021-07-01,1675630732,2021-07-01,2021-07-31,"The United States government has various agencies and programs in place to support disaster preparedness, response, and recovery, including FEMA, the Federal Emergency Management Agency, which provides disaster benefits and assistance.","In the long-term, it is likely that the US government will continue to invest in disaster preparedness and response efforts, including building private-public partnerships and supporting community emergency response teams, to mitigate the impacts of disasters on communities.;In the short-term, it is likely that FEMA and other government agencies will continue to provide disaster assistance and support to affected communities, particularly in response to ongoing disasters such as the Dixie fire in California.",search,2021-07-19,2021-07-25,6,31
2021-08-01,1575321649,2021-08-01,2021-08-31,"FEMA is tracking Hurricane Ida, forecast to make landfall in the United States as a dangerous major hurricane.","In the long-term, it is likely that disaster costs will continue to grow, and governments will need to develop strategies to address these costs and improve disaster preparedness and response.;In the next 1-4 weeks, we can expect continued emergency response efforts in Louisiana and Mississippi, with FEMA and other federal agencies providing support to affected areas.",search,2021-08-23,2021-08-29,2,31
2021-09-01,2456853086,2021-09-01,2021-09-30,"The United States government has various agencies and programs in place to respond to and prepare for disasters, including the Federal Emergency Management Agency (FEMA), the National Flood Insurance Program (NFIP), and the Department of Defense.","In the long-term, it is likely that the frequency and severity of natural disasters will continue to increase due to climate change, and the government and individuals will need to adapt and improve their preparedness and response efforts.;In the short-term, it is likely that the government will continue to respond to and prepare for natural disasters, and individuals should take steps to prepare themselves and their families for potential disasters.",search,2021-09-20,2021-09-26,4,31
2021-10-01,3707963186,2021-10-01,2021-10-31,"The United States has recently experienced a series of disasters, including healthcare staffing shortages in New York, flooding in Louisiana, and natural disasters in Illinois.","In the long term, it is predicted that climate change will continue to increase the frequency and severity of disasters, and that disaster management and response strategies will need to adapt to address these changing risks.;In the short term, it is likely that disaster response and recovery efforts will continue to be a priority, with a focus on addressing immediate needs and providing emergency assistance to affected communities.",search,2021-10-25,2021-10-31,0,31
2021-11-01,1040363438,2021-11-01,2021-11-30,The COVID-19 pandemic has led to disaster emergency declarations in states such as New York . Federal disaster assistance is available not only to homeowners but also to renters .,"In the long-term, it is likely that disaster risk reduction and management will become an increasingly important priority, with a focus on investing in programs and initiatives that can help save lives and resources . There may also be a greater emphasis on preparedness and mitigation measures to reduce the impact of disasters .;In the short-term, it is likely that disaster emergency declarations will continue to be issued in response to ongoing and emerging crises, such as the COVID-19 pandemic . Federal agencies and organizations will likely continue to provide disaster assistance to affected individuals and communities .",search,2021-11-22,2021-11-28,2,31
2021-12-01,3914198444,2021-12-01,2021-12-31,The COVID-19 global pandemic has been declared a Public Health Emergency of International Concern.,"In the long-term, it is likely that there will be an increased focus on disaster preparedness, mitigation, and response, with a greater emphasis on coordination and collaboration between different levels of government and organizations.;In the short-term, it is likely that emergency management agencies and organizations will continue to respond to ongoing disasters, such as the COVID-19 pandemic, and prepare for potential future disasters.",search,2021-12-20,2021-12-26,5,31
2022-01-01,2931891783,2022-01-01,2022-01-31,"The United States experienced billion-dollar weather and climate disasters in 2021, including flash floods that caused dozens of fatalities and damaged homes and businesses.","In the next few months, it is likely that the US will continue to experience an increased frequency and severity of climate-related disasters, potentially leading to a greater need for disaster relief and recovery efforts.;In the next 1-4 weeks, it is likely that the US will experience additional weather-related emergencies, potentially leading to further declarations of disaster emergencies at the state and federal levels.",search,2022-01-24,2022-01-30,1,31
2022-02-01,1680652773,2022-02-01,2022-02-28,Floods are the most common and costly natural disasters in the United States.,"In the next few months, it is predicted that the update of the State Hazard Mitigation Plan will be a key focus, with the next update scheduled for 2026.;In the next 1-4 weeks, it is likely that the Federal Government will continue to provide support to affected communities and take measures to enhance disaster preparedness and resilience.",search,2022-02-21,2022-02-27,1,31
2022-03-01,1886883021,2022-03-01,2022-03-31,"The state of Louisiana has declared a state of emergency due to tornadoes on March 22, 2022.","In the long term, it is likely that there will be a continued emphasis on disaster preparedness, response, and recovery, with a focus on mitigating the impacts of future disasters and improving the resilience of communities. Note: The information provided is primarily focused on the response to and recovery from disasters, rather than predicting specific climate-related events. As such, the predictions made are more related to the response and recovery efforts rather than specific climate events.;In the next 1-4 weeks, it is likely that emergency response efforts will continue to focus on providing immediate assistance to those affected by recent disasters, with a potential increase in requests for federal assistance.",search,2022-03-21,2022-03-27,4,31
2022-04-01,1814575664,2022-04-01,2022-04-30,"The United States government has official websites that provide information and resources for emergency preparedness and disaster response, such as CDC, Ready.gov, and FEMA.","In the long-term, it is likely that the United States will experience more frequent and severe climate-related disasters, necessitating continued investment in emergency preparedness and response efforts.;In the short-term, it is likely that the United States government will continue to prioritize disaster preparedness and response, particularly in light of the increasing frequency and severity of climate-related disasters.",search,2022-04-18,2022-04-24,6,31
2022-05-01,1673421317,2022-05-01,2022-05-31,The U.S. Army Corps of Engineers is responsible for responding to disasters or other emergencies within the United States and its territories.,"In the next few months, it is likely that the impact of climate change on disaster frequency and severity will continue to be a major concern, with ongoing efforts to develop and implement effective disaster management strategies.;In the next 1-4 weeks, it is likely that emergency response efforts will continue to be mobilized in response to ongoing disasters and emergencies, with a focus on providing support to affected communities.",search,2022-05-23,2022-05-29,2,31
2022-06-01,4156380790,2022-06-01,2022-06-30,"The United States government has designated three Washington counties as primary natural disaster areas, allowing producers to access emergency credit through emergency loans.","In the next few months, it is likely that the United States government will continue to provide disaster aid and relief to affected communities, and may also implement new measures to mitigate the impact of natural disasters.;In the next 1-4 weeks, it is likely that the United States will experience more natural disasters, such as floods and wildfires, which will require emergency response efforts.",search,2022-06-20,2022-06-26,4,31
2022-07-01,3121018667,2022-07-01,2022-07-31,"The United States government has declared several disaster emergencies and designations in response to various events, including the monkeypox outbreak, wildfires, and natural disasters.","In the long-term, it is predicted that the frequency and severity of disasters will continue to increase, necessitating sustained efforts in emergency preparedness, response, and mitigation, as well as investments in disaster risk reduction and management.;In the short-term, it is likely that emergency management agencies will continue to respond to ongoing disasters, such as the monkeypox outbreak and wildfires, and prepare for potential future disasters.",search,2022-07-25,2022-07-31,0,31
2022-08-01,1695715907,2022-08-01,2022-08-31,"The Federal Emergency Management Agency (FEMA) provides training and resources for disaster preparedness and response, including the CERT basic training program.","In the long term, the increasing emphasis on disaster preparedness and response may lead to more comprehensive and coordinated efforts to mitigate the impact of disasters, potentially reducing the severity of their effects.;In the short term, it is likely that FEMA and other agencies will continue to provide training and resources for disaster preparedness and response, with a focus on community preparedness and emergency management.",search,2022-08-22,2022-08-28,3,31
2022-09-01,1250207960,2022-09-01,2022-09-30,"The President of the United States has approved emergency declarations for various disasters, authorizing FEMA to coordinate all disaster relief efforts.","In the long-term, it is possible that the frequency and severity of disasters will continue to increase, leading to a greater need for disaster preparedness and response efforts.;In the short-term, it is likely that FEMA will continue to play a key role in coordinating disaster relief efforts, and emergency declarations may be issued for new disasters.",search,2022-09-19,2022-09-25,5,31
2022-10-01,3441894693,2022-10-01,2022-10-31,California has a Disaster Service Worker Volunteer Program to support response and recovery phases in a disaster or emergency.,"In the next few months, it is likely that disaster preparedness and response efforts will continue to evolve, with a focus on addressing emerging threats and improving emergency management systems.;In the next 1-4 weeks, it is likely that disaster response efforts will continue to focus on supporting affected communities and addressing ongoing emergencies.",search,2022-10-24,2022-10-30,1,31
2022-11-01,1524535909,2022-11-01,2022-11-30,The State of South Carolina has requested a Presidential Disaster Declaration to assist state and local recovery efforts following Hurricane Ian.,"In the long-term, it is likely that disaster preparedness and recovery efforts will continue to be a priority, with a focus on improving emergency management systems and preventing mass shootings.;In the next 1-4 weeks, it is likely that disaster recovery efforts will continue in South Carolina, with a focus on providing aid to affected communities.",search,2022-11-21,2022-11-27,3,31
2022-12-01,2031909333,2022-12-01,2022-12-31,"The United States government and its agencies, such as FEMA, are taking measures to prepare for and respond to natural disasters, including severe winter storms, floods, and other emergencies.","In the long-term, it is likely that the US government and its agencies will continue to invest in disaster preparedness and response efforts, including improving emergency planning, infrastructure, and communication systems to mitigate the impacts of natural disasters.;In the short-term, it is likely that the US will continue to experience severe weather events, and emergency response teams will need to remain vigilant and prepared to respond quickly to emerging disasters.",search,2022-12-19,2022-12-25,6,31
2023-01-01,1875818354,2023-01-01,2023-01-31,"The United States government has declared a state of emergency and is providing assistance to affected areas, with FEMA providing help to residents of San Mateo County and the USDA offering disaster assistance to farmers and livestock producers.","In the long-term, it is possible that the US government will prioritize disaster preparedness and mitigation efforts, including investments in infrastructure and emergency response systems, to reduce the impact of future disasters.;In the short-term, it is likely that the US government will continue to provide assistance to affected areas, with a focus on immediate needs such as food, shelter, and healthcare.",search,2023-01-23,2023-01-29,2,31
2023-02-01,2192686144,2023-02-01,2023-02-28,The State of New York has declared a statewide disaster emergency due to healthcare staffing shortages.,"In the long-term, it is predicted that there will be a continued emphasis on disaster preparedness, mitigation, and resilience, with a focus on improving healthcare system resiliency, emergency communications, and community preparedness.;In the short-term, it is likely that disaster response and recovery efforts will continue, with a focus on addressing immediate needs and providing support to affected communities.",search,2023-02-20,2023-02-26,2,31
2023-03-01,2337016549,2023-03-01,2023-03-31,The United States has experienced 10 or more billion-dollar weather-related disasters for the eighth consecutive year.,"In the long term, the US can expect to see continued and increased frequency and severity of disasters, highlighting the need for sustained investment in emergency preparedness, response, and recovery efforts.;In the next 1-4 weeks, it is likely that more states will experience severe weather events and disasters, leading to further declarations of emergencies and disasters.",search,2023-03-20,2023-03-26,5,31
2023-04-01,1396267402,2023-04-01,2023-04-30,The President of the United States has the sole discretion to declare emergency and major disaster declarations.,"In the long-term, it is predicted that the frequency and severity of disasters will continue to increase due to climate change, leading to a greater need for disaster preparedness, response, and relief efforts. Note: The provided information is mainly focused on disaster relief and emergency management, with limited direct information on climate change. Therefore, the insights and predictions are based on general knowledge and expertise in the field of climate and disaster.;In the short-term, it is likely that disaster declarations and relief efforts will continue to be necessary, particularly in areas prone to natural disasters such as hurricanes and floods.",search,2023-04-24,2023-04-30,0,31
2023-05-01,3693755441,2023-05-01,2023-05-31,"Objective facts about the Climate and Disaster situation: The State of New York has extended its State Disaster Emergency due to Healthcare Staffing Shortages, and has also declared a Disaster Emergency in the state. The Federal Emergency Management Agency (FEMA) is involved in disaster relief efforts, including the National Business Emergency Operations Center and the National Earthquake Hazards Reduction Program. The President of the United States has approved an emergency declaration for Guam, ordering federal assistance for disaster relief efforts. The Governor of Connecticut has requested a federal agriculture disaster declaration.","Predictions you can make for the long-term future (next few months): The frequency and severity of disaster emergencies in the United States may continue to increase, particularly as climate change worsens. The federal government may need to re-evaluate its disaster response strategies and invest in more proactive measures to mitigate the effects of climate change.;Predictions you can make for the short-term future (next 1-4 weeks): More disaster emergencies may be declared in the United States in the coming weeks, particularly in regions prone to natural disasters. The federal government may continue to respond to these emergencies with declarations and assistance, but the effectiveness of these responses remains to be seen.",search,2023-05-22,2023-05-28,3,31
2023-06-01,2149594139,2023-06-01,2023-06-30,"The United States government has various programs and resources in place to prepare for and respond to disasters and emergencies, including FEMA grants, disaster recovery workshops, and emergency planning initiatives.","In the next few months, it is possible that the US government will continue to invest in disaster preparedness and response initiatives, potentially leading to new programs and resources becoming available to support communities affected by climate-related disasters.;In the next 1-4 weeks, it is likely that the US government will continue to respond to ongoing disasters and emergencies, potentially declaring new disaster areas and providing assistance to affected communities.",search,2023-06-19,2023-06-25,5,31
2023-07-01,3307825067,2023-07-01,2023-07-31,"The United States government has declared disaster emergencies and provided assistance for natural disasters, including hurricanes and wildfires, through agencies such as FEMA and the USDA.","In the next few months, it is likely that the US will continue to experience a high level of disaster activity, with a focus on recovery and rebuilding efforts in affected areas. Additionally, there may be increased efforts to prepare for and mitigate the impacts of future disasters.;In the next 1-4 weeks, it is likely that the US will continue to experience disaster activity, with a high probability of additional declarations of disaster emergencies and responses to natural disasters.",search,2023-07-24,2023-07-30,1,31
2023-08-01,1217170873,2023-08-01,2023-08-31,"The United States government has provided funding and resources for disaster relief and emergency preparedness, including grants from FEMA and the U.S. Department of Transportation.","In the long-term, it is likely that the United States will continue to experience an increasing frequency and severity of disasters and emergencies, highlighting the need for sustained investment in emergency preparedness and disaster relief efforts.;In the next 1-4 weeks, it is likely that the United States will continue to experience a high level of disaster and emergency activity, with potential wildfires, earthquakes, and other natural disasters occurring in various regions.",search,2023-08-21,2023-08-27,4,31
2023-09-01,321980896,2023-09-01,2023-09-30,"The United States government has official websites and resources dedicated to disaster management and recovery, such as FEMA.gov, disasterassistance.gov, and FoodSafety.gov.","In the long term, it is predicted that disaster preparedness and response efforts will continue to evolve, with a focus on improving emergency management systems and providing support to affected communities.;In the next 1-4 weeks, it is likely that disaster response efforts will continue, with a focus on providing emergency shelter, food safety, and other critical resources to affected areas.",search,2023-09-18,2023-09-24,6,31
2023-10-01,3898738533,2023-10-01,2023-10-31,The State of New York has extended its State Disaster Emergency as declared in Executive Order 28 and its successors.,"In the next few months, it is possible that the United States will see an increase in disaster-related impacts, particularly with the onset of natural disasters such as hurricanes and wildfires, and the government will need to continue to prioritize disaster preparedness and response.;In the next 1-4 weeks, it is likely that the United States will continue to experience disaster-related events, and the government will respond with emergency declarations and funding allocations.",search,2023-10-23,2023-10-29,2,31
2023-11-01,2253148797,2023-11-01,2023-11-30,The U.S. Federal Emergency Management Agency (FEMA) has made federal disaster assistance available to the U.S. Virgin Islands and the state of California to supplement their response and recovery efforts following recent disasters.,"In the long-term, it is possible that the frequency and severity of disasters will continue to increase, requiring more proactive measures to mitigate their impact, such as enhanced government preparedness and response efforts.;In the short-term, it is likely that FEMA will continue to provide disaster assistance to affected areas, and states will work to recover from recent disasters.",search,2023-11-20,2023-11-26,4,31
2023-12-01,3515344371,2023-12-01,2023-12-31,"The United States has experienced several natural disasters recently, with federal disaster assistance made available to Utah, New Mexico, Mississippi, and Oklahoma.","In the long-term, the frequency and severity of natural disasters in the United States may continue to increase, necessitating increased investment in disaster preparedness, mitigation, and recovery efforts.;In the short-term, it is likely that additional federal disaster declarations will be made in response to ongoing and potential natural disasters in the United States.",search,2023-12-25,2023-12-31,0,31
2024-01-01,2335247983,2024-01-01,2024-01-31,"FEMA established May 11, 2023, as the end of the COVID-19 national emergency declaration and major disaster declarations for state, tribal, and territorial governments.","In the long-term, it is likely that climate-related disasters will continue to increase in frequency and severity, necessitating increased investment in disaster preparedness, mitigation, and adaptation efforts, as well as innovative solutions to address the root causes of climate change.;In the next 1-4 weeks, it is likely that emergency response and relief efforts will continue to focus on supporting communities affected by recent disasters, with a focus on repairing infrastructure and providing aid to those in need.",search,2024-01-22,2024-01-28,3,31
2024-02-01,3164524835,2024-02-01,2024-02-29,The United States government provides disaster assistance and emergency relief to individuals and households through major disaster declarations and individual assistance declarations.,"In the long-term, it is likely that the government will continue to prioritize disaster resilience and preparedness, with a focus on investing in infrastructure, community planning, and individual assistance programs to mitigate the impacts of climate-related disasters.;In the short-term, it is likely that the government will continue to respond to ongoing disasters and provide support to affected communities, with a focus on immediate relief and recovery efforts.",search,2024-02-19,2024-02-25,4,31
2024-03-01,1489668829,2024-03-01,2024-03-31,The Stafford Disaster Relief and Emergency Assistance Act (the Stafford Act) is a federal law that provides assistance to individuals and communities affected by disasters.,"In the long-term, it is likely that the US will continue to invest in disaster management and emergency response efforts, potentially leading to improved preparedness and response capabilities.;In the short-term, it is likely that FEMA and other agencies will continue to provide support and resources to areas affected by disasters, such as Hawaii and Arizona.",search,2024-03-25,2024-03-31,0,31
2024-04-01,2170364862,2024-04-01,2024-04-30,"The U.S. Census Bureau produces timely local data that are critical to emergency planning, preparedness, and recovery efforts.","In the long-term future, it is likely that the U.S. government will continue to invest in disaster preparedness and recovery efforts, potentially leading to improved emergency response systems and more effective disaster risk reduction strategies.;In the next 1-4 weeks, it is likely that FEMA and other government agencies will continue to respond to ongoing disasters and emergencies, with a focus on providing aid and support to affected areas.",search,2024-04-22,2024-04-28,2,31
2024-05-01,88562401,2024-05-01,2024-05-31,The Federal Emergency Management Agency (FEMA) provides disaster assistance and coordinates with state and local governments to respond to emergencies and disasters.,"In the long-term, it is likely that the frequency and severity of climate-related disasters will increase, leading to a greater need for effective disaster preparedness and response strategies. Note: There is limited information in the provided search results that directly relates to predicting climate and disaster. The insights and predictions provided are based on the general context of emergency management and disaster response.;In the short-term, it is likely that FEMA and other agencies will continue to provide disaster assistance and respond to emergencies and disasters, potentially including those related to climate change.",search,2024-04-29,2024-05-05,26,31
