date,start_date,end_date,OT,fact,preds,text_source,text_start_date,text_end_date,text_age_days,text_window_days
1948-01-01,1948-01-01,1948-01-31,4.0,No information available,No information available,none,,,,31
1948-02-01,1948-02-01,1948-02-29,4.7,No information available,No information available,none,,,,31
1948-03-01,1948-03-01,1948-03-31,4.5,No information available,No information available,none,,,,31
1948-04-01,1948-04-01,1948-04-30,4.0,No information available,No information available,none,,,,31
1948-05-01,1948-05-01,1948-05-31,3.4,No information available,No information available,none,,,,31
1948-06-01,1948-06-01,1948-06-30,3.9,No information available,No information available,none,,,,31
1948-07-01,1948-07-01,1948-07-31,3.9,No information available,No information available,none,,,,31
1948-08-01,1948-08-01,1948-08-31,3.6,No information available,No information available,none,,,,31
1948-09-01,1948-09-01,1948-09-30,3.4,No information available,No information available,none,,,,31
1948-10-01,1948-10-01,1948-10-31,2.9,No information available,No information available,none,,,,31
1948-11-01,1948-11-01,1948-11-30,3.3,No information available,No information available,none,,,,31
1948-12-01,1948-12-01,1948-12-31,3.6,No information available,No information available,none,,,,31
1949-01-01,1949-01-01,1949-01-31,5.0,No information available,No information available,none,,,,31
1949-02-01,1949-02-01,1949-02-28,5.8,No information available,No information available,none,,,,31
1949-03-01,1949-03-01,1949-03-31,5.6,No information available,No information available,none,,,,31
1949-04-01,1949-04-01,1949-04-30,5.4,No information available,No information available,none,,,,31
1949-05-01,1949-05-01,1949-05-31,5.7,No information available,No information available,none,,,,31
1949-06-01,1949-06-01,1949-06-30,6.4,No information available,No information available,none,,,,31
1949-07-01,1949-07-01,1949-07-31,7.0,No information available,No information available,none,,,,31
1949-08-01,1949-08-01,1949-08-31,6.3,No information available,No information available,none,,,,31
1949-09-01,1949-09-01,1949-09-30,5.9,No information available,No information available,none,,,,31
1949-10-01,1949-10-01,1949-10-31,6.1,No information available,No information available,none,,,,31
1949-11-01,1949-11-01,1949-11-30,5.7,No information available,No information available,none,,,,31
1949-12-01,1949-12-01,1949-12-31,6.0,No information available,No information available,none,,,,31
1950-01-01,1950-01-01,1950-01-31,7.6,No information available,No information available,none,,,,31
1950-02-01,1950-02-01,1950-02-28,7.9,No information available,No information available,none,,,,31
1950-03-01,1950-03-01,1950-03-31,7.1,No information available,No information available,none,,,,31
1950-04-01,1950-04-01,1950-04-30,6.0,No information available,No information available,none,,,,31
1950-05-01,1950-05-01,1950-05-31,5.3,No information available,No information available,none,,,,31
1950-06-01,1950-06-01,1950-06-30,5.6,No information available,No information available,none,,,,31
1950-07-01,1950-07-01,1950-07-31,5.3,No information available,No information available,none,,,,31
1950-08-01,1950-08-01,1950-08-31,4.1,No information available,No information available,none,,,,31
1950-09-01,1950-09-01,1950-09-30,4.0,No information available,No information available,none,,,,31
1950-10-01,1950-10-01,1950-10-31,3.3,No information available,No information available,none,,,,31
1950-11-01,1950-11-01,1950-11-30,3.8,No information available,No information available,none,,,,31
1950-12-01,1950-12-01,1950-12-31,3.9,No information available,No information available,none,,,,31
1951-01-01,1951-01-01,1951-01-31,4.4,No information available,No information available,none,,,,31
1951-02-01,1951-02-01,1951-02-28,4.2,No information available,No information available,none,,,,31
1951-03-01,1951-03-01,1951-03-31,3.8,No information available,No information available,none,,,,31
1951-04-01,1951-04-01,1951-04-30,3.2,No information available,No information available,none,,,,31
1951-05-01,1951-05-01,1951-05-31,2.9,No information available,No information available,none,,,,31
1951-06-01,1951-06-01,1951-06-30,3.4,No information available,No information available,none,,,,31
1951-07-01,1951-07-01,1951-07-31,3.3,No information available,No information available,none,,,,31
1951-08-01,1951-08-01,1951-08-31,2.9,No information available,No information available,none,,,,31
1951-09-01,1951-09-01,1951-09-30,3.0,No information available,No information available,none,,,,31
1951-10-01,1951-10-01,1951-10-31,2.8,No information available,No information available,none,,,,31
1951-11-01,1951-11-01,1951-11-30,3.2,No information available,No information available,none,,,,31
1951-12-01,1951-12-01,1951-12-31,2.9,No information available,No information available,none,,,,31
1952-01-01,1952-01-01,1952-01-31,3.7,No information available,No information available,none,,,,31
1952-02-01,1952-02-01,1952-02-29,3.8,No information available,No information available,none,,,,31
1952-03-01,1952-03-01,1952-03-31,3.3,No information available,No information available,none,,,,31
1952-04-01,1952-04-01,1952-04-30,3.0,No information available,No information available,none,,,,31
1952-05-01,1952-05-01,1952-05-31,2.9,No information available,No information available,none,,,,31
1952-06-01,1952-06-01,1952-06-30,3.2,No information available,No information available,none,,,,31
1952-07-01,1952-07-01,1952-07-31,3.3,No information available,No information available,none,,,,31
1952-08-01,1952-08-01,1952-08-31,3.1,No information available,No information available,none,,,,31
1952-09-01,1952-09-01,1952-09-30,2.7,No information available,No information available,none,,,,31
1952-10-01,1952-10-01,1952-10-31,2.4,No information available,No information available,none,,,,31
1952-11-01,1952-11-01,1952-11-30,2.5,No information available,No information available,none,,,,31
1952-12-01,1952-12-01,1952-12-31,2.5,No information available,No information available,none,,,,31
1953-01-01,1953-01-01,1953-01-31,3.4,No information available,No information available,none,,,,31
1953-02-01,1953-02-01,1953-02-28,3.2,No information available,No information available,none,,,,31
1953-03-01,1953-03-01,1953-03-31,2.9,No information available,No information available,none,,,,31
1953-04-01,1953-04-01,1953-04-30,2.8,No information available,No information available,none,,,,31
1953-05-01,1953-05-01,1953-05-31,2.5,No information available,No information available,none,,,,31
1953-06-01,1953-06-01,1953-06-30,2.7,No information available,No information available,none,,,,31
1953-07-01,1953-07-01,1953-07-31,2.7,No information available,No information available,none,,,,31
1953-08-01,1953-08-01,1953-08-31,2.4,No information available,No information available,none,,,,31
1953-09-01,1953-09-01,1953-09-30,2.6,No information available,No information available,none,,,,31
1953-10-01,1953-10-01,1953-10-31,2.5,No information available,No information available,none,,,,31
1953-11-01,1953-11-01,1953-11-30,3.2,No information available,No information available,none,,,,31
1953-12-01,1953-12-01,1953-12-31,4.2,No information available,No information available,none,,,,31
1954-01-01,1954-01-01,1954-01-31,5.7,No information available,No information available,none,,,,31
1954-02-01,1954-02-01,1954-02-28,6.3,No information available,No information available,none,,,,31
1954-03-01,1954-03-01,1954-03-31,6.4,No information available,No information available,none,,,,31
1954-04-01,1954-04-01,1954-04-30,6.1,No information available,No information available,none,,,,31
1954-05-01,1954-05-01,1954-05-31,5.7,No information available,No information available,none,,,,31
1954-06-01,1954-06-01,1954-06-30,5.7,No information available,No information available,none,,,,31
1954-07-01,1954-07-01,1954-07-31,5.7,No information available,No information available,none,,,,31
1954-08-01,1954-08-01,1954-08-31,5.4,No information available,No information available,none,,,,31
1954-09-01,1954-09-01,1954-09-30,5.3,No information available,No information available,none,,,,31
1954-10-01,1954-10-01,1954-10-31,4.6,No information available,No information available,none,,,,31
1954-11-01,1954-11-01,1954-11-30,4.9,No information available,No information available,none,,,,31
1954-12-01,1954-12-01,1954-12-31,4.8,No information available,No information available,none,,,,31
1955-01-01,1955-01-01,1955-01-31,5.8,No information available,No information available,none,,,,31
1955-02-01,1955-02-01,1955-02-28,5.7,No information available,No information available,none,,,,31
1955-03-01,1955-03-01,1955-03-31,5.2,No information available,No information available,none,,,,31
1955-04-01,1955-04-01,1955-04-30,4.9,No information available,No information available,none,,,,31
1955-05-01,1955-05-01,1955-05-31,4.2,No information available,No information available,none,,,,31
1955-06-01,1955-06-01,1955-06-30,4.4,No information available,No information available,none,,,,31
1955-07-01,1955-07-01,1955-07-31,4.0,No information available,No information available,none,,,,31
1955-08-01,1955-08-01,1955-08-31,3.8,No information available,No information available,none,,,,31
1955-09-01,1955-09-01,1955-09-30,3.5,No information available,No information available,none,,,,31
1955-10-01,1955-10-01,1955-10-31,3.4,No information available,No information available,none,,,,31
1955-11-01,1955-11-01,1955-11-30,3.8,No information available,No information available,none,,,,31
1955-12-01,1955-12-01,1955-12-31,3.9,No information available,No information available,none,,,,31
1956-01-01,1956-01-01,1956-01-31,4.7,No information available,No information available,none,,,,31
1956-02-01,1956-02-01,1956-02-29,4.8,No information available,No information available,none,,,,31
1956-03-01,1956-03-01,1956-03-31,4.7,No information available,No information available,none,,,,31
1956-04-01,1956-04-01,1956-04-30,4.1,No information available,No information available,none,,,,31
1956-05-01,1956-05-01,1956-05-31,4.2,No information available,No information available,none,,,,31
1956-06-01,1956-06-01,1956-06-30,4.7,No information available,No information available,none,,,,31
1956-07-01,1956-07-01,1956-07-31,4.4,No information available,No information available,none,,,,31
1956-08-01,1956-08-01,1956-08-31,3.7,No information available,No information available,none,,,,31
1956-09-01,1956-09-01,1956-09-30,3.4,No information available,No information available,none,,,,31
1956-10-01,1956-10-01,1956-10-31,3.1,No information available,No information available,none,,,,31
1956-11-01,1956-11-01,1956-11-30,3.9,No information available,No information available,none,,,,31
1956-12-01,1956-12-01,1956-12-31,4.0,No information available,No information available,none,,,,31
1957-01-01,1957-01-01,1957-01-31,4.9,No information available,No information available,none,,,,31
1957-02-01,1957-02-01,1957-02-28,4.7,No information available,No information available,none,,,,31
1957-03-01,1957-03-01,1957-03-31,4.3,No information available,No information available,none,,,,31
1957-04-01,1957-04-01,1957-04-30,4.0,No information available,No information available,none,,,,31
1957-05-01,1957-05-01,1957-05-31,3.9,No information available,No information available,none,,,,31
1957-06-01,1957-06-01,1957-06-30,4.6,No information available,No information available,none,,,,31
1957-07-01,1957-07-01,1957-07-31,4.1,No information available,No information available,none,,,,31
1957-08-01,1957-08-01,1957-08-31,3.7,No information available,No information available,none,,,,31
1957-09-01,1957-09-01,1957-09-30,3.7,No information available,No information available,none,,,,31
1957-10-01,1957-10-01,1957-10-31,3.6,No information available,No information available,none,,,,31
1957-11-01,1957-11-01,1957-11-30,4.6,No information available,No information available,none,,,,31
1957-12-01,1957-12-01,1957-12-31,5.0,No information available,No information available,none,,,,31
1958-01-01,1958-01-01,1958-01-31,6.8,No information available,No information available,none,,,,31
1958-02-01,1958-02-01,1958-02-28,7.7,No information available,No information available,none,,,,31
1958-03-01,1958-03-01,1958-03-31,7.7,No information available,No information available,none,,,,31
1958-04-01,1958-04-01,1958-04-30,7.5,No information available,No information available,none,,,,31
1958-05-01,1958-05-01,1958-05-31,7.1,No information available,No information available,none,,,,31
1958-06-01,1958-06-01,1958-06-30,7.6,No information available,No information available,none,,,,31
1958-07-01,1958-07-01,1958-07-31,7.4,No information available,No information available,none,,,,31
1958-08-01,1958-08-01,1958-08-31,6.7,No information available,No information available,none,,,,31
1958-09-01,1958-09-01,1958-09-30,6.0,No information available,No information available,none,,,,31
1958-10-01,1958-10-01,1958-10-31,5.5,No information available,No information available,none,,,,31
1958-11-01,1958-11-01,1958-11-30,5.6,No information available,No information available,none,,,,31
1958-12-01,1958-12-01,1958-12-31,6.0,No information available,No information available,none,,,,31
1959-01-01,1959-01-01,1959-01-31,7.0,No information available,No information available,none,,,,31
1959-02-01,1959-02-01,1959-02-28,7.0,No information available,No information available,none,,,,31
1959-03-01,1959-03-01,1959-03-31,6.4,No information available,No information available,none,,,,31
1959-04-01,1959-04-01,1959-04-30,5.2,No information available,No information available,none,,,,31
1959-05-01,1959-05-01,1959-05-31,4.9,No information available,No information available,none,,,,31
1959-06-01,1959-06-01,1959-06-30,5.4,No information available,No information available,none,,,,31
1959-07-01,1959-07-01,1959-07-31,5.2,No information available,No information available,none,,,,31
1959-08-01,1959-08-01,1959-08-31,4.8,No information available,No information available,none,,,,31
1959-09-01,1959-09-01,1959-09-30,4.7,No information available,No information available,none,,,,31
1959-10-01,1959-10-01,1959-10-31,4.7,No information available,No information available,none,,,,31
1959-11-01,1959-11-01,1959-11-30,5.3,No information available,No information available,none,,,,31
1959-12-01,1959-12-01,1959-12-31,5.1,No information available,No information available,none,,,,31
1960-01-01,1960-01-01,1960-01-31,6.1,No information available,No information available,none,,,,31
1960-02-01,1960-02-01,1960-02-29,5.7,No information available,No information available,none,,,,31
1960-03-01,1960-03-01,1960-03-31,6.1,No information available,No information available,none,,,,31
1960-04-01,1960-04-01,1960-04-30,5.2,No information available,No information available,none,,,,31
1960-05-01,1960-05-01,1960-05-31,4.8,No information available,No information available,none,,,,31
1960-06-01,1960-06-01,1960-06-30,5.8,No information available,No information available,none,,,,31
1960-07-01,1960-07-01,1960-07-31,5.5,No information available,No information available,none,,,,31
1960-08-01,1960-08-01,1960-08-31,5.2,No information available,No information available,none,,,,31
1960-09-01,1960-09-01,1960-09-30,4.7,No information available,No information available,none,,,,31
1960-10-01,1960-10-01,1960-10-31,5.0,No information available,No information available,none,,,,31
1960-11-01,1960-11-01,1960-11-30,5.6,No information available,No information available,none,,,,31
1960-12-01,1960-12-01,1960-12-31,6.4,No information available,No information available,none,,,,31
1961-01-01,1961-01-01,1961-01-31,7.7,No information available,No information available,none,,,,31
1961-02-01,1961-02-01,1961-02-28,8.1,No information available,No information available,none,,,,31
1961-03-01,1961-03-01,1961-03-31,7.7,No information available,No information available,none,,,,31
1961-04-01,1961-04-01,1961-04-30,7.0,No information available,No information available,none,,,,31
1961-05-01,1961-05-01,1961-05-31,6.6,No information available,No information available,none,,,,31
1961-06-01,1961-06-01,1961-06-30,7.3,No information available,No information available,none,,,,31
1961-07-01,1961-07-01,1961-07-31,6.9,No information available,No information available,none,,,,31
1961-08-01,1961-08-01,1961-08-31,6.2,No information available,No information available,none,,,,31
1961-09-01,1961-09-01,1961-09-30,5.8,No information available,No information available,none,,,,31
1961-10-01,1961-10-01,1961-10-31,5.5,No information available,No information available,none,,,,31
1961-11-01,1961-11-01,1961-11-30,5.6,No information available,No information available,none,,,,31
1961-12-01,1961-12-01,1961-12-31,5.8,No information available,No information available,none,,,,31
1962-01-01,1962-01-01,1962-01-31,6.7,No information available,No information available,none,,,,31
1962-02-01,1962-02-01,1962-02-28,6.5,No information available,No information available,none,,,,31
1962-03-01,1962-03-01,1962-03-31,6.2,No information available,No information available,none,,,,31
1962-04-01,1962-04-01,1962-04-30,5.5,No information available,No information available,none,,,,31
1962-05-01,1962-05-01,1962-05-31,5.1,No information available,No information available,none,,,,31
1962-06-01,1962-06-01,1962-06-30,5.9,No information available,No information available,none,,,,31
1962-07-01,1962-07-01,1962-07-31,5.3,No information available,No information available,none,,,,31
1962-08-01,1962-08-01,1962-08-31,5.3,No information available,No information available,none,,,,31
1962-09-01,1962-09-01,1962-09-30,4.9,No information available,No information available,none,,,,31
1962-10-01,1962-10-01,1962-10-31,4.5,No information available,No information available,none,,,,31
1962-11-01,1962-11-01,1962-11-30,5.3,No information available,No information available,none,,,,31
1962-12-01,1962-12-01,1962-12-31,5.3,No information available,No information available,none,,,,31
1963-01-01,1963-01-01,1963-01-31,6.6,No information available,No information available,none,,,,31
1963-02-01,1963-02-01,1963-02-28,6.9,No information available,No information available,none,,,,31
1963-03-01,1963-03-01,1963-03-31,6.3,No information available,No information available,none,,,,31
1963-04-01,1963-04-01,1963-04-30,5.6,No information available,No information available,none,,,,31
1963-05-01,1963-05-01,1963-05-31,5.5,No information available,No information available,none,,,,31
1963-06-01,1963-06-01,1963-06-30,6.2,No information available,No information available,none,,,,31
1963-07-01,1963-07-01,1963-07-31,5.6,No information available,No information available,none,,,,31
1963-08-01,1963-08-01,1963-08-31,5.2,No information available,No information available,none,,,,31
1963-09-01,1963-09-01,1963-09-30,4.8,No information available,No information available,none,,,,31
1963-10-01,1963-10-01,1963-10-31,4.7,No information available,No information available,none,,,,31
1963-11-01,1963-11-01,1963-11-30,5.3,No information available,No information available,none,,,,31
1963-12-01,1963-12-01,1963-12-31,5.3,No information available,No information available,none,,,,31
1964-01-01,1964-01-01,1964-01-31,6.4,No information available,No information available,none,,,,31
1964-02-01,1964-02-01,1964-02-29,6.2,No information available,No information available,none,,,,31
1964-03-01,1964-03-01,1964-03-31,5.9,No information available,No information available,none,,,,31
1964-04-01,1964-04-01,1964-04-30,5.3,No information available,No information available,none,,,,31
1964-05-01,1964-05-01,1964-05-31,4.8,No information available,No information available,none,,,,31
1964-06-01,1964-06-01,1964-06-30,5.9,No information available,No information available,none,,,,31
1964-07-01,1964-07-01,1964-07-31,4.9,No information available,No information available,none,,,,31
1964-08-01,1964-08-01,1964-08-31,4.8,No information available,No information available,none,,,,31
1964-09-01,1964-09-01,1964-09-30,4.5,No information available,No information available,none,,,,31
1964-10-01,1964-10-01,1964-10-31,4.4,No information available,No information available,none,,,,31
1964-11-01,1964-11-01,1964-11-30,4.5,No information available,No information available,none,,,,31
1964-12-01,1964-12-01,1964-12-31,4.7,No information available,No information available,none,,,,31
1965-01-01,1965-01-01,1965-01-31,5.5,No information available,No information available,none,,,,31
1965-02-01,1965-02-01,1965-02-28,5.7,No information available,No information available,none,,,,31
1965-03-01,1965-03-01,1965-03-31,5.1,No information available,No information available,none,,,,31
1965-04-01,1965-04-01,1965-04-30,4.7,No information available,No information available,none,,,,31
1965-05-01,1965-05-01,1965-05-31,4.3,No information available,No information available,none,,,,31
1965-06-01,1965-06-01,1965-06-30,5.3,No information available,No information available,none,,,,31
1965-07-01,1965-07-01,1965-07-31,4.5,No information available,No information available,none,,,,31
1965-08-01,1965-08-01,1965-08-31,4.2,No information available,No information available,none,,,,31
1965-09-01,1965-09-01,1965-09-30,3.8,No information available,No information available,none,,,,31
1965-10-01,1965-10-01,1965-10-31,3.6,No information available,No information available,none,,,,31
1965-11-01,1965-11-01,1965-11-30,3.9,No information available,No information available,none,,,,31
1965-12-01,1965-12-01,1965-12-31,3.7,No information available,No information available,none,,,,31
1966-01-01,1966-01-01,1966-01-31,4.4,No information available,No information available,none,,,,31
1966-02-01,1966-02-01,1966-02-28,4.2,No information available,No information available,none,,,,31
1966-03-01,1966-03-01,1966-03-31,4.0,No information available,No information available,none,,,,31
1966-04-01,1966-04-01,1966-04-30,3.6,No information available,No information available,none,,,,31
1966-05-01,1966-05-01,1966-05-31,3.7,No information available,No information available,none,,,,31
1966-06-01,1966-06-01,1966-06-30,4.6,No information available,No information available,none,,,,31
1966-07-01,1966-07-01,1966-07-31,3.9,No information available,No information available,none,,,,31
1966-08-01,1966-08-01,1966-08-31,3.6,No information available,No information available,none,,,,31
1966-09-01,1966-09-01,1966-09-30,3.3,No information available,No information available,none,,,,31
1966-10-01,1966-10-01,1966-10-31,3.2,No information available,No information available,none,,,,31
1966-11-01,1966-11-01,1966-11-30,3.4,No information available,No information available,none,,,,31
1966-12-01,1966-12-01,1966-12-31,3.5,No information available,No information available,none,,,,31
1967-01-01,1967-01-01,1967-01-31,4.2,No information available,No information available,none,,,,31
1967-02-01,1967-02-01,1967-02-28,4.2,No information available,No information available,none,,,,31
1967-03-01,1967-03-01,1967-03-31,3.9,No information available,No information available,none,,,,31
1967-04-01,1967-04-01,1967-04-30,3.5,No information available,No information available,none,,,,31
1967-05-01,1967-05-01,1967-05-31,3.2,No information available,No information available,none,,,,31
1967-06-01,1967-06-01,1967-06-30,4.6,No information available,No information available,none,,,,31
1967-07-01,1967-07-01,1967-07-31,4.1,No information available,No information available,none,,,,31
1967-08-01,1967-08-01,1967-08-31,3.7,No information available,No information available,none,,,,31
1967-09-01,1967-09-01,1967-09-30,3.7,No information available,No information available,none,,,,31
1967-10-01,1967-10-01,1967-10-31,3.8,No information available,No information available,none,,,,31
1967-11-01,1967-11-01,1967-11-30,3.7,No information available,No information available,none,,,,31
1967-12-01,1967-12-01,1967-12-31,3.5,No information available,No information available,none,,,,31
1968-01-01,1968-01-01,1968-01-31,4.0,No information available,No information available,none,,,,31
1968-02-01,1968-02-01,1968-02-29,4.2,No information available,No information available,none,,,,31
1968-03-01,1968-03-01,1968-03-31,3.8,No information available,No information available,none,,,,31
1968-04-01,1968-04-01,1968-04-30,3.2,No information available,No information available,none,,,,31
1968-05-01,1968-05-01,1968-05-31,2.9,No information available,No information available,none,,,,31
1968-06-01,1968-06-01,1968-06-30,4.5,No information available,No information available,none,,,,31
1968-07-01,1968-07-01,1968-07-31,4.0,No information available,No information available,none,,,,31
1968-08-01,1968-08-01,1968-08-31,3.5,No information available,No information available,none,,,,31
1968-09-01,1968-09-01,1968-09-30,3.3,No information available,No information available,none,,,,31
1968-10-01,1968-10-01,1968-10-31,3.2,No information available,No information available,none,,,,31
1968-11-01,1968-11-01,1968-11-30,3.3,No information available,No information available,none,,,,31
1968-12-01,1968-12-01,1968-12-31,3.1,No information available,No information available,none,,,,31
1969-01-01,1969-01-01,1969-01-31,3.7,No information available,No information available,none,,,,31
1969-02-01,1969-02-01,1969-02-28,3.7,No information available,No information available,none,,,,31
1969-03-01,1969-03-01,1969-03-31,3.5,No information available,No information available,none,,,,31
1969-04-01,1969-04-01,1969-04-30,3.2,No information available,No information available,none,,,,31
1969-05-01,1969-05-01,1969-05-31,2.9,No information available,No information available,none,,,,31
1969-06-01,1969-06-01,1969-06-30,4.1,No information available,No information available,none,,,,31
1969-07-01,1969-07-01,1969-07-31,3.8,No information available,No information available,none,,,,31
1969-08-01,1969-08-01,1969-08-31,3.5,No information available,No information available,none,,,,31
1969-09-01,1969-09-01,1969-09-30,3.7,No information available,No information available,none,,,,31
1969-10-01,1969-10-01,1969-10-31,3.5,No information available,No information available,none,,,,31
1969-11-01,1969-11-01,1969-11-30,3.3,No information available,No information available,none,,,,31
1969-12-01,1969-12-01,1969-12-31,3.2,No information available,No information available,none,,,,31
1970-01-01,1970-01-01,1970-01-31,4.2,No information available,No information available,none,,,,31
1970-02-01,1970-02-01,1970-02-28,4.7,No information available,No information available,none,,,,31
1970-03-01,1970-03-01,1970-03-31,4.6,No information available,No information available,none,,,,31
1970-04-01,1970-04-01,1970-04-30,4.3,No information available,No information available,none,,,,31
1970-05-01,1970-05-01,1970-05-31,4.1,No information available,No information available,none,,,,31
1970-06-01,1970-06-01,1970-06-30,5.6,No information available,No information available,none,,,,31
1970-07-01,1970-07-01,1970-07-31,5.3,No information available,No information available,none,,,,31
1970-08-01,1970-08-01,1970-08-31,5.0,No information available,No information available,none,,,,31
1970-09-01,1970-09-01,1970-09-30,5.2,No information available,No information available,none,,,,31
1970-10-01,1970-10-01,1970-10-31,5.1,No information available,No information available,none,,,,31
1970-11-01,1970-11-01,1970-11-30,5.5,No information available,No information available,none,,,,31
1970-12-01,1970-12-01,1970-12-31,5.6,No information available,No information available,none,,,,31
1971-01-01,1971-01-01,1971-01-31,6.6,No information available,No information available,none,,,,31
1971-02-01,1971-02-01,1971-02-28,6.6,No information available,No information available,none,,,,31
1971-03-01,1971-03-01,1971-03-31,6.3,No information available,No information available,none,,,,31
1971-04-01,1971-04-01,1971-04-30,5.7,No information available,No information available,none,,,,31
1971-05-01,1971-05-01,1971-05-31,5.3,No information available,No information available,none,,,,31
1971-06-01,1971-06-01,1971-06-30,6.5,No information available,No information available,none,,,,31
1971-07-01,1971-07-01,1971-07-31,6.2,No information available,No information available,none,,,,31
1971-08-01,1971-08-01,1971-08-31,5.9,No information available,No information available,none,,,,31
1971-09-01,1971-09-01,1971-09-30,5.8,No information available,No information available,none,,,,31
1971-10-01,1971-10-01,1971-10-31,5.4,No information available,No information available,none,,,,31
1971-11-01,1971-11-01,1971-11-30,5.7,No information available,No information available,none,,,,31
1971-12-01,1971-12-01,1971-12-31,5.5,No information available,No information available,none,,,,31
1972-01-01,1972-01-01,1972-01-31,6.5,No information available,No information available,none,,,,31
1972-02-01,1972-02-01,1972-02-29,6.4,No information available,No information available,none,,,,31
1972-03-01,1972-03-01,1972-03-31,6.1,No information available,No information available,none,,,,31
1972-04-01,1972-04-01,1972-04-30,5.5,No information available,No information available,none,,,,31
1972-05-01,1972-05-01,1972-05-31,5.1,No information available,No information available,none,,,,31
1972-06-01,1972-06-01,1972-06-30,6.2,No information available,No information available,none,,,,31
1972-07-01,1972-07-01,1972-07-31,5.9,No information available,No information available,none,,,,31
1972-08-01,1972-08-01,1972-08-31,5.5,No information available,No information available,none,,,,31
1972-09-01,1972-09-01,1972-09-30,5.4,No information available,No information available,none,,,,31
1972-10-01,1972-10-01,1972-10-31,5.1,No information available,No information available,none,,,,31
1972-11-01,1972-11-01,1972-11-30,4.9,No information available,No information available,none,,,,31
1972-12-01,1972-12-01,1972-12-31,4.8,No information available,No information available,none,,,,31
1973-01-01,1973-01-01,1973-01-31,5.5,No information available,No information available,none,,,,31
1973-02-01,1973-02-01,1973-02-28,5.6,No information available,No information available,none,,,,31
1973-03-01,1973-03-01,1973-03-31,5.2,No information available,No information available,none,,,,31
1973-04-01,1973-04-01,1973-04-30,4.8,No information available,No information available,none,,,,31
1973-05-01,1973-05-01,1973-05-31,4.4,No information available,No information available,none,,,,31
1973-06-01,1973-06-01,1973-06-30,5.4,No information available,No information available,none,,,,31
1973-07-01,1973-07-01,1973-07-31,5.0,No information available,No information available,none,,,,31
1973-08-01,1973-08-01,1973-08-31,4.7,No information available,No information available,none,,,,31
1973-09-01,1973-09-01,1973-09-30,4.7,No information available,No information available,none,,,,31
1973-10-01,1973-10-01,1973-10-31,4.2,No information available,No information available,none,,,,31
1973-11-01,1973-11-01,1973-11-30,4.6,No information available,No information available,none,,,,31
1973-12-01,1973-12-01,1973-12-31,4.6,No information available,No information available,none,,,,31
1974-01-01,1974-01-01,1974-01-31,5.7,No information available,No information available,none,,,,31
1974-02-01,1974-02-01,1974-02-28,5.8,No information available,No information available,none,,,,31
1974-03-01,1974-03-01,1974-03-31,5.3,No information available,No information available,none,,,,31
1974-04-01,1974-04-01,1974-04-30,4.8,No information available,No information available,none,,,,31
1974-05-01,1974-05-01,1974-05-31,4.6,No information available,No information available,none,,,,31
1974-06-01,1974-06-01,1974-06-30,5.8,No information available,No information available,none,,,,31
1974-07-01,1974-07-01,1974-07-31,5.7,No information available,No information available,none,,,,31
1974-08-01,1974-08-01,1974-08-31,5.3,No information available,No information available,none,,,,31
1974-09-01,1974-09-01,1974-09-30,5.7,No information available,No information available,none,,,,31
1974-10-01,1974-10-01,1974-10-31,5.5,No information available,No information available,none,,,,31
1974-11-01,1974-11-01,1974-11-30,6.2,No information available,No information available,none,,,,31
1974-12-01,1974-12-01,1974-12-31,6.7,No information available,No information available,none,,,,31
1975-01-01,1975-01-01,1975-01-31,9.0,No information available,No information available,none,,,,31
1975-02-01,1975-02-01,1975-02-28,9.1,No information available,No information available,none,,,,31
1975-03-01,1975-03-01,1975-03-31,9.1,No information available,No information available,none,,,,31
1975-04-01,1975-04-01,1975-04-30,8.6,No information available,No information available,none,,,,31
1975-05-01,1975-05-01,1975-05-31,8.3,No information available,No information available,none,,,,31
1975-06-01,1975-06-01,1975-06-30,9.1,No information available,No information available,none,,,,31
1975-07-01,1975-07-01,1975-07-31,8.7,No information available,No information available,none,,,,31
1975-08-01,1975-08-01,1975-08-31,8.2,No information available,No information available,none,,,,31
1975-09-01,1975-09-01,1975-09-30,8.1,No information available,No information available,none,,,,31
1975-10-01,1975-10-01,1975-10-31,7.8,No information available,No information available,none,,,,31
1975-11-01,1975-11-01,1975-11-30,7.8,No information available,No information available,none,,,,31
1975-12-01,1975-12-01,1975-12-31,7.8,No information available,No information available,none,,,,31
1976-01-01,1976-01-01,1976-01-31,8.8,No information available,No information available,none,,,,31
1976-02-01,1976-02-01,1976-02-29,8.7,No information available,No information available,none,,,,31
1976-03-01,1976-03-01,1976-03-31,8.1,No information available,No information available,none,,,,31
1976-04-01,1976-04-01,1976-04-30,7.4,No information available,No information available,none,,,,31
1976-05-01,1976-05-01,1976-05-31,6.8,No information available,No information available,none,,,,31
1976-06-01,1976-06-01,1976-06-30,8.0,No information available,No information available,none,,,,31
1976-07-01,1976-07-01,1976-07-31,7.8,No information available,No information available,none,,,,31
1976-08-01,1976-08-01,1976-08-31,7.6,No information available,No information available,none,,,,31
1976-09-01,1976-09-01,1976-09-30,7.4,No information available,No information available,none,,,,31
1976-10-01,1976-10-01,1976-10-31,7.2,No information available,No information available,none,,,,31
1976-11-01,1976-11-01,1976-11-30,7.4,No information available,No information available,none,,,,31
1976-12-01,1976-12-01,1976-12-31,7.4,No information available,No information available,none,,,,31
1977-01-01,1977-01-01,1977-01-31,8.3,No information available,No information available,none,,,,31
1977-02-01,1977-02-01,1977-02-28,8.5,No information available,No information available,none,,,,31
1977-03-01,1977-03-01,1977-03-31,7.9,No information available,No information available,none,,,,31
1977-04-01,1977-04-01,1977-04-30,6.9,No information available,No information available,none,,,,31
1977-05-01,1977-05-01,1977-05-31,6.4,No information available,No information available,none,,,,31
1977-06-01,1977-06-01,1977-06-30,7.5,No information available,No information available,none,,,,31
1977-07-01,1977-07-01,1977-07-31,7.0,No information available,No information available,none,,,,31
1977-08-01,1977-08-01,1977-08-31,6.8,No information available,No information available,none,,,,31
1977-09-01,1977-09-01,1977-09-30,6.6,No information available,No information available,none,,,,31
1977-10-01,1977-10-01,1977-10-31,6.4,No information available,No information available,none,,,,31
1977-11-01,1977-11-01,1977-11-30,6.5,No information available,No information available,none,,,,31
1977-12-01,1977-12-01,1977-12-31,6.0,No information available,No information available,none,,,,31
1978-01-01,1978-01-01,1978-01-31,7.1,No information available,No information available,none,,,,31
1978-02-01,1978-02-01,1978-02-28,6.9,No information available,No information available,none,,,,31
1978-03-01,1978-03-01,1978-03-31,6.6,No information available,No information available,none,,,,31
1978-04-01,1978-04-01,1978-04-30,5.8,No information available,No information available,none,,,,31
1978-05-01,1978-05-01,1978-05-31,5.5,No information available,No information available,none,,,,31
1978-06-01,1978-06-01,1978-06-30,6.2,No information available,No information available,none,,,,31
1978-07-01,1978-07-01,1978-07-31,6.3,No information available,No information available,none,,,,31
1978-08-01,1978-08-01,1978-08-31,5.9,No information available,No information available,none,,,,31
1978-09-01,1978-09-01,1978-09-30,5.8,No information available,No information available,none,,,,31
1978-10-01,1978-10-01,1978-10-31,5.4,No information available,No information available,none,,,,31
1978-11-01,1978-11-01,1978-11-30,5.6,No information available,No information available,none,,,,31
1978-12-01,1978-12-01,1978-12-31,5.7,No information available,No information available,none,,,,31
1979-01-01,1979-01-01,1979-01-31,6.4,No information available,No information available,none,,,,31
1979-02-01,1979-02-01,1979-02-28,6.4,No information available,No information available,none,,,,31
1979-03-01,1979-03-01,1979-03-31,6.1,No information available,No information available,none,,,,31
1979-04-01,1979-04-01,1979-04-30,5.5,No information available,No information available,none,,,,31
1979-05-01,1979-05-01,1979-05-31,5.2,No information available,No information available,none,,,,31
1979-06-01,1979-06-01,1979-06-30,6.0,No information available,No information available,none,,,,31
1979-07-01,1979-07-01,1979-07-31,5.9,No information available,No information available,none,,,,31
1979-08-01,1979-08-01,1979-08-31,5.9,No information available,No information available,none,,,,31
1979-09-01,1979-09-01,1979-09-30,5.7,No information available,No information available,none,,,,31
1979-10-01,1979-10-01,1979-10-31,5.6,No information available,No information available,none,,,,31
1979-11-01,1979-11-01,1979-11-30,5.6,No information available,No information available,none,,,,31
1979-12-01,1979-12-01,1979-12-31,5.7,No information available,No information available,none,,,,31
1980-01-01,1980-01-01,1980-01-31,6.9,"The article is from January 27, 1980, and discusses the economic situation in Breezewood, where merchants are struggling and ""down to counting pennies.""","In the long term, it is possible that the economic situation in Breezewood will recover, but it may require significant changes or investments to stimulate growth and development.;In the short term, it is likely that the economic situation in Breezewood will continue to be challenging, with businesses potentially facing further financial strain.",search,1980-01-21,1980-01-27,4.0,31
1980-02-01,1980-02-01,1980-02-29,6.8,The US unemployment rate was rising in February 1980.,NA (Not enough information to make long-term predictions) Note: The information provided is limited to a specific time period (February 1980) and does not provide enough context to make predictions about the future.;NA (Not enough information to make short-term predictions),search,1980-02-18,1980-02-24,5.0,31
1980-03-01,1980-03-01,1980-03-31,6.6,The inflation rate in West Germany and Japan was lower than in the United States in 1980. Wholesale prices climbed more in the US than in West Germany and Japan.,"In the long term, the economic policies implemented in 1980, such as those in the UK, may lead to a shift towards more conservative economic policies aimed at reducing inflation and promoting growth.;In the short term, it is likely that the US will continue to struggle with high inflation rates and unemployment concerns, while West Germany and Japan may maintain their lower inflation rates.",search,1980-03-24,1980-03-30,1.0,31
1980-04-01,1980-04-01,1980-04-30,6.7,The minimum wage rates for the United States in 1980 was set.,NA;NA,search,1980-04-21,1980-04-27,3.0,31
1980-05-01,1980-05-01,1980-05-31,7.1,The unemployment rate in the Southend-on-Sea travel-to-work area was 15.9% in October 1982.,"In the long term, it is possible that the implementation of policies addressing unemployment, social insecurity, and anxiety may lead to economic stability and growth.;In the short term, it is likely that unemployment rates will remain high, particularly in areas with high ethnic mix and among young people.",search,1980-05-19,1980-05-25,6.0,31
1980-06-01,1980-06-01,1980-06-30,7.8,Objective facts about the Economics situation: The unemployment rate in May 1980 was 8.4 percent.,Predictions you can make for the long-term future (next few months): The high unemployment rate and inflation in 1980 may lead to a decline in economic growth and potentially trigger a recession in the near future.;Predictions you can make for the short-term future (next 1-4 weeks): NA,search,1980-06-23,1980-06-29,1.0,31
1980-07-01,1980-07-01,1980-07-31,7.9,Objective facts about the Economics situation: The national unemployment rate was rising in the summer of 1980 in the United States. The United States had a unique tradition of leadership at every level of government and in private life in 1980.,"Long-term predictions (next few months): The focus on education and its impact on income may lead to increased investments in education, which could have a positive impact on the economy in the long run.;Short-term predictions (next 1-4 weeks): NA",search,1980-07-14,1980-07-20,11.0,31
1980-08-01,1980-08-01,1980-08-31,7.6,"The unemployment rate was a significant concern in 1980, with high levels considered unacceptable.",NA;NA,search,1980-08-25,1980-08-31,0.0,31
1980-09-01,1980-09-01,1980-09-30,7.2,"The rate of resettlement increased in 1980, which led to increased levels of unemployment and economic difficulties in Switzerland and the United States.",NA;NA,search,1980-09-22,1980-09-28,2.0,31
1980-10-01,1980-10-01,1980-10-31,7.1,The economy in 1980 was experiencing high unemployment and inflation rates.,"In the long-term, the economy may experience a slowdown in growth and progress if the high unemployment and inflation rates are not addressed, leading to deep trouble for the country. Note: The information provided is limited to a specific time period (October 1980) and does not provide a comprehensive view of the economy. The insights and predictions are based on the available information and may not be accurate or relevant to the current economic situation.;In the short-term, the economy is likely to continue experiencing high unemployment and inflation rates, with no immediate signs of improvement.",search,1980-10-20,1980-10-26,5.0,31
1980-11-01,1980-11-01,1980-11-30,7.1,"The unemployment rate in Belgium is higher than in the UK, and in the United States, there are 900,000 people out of work.",NA;NA,search,1980-11-24,1980-11-30,0.0,31
1980-12-01,1980-12-01,1980-12-31,6.9,"The National Energy Program was introduced on December 23, 1980, in response to severe recession and unemployment in industrialized countries.",NA;NA,search,1980-12-22,1980-12-28,3.0,31
1981-01-01,1981-01-01,1981-01-31,8.2,"Unemployment rates were high in the UK and the US in 1981, with the US rate reaching 10% and the UK having one of the highest rates.","In the long-term, the economic situation may improve with the implementation of new policies, such as tax cuts, and investment in projects that can create jobs and stimulate growth.;In the short-term, it is likely that unemployment rates will remain high, and economic growth will be slow, until new policies and stimulus packages take effect.",search,1981-01-19,1981-01-25,6.0,31
1981-02-01,1981-02-01,1981-02-28,8.0,"The White House Report on the Program for Economic Recovery in 1981 stated that the upward movements in inflation had not brought falling unemployment rates, nor had high unemployment brought lower inflation.","In the long-term, the success of these economic reforms will depend on the ability to stimulate economic growth, reduce inflation, and create jobs, which may lead to a more stable economic environment.;In the short-term, it is likely that the administration will continue to push for spending cuts and economic reforms to address the high inflation and unemployment rates.",search,1981-02-16,1981-02-22,6.0,31
1981-03-01,1981-03-01,1981-03-31,7.7,The unemployment rate is a concern in the United States and Europe in March 1981.,"If the unemployment rate is not addressed, it could lead to long-term economic consequences, such as slowed economic growth and increased poverty rates. Note: The provided search results do not offer a comprehensive view of the economic situation in March 1981, and the predictions made are based on limited information.;It is likely that the unemployment rate will continue to be a concern in the short term, potentially affecting the overall economic situation.",search,1981-03-23,1981-03-29,2.0,31
1981-04-01,1981-04-01,1981-04-30,7.0,"The unemployment rate is a concern in the United States in 1981, with people wondering about job prospects after education.","In the long term, the concentration of defense contracts and regional economic disparities could lead to structural economic imbalances and vulnerabilities.;In the short term, the unemployment rate may continue to be a concern, with potential impacts on consumer spending and economic growth.",search,1981-04-20,1981-04-26,4.0,31
1981-05-01,1981-05-01,1981-05-31,7.1,The unemployment rate in the United States was almost at a certain level in May 1981.,NA;NA,search,1981-05-25,1981-05-31,0.0,31
1981-06-01,1981-06-01,1981-06-30,7.7,"Objective facts about the Economics situation: The unemployment rate is mentioned in the context of Burroughs Machines in Cumbernauld, Scotland, with no specific rate provided.",Predictions you can make for the long-term future (next few months): NA;Predictions you can make for the short-term future (next 1-4 weeks): NA,search,1981-06-22,1981-06-28,2.0,31
1981-07-01,1981-07-01,1981-07-31,7.3,"Nigeria's economy in 1981 was heavily reliant on oil, leading to disparities in income and allegations of impropriety.",NA;NA,search,1981-07-20,1981-07-26,5.0,31
1981-08-01,1981-08-01,1981-08-31,7.2,The U.S. Department of Education published a report in 1972 on high school graduation rates and completion rates in the United States.,NA;NA,search,1981-08-24,1981-08-30,1.0,31
1981-09-01,1981-09-01,1981-09-30,7.3,The 1981-1982 recession in the United States pushed the nation's unemployment rate up.,NA;NA,search,1981-09-21,1981-09-27,3.0,31
1981-10-01,1981-10-01,1981-10-31,7.5,"Youth unemployment rates have been steadily increasing, with an upward trend in rates for decades.","In the long-term, if the economy continues to be mismanaged, it is likely that the youth unemployment rate will remain high, leading to a range of social and economic problems. Note: The information provided is limited, and most of the sources are not directly related to economics. The analysis and predictions are based on the limited information available and may not be comprehensive or accurate.;In the short-term, it is likely that youth unemployment rates will continue to rise unless there are significant changes in economic policy or a sudden improvement in the overall economy.",search,1981-10-19,1981-10-25,6.0,31
1981-11-01,1981-11-01,1981-11-30,7.9,The unemployment rate in Bangladesh was high in the 1970s and 1981.,NA;NA,search,1981-11-23,1981-11-29,1.0,31
1981-12-01,1981-12-01,1981-12-31,8.3,The unemployment rate was a concern in December 1981.,NA Note: The provided search results do not contain sufficient information to make predictions about the short-term or long-term future of economics. The results appear to be snippets from unrelated sources and do not provide a coherent picture of the economic situation.;NA,search,1981-12-21,1981-12-27,4.0,31
1982-01-01,1982-01-01,1982-01-31,9.4,"Objective facts about the Economics situation: The unemployment rate in the United States in 1982 was high, with some sources citing it as having reached a peak. The inflation rate in Mauritius in 1982 was falling, partly due to monetary policy. Labor force participation for Southeast Asian refugees in the US was lower than for the general US population, with an unemployment rate almost two times as high.",Predictions you can make for the long-term future (next few months): NA;Predictions you can make for the short-term future (next 1-4 weeks): NA,search,1982-01-25,1982-01-31,0.0,31
1982-02-01,1982-02-01,1982-02-28,9.6,"In 1982, President Kennedy's request for military spending was 8.6 percent of the gross national product, while President Reagan's request was 6.3 percent.",NA;NA,search,1982-02-22,1982-02-28,0.0,31
1982-03-01,1982-03-01,1982-03-31,9.5,The unemployment rate in the United States has increased due to an eight-month recession.,"In the long-term, the economy may recover from the recession, and the unemployment rate may decrease.;In the short-term, the unemployment rate may continue to rise, and the economy may continue to struggle.",search,1982-03-22,1982-03-28,3.0,31
1982-04-01,1982-04-01,1982-04-30,9.2,"The unemployment rate, particularly among black individuals, was a concern in the United States in April 1982.","In the long term, it is possible that the economic situation will improve if policies are implemented to address issues such as unemployment and social unrest.;In the short term, it is likely that the unemployment rate will continue to be a concern, particularly among marginalized demographics.",search,1982-04-19,1982-04-25,5.0,31
1982-05-01,1982-05-01,1982-05-31,9.1,"Unemployment rates in West Germany, Britain, Italy, and the United States were high in 1982, with the US rate increasing from 5.9% in 1980.","In the long-term, the high unemployment rates of 1982 could lead to a prolonged period of economic stagnation, potentially affecting economic growth and development for years to come.;In the short-term, it is likely that unemployment rates will continue to rise, leading to decreased consumer spending and economic activity.",search,1982-05-24,1982-05-30,1.0,31
1982-06-01,1982-06-01,1982-06-30,9.8,"The unemployment rate was high in the 1980s, with black workers being concentrated in the same jobs they were employed in during that time period.",NA;NA,search,1982-06-14,1982-06-20,10.0,31
1982-07-01,1982-07-01,1982-07-31,9.8,The unemployment rate in the United States in June 1982 was 9.4%.,"In the long term, it is possible that the economy will experience a period of stagnation, with high unemployment rates and slow growth becoming the new normal, unless significant policy changes are implemented to address the root causes of these issues.;In the short term, it is likely that unemployment rates will continue to rise, and more plant closures will occur, leading to further economic instability.",search,1982-07-19,1982-07-25,6.0,31
1982-08-01,1982-08-01,1982-08-31,9.6,The unemployment rate in the United States was at a 40-year high in August 1982 .,"In the long term, the United States economy may recover from the recession, but it may require significant policy changes and structural adjustments .;In the short term, the economic situation in the United States and Mexico is likely to remain challenging, with high unemployment rates and depressed prices for certain products .",search,1982-08-23,1982-08-29,2.0,31
1982-09-01,1982-09-01,1982-09-30,9.7,"The United States economy was experiencing high unemployment rates in 1982, with a focus on poverty and its solutions being discussed.",NA;NA,search,1982-09-20,1982-09-26,4.0,31
1982-10-01,1982-10-01,1982-10-31,9.9,"The unemployment rate was high in October 1982, with business failures increasing and a recession looming.","In the long term, the economic situation may improve if interest rates are lowered, and measures are taken to address the root causes of unemployment and business failures. Note: The information provided is limited to a specific time period (October 1982) and does not provide a comprehensive view of the economic situation. Therefore, the predictions made are based on the available information and may not be entirely accurate.;In the short term, it is likely that unemployment will continue to rise, and the recession will worsen, given the high interest rates and business failures.",search,1982-10-25,1982-10-31,0.0,31
1982-11-01,1982-11-01,1982-11-30,10.4,The unemployment rate in the United States was around 14% in November 1982 .,"In the long term, the economy may recover from the recession, but the high unemployment rate and potential protectionism may have lasting impacts on the economy and trade policies .;In the short term, it is likely that the government will take steps to address the high unemployment rate, potentially including measures such as taxation or increased spending .",search,1982-11-22,1982-11-28,2.0,31
1982-12-01,1982-12-01,1982-12-31,10.5,"West Virginia's unemployment rate is 12.7 percent, the highest in the country, as of December 1982.","In the long term, it is possible that the government will implement policies to address the high unemployment rate, such as job creation programs or economic stimulus packages, to mitigate the effects of the economic downturn.;In the short term, it is likely that the unemployment rate in West Virginia and other affected areas will continue to be a major concern, potentially leading to social and economic instability.",search,1982-12-20,1982-12-26,5.0,31
1983-01-01,1983-01-01,1983-01-31,11.4,The unemployment rates among Indian tribes in the United States were extremely high in 1983.,NA;NA,search,1983-01-24,1983-01-30,1.0,31
1983-02-01,1983-02-01,1983-02-28,11.3,"Unemployment rates in the United States: In April 1980, the unemployment rate for men in central cities was 7.5 percent, compared to 5.6 percent in the suburbs. In 1983, the unemployment level started to decline, dropping in 3 years.","The long-term economic outlook is uncertain, but it is possible that the economy will continue to recover from the high unemployment rates of the early 1980s.;It is likely that the unemployment rate will continue to decline in the short term, given the trend observed in the past 3 years.",search,1983-02-21,1983-02-27,1.0,31
1983-03-01,1983-03-01,1983-03-31,10.8,"The unemployment rate in the United States was high in 1982, with a rate of 14% in mid-1982.",NA;NA,search,1983-03-21,1983-03-27,4.0,31
1983-04-01,1983-04-01,1983-04-30,10.0,"The unemployment rate was forecast to average a certain percentage in 1983, and there was a percentage point increase in the general rate.",NA;NA,search,1983-04-18,1983-04-24,6.0,31
1983-05-01,1983-05-01,1983-05-31,9.8,Unemployment was a concern in the United States and the UK in 1983.,NA;NA,search,1983-05-23,1983-05-29,2.0,31
1983-06-01,1983-06-01,1983-06-30,10.2,"The unemployment rate in Virginia was affected by the mining disaster in 1983, which was one of the worst in a quarter century.","The long-term effects of the mining disaster may include increased investment in safety measures and regulations, potentially leading to a safer and more stable mining industry in Virginia. Note: The provided search results are limited and do not provide a comprehensive view of the economic situation in 1983 or beyond. Therefore, the predictions and analysis are based on the available information and may not be entirely accurate or representative of the larger economic context.;In the short-term, the mining disaster may lead to increased unemployment claims and a potential slowdown in economic activity in the affected regions.",search,1983-06-20,1983-06-26,4.0,31
1983-07-01,1983-07-01,1983-07-31,9.4,The Government of the Somali Democratic Republic recognized the US Government's recommendation for program assistance to make financial resources available .,NA;NA,search,1983-07-25,1983-07-31,0.0,31
1983-08-01,1983-08-01,1983-08-31,9.2,The unemployment rate in the United States was 9.5% in July 1983 and fell to a lower rate in August 1983.,"If the current trend continues, the economy may experience a period of sustained growth, leading to increased economic stability and potentially lower unemployment rates in the long term.;It is likely that the unemployment rate will continue to decline in the short term, potentially leading to increased economic activity and growth.",search,1983-08-22,1983-08-28,3.0,31
1983-09-01,1983-09-01,1983-09-30,8.8,"The unemployment rate was a concern in 1983, with some areas experiencing high rates.","In the long term, the US may need to diversify its energy sources and reduce its reliance on foreign oil to improve its economic stability. Note: The provided search results do not contain a lot of information directly related to economics, so the analysis and predictions are limited.;In the short term, it's possible that the unemployment rate may continue to be a concern, and the government may need to implement policies to address it.",search,1983-09-19,1983-09-25,5.0,31
1983-10-01,1983-10-01,1983-10-31,8.4,"The unemployment rate in Grenada was over 50% in 1983, while in Shelby County, Illinois, it dropped by 2.0% in September of the same year.",NA;NA,search,1983-10-24,1983-10-30,1.0,31
1983-11-01,1983-11-01,1983-11-30,8.1,The unemployment benefits in West Germany in 1983 provided almost total financial support to the unemployed in the first year off the job.,NA;NA,search,1983-11-21,1983-11-27,3.0,31
1983-12-01,1983-12-01,1983-12-31,8.0,The unemployment rate in the United States was 9.4% in December 1983.,NA;NA,search,1983-12-19,1983-12-25,6.0,31
1984-01-01,1984-01-01,1984-01-31,8.8,"The United States was experiencing high unemployment rates in 1984, with a focus on creating jobs and restoring neighborhoods in high-unemployment areas.",NA;NA,search,1984-01-23,1984-01-29,2.0,31
1984-02-01,1984-02-01,1984-02-29,8.4,"The unemployment rate was decreasing rapidly in 1984, with a rate of reduction not seen in nearly 33 years.",NA;NA,search,1984-02-20,1984-02-26,3.0,31
1984-03-01,1984-03-01,1984-03-31,8.1,"The economy in 1984 was experiencing high unemployment rates, with over 3,000 jobs lost in Tyne and Wear, UK in January and February alone . New Bedford, Massachusetts had one of the highest unemployment rates in the state .",NA;NA,search,1984-03-19,1984-03-25,6.0,31
1984-04-01,1984-04-01,1984-04-30,7.6,The unemployment rate in the Dominican Republic was at 29% in April 1984.,NA;NA,search,1984-04-23,1984-04-29,1.0,31
1984-05-01,1984-05-01,1984-05-31,7.2,The unemployment rate in Liberia was estimated to be large-scale in 1984.,"Long-term predictions suggest that the economic difficulties faced by Liberia and the United States in 1984 may have a lasting impact on their economies, potentially leading to a period of slow growth and high unemployment rates.;Short-term predictions are difficult to make based on the limited information, but it is likely that the unemployment rates will continue to be a challenge for both countries in the next few weeks.",search,1984-05-21,1984-05-27,4.0,31
1984-06-01,1984-06-01,1984-06-30,7.4,"Over the past ten years, the total number of years with decreasing unemployment in the United States has been almost equal to the number of years with increasing unemployment.",NA;NA,search,1984-06-18,1984-06-24,6.0,31
1984-07-01,1984-07-01,1984-07-31,7.5,"The unemployment rate in the United States was around 6.3% in the first quarter of 1984, with an aggregate employment level of 18.7 million.",NA;NA,search,1984-07-23,1984-07-29,2.0,31
1984-08-01,1984-08-01,1984-08-31,7.3,"The unemployment rate in the United States was a significant concern in 1984, with the ""misery index"" (unemployment rate + inflation rate) reaching 12.5% in 1976.","The slowing rate of growth and high unemployment rate may lead to a recession or economic downturn in the long-term if not addressed. Note: The other search results were not relevant to predicting economics and were therefore discarded.;It is likely that the unemployment rate will continue to be a major concern in the short-term, with potential impacts on the presidential election.",search,1984-08-20,1984-08-26,5.0,31
1984-09-01,1984-09-01,1984-09-30,7.1,"The literacy rate in Mauritius is estimated, and there are approximately 75,000 unemployed in a population of 1 million.","In the long term, these economic initiatives may lead to increased economic growth and development in sub-Saharan Africa, potentially reducing unemployment and improving literacy rates.;In the short term, we can expect to see further discussions and implementations of economic initiatives, potentially leading to increased aid and investment in sub-Saharan Africa.",search,1984-09-24,1984-09-30,0.0,31
1984-10-01,1984-10-01,1984-10-31,7.0,The unemployment rate in the United States in 1984 was around 11%.,NA;NA,search,1984-10-22,1984-10-28,3.0,31
1984-11-01,1984-11-01,1984-11-30,6.9,"The article from The New York Review of Books, published on November 22, 1984, discusses the importance of state intervention in correcting economic downturns, citing the risk of grave unemployment if left unchecked.","NA Note: The second article from www.riversimulator.org appears to be unrelated to Economics and therefore has been discarded. The information provided is limited, and without more context or data, it's difficult to make predictions about the short-term or long-term future.;NA",search,1984-11-19,1984-11-25,5.0,31
1984-12-01,1984-12-01,1984-12-31,7.0,"The unemployment rate in Plainview, USA was low in 1984, making it one of the strongest economic areas in the United States.","As the economic situation in Plainview is strong, it is likely that the region will continue to experience economic growth and development in the long-term, potentially attracting new businesses and investment.;Based on the current low unemployment rate, it is likely that the economic situation in Plainview will remain strong in the short-term, with continued low unemployment rates and potential economic growth.",search,1984-12-24,1984-12-30,1.0,31
1985-01-01,1985-01-01,1985-01-31,8.0,"The documents mention various dates in January 1985, and one in 2009, related to different events and topics.",NA;NA,search,1985-01-21,1985-01-27,4.0,31
1985-02-01,1985-02-01,1985-02-28,7.8,"As of February 1985, unemployment was a significant issue in the UK, with 230,000 people unemployed in Ireland.",NA;NA,search,1985-02-18,1985-02-24,4.0,31
1985-03-01,1985-03-01,1985-03-31,7.5,"The unemployment rate was a concern in the United States in 1985, particularly in America's Southern states.",NA;NA,search,1985-03-25,1985-03-31,0.0,31
1985-04-01,1985-04-01,1985-04-30,7.1,"The European Economic Community had different rules for nationals of its member states under Community law, and Irish citizens were in a separate category.",NA;NA,search,1985-04-22,1985-04-28,2.0,31
1985-05-01,1985-05-01,1985-05-31,7.0,"The unemployment rate in 1985 was discussed in various contexts, including a speech by Margaret Thatcher and an article about summer jobs for teenagers.","In the long term, the economy may experience a recession, as hinted at by rising unemployment rates and other indicators, but the timing and severity of such a recession are difficult to predict.;In the short term, it is likely that the job market will continue to experience fluctuations, with some industries experiencing growth while others struggle with high unemployment rates.",search,1985-05-20,1985-05-26,5.0,31
1985-06-01,1985-06-01,1985-06-30,7.5,"The United States was experiencing a recession and high unemployment rates in 1985, with a high external deficit.","In the long term, it is possible that the economy will recover from the recession, but it will likely take time and effort to address the underlying issues contributing to high unemployment rates and low income.;In the short term, it is likely that the economic situation will continue to be challenging, with high unemployment rates and a recession affecting the US and other regions.",search,1985-06-24,1985-06-30,0.0,31
1985-07-01,1985-07-01,1985-07-31,7.4,"The unemployment rate in the Philippines has leveled off, with a decrease in the unemployment rate in the first quarter of 1985.",NA (No specific information is available to make long-term predictions.) Note: The other search results do not provide relevant information for making predictions about Economics.;NA (No specific information is available to make short-term predictions.),search,1985-07-22,1985-07-28,3.0,31
1985-08-01,1985-08-01,1985-08-31,6.9,"The unemployment rate in Ottawa and surrounding counties was high in 1985, with a rate of 18% in some areas, making it one of the most depressed areas of the state.","In the long-term, the economic situation in the United States may improve if budget policy and industrial base issues are addressed, potentially leading to a decrease in unemployment rates.;In the short-term, the unemployment rate in Ottawa and surrounding counties may continue to rise, potentially leading to further economic depression in the area.",search,1985-08-19,1985-08-25,6.0,31
1985-09-01,1985-09-01,1985-09-30,6.9,"The unemployment rate is high in various regions, including Edmonton, Canada, and parts of the United States, with record unemployment in South Africa.","In the long term, if the underlying economic issues are not addressed, the high unemployment rates and recession may lead to a prolonged period of economic stagnation and decreased economic growth.;In the short term, it is likely that unemployment rates will continue to be high, and economic growth may be slow, especially in regions experiencing recession.",search,1985-09-23,1985-09-29,1.0,31
1985-10-01,1985-10-01,1985-10-31,6.8,"The unemployment rate in Ontario, Canada averaged 7.7% for the year 1985.",NA;NA,search,1985-10-21,1985-10-27,4.0,31
1985-11-01,1985-11-01,1985-11-30,6.7,"The data is from 1985, and it appears to be related to tax laws and regulations in the United States and Canada.",NA;NA,search,1985-11-18,1985-11-24,6.0,31
1985-12-01,1985-12-01,1985-12-31,6.7,The unemployment rate in the United States was below 4% in December 1985.,NA;NA,search,1985-12-23,1985-12-29,2.0,31
1986-01-01,1986-01-01,1986-01-31,7.3,"The unemployment rate in Canada has decreased, and the industrial growth rate in 1985 was twice that of the United States.",NA;NA,search,1986-01-20,1986-01-26,5.0,31
1986-02-01,1986-02-01,1986-02-28,7.8,The unemployment rate in a country (not specified) increased from 10% to 30%,"In the long term, the Philippine economy may recover if it can diversify its economy and reduce its dependence on foreign aid;It is likely that the Philippine economy will continue to struggle in the short term, potentially leading to further government intervention",search,1986-02-17,1986-02-23,5.0,31
1986-03-01,1986-03-01,1986-03-31,7.5,"The unemployment compensation program is mentioned in the context of state agencies administering programs, with no specific data or trends provided.",NA;NA,search,1986-03-24,1986-03-30,1.0,31
1986-04-01,1986-04-01,1986-04-30,7.0,NA (No relevant objective facts about the Economics situation),"NA (No relevant long-term predictions for the Economics situation) The provided search results do not contain any relevant information about the Economics situation, making it impossible to extract useful facts, insights, analysis, or predictions. The results appear to be related to book descriptions and summaries, which are not relevant to predicting Economics.;NA (No relevant short-term predictions for the Economics situation)",search,1986-04-21,1986-04-27,3.0,31
1986-05-01,1986-05-01,1986-05-31,7.0,"The unemployment rate was a concern in the United States in May 1986, with a House bill extending the current freeze on unemployment benefits being passed.","In the long-term, the high unemployment rate in 1986 may have led to a shift in economic policies, potentially resulting in measures to stimulate economic growth and reduce unemployment.;In the short-term, it is likely that the unemployment rate will continue to be a major concern for policymakers, with potential extensions of unemployment benefits or other measures to mitigate the effects of unemployment.",search,1986-05-19,1986-05-25,6.0,31
1986-06-01,1986-06-01,1986-06-30,7.3,"The Tax Reform Act of 1986 (H.R. 3838) was passed on June 24, 1986, and included provisions related to federal unemployment tax and professional athletes.",NA;NA,search,1986-06-23,1986-06-29,1.0,31
1986-07-01,1986-07-01,1986-07-31,7.0,"The speech was given by President Corazon Aquino to the Philippine Chamber of Commerce on July 21, 1986, and emphasized the importance of effective government in responding to the demands of the people and parties that supported her presidency.",NA;NA,search,1986-07-21,1986-07-27,4.0,31
1986-08-01,1986-08-01,1986-08-31,6.7,"In the last 25 years, there have been more than 50 different federal training programs, yet unemployment rates have kept increasing.","The failure of federal job training programs to address unemployment may lead to a shift in policy focus towards more effective solutions, potentially resulting in improved employment outcomes in the long term. Note: The provided information is limited to a specific time period (1986) and may not be directly applicable to current economic conditions.;It is likely that unemployment rates will continue to be a major concern in the short term, potentially influencing the outcome of the 1986 elections.",search,1986-08-25,1986-08-31,0.0,31
1986-09-01,1986-09-01,1986-09-30,6.8,Unemployment in Michigan dropped 1.9% last month.,"In the long-term, the changing social context in the United States may lead to shifts in economic policies and structures, potentially impacting the overall economic situation.;Based on the current trends, it is likely that the unemployment rate in Michigan will continue to decrease in the short-term, and the sales of game machines will remain strong.",search,1986-09-22,1986-09-28,2.0,31
1986-10-01,1986-10-01,1986-10-31,6.6,"The Tax Reform Act of 1986 was signed into law on October 22, 1986, which aimed to reform the tax code and reduce unemployment compensation tax rates.",NA;NA,search,1986-10-20,1986-10-26,5.0,31
1986-11-01,1986-11-01,1986-11-30,6.6,"The unemployment rate was a concern in several countries in 1986, including South Africa, Mexico, the United States, and Tonga.","In the long-term, addressing the underlying structural issues, such as debt crises and financial inflation, may help to reduce unemployment rates and promote economic growth and development in these countries.;In the short-term, it is likely that the unemployment rates in these countries will continue to be a concern, and may even worsen if the underlying structural issues are not addressed.",search,1986-11-24,1986-11-30,0.0,31
1986-12-01,1986-12-01,1986-12-31,6.3,The unemployment rate in North Carolina increased from 5.1 percent.,"If the economy does not experience significant growth, the poverty rate and unemployment rate may continue to rise in the long-term, potentially leading to more widespread economic struggles. Note: The other search results were not relevant to making predictions about Economics, so they were discarded.;The economy is likely to continue struggling in the short-term, with potential increases in unemployment and poverty rates.",search,1986-12-22,1986-12-28,3.0,31
1987-01-01,1987-01-01,1987-01-31,7.3,"The unemployment rate in the United States was a concern in 1987, with some areas having higher unemployment rates than others.",NA Note: The search results did not provide sufficient information to make predictions about the short-term or long-term future of the economy.;NA,search,1987-01-19,1987-01-25,6.0,31
1987-02-01,1987-02-01,1987-02-28,7.2,"The United States faced a large budget deficit in 1987, which contributed to serious imbalances in trade positions among industrial countries.","In the long term, if the budget deficits and trade imbalances are not addressed, the economy may experience a decline in economic growth, increased inflation, and decreased competitiveness.;In the short term, the economy may continue to struggle with high unemployment rates and trade imbalances, which can lead to decreased economic growth.",search,1987-02-16,1987-02-22,6.0,31
1987-03-01,1987-03-01,1987-03-31,6.9,"In 1987, the unemployment rate in the United States was mentioned as a concern, with a historical reference to the high unemployment rate in 1930 following the implementation of major new tariffs.",NA;NA,search,1987-03-23,1987-03-29,2.0,31
1987-04-01,1987-04-01,1987-04-30,6.2,"Unemployment was a significant issue in the 1980s, affecting more than half of the African population.",NA;NA,search,1987-04-20,1987-04-26,4.0,31
1987-05-01,1987-05-01,1987-05-31,6.1,"The article from The New York Times (May 31, 1987) discusses Margaret Thatcher's capitalist revolution, while the article from Marxists.org (May 28, 1987) talks about the Labour Party's socialist programme.","In the long term (next few months), the outcome of these ideological debates could have a lasting impact on the economy, potentially leading to significant changes in the direction of economic policy and the overall economic landscape.;In the short term (next 1-4 weeks), it is likely that economic policies will continue to be shaped by these ideological debates, potentially leading to changes in areas such as wage rates, employment, and economic growth.",search,1987-05-25,1987-05-31,0.0,31
1987-06-01,1987-06-01,1987-06-30,6.3,"The ACSRC regional center proposal includes a geographic boundary defined by specific counties in the state, with a focus on promoting economic development in ""high unemployment"" areas.",NA;NA,search,1987-06-22,1987-06-28,2.0,31
1987-07-01,1987-07-01,1987-07-31,6.1,"Objective facts about the Economics situation: The unemployment rate in the United States was at its lowest level in almost 8 years in July 1987. Alabama had low personal income, education spending, and achievement levels, and high unemployment and infant mortality rates in July 1987.",Predictions you can make for the long-term future (next few months): NA;Predictions you can make for the short-term future (next 1-4 weeks): NA,search,1987-07-20,1987-07-26,5.0,31
1987-08-01,1987-08-01,1987-08-31,5.8,"Objective facts about the Economics situation: The unemployment rate in South Korea was 11% in 1987, and the economy grew 12.5% last year. The unemployment rate in Japan was low, and the concept of unemployment compensation was not well-established.",Predictions you can make for the long-term future (next few months): NA;Predictions you can make for the short-term future (next 1-4 weeks): NA,search,1987-08-17,1987-08-23,8.0,31
1987-09-01,1987-09-01,1987-09-30,5.7,The International Monetary Fund (IMF) reported on coordinated exchange market intervention and concerted discount rate reductions in early 1986.,"The long-term impact of economic development strategies, such as those based on science and technology, may have influenced the economic situation in the following months.;NA",search,1987-09-21,1987-09-27,3.0,31
1987-10-01,1987-10-01,1987-10-31,5.7,"The U.S. economy has been performing well in recent years and is likely to continue moderate growth throughout 1989. The operating capacity rate stayed at 81.2%, and the jobless rate has fallen to 5.9 percent, the lowest in several years.","In the long term, the economy is expected to continue growing, but the convergence of European currencies and the potential for a slowdown in Europe may have implications for the U.S. economy.;In the short term, the economy is likely to continue growing moderately, but the impact of the stock market crash may lead to increased volatility and potential slowdown.",search,1987-10-19,1987-10-25,6.0,31
1987-11-01,1987-11-01,1987-11-30,5.6,"In 1987, the unemployment rate in the United States was 1.9% over the previous five years.",NA;NA,search,1987-11-23,1987-11-29,1.0,31
1987-12-01,1987-12-01,1987-12-31,5.4,"The unemployment rate in the United States increased significantly in 1987, as measured by the standard unemployment rate.","If the economy continues to weaken, it may lead to a recession, which could have long-term implications for the economy, including increased debt and decreased economic growth. Note: The information provided is limited, and the analysis and predictions are based on the available data.;In the short-term, the economy may continue to experience high unemployment rates, potentially leading to decreased consumer spending and economic growth.",search,1987-12-21,1987-12-27,4.0,31
1988-01-01,1988-01-01,1988-01-31,6.3,"The United States has 10 exchanges where securities are resold or traded, including the NISE.","If interest rates are not managed properly, it may lead to negative consequences such as unemployment and loss of global influence in the long-term.;It is likely that the positive trend in the economy will continue in the short-term, with manufacturers and other industries experiencing growth.",search,1988-01-25,1988-01-31,0.0,31
1988-02-01,1988-02-01,1988-02-29,6.2,"The United States had concerns about unemployment rates in 1988, with some sources mentioning it as a potential consequence of certain economic policies.",NA;NA,search,1988-02-22,1988-02-28,1.0,31
1988-03-01,1988-03-01,1988-03-31,5.9,"Objective facts about the Economics situation: The unemployment rate in the United States was a concern in 1988, with rates varying across cities such as Chicago and Philadelphia. The balance of trade, exchange rates, and unemployment were indicators of economic performance in the European Economy in 1988.",Predictions you can make for the long-term future (next few months): NA;Predictions you can make for the short-term future (next 1-4 weeks): NA,search,1988-03-14,1988-03-20,11.0,31
1988-04-01,1988-04-01,1988-04-30,5.3,"The 1988 presidential debate discussed sudden unemployment and a changed economy, with a focus on the cost of the state.",NA;NA,search,1988-04-18,1988-04-24,6.0,31
1988-05-01,1988-05-01,1988-05-31,5.4,The unemployment rate in the United States in May 1988 was the lowest in 14 years.,NA;NA,search,1988-05-23,1988-05-29,2.0,31
1988-06-01,1988-06-01,1988-06-30,5.5,The State Statistical Bureau of China announced principal figures on vital changes in the population in 1988.,NA;NA,search,1988-06-20,1988-06-26,4.0,31
1988-07-01,1988-07-01,1988-07-31,5.5,Objective facts about the Economics situation: Unemployment rates in the UK began to fall in every region in 1988 . Unemployment dropped from 11.1% in the fourth quarter of 1986 to a lower rate in 1988 in the Philippines .,Predictions you can make for the long-term future (next few months): NA;Predictions you can make for the short-term future (next 1-4 weeks): NA,search,1988-07-25,1988-07-31,0.0,31
1988-08-01,1988-08-01,1988-08-31,5.4,The unemployment rate in the United States was at its lowest level since 1974 in August 1988.,NA;NA,search,1988-08-22,1988-08-28,3.0,31
1988-09-01,1988-09-01,1988-09-30,5.2,"The unemployment rate in the United States was in steep decline in 1988, with a rate of 3% in September 1988.",NA;NA,search,1988-09-19,1988-09-25,5.0,31
1988-10-01,1988-10-01,1988-10-31,5.0,"In 1988, the poorest neighborhood in the US was a four-block area in a black inner-city, and unemployment was a problem everywhere in the United States.",NA;NA,search,1988-10-24,1988-10-30,1.0,31
1988-11-01,1988-11-01,1988-11-30,5.2,The United States' economic growth forecast for 1988 is 3.8 percent.,"In the long term, the United States may need to reassess its economic policies to remain competitive with Japan and other growing economies. Note: The other search results were not relevant to making predictions about Economics and were therefore discarded.;In the short term, Japan's economy is likely to continue to outperform the United States, potentially leading to increased trade and investment between the two countries.",search,1988-11-21,1988-11-27,3.0,31
1988-12-01,1988-12-01,1988-12-31,5.0,The unemployment rate in the United States was expected to nearly double to 25% in 1988.,NA;NA,search,1988-12-19,1988-12-25,6.0,31
1989-01-01,1989-01-01,1989-01-31,6.0,"The Soviet Union had a poverty rate of around 40% of the population in 1989, compared to 14% in the United States.","The Soviet Union's economic reforms may lead to a decrease in poverty rates, while the US economy may experience a slowdown in growth.;The US economy may continue to grow in the short term, but the high poverty rates in the Soviet Union and Ireland may persist.",search,1989-01-23,1989-01-29,2.0,31
1989-02-01,1989-02-01,1989-02-28,5.6,"The unemployment rate in Greater Detroit in 1983 was high, with 51% of the unemployed lacking health insurance coverage.",NA;NA,search,1989-02-20,1989-02-26,2.0,31
1989-03-01,1989-03-01,1989-03-31,5.2,"The unemployment rate for whites in the United States was 5.3 percent in 1988, while black unemployment rates have averaged about twice the rates for whites since the end of World War II.","The unemployment rate disparity between whites and blacks may continue to persist in the long-term, potentially leading to social and economic unrest if not addressed through effective policy interventions.;NA",search,1989-03-13,1989-03-19,12.0,31
1989-04-01,1989-04-01,1989-04-30,5.1,The unemployment rate for industrial countries fell in 1989.,NA;NA,search,1989-04-24,1989-04-30,0.0,31
1989-05-01,1989-05-01,1989-05-31,5.0,The United States and the Republic of Korea held Article XXIII:1 consultations concerning Korea's beef import restrictions in February and March 1988.,"In the long term, the decline in strikes and changes in the labor landscape may lead to shifts in the global economy, potentially resulting in new forms of worker organization and collective bargaining.;In the short term, it is likely that trade restrictions and labor issues will continue to be a focus of international discussions and negotiations.",search,1989-05-22,1989-05-28,3.0,31
1989-06-01,1989-06-01,1989-06-30,5.5,"The unemployment rate was a concern in the United States in 1989, with President Bush acknowledging its impact.",NA;NA,search,1989-06-19,1989-06-25,5.0,31
1989-07-01,1989-07-01,1989-07-31,5.3,The unemployment rate in the Philippines declined from 12.5% in 1985 to 9.6% in 1988.,No information available,search,1989-07-24,1989-07-30,1.0,31
1989-08-01,1989-08-01,1989-08-31,5.1,"The United States had high unemployment rates in 1989, with rates hovering around 30% in some areas.",NA;NA,search,1989-08-21,1989-08-27,4.0,31
1989-09-01,1989-09-01,1989-09-30,5.1,The United States had a prison population and provided unemployment benefits in 1989.,NA;NA,search,1989-09-18,1989-09-24,6.0,31
1989-10-01,1989-10-01,1989-10-31,5.0,"The unemployment rate in the United States was a concern in 1989, with mentions of it in multiple sources.",NA;NA,search,1989-10-23,1989-10-29,2.0,31
1989-11-01,1989-11-01,1989-11-30,5.2,"In 1988, the unemployment rate for licensed nurses in the United States was low, indicating a shortage of nursing personnel.","In the long term, the shortage of nursing personnel may lead to a shift towards importing foreign nurses, which could have implications for the US labor market and healthcare industry. Note: The information available is limited to 1989, so the predictions are based on the analysis of the situation at that time.;In the short term, the high unemployment rate may lead to increased government spending on unemployment benefits and job creation programs.",search,1989-11-20,1989-11-26,4.0,31
1989-12-01,1989-12-01,1989-12-31,5.1,The unemployment rate for blacks in the United States was mentioned in Roberts v. Wamser as a significant issue.,The high unemployment rate for blacks in the United States could lead to increased social and economic unrest in the long term if left unaddressed.;NA,search,1989-12-25,1989-12-31,0.0,31
1990-01-01,1990-01-01,1990-01-31,6.0,"Objective facts about the Economics situation: The unemployment rate rose in Tulare, California in January 1990. The United States government spent approximately $700 million on a program in 2015.",Predictions you can make for the long-term future (next few months): NA;Predictions you can make for the short-term future (next 1-4 weeks): NA,search,1990-01-22,1990-01-28,3.0,31
1990-02-01,1990-02-01,1990-02-28,5.9,The unemployment rate in Yakima County was 14 percent in January 1990.,"In the long term, the United States may need to address the root causes of high unemployment rates, such as the drug trade and lack of economic opportunities, in order to improve the overall economic situation.;In the short term, it is likely that the unemployment rate in Yakima County will continue to be high due to the ongoing drug war and its effects on the local economy.",search,1990-02-19,1990-02-25,3.0,31
1990-03-01,1990-03-01,1990-03-31,5.5,The unemployment rate in Japan was 98% in 1988.,"Long-term predictions suggest that addressing unemployment and saving rates will be crucial for economic growth and stability in these regions.;Short-term predictions are difficult to make based on this limited data, but it is likely that unemployment rates will continue to be a challenge in these regions.",search,1990-03-19,1990-03-25,6.0,31
1990-04-01,1990-04-01,1990-04-30,5.3,Ontario's unemployment rate is forecast to average 5.6 per cent in 1990.,"In the long term (next few months), the economy in Ontario may continue to experience stable growth, but it is also possible that external factors could impact the unemployment rate and overall economic situation. Note: The other search results did not provide relevant information for making predictions about Economics, so they were discarded.;Based on the forecasted unemployment rate, it is likely that the economy in Ontario will continue to experience moderate growth in the short term (next 1-4 weeks).",search,1990-04-23,1990-04-29,1.0,31
1990-05-01,1990-05-01,1990-05-31,5.2,"The median unemployment rate for all was mentioned in a comprehensive management and use plan by the Santa Fe National on May 23, 1990.",NA;NA,search,1990-05-21,1990-05-27,4.0,31
1990-06-01,1990-06-01,1990-06-30,5.4,"The unemployment rate was a concern in the United States in 1990, with mentions of it in various contexts.","The long-term implications of the economic situation in 1990 could include continued concerns about unemployment and inflation, as well as the potential impact of trade agreements on the economy. Note: There is limited information in the provided search results that is directly relevant to making predictions about Economics. The results appear to be mostly unrelated to Economics, with a few mentions of unemployment and inflation. As a result, the summary is limited and does not provide much insight into the economic situation or predictions for the short-term or long-term future.;NA",search,1990-06-18,1990-06-24,6.0,31
1990-07-01,1990-07-01,1990-07-31,5.6,"Unemployment rates in 1990: 9.2% in the Philippines (down from 9.6% in 1988), 10% in the United Kingdom.","Long-term predictions are also uncertain, but it is possible that countries that invest in job creation programs and economic development may experience sustained growth and improvement in their unemployment rates.;Short-term predictions are difficult to make based on this limited data, but it is possible that the Philippines may continue to experience economic growth, while the United Kingdom may face challenges in reducing its unemployment rate.",search,1990-07-23,1990-07-29,2.0,31
1990-08-01,1990-08-01,1990-08-31,5.5,"The unemployment rate was a concern in the United States in 1990, with rates mentioned in various sources, including a mention of a 61% unemployment rate.",NA;NA,search,1990-08-20,1990-08-26,5.0,31
1990-09-01,1990-09-01,1990-09-30,5.6,"The case of Leslie's Pool Mart, Inc. v. Department of Food & Agriculture (1990) involved a violation of due process clauses in the United States and California.",NA;NA,search,1990-09-24,1990-09-30,0.0,31
1990-10-01,1990-10-01,1990-10-31,5.5,"The Unemployment Trust Fund was established in 1990, and deposits were made into the fund.","In the long-term, the removal of sanctions on South Africa and the recovery of the US dollar's value may lead to improved economic conditions, including lower unemployment and interest rates.;In the short-term, the economic situation may continue to be affected by the sanctions on South Africa and the decline in the value of the US dollar.",search,1990-10-22,1990-10-28,3.0,31
1990-11-01,1990-11-01,1990-11-30,5.9,"Objective facts about the Economics situation: Unemployment rates were high in 1990, with 57% of returnees unemployed in Namibia and a ""severe unemployment"" rate mentioned in the context of functional literacy .",Predictions you can make for the long-term future (next few months): NA;Predictions you can make for the short-term future (next 1-4 weeks): NA,search,1990-11-19,1990-11-25,5.0,31
1990-12-01,1990-12-01,1990-12-31,6.0,The U.S. altered its admission standards and enlarged the scale of immigration flows since 1965.,"In the long-term, the U.S. economy may need to adapt to the changing demographics and labor market resulting from the 1965 immigration policy changes.;It is likely that the U.S. economy will continue to feel the effects of the 1965 immigration policy changes in the short-term.",search,1990-12-24,1990-12-30,1.0,31
1991-01-01,1991-01-01,1991-01-31,7.1,"The United States was experiencing unemployment and poverty in 1991, with laborers in short supply.",NA;NA,search,1991-01-21,1991-01-27,4.0,31
1991-02-01,1991-02-01,1991-02-28,7.3,The United States was the only industrialized country in the world without some form of unemployment insurance or social security during the Great Depression.,"In the long-term, the implementation of social security and unemployment insurance may help to mitigate the effects of economic downturns, such as the Great Depression. Note: The provided search results are mostly unrelated to making predictions about Economics, which is why the output is limited.;In the short-term, the economic situation may continue to be influenced by the Gulf War, with potential fluctuations in consumer confidence and unemployment rates.",search,1991-02-18,1991-02-24,4.0,31
1991-03-01,1991-03-01,1991-03-31,7.2,"Unemployment rates were high in 1991, with 43% of men on a particular estate in Rochdale being unemployed, and unemployment worsening over time.","The structural issues underlying the high unemployment rates in 1991 may have had long-term effects on the economy, potentially leading to continued economic stagnation or instability.;NA",search,1991-03-25,1991-03-31,0.0,31
1991-04-01,1991-04-01,1991-04-30,6.5,The unemployment rate in the United States was affected by earthquake damage in 1991.,NA;NA,search,1991-04-22,1991-04-28,2.0,31
1991-05-01,1991-05-01,1991-05-31,6.7,"The United States is promoting economic development, and there are discussions around unemployment compensation and rates.","In the long term, addressing unemployment and promoting economic development may lead to improved economic conditions and reduced individual stress and governmental insolvency. Note: The provided search results do not contain a significant amount of relevant information about economics, which is why the summary is brief and does not provide many objective facts.;In the short term, it is likely that there will be continued discussions around unemployment compensation and rates, potentially leading to changes in policies.",search,1991-05-20,1991-05-26,5.0,31
1991-06-01,1991-06-01,1991-06-30,7.0,"The unemployment rate was a concern in the United States in 1991, with bleak prospects for workers facing dead-end jobs and periods of unemployment.","Based on the data, it is likely that Slovenia's economy will continue to grow as it integrates further with EU markets, while the US may need to address its unemployment issues to prevent long-term economic stagnation.;NA",search,1991-06-24,1991-06-30,0.0,31
1991-07-01,1991-07-01,1991-07-31,6.8,The United States was experiencing high interest rates and unemployment in 1991 .,NA;NA,search,1991-07-22,1991-07-28,3.0,31
1991-08-01,1991-08-01,1991-08-31,6.6,"The year 1991 saw economic challenges such as high rates of unemployment and inflation in various countries, including India and Zambia.",NA;NA,search,1991-08-19,1991-08-25,6.0,31
1991-09-01,1991-09-01,1991-09-30,6.5,"The unemployment rate in the United States was a concern in 1991, with Guadalupe County's rate decreasing to 5% in July and increasing in other areas.","In the long-term, the economic situation may be influenced by policy changes, international trade agreements, and shifts in industry trends. Note: The provided search results are mostly unrelated to Economics, and the relevant information is limited. Therefore, the summary is brief and based on the few relevant points found.;In the short-term, the unemployment rate may continue to fluctuate depending on regional and industry-specific factors.",search,1991-09-23,1991-09-29,1.0,31
1991-10-01,1991-10-01,1991-10-31,6.5,"The IRS opened two regulations projects on October 23, 1991, related to doing business in the United States and minimum net worth requirements.",NA;NA,search,1991-10-21,1991-10-27,4.0,31
1991-11-01,1991-11-01,1991-11-30,6.7,"The World Bank document dated November 21, 1991, discusses the shift of tuna canning from the United States to low labor-cost countries, leading to unemployment and underemployment in the project area. The document also mentions the concept of shadow wage rate (in/day).","In the long term, policymakers may need to implement strategies to mitigate the negative impacts of outsourcing on employment, such as investing in education and training programs to enhance the skills of the workforce.;In the short term, it is likely that the trend of outsourcing industries to low labor-cost countries will continue, leading to potential job losses in certain regions.",search,1991-11-18,1991-11-24,6.0,31
1991-12-01,1991-12-01,1991-12-31,6.9,"The unemployment rate in blue-collar occupations was high in 1991, with Miller's state unemployment payments of $226 a week ending in May.","The recession may continue into the long-term future, potentially leading to a prolonged period of economic stagnation. Note: The information provided is limited to 1991, and the predictions made are based on the available data. The accuracy of these predictions is uncertain and should be taken as opinions rather than facts.;It is likely that the unemployment rate will remain high in the short-term future, potentially leading to further economic downturn.",search,1991-12-23,1991-12-29,2.0,31
1992-01-01,1992-01-01,1992-01-31,8.1,The unemployment rate for disabled people in the United States was about 70% in 1992.,NA;NA,search,1992-01-20,1992-01-26,5.0,31
1992-02-01,1992-02-01,1992-02-29,8.2,"The Prime Minister of the UK, John Major, responded to questions about the recently released monthly unemployment figures on February 14, 1992.",NA;NA,search,1992-02-17,1992-02-23,6.0,31
1992-03-01,1992-03-01,1992-03-31,7.8,The unemployment rate in the United States was estimated to have fallen to about 10% in 1992 .,NA;NA,search,1992-03-23,1992-03-29,2.0,31
1992-04-01,1992-04-01,1992-04-30,7.2,"The unemployment rate in Japan was around 2% in 1992, while in the US, it was higher, affecting certain groups such as blacks, who received disability benefits at lower rates.","In the long term, it is possible that these economic disparities will lead to increased social and political tensions, and that policymakers will need to address these issues to promote greater economic equality and stability.;In the short term, it is likely that these economic disparities will continue to affect certain groups, such as blacks in the US, and that the unemployment rate in Japan will remain relatively low.",search,1992-04-20,1992-04-26,4.0,31
1992-05-01,1992-05-01,1992-05-31,7.3,Latin America faced high urban unemployment and decreases in real wages in 1992.,NA;NA,search,1992-05-25,1992-05-31,0.0,31
1992-06-01,1992-06-01,1992-06-30,8.0,"The unemployment rate was a significant concern in Israel in 1992, with a general sense that the country was not moving in the right direction.",NA;NA,search,1992-06-22,1992-06-28,2.0,31
1992-07-01,1992-07-01,1992-07-31,7.7,"The unemployment rate among black men in Michigan was 22.1 percent, followed by Louisiana with 19.1 percent, as of 1992.","In the long-term, addressing the structural issues underlying high unemployment rates among certain demographics will be crucial to achieving economic growth and stability. Note: The information provided is limited to a specific time period (1992) and does not provide a comprehensive view of the current economic situation. Therefore, the predictions made are based on the limited information available and may not be applicable to the current economic situation.;In the short-term, it is likely that unemployment rates will continue to be a concern, particularly in states with high rates of unemployment among black men.",search,1992-07-20,1992-07-26,5.0,31
1992-08-01,1992-08-01,1992-08-31,7.4,The unemployment rate in Liverpool was 14% in August 1992.,"The high unemployment rates in 1921 and 1992 may suggest a long-term pattern of economic fluctuations, with potential for future downturns.;NA",search,1992-08-24,1992-08-30,1.0,31
1992-09-01,1992-09-01,1992-09-30,7.3,"The number of dual-income families in the United States has dramatically increased over the past twenty years, with 46% of households having dual incomes as of 1992.",NA;NA,search,1992-09-21,1992-09-27,3.0,31
1992-10-01,1992-10-01,1992-10-31,6.9,"The United States experienced high unemployment rates in 1992, with an unemployment rate of 70 percent among certain groups.","In the long-term, the economy may recover from the slowdown, but it will depend on the implementation of effective policies to address the underlying causes of the economic downturn. Note: The information provided is limited and specific to the year 1992, so the predictions are based on the analysis of the current situation in 1992 and may not be applicable to the present day.;In the short-term, the economy may continue to experience high unemployment rates and slow growth, as the effects of the slowdown may take time to recover from.",search,1992-10-19,1992-10-25,6.0,31
1992-11-01,1992-11-01,1992-11-30,7.1,"The unemployment rate was a concern in 1992, with rates increasing in certain areas, such as Narva, where it shot up to 25% in the fall of 1992.","In the long term, it is possible that the economy will experience a shift towards new industries and job creation, potentially leading to a decrease in unemployment rates. Note: The provided search results do not offer a comprehensive view of the economic situation in 1992, and the analysis is limited by the available information.;In the short term, it is likely that unemployment rates will continue to be a concern, with potential increases in job losses in certain industries.",search,1992-11-23,1992-11-29,1.0,31
1992-12-01,1992-12-01,1992-12-31,7.1,Rising unemployment has led to adjustments or overhauls of compensation systems in all EU Member States.,"In the long-term, the economic situation may stabilize as governments and institutions adapt to the new reality, but it is uncertain how effective these adaptations will be. Note: There is limited information available in the provided search results, and most of it is not directly related to economics. The information from the IMF report and the AEI report is the most relevant, but it is still limited.;In the short-term, it is likely that unemployment rates will continue to rise, leading to further adjustments in compensation systems.",search,1992-12-21,1992-12-27,4.0,31
1993-01-01,1993-01-01,1993-01-31,8.0,The unemployment rate was increasing in Egypt in 1991-1992.,"In the long term, addressing the underlying structural issues and implementing policies to reduce poverty and unemployment rates will be crucial for economic recovery and growth.;It is likely that the economic situation will continue to be challenging in the short term, with unemployment rates remaining high.",search,1993-01-25,1993-01-31,0.0,31
1993-02-01,1993-02-01,1993-02-28,7.8,"The Canadian economy was experiencing sour conditions and double-digit unemployment rates in 1993, with Prime Minister Brian Mulroney's policies, including the 1989 free-trade agreement with the United States, being blamed.","In the long term, the effects of the 1989 free-trade agreement and the end of the Cold War may lead to a shift towards more globalized trade and economic systems, potentially leading to increased economic growth and stability.;In the short term, it is likely that unemployment rates will continue to rise, and economic growth will remain sluggish.",search,1993-02-22,1993-02-28,0.0,31
1993-03-01,1993-03-01,1993-03-31,7.4,"Objective facts about the Economics situation: Unemployment rates were a concern in the United States in 1993, with California having the worst unemployment rate. First-time applications for unemployment were being filed in 1993.",Predictions you can make for the long-term future (next few months): NA;Predictions you can make for the short-term future (next 1-4 weeks): NA,search,1993-03-22,1993-03-28,3.0,31
1993-04-01,1993-04-01,1993-04-30,6.9,"Objective facts about the Economics situation: The unemployment rate in the United States was above the national average in some areas, with a rate of 113 feet in California. Gross Domestic Product (GDP) in the Cook Islands grew at an average rate of 2.8% in real terms.","Predictions you can make for the long-term future (next few months): The high unemployment rates in certain areas of the United States may lead to increased social unrest and calls for policy changes. The growth of GDP in the Cook Islands may continue, but it may be affected by global economic trends.;Predictions you can make for the short-term future (next 1-4 weeks): NA",search,1993-04-19,1993-04-25,5.0,31
1993-05-01,1993-05-01,1993-05-31,6.8,"As of May 1993, unemployment rates were high in certain regions, with Oxford County having a rate of 14.3%.","In the long-term, it is possible that these regions may experience economic growth and development, potentially driven by industries such as modular homes.;In the short-term, it is likely that these regions will continue to face economic challenges, including high unemployment rates.",search,1993-05-24,1993-05-30,1.0,31
1993-06-01,1993-06-01,1993-06-30,7.2,"The European Council in Copenhagen on June 21-22, 1993, discussed the high level of unemployment, particularly among young people.","In the long term, the implementation of shock therapy and other economic reforms may help to address the underlying structural issues and lead to economic growth and recovery.;In the short term, it is likely that the high levels of unemployment and inflation will continue to plague many countries, leading to economic stagnation.",search,1993-06-21,1993-06-27,3.0,31
1993-07-01,1993-07-01,1993-07-31,7.0,"Asian American unemployment rate was an issue in 1993, highlighting the struggles of the working poor and those on welfare.","NA Note: The provided search results are mostly from 1993, which is an outdated timeframe for making predictions about the current economics situation. The information is more historical in nature and does not provide sufficient data for making short-term or long-term predictions.;NA",search,1993-07-19,1993-07-25,6.0,31
1993-08-01,1993-08-01,1993-08-31,6.6,The unemployment rate and insurance portability were discussed in various contexts in August 1993.,NA;NA,search,1993-08-23,1993-08-29,2.0,31
1993-09-01,1993-09-01,1993-09-30,6.4,The unemployment rate in the United States increased from 15.2% in 1991 . Long-term unemployment is higher in the European Community than in either Japan or the United States .,"In the long-term future, the impact of NAFTA and other economic policies may lead to changes in the unemployment rate, potentially with a decrease in unemployment as international trade increases .;It is likely that the unemployment rate will remain high in the short-term future, potentially with little change in the next 1-4 weeks .",search,1993-09-20,1993-09-26,4.0,31
1993-10-01,1993-10-01,1993-10-31,6.4,"The unemployment rate was a concern in various countries, including Peru, the United Kingdom, and India, with rates mentioned in the context of specific regions or industries.","In the long-term, the effects of the economic downturn may lead to changes in trade policies, such as the North American Free Trade Agreement, and potentially impact the average incomes of countries involved.;In the short-term, it is likely that unemployment rates will continue to be a concern, potentially leading to increased economic instability and potential policy interventions.",search,1993-10-25,1993-10-31,0.0,31
1993-11-01,1993-11-01,1993-11-30,6.2,"In 1993, the jobless rate in France stood at 11.8 percent, almost double the rate in the United States.","In the long term, the high unemployment rate in France and other European countries could lead to a shift in the economic and political landscape, potentially resulting in changes to labor laws, social welfare policies, and economic strategies. Note: The search results provided do not contain a wealth of information on economics, making it challenging to provide detailed and accurate predictions. The above output is based on the limited information available.;In the short term, it is likely that the high unemployment rate in France and other European countries will continue to put pressure on governments to implement policies to stimulate economic growth and job creation.",search,1993-11-22,1993-11-28,2.0,31
1993-12-01,1993-12-01,1993-12-31,6.1,"The United States faced high levels of unemployment in 1993, with rates reaching 11.2% in Dutchess County, New York in June.","In the long-term, addressing the root causes of unemployment, such as education and skills training, may be crucial to reducing unemployment rates and promoting sustainable economic growth in the US.;In the short-term, it is likely that unemployment rates will continue to be a major concern for policymakers and individuals in the US, with potential implications for economic growth and social stability.",search,1993-12-20,1993-12-26,5.0,31
1994-01-01,1994-01-01,1994-01-31,7.3,"The unemployment rate was 6.7 percent in January 1994, with 8.7 million unemployed persons.","In the long-term future (next 4-18 months), the unemployment rate may continue to fluctuate, but it is likely to decrease as the economy recovers and job growth continues. Here are the filtered results and analysis: **;In the short-term future (next 1-3 months), the unemployment rate may remain relatively high, with a possibility of slight increases or decreases depending on various economic factors.",report,1994-01-01,1994-01-31,0.0,31
1994-02-01,1994-02-01,1994-02-28,7.1,Objective facts about the influenza situation** There is no mention of the influenza situation in the provided text. **,"Long-term predictions (next 4-18 months)** In the long term, the labor market is expected to continue its recovery, with the unemployment rate decreasing further and payroll employment rising. As the economy continues to grow, it is likely that the labor market will strengthen, leading to more job opportunities and a decrease in unemployment. Here are the filtered results and analysis: **;Short-term predictions (next 1-3 months)** Based on the current trend, it is likely that the unemployment rate will continue to decrease, and payroll employment will continue to rise. However, the impact of the severe winter weather may still be felt in the short term, leading to some fluctuations in employment numbers. **",report,1994-02-01,1994-02-28,0.0,31
1994-03-01,1994-03-01,1994-03-31,6.8,"Objective Facts** * The unemployment rate was 6.5% in March 1994, the same as in February. (Source: Table A-1) * The number of unemployed persons remained at 8.5 million in March. (Source: Table A-1) * Nonfarm payroll employment rebounded sharply in March, increasing by 456,000. (Source: Table B-1) * The average workweek for production or nonsupervisory workers on private nonfarm payrolls rebounded by 0.4 hour from February's large weather-related decline, to 34.7 hours. (Source: Table B-2) **","Long-term Predictions (next 4-18 months)** * The labor market is likely to continue its gradual recovery, with the unemployment rate trending downward over the long term. (LLM) * The growth in nonfarm payrolls and the average workweek suggests that the labor market is gaining momentum, which could lead to stronger employment growth in the long term. (LLM) Here are the filtered results, summarized into 5 parts:;Short-term Predictions (next 1-3 months)** * The unemployment rate is likely to remain stable or decline slightly in the short term, as the labor market continues to recover from the weather-related weakness. (LLM) * Employment growth is expected to continue, driven by the rebound in nonfarm payrolls and the average workweek. (LLM) **",report,1994-03-01,1994-03-31,0.0,31
1994-04-01,1994-04-01,1994-04-30,6.2,Objective facts about the influenza situation** There is no information about the influenza situation in the provided text. **,"Long-term predictions** In the long term, the labor market is expected to continue its recovery, with the unemployment rate declining further. However, the pace of decline may slow down as the labor market approaches full employment. The teenage unemployment rate may remain a concern, and policy interventions may be needed to address this issue. Here are the filtered results and analysis related to predicting the Monthly United States Unemployment Rate: Overall and by race:;Short-term predictions** Based on the current trend, it is likely that the unemployment rate will continue to decline or remain stable in the short term. The labor market is expected to continue its recovery, with employment increasing and unemployment decreasing. **",report,1994-04-01,1994-04-30,0.0,31
1994-05-01,1994-05-01,1994-05-31,5.9,"Objective facts about the unemployment situation** * The nation's jobless rate was 6.0 percent, down from 6.4 percent in April. * The number of nonfarm payroll jobs was up by 191,000 in May. * Total employment, as measured by the household survey, showed an increase of 534,000 in May. * The unemployment rate for adult men fell 0.4 percentage point in May to 5.2 percent. * The rate for adult women edged down further to 5.4 percent. * The rate for teenagers fell back to 18.3 percent, near the levels prevailing in the first quarter. * The rates for whites (5.2 percent) and Hispanics (9.5 percent) declined over the month, while that for blacks (11.5 percent) was about unchanged. **","Long-term predictions (next 4-18 months)** The long-term outlook appears positive, with the labor market expected to continue its gradual recovery. As the economy strengthens, it is likely that unemployment rates will continue to decline, and employment numbers will increase. However, potential external shocks, such as changes in global economic conditions or monetary policy, could impact the labor market's trajectory. Here are the filtered results and analysis: **;Short-term predictions (next 1-3 months)** Based on the current trend, it is likely that the unemployment rate will continue to decline, albeit gradually, over the next 1-3 months. Employment numbers are also expected to increase, driven by growth in various industries. **",report,1994-05-01,1994-05-31,0.0,31
1994-06-01,1994-06-01,1994-06-30,6.2,"Objective Facts** * The unemployment rate was unchanged at 6.0% in June 1994. (Source) * The number of unemployed persons totaled 7.8 million. (Source) * Jobless rates for most major worker groups showed little or no change in June. (Source) * The number of long-term (27 weeks or more) unemployed workers fell by 176,000 in June to 1.5 million. (Source) * The number unemployed for fewer than 5 weeks increased by 219,000, returning to the April level. (Source) **","Long-term Predictions** * The labor market is likely to continue its slow and steady recovery, with the unemployment rate gradually decreasing over the next 4-18 months. (LLM) * The growth in services and retail trade industries may lead to a shift in the economy towards more service-based industries. (LLM) Here are the filtered results and my analysis: **;Short-term Predictions** * The unemployment rate is likely to remain steady or experience a small decrease in the short term, given the current stability of the labor market. (LLM) * Employment growth is expected to continue in services and retail trade industries. (LLM) **",report,1994-06-01,1994-06-30,0.0,31
1994-07-01,1994-07-01,1994-07-31,6.2,"Objective facts about the Economics situation: Israel is seeking U.S. loan guarantees, which will be used for job creation, particularly among recently arrived Soviet Jews in Israel, where unemployment is a significant issue.","Predictions you can make for the long-term future (next few months): The loan guarantees may lead to a decrease in unemployment rates among Soviet Jews in Israel, potentially boosting the country's economic growth.;Predictions you can make for the short-term future (next 1-4 weeks): NA",search,1994-07-25,1994-07-31,0.0,31
1994-08-01,1994-08-01,1994-08-31,5.9,"Objective facts about the unemployment situation: * The unemployment rate held at 6.1 percent in August 1994. * The number of unemployed persons was 8.0 million in August 1994. * The unemployment rates for adult men, adult women, teenagers, whites, blacks, and Hispanics were essentially unchanged over the month. * The number of persons who were unemployed because they had lost their last jobs or completed temporary jobs decreased by 629,000 since January 1994.","Long-term predictions (next 4-18 months): * The unemployment rate is likely to continue to decline in the long term, as the labor market continues to improve and the economy grows. * The number of unemployed persons is likely to decrease significantly in the long term, as the labor market continues to improve and more job opportunities become available. Here are the filtered results, summarized into 5 parts:;Short-term predictions (next 1-3 months): * The unemployment rate is likely to remain stable or decrease slightly in the short term, given the current trends in the labor market. * The number of unemployed persons is likely to decrease slightly in the short term, as the labor market continues to improve.",report,1994-08-01,1994-08-31,0.0,31
1994-09-01,1994-09-01,1994-09-30,5.6,"Objective Facts** * The unemployment rate declined from 6.1% to 5.9% in September 1994. * The number of unemployed persons dropped by 308,000 to 7.7 million in September 1994. * The unemployment rates for whites (5.1%), blacks (10.7%), and Hispanics (10.2%) were down marginally in September 1994. **","Long-term Predictions** * The labor market is expected to continue its recovery, with the unemployment rate potentially reaching 5.5% or lower by the end of 1995. Here are the filtered results and analysis:;Short-term Predictions** * The unemployment rate is likely to continue its downward trend in the next 1-3 months, potentially reaching 5.7% or lower. **",report,1994-09-01,1994-09-30,0.0,31
1994-10-01,1994-10-01,1994-10-31,5.4,"The unemployment rate for October 1994 was 5.8%, with 7.6 million persons unemployed. The jobless rate has declined by 0.9 percentage point since January 1994.","In the long term, I predict that the labor market will continue to strengthen, with the unemployment rate potentially reaching 5.0% or lower in the next 4-18 months. This is based on the current trend of declining unemployment and increasing employment numbers. Here are the filtered results and analysis: **;Based on the current trend, I predict that the unemployment rate will continue to decline in the short term, potentially reaching 5.5% or lower in the next 1-3 months.",report,1994-10-01,1994-10-31,0.0,31
1994-11-01,1994-11-01,1994-11-30,5.3,Objective facts about the influenza situation: NA (no information about influenza situation is present in the report),"Long-term predictions: The long-term trend suggests that the labor market will continue to improve, leading to a further decline in unemployment rates over the next 4-18 months. However, it is essential to monitor the labor market indicators and adjust predictions accordingly. Here are the filtered results and analysis related to predicting the Monthly United States Unemployment Rate: Overall and by race:;Short-term predictions: Based on the current trend, it is likely that the unemployment rate will continue to decline or remain stable in the short term (next 1-3 months).",report,1994-11-01,1994-11-30,0.0,31
1994-12-01,1994-12-01,1994-12-31,5.1,"Objective facts about the unemployment situation** * The unemployment rate continued its downward trend, reaching 5.4% in December 1994, a decline of 1.3 percentage points since January 1994. * The number of unemployed persons decreased by 1.6 million between January and December 1994. * Unemployment rates for adult women, men, whites, blacks, and Hispanics all declined since January 1994. **","Long-term predictions (next 4-18 months)** * The labor market is likely to continue its recovery, with unemployment rates potentially falling below 5% by the end of 1995. * Sustained economic growth and job creation are expected to lead to a further decline in unemployment rates and an increase in employment opportunities. Here are the filtered results and my analysis: **;Short-term predictions (next 1-3 months)** * The unemployment rate is likely to continue its downward trend, potentially reaching 5.2% or lower in the next few months. * Employment growth is expected to remain strong, with continued increases in nonfarm payroll jobs. **",report,1994-12-01,1994-12-31,0.0,31
1995-01-01,1995-01-01,1995-01-31,6.2,"The unemployment rate in the United States was at its lowest combined rate with inflation in 25 years as of January 1995, with almost 6 million new jobs created since the President took office.",NA;NA,search,1995-01-23,1995-01-29,2.0,31
1995-02-01,1995-02-01,1995-02-28,5.9,"Objective Facts** * The unemployment rate fell back to 5.4% in February 1995, after rising to 5.7% in January. * The number of unemployed persons decreased by 315,000 to 7.2 million in February. * Adult men accounted for the bulk of the February decline in unemployment, with their unemployment rate decreasing to 4.6%. * The number of persons unemployed for 27 weeks or more decreased by 146,000 in February to 1.2 million. * Nonfarm payroll employment increased by 318,000 in February to 115.6 million. **","Long-term Predictions** * The labor market is likely to continue to strengthen in the long term, driven by the growth in employment and the decline in unemployment. * The economy is expected to continue to grow, driven by the growth in nonfarm payroll employment and the decline in unemployment. Note: refers to the original text, and refers to the analysis and opinions of the expert (me). Here are the filtered results and analysis: **;Short-term Predictions** * The unemployment rate is likely to continue to decline in the short term, driven by the growth in employment. * Nonfarm payroll employment is expected to continue to increase, driven by the growth in services and retail trade. **",report,1995-02-01,1995-02-28,0.0,31
1995-03-01,1995-03-01,1995-03-31,5.7,Objective facts about the influenza situation** NA (no information about influenza situation) **,"Long-term predictions (next 4-18 months)** The labor market is expected to continue its moderate growth trend, with a potential increase in employment rates and a decrease in unemployment rates. The growth in services and construction industries is likely to continue, driving the overall labor market growth. Here are the filtered results and analysis:;Short-term predictions (next 1-3 months)** The unemployment rate is likely to remain stable or experience a slight decrease in the short term, driven by continued growth in services and construction industries. **",report,1995-03-01,1995-03-31,0.0,31
1995-04-01,1995-04-01,1995-04-30,5.6,The unemployment rate in Kent County in February 1995 was not encouraging.,NA;NA,search,1995-04-24,1995-04-30,0.0,31
1995-05-01,1995-05-01,1995-05-31,5.5,"The unemployment rate was a significant concern in the United States in 1995, with African Americans being disproportionately affected.",NA;NA,search,1995-05-22,1995-05-28,3.0,31
1995-06-01,1995-06-01,1995-06-30,5.8,"Objective facts about the unemployment situation** * The unemployment rate in June 1995 was 5.6%, unchanged from May. * The number of unemployed persons was 7.4 million, also unchanged from May. * The employment-population ratio was 62.7%, unchanged from May and 0.6 percentage point lower than its recent high in March. * Nonfarm payroll employment increased by 215,000 in June, following little change in the prior 2 months. * The services industry added 114,000 jobs in June, while construction added 42,000 jobs. * Manufacturing employment fell by 40,000 in June, the third consecutive decrease. * The average workweek for production or nonsupervisory workers on private nonfarm payrolls rose by 0.3 hour in June. * Average hourly earnings of private production or nonsupervisory workers were up 5 cents in June to $11.43. **","Long-term predictions** * The labor market is likely to continue its slow recovery, with the unemployment rate gradually declining over the long term. * The services industry is expected to continue driving job growth, while manufacturing may continue to decline. * The construction industry is likely to experience fluctuations in the long term, dependent on weather conditions and other external factors. Here are the filtered results, summarized into 5 parts:;Short-term predictions** * The unemployment rate is likely to remain stable or experience a small decline in the short term, given the stability of the labor market. * Job growth is expected to continue, driven by the services industry. * The construction industry is likely to continue its recovery in the short term. **",report,1995-06-01,1995-06-30,0.0,31
1995-07-01,1995-07-01,1995-07-31,5.9,"Objective facts about the influenza situation: Not applicable, as there is no information about influenza in the provided text.","In the long term, the labor market may experience some fluctuations, but the overall trend is likely to remain stable, with the unemployment rate potentially decreasing slightly as the economy continues to grow. Here is the filtered information useful for making predictions about the Monthly United States Unemployment Rate: Overall and by race:;Based on the current stable labor market, it is likely that the unemployment rate will remain around 5.7 percent in the short term, with minimal changes in jobless rates across different demographics.",report,1995-07-01,1995-07-31,0.0,31
1995-08-01,1995-08-01,1995-08-31,5.6,"Objective facts about the unemployment situation** * The unemployment rate was essentially unchanged at 5.6 percent in August 1995. (Source: Bureau of Labor Statistics) * The number of persons unemployed and the unemployment rate were about unchanged in August, at 7.4 million and 5.6 percent, respectively. (Source: Bureau of Labor Statistics) * The unemployment rates were about the same in August as in July for adult men (4.8 percent), adult women (5.0 percent), teenagers (17.7 percent), whites (4.8 percent), and blacks (11.3 percent). (Source: Bureau of Labor Statistics) * The rate for Hispanics rose by 1.1 percentage points to 9.9 percent. (Source: Bureau of Labor Statistics) **","Long-term predictions** * The labor market may continue to experience slow growth in the long term, with the unemployment rate potentially rising if the economy experiences a downturn. Here are the filtered results and analysis: **;Short-term predictions** * The unemployment rate is likely to remain stable in the short term, with minimal changes expected in the next 1-3 months. **",report,1995-08-01,1995-08-31,0.0,31
1995-09-01,1995-09-01,1995-09-30,5.4,"Objective Facts** * The unemployment rate remained at 5.6% in September 1995, with little change over the past several months. * The number of unemployed persons was essentially unchanged at 7.5 million. * The employment-population ratio remained at 62.9%. * The labor force participation rate was 66.6%. * Nonfarm payroll employment rose by 121,000 in September. * Services and retail trade had substantial job gains, while manufacturing experienced another employment decline. **","Long-term Predictions** * The labor market is likely to continue its shift towards a more service-based economy, with growth in services and retail trade employment. * The decline in manufacturing employment may continue, leading to a more significant shift towards a service-based economy. Note: indicates my own insights and opinions, while would indicate a direct quote or fact from the original text. Here is the filtered and summarized information related to predicting Monthly United States Unemployment Rate: Overall and by race:;Short-term Predictions** * The unemployment rate is likely to remain stable in the short term, around 5.6%. * Employment growth is expected to continue in services and retail trade, while manufacturing employment may continue to decline. **",report,1995-09-01,1995-09-30,0.0,31
1995-10-01,1995-10-01,1995-10-31,5.2,"Objective facts about the unemployment situation: The unemployment rate was essentially unchanged at 5.5 percent, with the number of unemployed persons at 7.2 million. The jobless rate has remained in a very narrow range in recent months.","Long-term predictions (next 4-18 months): The stability of the labor market is expected to continue, with the unemployment rate likely to remain in the 5.0-6.0 percent range. However, there may be some fluctuations due to seasonal factors and potential economic changes. Note: The predictions are based on the current trends and available data, but are subject to change based on future economic developments. Here are the filtered results and analysis: **;Short-term predictions (next 1-3 months): Based on the current trends, it is likely that the unemployment rate will remain relatively stable, with small fluctuations around the 5.5 percent mark. The labor market is expected to continue its steady pace, with no major shocks or disruptions on the horizon.",report,1995-10-01,1995-10-31,0.0,31
1995-11-01,1995-11-01,1995-11-30,5.3,Objective facts about the influenza situation** NA (no information about influenza situation) **,"Long-term predictions** In the long term (next 4-18 months), I predict that the unemployment rate will continue to fluctuate around 5.6%, with some potential for slight decreases or increases depending on various economic factors. Here are the filtered results:;Short-term predictions** Based on the stable employment situation, I predict that the unemployment rate will remain around 5.6% in the short term (next 1-3 months). **",report,1995-11-01,1995-11-30,0.0,31
1995-12-01,1995-12-01,1995-12-31,5.2,"The unemployment rate in California was 8.8% in November 1995, 3 points above the national rate.","In the long term, the economy may recover from the high unemployment rates of 1995 as policies aimed at stimulating growth take effect and natural disasters are mitigated.;It is likely that the high unemployment rates in 1995 will continue to affect the economy in the short term, potentially leading to increased poverty and social unrest.",search,1995-12-25,1995-12-31,0.0,31
1996-01-01,1996-01-01,1996-01-31,6.3,Objective facts about the influenza situation: NA (there is no mention of influenza in the report),"Long-term predictions (next 4-18 months): The report suggests that the labor market has been relatively stable since late 1994, with the unemployment rate fluctuating between 5.4 and 5.8%. This trend may continue in the long term, with the unemployment rate potentially stabilizing around 5.5-5.7%. However, this is subject to various economic and weather-related factors that can influence the labor market. Here are the filtered results and my analysis: **;Short-term predictions (next 1-3 months): Based on the report, it is likely that the unemployment rate will remain around 5.8% in the short term, with possible fluctuations due to weather-related events. The labor market may experience some volatility in the coming months.",report,1996-01-01,1996-01-31,0.0,31
1996-02-01,1996-02-01,1996-02-29,6.0,"Objective Facts** * The unemployment rate decreased to 5.5% in February 1996, and the number of unemployed persons decreased by 322,000 to 7.4 million. * The jobless rate for adult women decreased by 0.3 percentage point to 4.8%, and the rate for teenagers dropped 1.6 percentage points to 16.6%. * The number of persons working part-time for economic reasons increased by 411,000 in February, reversing a decline of similar magnitude in the previous month. * Nonfarm payroll employment rose by 705,000 in February, rebounding strongly from weather-related declines in January. * The average workweek for production or nonsupervisory workers on private nonfarm payrolls rose sharply in February, rebounding from the impact of the extreme weather last month. **","Long-term Predictions** In the long term, I predict that the labor market will continue to grow, with the unemployment rate potentially reaching 5.0% or lower by the end of 1996. Nonfarm payroll employment is likely to continue growing, potentially adding another 2-3 million jobs by the end of 1996. However, the growth rate may slow down as the labor market approaches full employment. Here are the filtered results and summarized information useful for making predictions about the Monthly United States Unemployment Rate: Overall and by race:;Short-term Predictions** Based on the current trends, I predict that the unemployment rate will continue to decrease in the short term, potentially reaching 5.3% or lower in the next 1-3 months. Nonfarm payroll employment is also likely to continue growing, potentially adding another 500,000 to 700,000 jobs in the next 1-3 months. **",report,1996-02-01,1996-02-29,0.0,31
1996-03-01,1996-03-01,1996-03-31,5.8,"The United States is experiencing social issues such as illiteracy, undereducation, drug abuse, crime, unemployment, and underemployment in certain areas.","In the long term, addressing these challenges will require a comprehensive approach that considers the interplay between economic institutions, individual ethics, and social outcomes, potentially leading to more equitable economic growth and development. Note: The provided sources are mostly from 1996, which may not be directly applicable to current economic conditions. However, the insights and analysis provided are general enough to be relevant to understanding economic situations.;In the short term, it is likely that these social and economic challenges will continue to affect certain areas of the United States, potentially leading to increased economic inequality.",search,1996-03-25,1996-03-31,0.0,31
1996-04-01,1996-04-01,1996-04-30,5.4,Objective facts about the influenza situation** * NA (There is no mention of influenza in the text) **,"Long-term predictions (next 4-18 months)** * The labor market is expected to continue its slow and steady growth, with the unemployment rate potentially decreasing further as the economy continues to recover. Note: tags are not used as there are no specific sources cited in the text. tags indicate my own insights and opinions based on the provided text. Here is the filtered information and analysis related to predicting Monthly United States Unemployment Rate: Overall and by race:;Short-term predictions (next 1-3 months)** * The unemployment rate is likely to remain stable or decrease slightly in the short term, given the current trends. **",report,1996-04-01,1996-04-30,0.0,31
1996-05-01,1996-05-01,1996-05-31,5.4,Objective facts about the influenza situation** NA (There is no information about the influenza situation in the provided text.) **,"Long-term predictions (next 4-18 months)** The labor market is likely to continue its slow and steady growth, with the unemployment rate potentially trending downward as the economy continues to expand. The services sector, including business services, health services, and retail trade, is expected to drive employment growth in the long term. However, potential risks such as inflation, interest rate changes, and global economic shocks could impact the labor market's trajectory. Here are the filtered results and my analysis: **;Short-term predictions (next 1-3 months)** Based on the current trends, it is likely that the unemployment rate will continue to hover around the 5.4 to 5.8 percent range. Employment growth is expected to remain modest, with continued gains in services and retail trade. The labor force participation rate may continue to rise, driven by increases in the employment-population ratio. **",report,1996-05-01,1996-05-31,0.0,31
1996-06-01,1996-06-01,1996-06-30,5.5,"The United States has a significantly lower rate of unemployment compared to Europe, with fewer labor market rigidities.","In the long-term, it is possible that the global economy will need to address the root causes of high unemployment rates in developing countries, potentially through increased investment in education and job creation initiatives.;In the short-term, it is likely that unemployment rates will continue to be a major concern for developing countries, potentially leading to increased social unrest and political instability.",search,1996-06-24,1996-06-30,0.0,31
1996-07-01,1996-07-01,1996-07-31,5.6,"Objective facts about the unemployment situation: - The unemployment rate was essentially unchanged at 5.4% in July 1996. - The number of unemployed persons totaled 7.3 million in July 1996. - The jobless rates for major worker groups showed little change from the prior month. - The number of persons unemployed for less than 5 weeks and the number of unemployed new entrants rose in July. - Total employment continued to trend upward in July, and has risen by 1.9 million so far in 1996. - The labor force participation rate was 66.9% in July, 0.6 percentage point higher than the rate at the end of 1995.","Long-term predictions (next 4-18 months): - The labor market is likely to continue its growth trend, driven by increased job creation and labor force participation. - The unemployment rate may experience a gradual decline as the labor market continues to absorb new entrants and job seekers. - However, potential risks such as changes in economic conditions or policy interventions could impact the labor market and alter these predictions.;Short-term predictions (next 1-3 months): - The unemployment rate is likely to remain stable or experience a slight decrease, given the current trend of moderate labor market growth. - Total employment and labor force participation rates are expected to continue their upward trend.",report,1996-07-01,1996-07-31,0.0,31
1996-08-01,1996-08-01,1996-08-31,5.1,"Objective facts about the unemployment situation** * The nation's jobless rate fell from 5.4 to 5.1 percent in August 1996. (Source: Bureau of Labor Statistics) * The number of unemployed persons was 6.8 million, 467,000 below July's level. (Source: Bureau of Labor Statistics) * The unemployment rate among workers 20 to 24 years old fell from 9.7 to 8.3 percent, and among those 55 years and over, the rate declined from 3.8 to 3.1 percent. (Source: Bureau of Labor Statistics) **","Long-term predictions (next 4-18 months)** * The labor market is likely to continue to strengthen, with a decline in unemployment rates and an increase in employment opportunities. * The economy is expected to continue growing, with a rise in average hourly earnings and an increase in nonfarm payroll employment. Note: indicates my own analysis and insights, while indicates a direct quote from the Bureau of Labor Statistics. Here are the filtered results and analysis: **;Short-term predictions (next 1-3 months)** * The unemployment rate is likely to continue to decline or remain stable in the short term, given the current economic trends. * Employment growth is expected to continue, particularly in services and goods-producing industries. **",report,1996-08-01,1996-08-31,0.0,31
1996-09-01,1996-09-01,1996-09-30,5.0,Objective facts about the influenza situation** NA (there is no mention of influenza in the report) **,"Long-term predictions (next 4-18 months)** In the long term, I predict that the labor market will continue to experience a slowdown in growth, particularly in industries that are heavily dependent on seasonal fluctuations. However, the overall unemployment rate is likely to remain relatively stable, as the economy continues to grow at a moderate pace. Source: LLM: These predictions are based on my analysis of the report and my understanding of the labor market trends. Here is the filtered information useful for making predictions about the Monthly United States Unemployment Rate: Overall and by race:;Short-term predictions (next 1-3 months)** Based on the current trends, I predict that the unemployment rate will remain stable or experience a slight increase in the short term. Employment growth may continue to slow down in certain industries, but overall, the labor market is likely to remain relatively stable. **",report,1996-09-01,1996-09-30,0.0,31
1996-10-01,1996-10-01,1996-10-31,4.9,"Objective facts:** * The unemployment rate was 5.2 percent in October, in line with both the August and September figures. * Unemployment rates were essentially unchanged for adult men (4.3 percent), adult women (4.7 percent), teenagers (16.1 percent), whites (4.4 percent), blacks (10.8 percent), and Hispanics (8.0 percent). **","Long-term predictions:** In the long term (next 4-18 months), the labor market may experience changes in response to economic shifts or policy changes. However, without significant changes in the economy or policy, it is likely that the unemployment rate will remain around 5-6 percent, with minimal changes in employment rates across different demographics.;Short-term predictions:** Based on the current stability, it is likely that the unemployment rate will remain around 5.2 percent in the next 1-3 months, with minimal changes in employment rates across different demographics. **",report,1996-10-01,1996-10-31,0.0,31
1996-11-01,1996-11-01,1996-11-30,5.0,"Objective Facts** * The unemployment rate edged up to 5.4 percent in November, up slightly from 5.2 percent in October. * The number of unemployed persons was 7.2 million, 273,000 more than in October. * The employment-population ratio was essentially unchanged at 63.3 percent in November. * Nonfarm payroll employment rose by 118,000 in November, with modest gains occurring throughout the private sector. * Average hourly earnings rose by 9 cents over the month, following a decline of 1 cent in October. **","Long-term Predictions** * The labor market is likely to continue to expand over the long term, driven by growth in the services sector and other industries. * The employment-population ratio may continue to rise, indicating a strengthening labor market. Here are the relevant information and my analysis: **;Short-term Predictions** * The unemployment rate may continue to edge up in the short term, but it is unlikely to rise significantly. * Job growth may continue at a modest pace, with some industries experiencing stronger growth than others. **",report,1996-11-01,1996-11-30,0.0,31
1996-12-01,1996-12-01,1996-12-31,5.0,"The unemployment rate was unchanged at 5.3 percent in December 1996. The number of unemployed persons, 7.2 million, was also unchanged. The unemployment rates for major worker groups showed little or no change over the month. The labor force participation rate rose by 0.6 percentage point over the year, to 67.0 percent in December.","In the long term (next 4-18 months), the labor market is likely to continue growing, with a potential decrease in the unemployment rate. The increasing labor force participation rate could lead to more job opportunities and a stronger labor market. Here are the filtered results, summarized into 5 parts:;Based on the current situation, it is likely that the unemployment rate will remain stable or slightly decrease in the short term (next 1-3 months). The increasing labor force participation rate could lead to more job opportunities and a potential decrease in the unemployment rate.",report,1996-12-01,1996-12-31,0.0,31
1997-01-01,1997-01-01,1997-01-31,5.9,The unemployment rate was essentially unchanged at 5.4 percent in January 1997.,"In the long term, the labor market is expected to continue its slow growth trend, with the unemployment rate potentially decreasing slightly as the economy continues to expand. However, this prediction is subject to various economic factors and uncertainties. Here are the filtered results and analysis: **;Based on the current stability in the labor market, it is likely that the unemployment rate will remain around 5.4 percent in the short term, with little change in jobless rates for different demographic groups.",report,1997-01-01,1997-01-31,0.0,31
1997-02-01,1997-02-01,1997-02-28,5.7,"The overall unemployment rate was 5.3% in February 1997, with little change from the previous month. The number of unemployed persons was 7.2 million, and the labor force participation rate was 67.0%.","In the long-term, the unemployment rate is expected to continue its downward trend, potentially reaching historic lows. The growing economy and increasing labor force participation rate are likely to lead to a sustained period of low unemployment. Here are the filtered results and my analysis: **;Based on the current trends, it is likely that the unemployment rate will remain stable or decrease slightly in the next 1-3 months. The labor market is expected to continue growing, with more job opportunities available to individuals.",report,1997-02-01,1997-02-28,0.0,31
1997-03-01,1997-03-01,1997-03-31,5.5,"The unemployment rate was about unchanged at 5.2 percent in March 1997. The number of unemployed persons, 7.1 million, and the unemployment rate, 5.2 percent, were essentially unchanged in March, after seasonal adjustment.","In the long term (next 4-18 months), the labor market is expected to continue growing, with the unemployment rate potentially decreasing further as the economy expands. However, this growth may be moderate, and the unemployment rate may not decrease significantly. Here are the filtered results and analysis: **;In the short term (next 1-3 months), the unemployment rate is likely to remain stable or experience a slight decrease, driven by continued economic growth.",report,1997-03-01,1997-03-31,0.0,31
1997-04-01,1997-04-01,1997-04-30,4.8,Objective facts about the influenza situation** NA (there is no mention of influenza in the report) **,"Long-term predictions (next 4-18 months)** The labor market is likely to continue to show improvement, with a possible increase in employment opportunities and a decrease in unemployment rates. However, this will depend on various economic factors, such as GDP growth and inflation rates. Note: There is no information about influenza in the report, so I couldn't provide any insights or predictions related to it. Here is the filtered information useful for making predictions about the Monthly United States Unemployment Rate: Overall and by race:;Short-term predictions (next 1-3 months)** Based on the current trend, we can expect the unemployment rate to continue to decline or remain stable in the short term. **",report,1997-04-01,1997-04-30,0.0,31
1997-05-01,1997-05-01,1997-05-31,4.7,Objective facts about the influenza situation: NA (there is no mention of influenza in the report),"Long-term predictions: The labor market is expected to maintain its growth momentum over the next 4-18 months, with the unemployment rate potentially falling further. Bureau of Labor Statistics Labor market expert analysis Here are the filtered results and my analysis: **;Short-term predictions: The unemployment rate is likely to continue its downward trend in the next 1-3 months, with the labor market continuing to experience growth.",report,1997-05-01,1997-05-31,0.0,31
1997-06-01,1997-06-01,1997-06-30,5.2,"Objective facts about the influenza situation: Not applicable, as there is no mention of influenza in the report.","In the long-term, the unemployment rate may return to its downward trend, as the labor market continues to grow and the economy expands. However, this depends on various factors, including economic growth, job creation, and labor force participation. Here are the filtered results and analysis related to predicting the Monthly United States Unemployment Rate: Overall and by race:;In the short-term, the unemployment rate may continue to rise or remain stable, as the labor market adjusts to the recent increase in unemployment.",report,1997-06-01,1997-06-30,0.0,31
1997-07-01,1997-07-01,1997-07-31,5.0,Objective facts about the influenza situation** NA (there is no mention of influenza in the report) **,"Long-term predictions** In the long term, I predict that the labor market will continue to experience steady growth, with the unemployment rate potentially declining further. However, this growth may be influenced by various factors, including changes in the global economy, technological advancements, and shifts in industry trends. Bureau of Labor Statistics, ""The Employment Situation: July 1997"" These insights and predictions are based on my analysis of the report and my understanding of economic trends. Here are the filtered results and analysis:;Short-term predictions** Based on the current trends, I predict that the unemployment rate will continue to decline or remain stable in the short term, with employment growth driven by the service-producing sector. **",report,1997-07-01,1997-07-31,0.0,31
1997-08-01,1997-08-01,1997-08-31,4.8,"The unemployment rate is associated with various social and environmental factors, including residential instability and government size.","In the long-term, a larger government may lead to sustained higher unemployment rates, unless measures are taken to address the underlying social and environmental factors contributing to unemployment.;In the short-term, unemployment rates may remain stagnant or increase if government size continues to expand, leading to reduced economic growth.",search,1997-08-25,1997-08-31,0.0,31
1997-09-01,1997-09-01,1997-09-30,4.7,"Objective Facts** * The unemployment rate remained unchanged at 4.9% in September 1997. * The number of unemployed persons was little changed at 6.8 million in September 1997. * Jobless rates for major worker groups showed little or no change in September 1997. * Total employment was essentially unchanged at a seasonally adjusted level of 129.7 million in September 1997. * Nonfarm payroll employment rose by 215,000 in September 1997, after seasonal adjustment. **","Long-term Predictions** * The labor market is likely to continue experiencing a period of stability, with unemployment rates remaining around 4.9% in the long term. * Employment levels may experience some growth, driven by increases in services and other industries, but the rate of growth is expected to be moderate. Here are the filtered results and my analysis: **;Short-term Predictions** * Unemployment rates are likely to remain stable in the short term, with no significant changes expected in the next 1-3 months. * Employment levels may experience some fluctuations due to seasonal adjustments, but overall, the labor market is expected to remain stable. **",report,1997-09-01,1997-09-30,0.0,31
1997-10-01,1997-10-01,1997-10-31,4.4,Objective facts about the influenza situation: NA (there is no mention of influenza in the report),"Long-term predictions: In the long term, the labor market is expected to continue to grow, with the unemployment rate remaining low. However, there may be some fluctuations in employment levels and hours worked due to seasonal and economic factors. Overall, the labor market is expected to remain strong in the long term. Here are the filtered results and analysis: **;Short-term predictions: Based on the current trends, it is likely that the unemployment rate will remain low in the short term, and employment levels will continue to increase. The average workweek may also remain stable or increase slightly.",report,1997-10-01,1997-10-31,0.0,31
1997-11-01,1997-11-01,1997-11-30,4.3,"The International Labour Organization (ILO) has called for action against youth unemployment, citing ""hidden unemployment"" as a significant issue affecting young people in countries like the United States, Japan, and France.","In the long term, addressing the root causes of youth unemployment, such as education and skills training, will be crucial for sustainable economic growth and reducing social and economic inequality.;In the short term, it is likely that governments and organizations will continue to focus on addressing youth unemployment and promoting job creation.",search,1997-11-24,1997-11-30,0.0,31
1997-12-01,1997-12-01,1997-12-31,4.4,"Objective Facts** * The unemployment rate in December 1997 was 4.7%, unchanged from the previous month. (Source: BLS) * The number of unemployed persons was 6.4 million, and the number of employed persons was 130.8 million. (Source: BLS) * The labor force participation rate was 67.2%, and the employment-population ratio was 64.1%. (Source: BLS) * Nonfarm payroll employment rose by 370,000 in December, with gains in most industry divisions. (Source: BLS) * The unemployment rates for adult men, adult women, teenagers, whites, blacks, and Hispanics were 4.1%, 4.0%, 14.3%, 3.9%, 9.9%, and 7.5%, respectively. (Source: BLS) **","Long-term Predictions** * The labor market is likely to continue to experience low unemployment and strong job growth in the long term, driven by the strong economy. (LLM) * The employment-population ratio and labor force participation rate are likely to remain at high levels in the long term, indicating a strong labor market. (LLM) Here are the filtered results and analysis: **;Short-term Predictions** * The unemployment rate is likely to remain low in the short term, given the strong labor market conditions. (LLM) * Job growth is likely to continue in the short term, driven by the strong economy. (LLM) **",report,1997-12-01,1997-12-31,0.0,31
1998-01-01,1998-01-01,1998-01-31,5.2,"Objective Facts about Unemployment Rate** * The unemployment rate remained at 4.7% in January 1998, with 6.4 million unemployed persons. * The jobless rate for adult women (4.4%) rose by 0.4 percentage point in January, while the rate for adult men (3.8%) declined to its lowest level in nearly 20 years. * Unemployment rates for teenagers (14.1%), whites (4.0%), blacks (9.3%), and Hispanics (6.9%) showed little or no change over the month. **","Long-term Predictions** * The low unemployment rate may lead to increased inflationary pressures and potential interest rate hikes in the long term. * The labor market may continue to tighten, leading to increased competition for workers and potential wage growth. Here are the filtered results and analysis: **;Short-term Predictions** * The unemployment rate is likely to remain low in the short term, potentially dropping further as the labor market continues to strengthen. **",report,1998-01-01,1998-01-31,0.0,31
1998-02-01,1998-02-01,1998-02-28,5.0,"Objective Facts** * The unemployment rate was essentially unchanged at 4.6 percent in February 1998. (Source) * The number of unemployed persons was about 6.4 million, and the unemployment rate showed little or no change in February. (Source) * Jobless rates for major worker groups, such as adult men, adult women, teenagers, whites, blacks, and Hispanics, showed little or no change in February. (Source) * The labor force participation rate remained at a record 67.3 percent. (Source) **","Long-term Predictions (next 4-18 months)** * The labor market is likely to continue to experience moderate growth, with unemployment rates remaining low. * The construction industry may experience a slowdown in growth as the housing market reaches its peak, but other industries such as services and manufacturing may pick up the slack. Here are the filtered results and analysis: **;Short-term Predictions (next 1-3 months)** * The unemployment rate is likely to remain stable or experience a slight decline in the short term, given the current labor market conditions. * Construction employment may continue to grow, but at a slower pace, as the housing market may start to experience seasonal fluctuations. **",report,1998-02-01,1998-02-28,0.0,31
1998-03-01,1998-03-01,1998-03-31,5.0,Objective facts about the influenza situation** NA (there is no mention of influenza in the report) **,"Long-term predictions** The strong labor market and low unemployment rate may continue in the long term, but there may be some fluctuations due to seasonal variations and other economic factors. It is likely that the unemployment rate will remain below 5% in the long term. USDL 98-130, Bureau of Labor Statistics, March 1998. Here are the filtered results and analysis: **;Short-term predictions** Based on the stable labor market and low unemployment rate, it is likely that the unemployment rate will remain around 4.7% in the short term. **",report,1998-03-01,1998-03-31,0.0,31
1998-04-01,1998-04-01,1998-04-30,4.1,"Objective facts about the unemployment situation** * The unemployment rate declined to 4.3% in April, down from 4.7% in March. * The number of unemployed persons declined from 6.5 to 5.9 million in April. * Unemployment rates declined across all major demographic groups, including adult men, adult women, teenagers, whites, blacks, and Hispanics. * The employment-population ratio returned to its all-time high of 64.2% in April. **","Long-term predictions** * The labor market is likely to continue its upward trend in the next 4-18 months, driven by growth in various sectors such as services and construction. Here is the filtered information useful for making predictions about the Monthly United States Unemployment Rate: Overall and by race:;Short-term predictions** * The unemployment rate is likely to remain low in the next 1-3 months, given the current strength of the labor market. **",report,1998-04-01,1998-04-30,0.0,31
1998-05-01,1998-05-01,1998-05-31,4.2,The unemployment rate in Iraq was high in 1998.,"In the long term, structural issues underlying high unemployment rates in countries like Iraq and Brazil may need to be addressed through policy reforms and investments in education and training.;In the short term, unemployment rates may continue to rise in countries affected by the Asian crisis, while countries with tight labor markets may experience inflationary pressures.",search,1998-05-25,1998-05-31,0.0,31
1998-06-01,1998-06-01,1998-06-30,4.7,"The unemployment rate edged up to 4.5 percent in June 1998, with 6.2 million unemployed persons. The jobless rate for whites rose by 0.3 percentage point to 4.0 percent, while rates for other demographic groups remained relatively unchanged.","In the long-term, the unemployment rate may continue to decline or remain stable, driven by sustained economic growth and job creation in various industries. However, potential risks such as inflation and global economic uncertainty may impact the labor market. Here are the filtered results and analysis: **;In the short-term, the unemployment rate is likely to remain around 4.5 percent, with minor fluctuations. The labor market is expected to continue its strong trend, with job gains in services and construction industries.",report,1998-06-01,1998-06-30,0.0,31
1998-07-01,1998-07-01,1998-07-31,4.7,Objective facts about the influenza situation** NA (no information about influenza situation in the report) **,"Long-term predictions** In the long term (next 4-18 months), the unemployment rate is expected to continue its downward trend, potentially reaching new lows. The labor market is likely to experience continued growth, driven by gains in service-producing industries and a recovery in manufacturing employment. However, potential risks such as global economic shocks or domestic policy changes could impact the labor market and unemployment rate. Here is the filtered information useful for making predictions about Monthly United States Unemployment Rate: Overall and by race:;Short-term predictions** Based on the current trends, it is likely that the unemployment rate will remain stable or experience a slight decrease in the short term (next 1-3 months). The labor market is expected to continue its slow growth, with some fluctuations in specific industries. **",report,1998-07-01,1998-07-31,0.0,31
1998-08-01,1998-08-01,1998-08-31,4.5,"Objective facts about the unemployment situation** * The unemployment rate remained at 4.5% in August 1998. * The number of unemployed persons has remained essentially unchanged at 6.2 million since June 1998. * The employment-population ratio was 63.8% in August 1998, little changed from the previous month. * Nonfarm payroll employment rose by 365,000 in August 1998, following a gain of only 68,000 in July. **","Long-term predictions** * The labor market is expected to continue to experience a period of stability, with the unemployment rate and employment-population ratio showing little change over the next 4-18 months. * Payroll employment is expected to grow at a moderate pace over the next 4-18 months, driven by growth in services and other industries. Here is the filtered information useful for making predictions about the Monthly United States Unemployment Rate: Overall and by race:;Short-term predictions** * The unemployment rate is likely to remain stable or experience a small decrease in the next 1-3 months, given the current labor market trends. * Payroll employment is expected to continue to grow, albeit at a moderate pace, in the next 1-3 months. **",report,1998-08-01,1998-08-31,0.0,31
1998-09-01,1998-09-01,1998-09-30,4.4,Objective facts about the influenza situation: None mentioned in the report.,"Predictions for the long-term future (next 4-18 months): The labor market is likely to continue experiencing steady growth, with the unemployment rate remaining low. However, there may be some fluctuations in response to changes in the business cycle or external shocks. The growth of certain industries, such as services and healthcare, is expected to continue, while others, such as manufacturing, may experience more modest growth. Here is the filtered information and my analysis:;Predictions for the short-term future (next 1-3 months): The unemployment rate is likely to remain stable, with small fluctuations, as the labor market continues to experience steady growth. Employment is expected to increase moderately, with some industries experiencing stronger growth than others.",report,1998-09-01,1998-09-30,0.0,31
1998-10-01,1998-10-01,1998-10-31,4.2,Objective facts about the influenza situation: NA (no information about influenza situation),"Long-term predictions: The labor market is expected to continue its growth trend, with the unemployment rate potentially declining further in the next 4-18 months, barring any unexpected economic shocks. Note: tags are not used as there are no objective facts about the influenza situation. tags are used to indicate insights, analysis, and predictions made by the expert. Here are the filtered results and analysis:;Short-term predictions: The unemployment rate is likely to remain stable or experience a small decrease in the next 1-3 months, given the current labor market conditions.",report,1998-10-01,1998-10-31,0.0,31
1998-11-01,1998-11-01,1998-11-30,4.1,"Objective facts about the influenza situation** Not applicable, as there is no mention of influenza in the report. **","Long-term predictions (next 4-18 months)** The labor market is likely to continue its strong trend, with a possible decrease in unemployment rates. As the labor market continues to tighten, wages may increase, and the labor force participation rate may rise. However, there is a possibility of a slowdown in the labor market if the economy experiences a downturn. Bureau of Labor Statistics, USDL 98-481, December 4, 1998. These insights and predictions are based on my analysis of the data and trends presented in the report. Here are the filtered results and analysis:;Short-term predictions (next 1-3 months)** We can expect the labor market to continue its strong trend, with a possible decrease in unemployment rates. The number of people employed may continue to rise, and the labor force participation rate may remain steady or increase slightly. **",report,1998-11-01,1998-11-30,0.0,31
1998-12-01,1998-12-01,1998-12-31,4.0,Objective facts about the influenza situation: NA (no information available),"Long-term predictions: The labor market is expected to continue growing, with employment increasing by 2.2 million over the year, and the unemployment rate likely to remain low, around 4.3 to 4.5 percent. Here are the filtered results and analysis: **;Short-term predictions: The labor market is expected to remain stable in the short term, with the unemployment rate likely to stay within the 4.3 to 4.5 percent range.",report,1998-12-01,1998-12-31,0.0,31
1999-01-01,1999-01-01,1999-01-31,4.8,"Objective facts about the Economics situation: New Mexico had the highest state unemployment rate at the end of 1998. Germany's unemployment rate increased to 16.9 percent in 1998. The United States had an unemployment rate above the national rate in 18 states. The inflation rate, GDP growth, unemployment rate, and safety and soundness of the banking system in the United States were considered in the dollarization of Ecuador.","Predictions you can make for the long-term future (next few months): The high unemployment rates in Germany and New Mexico may lead to increased economic stimulus packages or policy changes to address the issue. Regional economic conditions in the United States may continue to vary, leading to targeted economic policies or interventions.;Predictions you can make for the short-term future (next 1-4 weeks): NA",search,1999-01-25,1999-01-31,0.0,31
1999-02-01,1999-02-01,1999-02-28,4.7,The unemployment rate in the United States was the lowest among all advanced countries in February 1999.,NA;NA,search,1999-02-22,1999-02-28,0.0,31
1999-03-01,1999-03-01,1999-03-31,4.4,Objective facts about the influenza situation** NA (there is no information about influenza in this report) **,"Long-term predictions** In the long term, the labor market is likely to continue to experience fluctuations. While the current trends suggest stability, the construction and manufacturing industries may experience a rebound, leading to employment growth. However, if the economy experiences a downturn, unemployment rates may rise. Here are the filtered results and analysis: **;Short-term predictions** Based on the current trends, it is likely that the unemployment rate will remain relatively low in the short term. Employment growth may continue in service-producing industries, but construction and manufacturing may continue to experience job losses. **",report,1999-03-01,1999-03-31,0.0,31
1999-04-01,1999-04-01,1999-04-30,4.1,Objective facts about the influenza situation** NA (there is no mention of influenza in the report) **,"Long-term predictions (next 4-18 months)** I expect the labor market to continue its slow growth, with the unemployment rate potentially falling further as the economy continues to expand. However, the decline in manufacturing and mining may lead to structural changes in the labor market, potentially affecting certain industries and regions. Here are the filtered results and analysis: **;Short-term predictions (next 1-3 months)** Based on the current trends, I predict that the unemployment rate will remain low, around 4.3%, and employment growth will continue, albeit at a slow pace. **",report,1999-04-01,1999-04-30,0.0,31
1999-05-01,1999-05-01,1999-05-31,4.0,Objective facts about the influenza situation** NA (no information about influenza situation in the report) **,"Long-term predictions** The labor market is expected to continue its growth trend, with the unemployment rate likely to remain below 4.5% in the next 4-18 months. However, potential changes in the economy, such as inflation or recession, could impact the labor market and lead to changes in the unemployment rate. Note: The insights, analysis, and predictions are based on the information provided in the report and are subjective interpretations. Here are the results filtered to find information useful to making predictions about Monthly United States Unemployment Rate: Overall and by race:;Short-term predictions** The unemployment rate is likely to remain stable or decrease slightly in the next 1-3 months, given the strong labor market and the recent trend of low unemployment rates. **",report,1999-05-01,1999-05-31,0.0,31
1999-06-01,1999-06-01,1999-06-30,4.5,"Objective facts about the unemployment situation:** * The unemployment rate was essentially unchanged at 4.3 percent in June 1999. (Source: ) * The number of unemployed persons, 6.0 million, remained the same as in May 1999. (Source: ) * Unemployment rates for the major demographic groups (adult men, adult women, teenagers, whites, blacks, and Hispanics) remained the same or were virtually unchanged in June 1999. (Source: ) **","Long-term predictions (next 4-18 months):** * The labor market is likely to continue its steady growth, with the unemployment rate potentially declining further as the economy continues to expand. (LLM) * Sustained growth in industries such as services, retail trade, and construction is expected to support the labor market. (LLM) Here are the filtered results and analysis: **;Short-term predictions (next 1-3 months):** * The unemployment rate is likely to remain stable or experience a slight decline in the short term, given the current labor market conditions. (LLM) * Employment growth is expected to continue, with job gains in services, retail trade, and construction industries. (LLM) **",report,1999-06-01,1999-06-30,0.0,31
1999-07-01,1999-07-01,1999-07-31,4.5,"Objective Facts** * The unemployment rate remained unchanged at 4.3% in July 1999. * The number of unemployed persons was about unchanged in July, at 5.9 million. * Job gains continued in construction and the service-producing sector, while manufacturing employment also rose after seasonal adjustment. * Average hourly earnings increased by 6 cents in July to $13.29. * The labor force participation rate and the employment-population ratio were little changed in July. * About 7.6 million persons held more than one job in July, representing 5.7% of the total employed. **","Long-term Predictions** * The labor market is likely to continue growing at a slow pace, with steady job gains in certain sectors and stable wages. * The unemployment rate may decrease gradually over the next 4-18 months, reaching a rate of around 4.0% or lower. Here is the filtered information useful for making predictions about the Monthly United States Unemployment Rate: Overall and by race:;Short-term Predictions** * The unemployment rate is likely to remain stable or decrease slightly in the next 1-3 months, given the current trends in job growth and labor market stability. * Average hourly earnings may continue to increase, albeit at a slow pace, as the labor market tightens. **",report,1999-07-01,1999-07-31,0.0,31
1999-08-01,1999-08-01,1999-08-31,4.2,"Objective facts about the influenza situation** Not applicable, as there is no mention of influenza in the report. **","Long-term predictions** The labor market is expected to continue growing, with the unemployment rate potentially decreasing further over the next 4-18 months. However, the growth rate may slow down if the goods-producing sectors continue to experience losses. Here are the filtered results and analysis:;Short-term predictions** The unemployment rate is likely to remain stable or experience a slight decrease in the next 1-3 months, given the steady growth in the labor market. **",report,1999-08-01,1999-08-31,0.0,31
1999-09-01,1999-09-01,1999-09-30,4.1,Objective facts about the influenza situation: NA (there is no mention of influenza in the report),"Long-term predictions: In the long term, the labor market is expected to continue growing, driven by the services sector. However, the slowing growth in employment in the goods-producing sector may lead to a slight increase in unemployment rates over time. It is also possible that the labor market may experience some fluctuations due to external factors such as changes in global trade policies or economic downturns. Note: The predictions are based on the analysis of the current trends and are subject to uncertainty. Here are the filtered results and analysis: **;Short-term predictions: Based on the current trends, it is likely that the unemployment rate will remain low in the short term, possibly around 4.2% or slightly higher. However, the slowing growth in employment may lead to a slight increase in unemployment rates in the coming months.",report,1999-09-01,1999-09-30,0.0,31
1999-10-01,1999-10-01,1999-10-31,3.8,"The U.S. auto industry experienced a productivity boost in the 1990s, with labor productivity growing by at least 3 percent per year in three segments of the industry.","Based on the trends observed in the late 1990s, it is likely that the U.S. economy will continue to experience growth and productivity improvements in the long term, potentially leading to increased economic stability and prosperity.;NA",search,1999-10-25,1999-10-31,0.0,31
1999-11-01,1999-11-01,1999-11-30,3.8,"Objective Facts about the Unemployment Situation** * The unemployment rate remained unchanged at 4.1% in November 1999. * The number of unemployed persons was essentially unchanged at 5.7 million. * Unemployment rates for major demographic groups showed little or no change over the month. * Nonfarm payroll employment increased by 234,000 in November. * Employment in construction and services continued to add jobs over the month. **","Long-term Predictions (next 4-18 months)** * The labor market is expected to remain strong, with low unemployment rates and steady job growth. * The manufacturing industry's stabilization may lead to a more sustained period of job growth in the sector. Bureau of Labor Statistics, Monthly United States Employment Situation report, November 1999. My analysis and insights are based on the data and trends presented in the report. Here are the filtered results and analysis: **;Short-term Predictions (next 1-3 months)** * The unemployment rate is likely to remain low, around 4.1%, in the short term. * Job growth is expected to continue, with a focus on service-producing industries. **",report,1999-11-01,1999-11-30,0.0,31
1999-12-01,1999-12-01,1999-12-31,3.7,"Objective facts about the influenza situation** Not applicable, as there is no mention of influenza in the report. **","Long-term predictions (next 4-18 months)** The labor market is expected to continue growing, with the services industry driving job creation. However, there may be some slowdown in job growth as the labor market approaches full employment. Here are the filtered results and analysis:;Short-term predictions (next 1-3 months)** The labor market is likely to continue its upward trend, with job growth and low unemployment rates expected to persist in the short term. **",report,1999-12-01,1999-12-31,0.0,31
2000-01-01,2000-01-01,2000-01-31,4.5,"Objective Facts:** * The unemployment rate in January 2000 was 4.0%, unchanged from December 1999. * The number of unemployed persons was 5.7 million, also unchanged from December 1999. * The labor force participation rate increased 0.4 percentage point to 67.5%, a record high. * The employment-population ratio rose from 64.4% in December to 64.8% in January, also a record. * Nonfarm payroll employment increased by 387,000 in January, with large job gains in construction and services. * Average hourly earnings rose by 6 cents in January to $13.50, and by 3.5% over the year. **","Long-term Predictions (next 4-18 months):** * The labor market is likely to continue to grow, with low unemployment and rising labor force participation. * The economy may experience a slowdown in growth, but it is unlikely to enter a recession. * Inflation pressures may rise, driven by a tight labor market and increasing earnings growth. Here are the filtered results and analysis: **;Short-term Predictions (next 1-3 months):** * The unemployment rate is likely to remain low, around 4.0%. * Job gains are expected to continue, driven by growth in construction and services. * Earnings growth may accelerate slightly, driven by a tight labor market. **",report,2000-01-01,2000-01-31,0.0,31
2000-02-01,2000-02-01,2000-02-29,4.4,Objective facts about the influenza situation** There is no mention of influenza in the provided text. **,"Long-term predictions (next 4-18 months)** The labor market is expected to continue its expansion, with the unemployment rate potentially dipping below 4% and the labor force participation rate remaining high. Job growth is likely to slow down slightly, but still remain strong, with an average monthly gain of around 150,000. Here are the filtered results and my analysis:;Short-term predictions (next 1-3 months)** Based on the current trends, it is likely that the unemployment rate will remain low, around 4.1%, and the labor force participation rate will continue to hover around its record high. Job growth is expected to continue, with an average monthly gain of around 200,000. **",report,2000-02-01,2000-02-29,0.0,31
2000-03-01,2000-03-01,2000-03-31,4.3,Objective facts about the influenza situation** NA (there is no mention of influenza in the report) **,"Long-term predictions (next 4-18 months)** Given the current strength of the labor market, we can expect the unemployment rate to remain low over the long term. However, there may be some fluctuations due to seasonal variations and other economic factors. The labor market is likely to continue to show resilience, with the unemployment rate remaining below 5%.;Short-term predictions (next 1-3 months)** Based on the current trends, we can expect the unemployment rate to remain low, possibly below 4.2%. The labor market is likely to continue to show stability, with minimal changes in the number of unemployed persons and the labor force participation rate. **",report,2000-03-01,2000-03-31,0.0,31
2000-04-01,2000-04-01,2000-04-30,3.7,"The unemployment rate in the United States was low in 2000, with the lowest unemployment and welfare rates in history.","The low unemployment rate in 2000 may have led to increased economic growth, but also potentially increased earnings inequality in the long term.;NA",search,2000-04-24,2000-04-30,0.0,31
2000-05-01,2000-05-01,2000-05-31,3.8,Objective facts about the influenza situation: NA (there is no mention of influenza in the report),"Long-term predictions - The labor market is likely to continue to grow, albeit at a slower pace, with nonfarm payroll employment expected to continue to increase. - The unemployment rate is likely to remain relatively low, potentially stabilizing around 4.0%. Here are the filtered results and analysis: **;Short-term predictions - The labor market is likely to continue to experience a slight slowdown in the short term, with private-sector employment potentially declining further. - The unemployment rate may continue to edge up, but it is likely to remain below 4.2%.",report,2000-05-01,2000-05-31,0.0,31
2000-06-01,2000-06-01,2000-06-30,4.1,"Objective facts about the unemployment situation** * The unemployment rate was 4.0 percent in June, about the same as in May. * The number of unemployed persons, 5.6 million, was little changed in June. * Unemployment rates for the major worker groups showed little or no change over the month. * Total employment rose by 464,000 to 135.2 million, seasonally adjusted, in June. * The employment-population ratio was 64.5 percent, compared with 64.3 percent in May. * Nonfarm payroll employment edged up by 11,000 to 131.6 million in June. * Private-sector employment rose by 206,000, following a decline in May. * Government employment declined by 195,000 in June. **","Long-term predictions** In the long term (next 4-18 months), I predict that the labor market will continue to experience slow growth, with the unemployment rate potentially increasing slightly. This could be due to a slowdown in economic growth, which would lead to a decrease in job creation. However, the labor market is likely to remain relatively stable, with no significant increases in unemployment. Here are the filtered results and analysis on the Monthly United States Unemployment Rate: Overall and by race:;Short-term predictions** Based on the current trends, I predict that the unemployment rate will remain steady or decrease slightly in the short term (next 1-3 months). Employment growth is likely to continue, but at a slow pace. **",report,2000-06-01,2000-06-30,0.0,31
2000-07-01,2000-07-01,2000-07-31,4.2,"The unemployment rate held at 4.0% in July, and the number of unemployed persons was essentially unchanged. The jobless rate has been in the 3.9- to 4.1-percent range since October 1999. Unemployment rates for the other major worker groups--adult men (3.2%), adult women (3.7%), whites (3.5%), blacks (7.7%), and Hispanics (5.6%)--showed little or no change over the month.","In the long term, the labor market is expected to remain stable, with the unemployment rate likely to stay within the 3.9- to 4.1-percent range. However, any changes in the overall economy or specific industries could impact the labor market and unemployment rates. Here are the filtered results and analysis: **;Based on the current trends, it is likely that the unemployment rate will remain stable in the short term, with no significant changes expected in the next 1-3 months.",report,2000-07-01,2000-07-31,0.0,31
2000-08-01,2000-08-01,2000-08-31,4.1,"Objective facts about the influenza situation** Not applicable, as there is no mention of influenza in the report. **","Long-term predictions (next 4-18 months)** The labor market is expected to continue its steady trend, with possible slight increases in employment and slight declines in unemployment rates. The services industry is likely to continue driving employment growth, while manufacturing employment may continue to decline. Here are the filtered results and my analysis:;Short-term predictions (next 1-3 months)** The unemployment rate is likely to remain stable, with possible slight fluctuations. Employment growth may be slow, with continued decline in manufacturing and growth in services industries. **",report,2000-08-01,2000-08-31,0.0,31
2000-09-01,2000-09-01,2000-09-30,3.8,"Objective facts about the unemployment situation:** The unemployment rate declined to 3.9 percent in September 2000, with 5.5 million unemployed persons. The employment-population ratio was 64.3 percent, unchanged from August. The number of persons employed part-time for economic reasons was 3.2 million. **","Long-term predictions:** In the long term, I predict that the labor market will continue to experience growth, driven by the services sector. However, the manufacturing sector may continue to experience structural changes, leading to ongoing job losses. The labor market may also be influenced by demographic changes, such as the aging of the population, which could lead to changes in labor force participation rates. Here is the filtered information useful for making predictions about the Monthly United States Unemployment Rate: Overall and by race:;Short-term predictions:** In the short term, I predict that the unemployment rate will continue to decline or remain stable, driven by growth in the services industry. However, the manufacturing sector may continue to experience job losses, which could offset some of the gains in services. **",report,2000-09-01,2000-09-30,0.0,31
2000-10-01,2000-10-01,2000-10-31,3.6,Objective facts about the influenza situation** No information is provided about the influenza situation. **,"Long-term predictions** In the long term (next 4-18 months), it is possible that the labor market will continue to experience a stable or slightly improving trend, with unemployment rates remaining low and employment growth in certain industries such as construction and mining. However, this is subject to various economic factors and uncertainties. Here are the extracted information and analysis related to predicting Monthly United States Unemployment Rate: Overall and by race:;Short-term predictions** Based on the current data, it is likely that the unemployment rate will remain stable or experience a slight decrease in the next 1-3 months. Employment in construction and mining may continue to increase, while manufacturing employment may remain stable or experience a slight decline. **",report,2000-10-01,2000-10-31,0.0,31
2000-11-01,2000-11-01,2000-11-30,3.7,"Objective facts about the influenza situation** Not applicable, as there is no mention of the influenza situation in the report. **","Long-term predictions** In the long term (next 4-18 months), the labor market is expected to continue its growth trajectory, with the unemployment rate potentially decreasing further. However, the rate of employment growth may slow down as the labor market approaches full employment. Here are the filtered results and analysis: **;Short-term predictions** Based on the current trends, it is likely that the unemployment rate will remain stable or experience a slight decrease in the short term (next 1-3 months). Employment growth is expected to continue, driven by the service-producing industries. **",report,2000-11-01,2000-11-30,0.0,31
2000-12-01,2000-12-01,2000-12-31,3.7,"The national unemployment rate in the United States was a concern in 2000, with data available on state and local unemployment rates.",NA;NA,search,2000-12-25,2000-12-31,0.0,31
2001-01-01,2001-01-01,2001-01-31,4.7,Objective facts about the influenza situation** There is no mention of influenza in the report. **,"Long-term predictions (next 4-18 months)** In the long term, the labor market may experience more significant changes as the economy adjusts to various factors such as changes in global trade policies, technological advancements, and shifts in consumer behavior. The unemployment rate may decline or rise depending on the overall economic conditions. Here are the filtered results and my analysis:;Short-term predictions (next 1-3 months)** Based on the current trends, it is likely that the labor market will continue to experience fluctuations in the short term. The construction industry may continue to grow, while manufacturing may continue to decline. The unemployment rate may remain relatively stable or experience small changes. **",report,2001-01-01,2001-01-31,0.0,31
2001-02-01,2001-02-01,2001-02-28,4.6,Objective facts about the influenza situation: NA (there is no information about influenza in the report),"Long-term predictions: The labor market may experience a slowdown in the next 4-18 months, leading to a potential increase in the unemployment rate. However, this will depend on various economic factors, including GDP growth, inflation, and consumer spending. Note: tags are not used since the objective facts are directly from the report. tags are used to indicate my own insights, analysis, and predictions. Here is the filtered information useful for making predictions about the Monthly United States Unemployment Rate: Overall and by race: **;Short-term predictions: The unemployment rate is likely to remain stable or experience a slight increase in the next 1-3 months, given the current trends in the labor market.",report,2001-02-01,2001-02-28,0.0,31
2001-03-01,2001-03-01,2001-03-31,4.5,"The unemployment rate for adult men rose to 3.8 percent, while the rate for blacks increased by 1.1 percentage points to 8.6 percent. The unemployment rates for adult women, teenagers, whites, and Hispanics were essentially unchanged over the month.","In the long term, I predict that the labor market will experience a moderate recovery, with the unemployment rate stabilizing around 4.5-4.7 percent. This is based on the assumption that the economy will experience a slow but steady growth, leading to an increase in job creation and a decrease in unemployment. Here is the filtered information useful for making predictions about the Monthly United States Unemployment Rate: Overall and by race:;In the short term, I predict that the unemployment rate will continue to rise, potentially exceeding 4.4 percent in the next 1-3 months. This is due to the ongoing weakness in the labor market and the potential for further job losses in industries such as manufacturing and retail trade.",report,2001-03-01,2001-03-31,0.0,31
2001-04-01,2001-04-01,2001-04-30,4.2,"Objective facts about the unemployment situation** * The unemployment rate rose to 4.5% in April 2001, up from 4.3% in March. * The number of unemployed persons increased by 300,000 to 6.4 million in April. * Job losses continued in manufacturing and help supply services, and construction employment declined after seasonal adjustment. * Average hourly earnings rose by 5 cents over the month. **","Long-term predictions (next 4-18 months)** * The labor market may experience a slowdown in growth, with unemployment rates potentially rising to 5% or higher. * The economy may enter a period of recession, leading to further job losses and a decline in economic activity. Here are the filtered results and my analysis:;Short-term predictions (next 1-3 months)** * The unemployment rate may continue to rise in the short term, potentially reaching 4.7% or higher. * Job losses in manufacturing and help supply services may continue, leading to a decline in overall employment. **",report,2001-04-01,2001-04-30,0.0,31
2001-05-01,2001-05-01,2001-05-31,4.1,"Objective facts about the unemployment situation: The unemployment rate was little changed in May, at 4.4 percent. The rates for all major worker groups showed little or no change over the month.","Long-term predictions: Over the long term, the unemployment rate may be influenced by various factors, such as changes in economic growth, inflation, and demographics. While it is difficult to predict the exact trajectory of the unemployment rate, it is likely that it will continue to fluctuate around its current level, with possible slight increases or decreases in response to changes in the economy. Here are the filtered results and my analysis: **;Short-term predictions: Based on the current stability in the labor market, it is likely that the unemployment rate will remain relatively unchanged over the next 1-3 months.",report,2001-05-01,2001-05-31,0.0,31
2001-06-01,2001-06-01,2001-06-30,4.7,Objective facts about the influenza situation** NA (There is no information about the influenza situation in the report.) **,"Long-term predictions (next 4-18 months)** In the long term, the labor market situation may improve as the economy recovers from the current slowdown. The unemployment rate may decline, and nonfarm payroll employment may increase as businesses begin to hire more workers. However, the manufacturing sector may continue to experience structural changes, leading to a shift in employment patterns. Here are the results filtered for information useful to making predictions about Monthly United States Unemployment Rate: Overall and by race:;Short-term predictions (next 1-3 months)** Based on the current trends, it is likely that the unemployment rate will remain stable or experience a slight increase in the short term. The manufacturing sector may continue to experience job losses, which could lead to a decline in economic activity. **",report,2001-06-01,2001-06-30,0.0,31
2001-07-01,2001-07-01,2001-07-31,4.7,"Objective facts about the unemployment situation** * The unemployment rate was unchanged at 4.5% in July 2001. * The number of unemployed persons was essentially unchanged at 6.4 million in July 2001. * The labor force participation rate edged up to 66.9% in July 2001. * Total employment increased by 447,000 over the month to 135.4 million, seasonally adjusted. * Nonfarm payroll employment was down by 42,000 in July to a level of 132.4 million, seasonally adjusted. **","Long-term predictions** * The labor market is likely to continue to experience weakness in the coming months, with potentially more significant declines in employment and increases in unemployment. Based on the provided data, here are the filtered results and analysis related to predicting Monthly United States Unemployment Rate: Overall and by race:;Short-term predictions** * The unemployment rate is likely to remain stable or increase slightly in the short term, given the decline in nonfarm payroll employment. **",report,2001-07-01,2001-07-31,0.0,31
2001-08-01,2001-08-01,2001-08-31,4.9,Objective facts about the influenza situation** There is no mention of the influenza situation in the report. **,"Long-term predictions (next 4-18 months)** The long-term outlook is uncertain, but if the current trends continue, it may indicate a recession or a period of slow economic growth. The labor market may take several months to recover from the current decline. Here are the filtered results and analysis:;Short-term predictions (next 1-3 months)** Based on the current trends, it is likely that the unemployment rate will continue to rise in the short term, and employment may continue to decline. **",report,2001-08-01,2001-08-31,0.0,31
2001-09-01,2001-09-01,2001-09-30,4.7,The national unemployment rate in the United States was at a 31-year low in 2000.,"The strong economy in 2000 may lead to sustained economic growth in the long-term, with a continued decrease in poverty rates and an increase in economic activity.;It is likely that the economy will continue to grow in the short-term, with low unemployment rates and a strong financial sector.",search,2001-09-24,2001-09-30,0.0,31
2001-10-01,2001-10-01,2001-10-31,5.0,"The unemployment rate rose by 0.5 percentage point to 5.4 percent, the highest level since December 1996.","In the long-term future (next 4-18 months), the unemployment rate may stabilize or decrease as the economy recovers from the current downturn, but it is difficult to predict the exact trajectory. Here is the filtered information and analysis related to predicting Monthly United States Unemployment Rate: Overall and by race:;In the short-term future (next 1-3 months), the unemployment rate is likely to continue to rise due to the ongoing economic weakness and the impact of the September 11 attacks.",report,2001-10-01,2001-10-31,0.0,31
2001-11-01,2001-11-01,2001-11-30,5.3,"Objective Facts** * The unemployment rate rose to 5.7 percent in November 2001, the highest level since August 1995. (Source: Bureau of Labor Statistics) * The number of unemployed persons increased by 419,000 to 8.2 million in November. (Source: Bureau of Labor Statistics) * Unemployment rates for adult men (5.3 percent), whites (5.1 percent), blacks (10.1 percent), Hispanics (7.6 percent), and teenagers (15.9 percent) were little changed over the month but were up substantially over the year. (Source: Bureau of Labor Statistics) **","Long-term Predictions** * The labor market is likely to recover slowly over the next 4-18 months, with the unemployment rate potentially returning to around 5.0 percent by the end of 2002. (LLM) * The recovery is likely to be driven by growth in industries such as healthcare and technology, which have been less affected by the recession. (LLM) Here is the filtered information and analysis related to predicting Monthly United States Unemployment Rate: Overall and by race:;Short-term Predictions** * The unemployment rate is likely to rise further in the next 1-3 months, potentially reaching 6.0 percent or higher. (LLM) * Job losses are likely to continue across industries, with manufacturing and services being particularly hard hit. (LLM) **",report,2001-11-01,2001-11-30,0.0,31
2001-12-01,2001-12-01,2001-12-31,5.4,Objective facts about the influenza situation: NA (no information about influenza situation is provided in the report),"Long-term predictions (next 4-18 months): The employment situation may continue to decline, with potential long-term effects on the labor market, including increased unemployment rates, reduced consumer spending, and decreased economic growth. Here is the analysis of the Monthly United States Employment Situation report:;Short-term predictions (next 1-3 months): The trend of declining employment and increasing unemployment rates is likely to continue, with potential further job losses in industries such as manufacturing, transportation, and retail trade.",report,2001-12-01,2001-12-31,0.0,31
2002-01-01,2002-01-01,2002-01-31,6.3,Objective facts about the influenza situation: NA (There is no mention of influenza in the report.),"Long-term predictions (next 4-18 months): In the long term, the labor market may continue to recover, with a decline in unemployment rates and an increase in employment and labor force participation rates. However, this will depend on various economic factors, such as GDP growth, inflation, and consumer spending. Note: The report does not provide any information on influenza, so I had to mark that section as ""NA"". Here are the filtered information and analysis on the Monthly United States Unemployment Rate: Overall and by race:;Short-term predictions (next 1-3 months): Based on the report, it is likely that the unemployment rate will continue to decline or remain stable in the short term. However, employment and labor force participation rates may continue to decline or remain weak.",report,2002-01-01,2002-01-31,0.0,31
2002-02-01,2002-02-01,2002-02-28,6.1,Objective facts about the influenza situation** NA (there is no mention of influenza in the report) **,"Long-term predictions (next 4-18 months)** In the long term, the labor market is expected to continue its recovery, with employment growth and a decline in unemployment rates. However, the pace of growth may be slow due to the ongoing economic uncertainty. Here is the filtered information and analysis: **;Short-term predictions (next 1-3 months)** Based on the current trend, it is likely that the unemployment rate will remain stable or decline slightly in the short term. The labor force participation rate may continue to increase as more people enter the labor market. **",report,2002-02-01,2002-02-28,0.0,31
2002-03-01,2002-03-01,2002-03-31,6.1,"In the fourth quarter of 2001, the national unemployment rate in the United States increased.","In the long-term future (next few months), the economy may experience a period of recovery, but it will likely be slow and dependent on factors such as government policy and global economic trends. Note: The provided search results are mostly from 2002 and focus on unemployment rates and economic conditions in 2001. As a result, the predictions made are based on the assumption that the economy was in a similar state in 2001 as it was in 2002.;In the short-term future (next 1-4 weeks), it is likely that unemployment rates will continue to rise or remain stagnant, depending on the government's response to the economic downturn.",search,2002-03-25,2002-03-31,0.0,31
2002-04-01,2002-04-01,2002-04-30,5.7,"The unemployment rate rose to 6.0 percent in April, and payroll employment was little changed (+43,000). The number of unemployed persons rose by 483,000 to 8.6 million. The unemployment rate for adult women rose by 0.4 percentage point over the month, and the rate for adult men edged up. The jobless rate for whites increased by 0.3 percentage point to 5.3 percent. The jobless rates of the other major worker groups--teenagers (16.8 percent), blacks (11.2 percent), and Hispanics (7.9 percent)--showed little change in April.","In the long term, I predict that the unemployment rate will eventually decline as the economy recovers. However, the pace of recovery may be slow, and it may take several months or even a year or more for the labor market to fully recover. Here are the filtered results and analysis: **;In the short term, I predict that the unemployment rate will continue to rise or remain stagnant. The labor market may not show significant improvement in the next 1-3 months.",report,2002-04-01,2002-04-30,0.0,31
2002-05-01,2002-05-01,2002-05-31,5.5,"Objective facts about the unemployment situation: The number of unemployed persons (8.4 million) and the unemployment rate (5.8 percent) were little changed over the month. The May unemployment rate is 1.9 percentage points above its most recent low of 3.9 percent in October 2000, and the number of unemployed persons is 2.8 million higher.","Long-term predictions: In the long term, the labor market is likely to continue its slow recovery, with the unemployment rate gradually declining over time. However, the pace of the recovery will depend on various factors, such as the strength of the economy, government policies, and global events. It is possible that the labor market will not fully recover until several years from now.;Short-term predictions: Based on the current trends, it is likely that the unemployment rate will remain relatively stable over the next few months, with some possible slight declines. The employment numbers may also continue to show little change, with some industries experiencing growth while others continue to decline.",report,2002-05-01,2002-05-31,0.0,31
2002-06-01,2002-06-01,2002-06-30,6.0,"The unemployment rate in the United States was 6.2% in 2002 . Women who were hourly paid workers had median hourly earnings of $9.57, which was 84.3 percent of the $11.36 median for men paid by the hour .","The data suggests that the labor market may continue to experience disparities in earnings and moderate unemployment rates in the long term. However, the focus on social welfare programs and labor market stability may lead to policies aimed at addressing these issues and promoting economic growth .;NA",search,2002-06-24,2002-06-30,0.0,31
2002-07-01,2002-07-01,2002-07-31,5.9,"Objective facts about the unemployment situation** * The unemployment rate, 5.9 percent, and total nonfarm payroll employment, 130.8 million, were unchanged in July. (Source) * The number of unemployed persons (8.3 million) and the unemployment rate (5.9 percent) were essentially unchanged for the third month in a row in July. (Source) * The jobless rates for adult men (5.2 percent), adult women (5.2 percent), teenagers (17.7 percent), whites (5.3 percent), blacks (9.9 percent), and Hispanics (7.6 percent) showed little change from the previous month. (Source) **","Long-term predictions** * The labor market may experience a gradual recovery in the long term, with a possible decrease in the unemployment rate as the economy grows and job opportunities increase. However, this is contingent on various economic factors, including GDP growth and consumer spending. Here is the filtered information useful for making predictions about the Monthly United States Unemployment Rate: Overall and by race: **;Short-term predictions** * The unemployment rate is likely to remain around 5.9 percent in the short term, with minimal changes in employment and labor force participation. **",report,2002-07-01,2002-07-31,0.0,31
2002-08-01,2002-08-01,2002-08-31,5.7,"Objective Facts:** - The unemployment rate was little changed at 5.7% in August 2002. - The number of unemployed persons was 8.1 million in August 2002. - The jobless rates for major worker groups showed little or no change: adult men (5.2%), adult women (4.9%), teenagers (17.2%), whites (5.1%), blacks (9.6%), and Hispanics (7.5%). - The number of persons unemployed 15 weeks or more was 2.8 million in August, down from the recent high of 3.1 million in June. **","Long-term Predictions:** In the long term (next 4-18 months), the labor market is likely to continue its steady trend, with potential minor fluctuations in response to seasonal or economic changes. However, there is no indication of a significant shift in the labor market at this time. Here is the filtered information useful for making predictions about the Monthly United States Unemployment Rate: Overall and by race:;Short-term Predictions:** Based on the current stability, it is likely that the unemployment rate will remain relatively stable over the next 1-3 months, with minimal changes in unemployment rates across different demographics. **",report,2002-08-01,2002-08-31,0.0,31
2002-09-01,2002-09-01,2002-09-30,5.4,"Objective facts about the influenza situation: The unemployment rate was essentially unchanged in September at 5.6 percent, and the number of unemployed persons was 8.1 million. The jobless rates for the major worker groups showed no statistically significant change in September.","Long-term predictions (next 4-18 months): In the long term, the labor market is expected to recover as the economy grows, leading to a decrease in the unemployment rate. However, the pace of recovery may be slow, and certain industries may continue to experience job losses. Here is the filtered information useful for making predictions about the Monthly United States Unemployment Rate: Overall and by race:;Short-term predictions (next 1-3 months): The unemployment rate is likely to remain stable or experience a slight increase in the short term, as the labor market continues to absorb the effects of the economic slowdown.",report,2002-09-01,2002-09-30,0.0,31
2002-10-01,2002-10-01,2002-10-31,5.3,"The number of unemployed persons (8.2 million) and the unemployment rate (5.7 percent) were essentially unchanged in October. The unemployment rate for adult women edged up to 5.2 percent while the rates for the other major worker groups--adult men (5.2 percent), teenagers (14.6 percent), whites (5.1 percent), blacks (9.8 percent), and Hispanics (7.8 percent)--showed little or no change over the month.","In the long term, the labor market is likely to experience changes in response to various economic factors. The unemployment rate may decrease or increase depending on the performance of the economy. It is difficult to predict the exact direction of the labor market, but it is essential to continue monitoring the trends and indicators to make informed predictions. Here are the filtered results and analysis: **;Based on the current trends, it is likely that the unemployment rate will remain relatively stable in the short term, with possible slight fluctuations. The unemployment rate for adult women may continue to increase slightly, but it is unlikely to have a significant impact on the overall unemployment rate.",report,2002-10-01,2002-10-31,0.0,31
2002-11-01,2002-11-01,2002-11-30,5.6,Objective facts about the influenza situation: NA,"Long-term predictions: The labor market is expected to recover in the long term, with growth in the services industry and a rebound in manufacturing. However, the recovery may be slow and uneven, with some industries and demographic groups taking longer to recover than others. Note: The report does not mention influenza or any health-related issues, so there are no objective facts about the influenza situation to report. Here is the filtered and summarized information relevant to predicting Monthly United States Unemployment Rate: Overall and by race:;Short-term predictions: The unemployment rate is likely to remain high in the short term, with continued job losses in the manufacturing sector. The services industry may provide some relief, but overall employment growth is expected to be slow.",report,2002-11-01,2002-11-30,0.0,31
2002-12-01,2002-12-01,2002-12-31,5.7,"The unemployment rate remained at 6.0 percent in December, and the number of unemployed persons was essentially flat, at 8.6 million.","In the long term, it is possible that the labor market will experience a slight improvement, leading to a decrease in the unemployment rate, but this is uncertain and dependent on various economic factors. Here are the filtered results and analysis: **;Based on the current trend, it is likely that the unemployment rate will remain around 6.0 percent in the short term, with minimal changes in the number of unemployed persons.",report,2002-12-01,2002-12-31,0.0,31
2003-01-01,2003-01-01,2003-01-31,6.5,"Objective facts about the influenza situation** Not applicable, as there is no information about the influenza situation in the provided text. **","Long-term predictions (next 4-18 months)** The labor market is expected to continue its slow recovery, with the unemployment rate gradually decreasing over the next year. However, the pace of job growth may remain sluggish, and certain industries may continue to experience weakness. Here are the filtered results and analysis: **;Short-term predictions (next 1-3 months)** Based on the current trend, it is likely that the unemployment rate will continue to decrease or remain stable in the short term. Nonfarm payroll employment may continue to grow, but at a slow pace. **",report,2003-01-01,2003-01-31,0.0,31
2003-02-01,2003-02-01,2003-02-28,6.4,"The unemployment rate was little changed in February, at 5.8 percent; the number of unemployed persons was 8.5 million.","In the long term, the labor market may experience some changes due to shifts in industries and the economy, but it is difficult to predict a significant change in the overall unemployment rate without more information. Here are the filtered results and analysis:;Based on the current trends, it is likely that the unemployment rate will remain relatively stable in the short term, with possible minor fluctuations.",report,2003-02-01,2003-02-28,0.0,31
2003-03-01,2003-03-01,2003-03-31,6.2,"The unemployment rate remained at 5.8% in March, with 8.4 million people unemployed. The labor force participation rate decreased by 0.9 percentage points since March 2001.","In the long term, the labor market may experience a slight decline in unemployment rates as the economy recovers, but the labor force participation rate may continue to decline due to demographic changes and a shift in the labor market. Here are the filtered results and analysis: **;Based on the current trends, it is likely that the unemployment rate will remain around 5.8% in the short term, with minimal changes in labor force participation.",report,2003-03-01,2003-03-31,0.0,31
2003-04-01,2003-04-01,2003-04-30,5.8,"Objective facts about the unemployment situation** - The unemployment rate rose to 6.0 percent in April 2003, and nonfarm payroll employment edged down by 48,000. - The number of unemployed persons increased to 8.8 million in April, and the unemployment rate has ranged from 5.6 to 6.0 percent since November 2001. - Unemployment rates for adult men (5.6 percent), adult women (5.1 percent), teenagers (18.0 percent), whites (5.2 percent), blacks or African Americans (10.9 percent), and Hispanics or Latinos (7.5 percent) showed little or no change. **","Long-term predictions (next 4-18 months)** - The labor market may take several months to recover from the current weakness, leading to a slow decline in the unemployment rate. - The unemployment rate may remain above 5.5 percent for the next year, as the labor market adjusts to the economic downturn. Here are the filtered results and analysis: **;Short-term predictions (next 1-3 months)** - The unemployment rate may continue to rise or remain steady in the short term, as the labor market continues to weaken. - Job losses in manufacturing and travel-related industries may continue, leading to a further increase in unemployment. **",report,2003-04-01,2003-04-30,0.0,31
2003-05-01,2003-05-01,2003-05-31,5.8,Objective facts about the influenza situation: NA (there is no information about influenza in the report),"In the long term (next 4-18 months), the labor market may start to recover, leading to a decrease in the unemployment rate, but it will likely be a slow and gradual process. Here are the filtered results and analysis: **;Based on the current trends, it is likely that the unemployment rate will remain stable or slightly increase in the short term (next 1-3 months).",report,2003-05-01,2003-05-31,0.0,31
2003-06-01,2003-06-01,2003-06-30,6.5,"Objective Facts** * Unemployment rate rose to 6.4% in June 2003, up from 6.1% in May 2003. * The number of unemployed persons increased by 360,000 in June to 9.4 million. * The unemployment rate for blacks increased to 11.8% in June, up from 10.8% in May. * The labor force participation rate rose by 0.2 percentage point to 66.6% in June. * Nonfarm payroll employment was essentially unchanged in June, with a loss of 30,000 jobs. **","Long-term Predictions (next 4-18 months)** * The labor market is likely to experience a prolonged period of slow growth, with unemployment rates remaining elevated. * The manufacturing sector may continue to experience job losses, potentially leading to a broader economic slowdown. Here are the filtered results and analysis: **;Short-term Predictions (next 1-3 months)** * Unemployment rate is likely to continue trending upward, potentially reaching 6.6% by September 2003. * Employment growth is expected to remain sluggish, with potential job losses in manufacturing and other industries. **",report,2003-06-01,2003-06-30,0.0,31
2003-07-01,2003-07-01,2003-07-31,6.3,"Objective facts:** * The unemployment rate was 6.2 percent in July 2003, with 9.1 million unemployed persons. * Jobless rates for adult men (5.9 percent), teenagers (18.4 percent), and blacks (11.1 percent) edged down from levels reached in June. * The unemployment rate for whites was 5.5 percent, and for Hispanics, it was 8.2 percent. * The labor force participation rate fell to 66.2 percent, matching the recent low for the series, previously reached in March. **","Long-term predictions (next 4-18 months):** * The unemployment rate may gradually decline as the economy recovers and new job opportunities emerge. * The labor market may experience a shift towards service-oriented industries, leading to changes in employment patterns and opportunities. Bureau of Labor Statistics, Monthly News of United States Employment Situation, July 2003. These insights and predictions are based on my analysis of the provided data and may not reflect the actual outcomes. Here are the filtered results and analysis of the Monthly United States Employment Situation report from July 2003:;Short-term predictions (next 1-3 months):** * The unemployment rate may continue to hover around 6.2 percent, with slight fluctuations due to seasonal adjustments. * The labor force participation rate may remain low, indicating a potential for discouraged workers to re-enter the labor market. **",report,2003-07-01,2003-07-31,0.0,31
2003-08-01,2003-08-01,2003-08-31,6.0,The unemployment rate in West Virginia in 2002 was 6.1%.,"In the long-term, it is possible that economic policies aimed at reducing unemployment, such as increasing the minimum wage or promoting unionization, may lead to improved economic outcomes.;In the short-term, it is likely that unemployment rates will remain high, potentially leading to increased economic instability.",search,2003-08-25,2003-08-31,0.0,31
2003-09-01,2003-09-01,2003-09-30,5.8,"Objective facts about the unemployment situation: * The unemployment rate remained at 6.1 percent in September 2003, and total nonfarm payroll employment was little changed. * The number of unemployed persons, 9.0 million, was about unchanged in September, and the unemployment rate was 6.1 percent, the same as in August. * Unemployment rates for the major worker groups--adult men (5.7 percent), adult women (5.3 percent), teenagers (17.5 percent), whites (5.3 percent), blacks (11.2 percent), and Hispanics or Latinos (7.5 percent)--were little changed in September.","Long-term predictions (next 4-18 months): * The labor market may start to show signs of improvement, with a possible decline in the unemployment rate, as the economy continues to recover. Here are the filtered results and analysis: **;Short-term predictions (next 1-3 months): * The unemployment rate is likely to remain around 6.1 percent in the short term, with little change in employment and unemployment rates.",report,2003-09-01,2003-09-30,0.0,31
2003-10-01,2003-10-01,2003-10-31,5.6,Objective facts about the influenza situation: NA (there is no mention of influenza in the report),"In the long term, I predict that the labor market will continue to experience slow growth, with possible improvements in certain industries. The unemployment rate may gradually decline as the economy continues to recover. However, the labor market is likely to remain volatile, with potential changes in the global economy and other factors affecting employment trends. Here are the filtered results and analysis:;In the short term, I predict that the unemployment rate will remain relatively stable, with possible slight fluctuations. The labor market is likely to continue its slow growth, with some industries experiencing moderate increases in employment.",report,2003-10-01,2003-10-31,0.0,31
2003-11-01,2003-11-01,2003-11-30,5.6,The unemployment rate of African Americans is double that of whites.,"In the long-term, the economy may experience a shift towards more inclusive growth, with policies aimed at addressing underlying structural issues and supporting marginalized demographics.;In the short-term, unemployment rates may remain high, especially among African Americans and college grads, without significant policy changes.",search,2003-11-24,2003-11-30,0.0,31
2003-12-01,2003-12-01,2003-12-31,5.4,Objective facts about the influenza situation: NA (no information about influenza situation in the report),"Long-term predictions: The report suggests that the labor market is recovering, but it may take some time to fully recover from the losses in the manufacturing industry. It is likely that the unemployment rate will continue to decrease over the next 4-18 months, but the pace of recovery may be slow. Here are the filtered results and analysis: **;Short-term predictions: Based on the current trend, it is likely that the unemployment rate will continue to decrease or remain stable in the next 1-3 months.",report,2003-12-01,2003-12-31,0.0,31
2004-01-01,2004-01-01,2004-01-31,6.3,"Objective Facts** * Unemployment rate was 5.6% in January 2004, little changed from December 2003. * Total employment rose by 496,000 in January. * The employment-population ratio increased to 62.4% over the month. * Nonfarm payroll employment increased by 112,000 in January. * Retail trade employment increased by 76,000 over the month. * Construction employment continued to trend upward in January, with a gain of 24,000. **","Long-term Predictions** * The labor market is expected to continue to strengthen in the long term, with potential for sustained growth in employment and nonfarm payroll employment. Here are the filtered results and summaries: **;Short-term Predictions** * The unemployment rate is likely to continue to trend downward in the short term, potentially reaching 5.4% or lower in the next 1-3 months. **",report,2004-01-01,2004-01-31,0.0,31
2004-02-01,2004-02-01,2004-02-29,6.0,"The unemployment rate in the United States was estimated at 10.8% in 2003, and 11.7% at the end of September 2003.","In the long-term, the implementation of policies such as NAFTA and changes in trade policy may lead to shifts in employment opportunities and productivity, potentially affecting the overall unemployment rate.;In the short-term, it is likely that the unemployment rate will continue to be high, with potential fluctuations due to seasonal changes in the labor market.",search,2004-02-23,2004-02-29,0.0,31
2004-03-01,2004-03-01,2004-03-31,6.0,"Objective Facts** * The unemployment rate remained unchanged at 5.7% in March 2004. * The number of unemployed persons was 8.4 million, with little change from February. * Employment rates for major worker groups (adult men, adult women, teenagers, whites, blacks, and Hispanics or Latinos) showed little or no change over the month. * Total employment held at 138.3 million, and the employment-population ratio was essentially unchanged at 62.1%. * The number of persons who worked part-time for economic reasons increased to 4.7 million, about the same level as in January. * The number of persons marginally attached to the labor force totaled 1.6 million in March, about the same as a year earlier. **","Long-term Predictions** In the long term (next 4-18 months), the labor market is expected to continue to grow, with the unemployment rate gradually decreasing as the economy continues to recover. However, the pace of growth may be slow, and the labor market may not return to pre-recession levels for some time. Here are the filtered results and analysis: **;Short-term Predictions** Based on the current trends, it is likely that the unemployment rate will remain steady or experience a small decrease in the next 1-3 months. **",report,2004-03-01,2004-03-31,0.0,31
2004-04-01,2004-04-01,2004-04-30,5.4,"Objective facts about the influenza situation** * The unemployment rate was about unchanged at 5.6 percent, with 8.2 million unemployed persons in April 2004. * The unemployment rates for major worker groups were little changed over the month: adult men (5.0 percent), adult women (5.0 percent), teenagers (16.9 percent), whites (4.9 percent), blacks (9.7 percent), and Hispanics or Latinos (7.2 percent). * The number of persons unemployed for 27 weeks or longer declined by 188,000 to 1.8 million in April, accounting for 22.1 percent of the total unemployed. **","Long-term predictions** * The labor market is expected to continue growing, with a possible decline in the unemployment rate over the next 4-18 months. * Job growth is likely to be sustained in industries such as health care, education, and professional services. Here are the filtered results and analysis: **;Short-term predictions** * The unemployment rate is likely to remain stable or experience a slight decline in the next 1-3 months, given the current labor market growth trend. * Job gains are expected to continue in service-providing industries, construction, and durable goods manufacturing. **",report,2004-04-01,2004-04-30,0.0,31
2004-05-01,2004-05-01,2004-05-31,5.3,The unemployment rate was unchanged at 5.6 percent in May 2004. The number of unemployed persons was essentially unchanged at 8.2 million.,"In the long term, the labor market is expected to continue its steady growth, with potential increases in employment rates and decreases in unemployment rates. However, this is contingent on various economic factors, such as GDP growth and inflation rates. Note: NA indicates that no useful information can be found for that part. Here are the filtered results and analysis: **;Based on the current trends, it is likely that the unemployment rate will remain stable in the short term, with minimal fluctuations.",report,2004-05-01,2004-05-31,0.0,31
2004-06-01,2004-06-01,2004-06-30,5.8,Objective facts about the influenza situation** NA (There is no information about the influenza situation in the provided text.) **,"Long-term predictions** In the long term (next 4-18 months), the labor market is expected to continue its steady growth, with a possible slight decrease in the unemployment rate. However, this prediction is subject to various economic factors and global events. Note: tags are not used as there are no specific sources cited in the provided text. tags indicate my own insights and opinions. Here are the filtered results and my analysis:;Short-term predictions** Based on the current trends, it is likely that the unemployment rate will remain steady or experience a slight decrease in the short term (next 1-3 months). **",report,2004-06-01,2004-06-30,0.0,31
2004-07-01,2004-07-01,2004-07-31,5.7,"Objective Facts:** * The unemployment rate was essentially unchanged at 5.5 percent in July 2004. * The number of unemployed persons was 8.2 million in July 2004. * The jobless rates for the major worker groups, such as adult men, adult women, teenagers, whites, blacks, and Hispanics or Latinos, were little changed over the month. * Total employment rose by 629,000 to 139.7 million in July 2004. * The employment-population ratio increased to 62.5 percent in July 2004. * The labor force participation rate rose to 66.2 percent in July 2004. **","Long-term Predictions (next 4-18 months):** * The labor market is likely to continue to experience a slow and steady growth, with a gradual decrease in the unemployment rate. * The employment-population ratio is likely to continue to increase, indicating a growing labor market. Here are the filtered results and analysis: **;Short-term Predictions (next 1-3 months):** * The unemployment rate is likely to remain stable or experience a slight decrease in the short term. * Total employment and the employment-population ratio are likely to continue to grow at a slow pace. **",report,2004-07-01,2004-07-31,0.0,31
2004-08-01,2004-08-01,2004-08-31,5.4,Objective facts about the influenza situation** There is no information about the influenza situation in the provided text. **,"Long-term predictions (next 4-18 months)** The unemployment rate is expected to continue its downward trend in the long term, but the pace of decline may be slow. The labor market is likely to experience a gradual recovery, with job growth in industries such as health care and social assistance, financial activities, and professional and technical services. Here are the filtered results and my analysis:;Short-term predictions (next 1-3 months)** The unemployment rate is likely to remain around 5.4 percent in the short term, with a possibility of a small decline. The labor market is expected to continue its slow recovery, with moderate job growth in certain industries. **",report,2004-08-01,2004-08-31,0.0,31
2004-09-01,2004-09-01,2004-09-30,5.1,"Objective facts about the unemployment situation** * The unemployment rate was unchanged at 5.4 percent in September 2004. * The number of unemployed persons was unchanged at 8.0 million in September 2004. * The jobless rates for the major worker groups showed little or no change in September 2004. * Total employment was about unchanged in September at 139.5 million, and the employment-population ratio was little changed at 62.3 percent. **","Long-term predictions** * The unemployment rate is likely to continue trending downward over the next 4-18 months, as the economy continues to grow and job creation picks up pace. * The labor market may experience a more significant shift towards service-providing industries, with continued growth in areas such as health care and social assistance. Here is the filtered information useful for making predictions about the Monthly United States Unemployment Rate: Overall and by race:;Short-term predictions** * The unemployment rate is likely to remain around 5.4 percent in the next 1-3 months, with slow but steady job growth. * Employment growth may pick up in the coming months as the economy recovers from the severe weather events. **",report,2004-09-01,2004-09-30,0.0,31
2004-10-01,2004-10-01,2004-10-31,5.1,"The unemployment rate was a significant concern in the United States in 2004, with various reports highlighting its severity in different regions and industries.","In the long term, sustained economic growth and investments in education and development may lead to a decrease in unemployment rates and an improvement in the overall economic situation in the US.;In the short term, it is likely that the US economy will continue to experience fluctuations in unemployment rates, with some regions and industries faring better than others.",search,2004-10-25,2004-10-31,0.0,31
2004-11-01,2004-11-01,2004-11-30,5.2,"Objective facts about the influenza situation** Not applicable, as there is no mention of influenza in the report. **","Long-term predictions** In the long term (next 4-18 months), the labor market is expected to continue its moderate growth, with the unemployment rate potentially decreasing further. However, the pace of employment growth may slow down if the economy experiences any shocks or downturns. The labor force participation rate may also experience a slight increase as more people enter the labor market. Source: for objective facts and for insights and analysis. Here are the filtered results and my analysis:;Short-term predictions** Based on the current trend, it is likely that the unemployment rate will remain steady or experience a slight decrease in the short term (next 1-3 months). Employment growth is expected to continue, albeit at a moderate pace. **",report,2004-11-01,2004-11-30,0.0,31
2004-12-01,2004-12-01,2004-12-31,5.1,Objective facts about the influenza situation** There is no mention of influenza in the report. **,"Long-term predictions (next 4-18 months)** In the long term, the labor market is expected to continue its slow growth trajectory, with the unemployment rate potentially decreasing further as the economy continues to recover. However, the pace of job growth may remain slow, and it may take some time for the labor market to return to pre-recession levels. Here are the results filtered to find information useful to making predictions about Monthly United States Unemployment Rate: Overall and by race:;Short-term predictions (next 1-3 months)** Based on the current trends, it is likely that the unemployment rate will remain steady or experience a slight decrease in the short term. Job growth is expected to continue, albeit at a slow pace, with industries such as health care and professional services leading the way. **",report,2004-12-01,2004-12-31,0.0,31
2005-01-01,2005-01-01,2005-01-31,5.7,"Objective facts about the influenza situation** * The unemployment rate decreased to 5.2 percent in January 2005, down from 5.7 percent a year earlier. * The number of unemployed persons was 7.7 million, and the number of long-term unemployed (those unemployed 27 weeks and over) was about unchanged over the month. * The employment-population ratio remained at 62.4 percent, and the labor force participation rate edged down over the month to 65.8 percent. * The number of persons who work part time for economic reasons was 4.4 million in January, seasonally adjusted. * The unemployment rates for adult men (4.7 percent), whites (4.4 percent), and Hispanics or Latinos (6.1 percent) edged down, while the rates for adult women (4.6 percent), teenagers (16.3 percent), and blacks or African Americans (10.6 percent) showed little change. **","Long-term predictions** * The labor market is expected to continue to improve over the long term, with the unemployment rate potentially returning to pre-recession levels. Here are the filtered results and analysis: **;Short-term predictions** * The unemployment rate is likely to continue to trend downward in the short term, driven by the strengthening labor market. **",report,2005-01-01,2005-01-31,0.0,31
2005-02-01,2005-02-01,2005-02-28,5.8,"Objective facts about the influenza situation: The unemployment rate edged up to 5.4 percent in February 2005, returning to its December level after dipping in January. The jobless rate had been either 5.4 or 5.5 percent during each of the last 6 months of 2004.","Long-term predictions (next 4-18 months): The labor market is likely to continue its slow growth trend, with the unemployment rate gradually decreasing over the next year. However, this growth may be slow and uneven, with some months experiencing increases in unemployment. Here is the filtered information useful for making predictions about the Monthly United States Unemployment Rate: Overall and by race:;Short-term predictions (next 1-3 months): The unemployment rate is likely to remain stable, around 5.4 percent, in the short term. There may be some seasonal fluctuations, but no significant changes are expected.",report,2005-02-01,2005-02-28,0.0,31
2005-03-01,2005-03-01,2005-03-31,5.4,"Objective facts about the labor market situation** * The unemployment rate declined to 5.2 percent in March 2005, down from 5.7 percent a year earlier. * The number of unemployed persons decreased by 332,000 to 7.7 million in March. * The jobless rate was down for adult men (4.6 percent), whites (4.4 percent), and Hispanics or Latinos (5.7 percent). * Total nonfarm payroll employment increased by 110,000 in March, with job gains in construction, mining, health care, and wholesale trade. **","Long-term predictions (next 4-18 months)** * The labor market is likely to continue its expansion, with the unemployment rate potentially falling to around 4.5 percent or lower by the end of the year. * The job market is expected to experience further growth, with industries such as professional and business services, education and health services, and leisure and hospitality driving employment gains. Here are the filtered results and analysis: **Objective Facts (;Short-term predictions (next 1-3 months)** * The unemployment rate is likely to continue its downward trend, potentially reaching 5.1 percent or lower in the next few months. * Payroll employment is expected to continue growing, with job gains in industries such as health care, construction, and wholesale trade. **",report,2005-03-01,2005-03-31,0.0,31
2005-04-01,2005-04-01,2005-04-30,4.9,"Objective facts about the labor market situation** * The unemployment rate was unchanged at 5.2 percent in April 2005. * Total employment grew by 598,000 in April to 141.1 million. * The employment-population ratio edged up to 62.6 percent. * Nonfarm payroll employment increased by 274,000 over the month. * The number of long-term unemployed (those unemployed 27 weeks and over) was about unchanged over the month. **","Long-term predictions (next 4-18 months)** * The labor market is likely to continue to experience growth, with the unemployment rate gradually declining towards a more sustainable level. * The employment-population ratio may continue to edge up, indicating a strengthening labor market. Here are the filtered results and analysis: **;Short-term predictions (next 1-3 months)** * The labor market is likely to continue to experience moderate growth, with further increases in employment and nonfarm payroll employment. * The unemployment rate may remain stable or experience a small decline in the short term. **",report,2005-04-01,2005-04-30,0.0,31
2005-05-01,2005-05-01,2005-05-31,4.9,Unemployment rate was essentially unchanged at 5.1 percent in May. The jobless rate was down from 5.6 percent a year earlier.,"In the long term, we can expect the labor market to continue to grow, with the unemployment rate potentially declining further as the economy continues to expand. Here is the filtered information useful for making predictions about the Monthly United States Unemployment Rate: Overall and by race: **;Based on the current trends, we can expect the unemployment rate to remain stable or experience a slight decline in the next 1-3 months.",report,2005-05-01,2005-05-31,0.0,31
2005-06-01,2005-06-01,2005-06-30,5.2,"Objective facts about the employment situation** * The unemployment rate in June 2005 was 5.0%, seasonally adjusted, which is a decrease of 1.3 percentage points from June 2003. * The number of unemployed persons was little changed over the month at 7.5 million, but is down by 1.7 million since June 2003. * Nonfarm employment increased by 146,000 in June, and the employment-population ratio held at 62.7%. * The labor force participation rate was little changed over the month at 66.0%. **","Long-term predictions** * The labor market is likely to continue to strengthen over the long term, with a decreasing unemployment rate and increasing employment growth. However, the pace of growth may slow down as the labor market approaches full employment. Here are the filtered results, summarized into 5 parts:;Short-term predictions** * The labor market is likely to continue to improve in the short term, with employment growth and a decreasing unemployment rate. **",report,2005-06-01,2005-06-30,0.0,31
2005-07-01,2005-07-01,2005-07-31,5.2,"As of 2005, the unemployment rate in the United States was relatively high, with 11.6 percent for Hispanics.","In the long-term, it is possible that economic growth and job opportunities will increase, leading to a decline in unemployment rates. However, this will depend on various factors, including policy decisions and global economic trends.;In the short-term, it is likely that unemployment rates will continue to be a challenge, especially for certain demographics.",search,2005-07-25,2005-07-31,0.0,31
2005-08-01,2005-08-01,2005-08-31,4.9,"Objective Facts** * The unemployment rate was little changed at 4.9% in August 2005. * The number of unemployed persons was 7.4 million, down from 8.0 million in February. * The unemployment rates for most major worker groups showed little or no change in August. * The jobless rate for adult women fell to 4.4% over the month. * The unemployment rate for Asians was 3.6% (not seasonally adjusted). **","Long-term Predictions** * The labor market is expected to continue its growth trajectory in the long term, driven by a strong economy and increasing labor force participation. Here is the filtered information useful for making predictions about the Monthly United States Unemployment Rate: Overall and by race:;Short-term Predictions** * The labor market is likely to continue its upward trend in the short term, with employment growth and a stable or declining unemployment rate. **",report,2005-08-01,2005-08-31,0.0,31
2005-09-01,2005-09-01,2005-09-30,4.8,Objective facts about the influenza situation: NA (there is no mention of influenza in the report),"Long-term predictions: Over the next 4-18 months, the labor market is likely to continue to grow, with employment and labor force participation rates trending upward. However, the impact of Hurricane Katrina may linger, particularly in the affected regions. Here is the filtered information useful for making predictions about the Monthly United States Unemployment Rate: Overall and by race:;Short-term predictions: In the next 1-3 months, the labor market is likely to continue to feel the effects of Hurricane Katrina, with potential fluctuations in employment and unemployment rates. However, the underlying trends may remain stable.",report,2005-09-01,2005-09-30,0.0,31
2005-10-01,2005-10-01,2005-10-31,4.6,"Objective facts about the influenza situation** Not applicable, as there is no mention of influenza in the report. **","Long-term predictions (next 4-18 months)** In the long term, the labor market is expected to continue its gradual recovery, with employment growth driven by industries such as construction, financial activities, and health care. However, the impact of future natural disasters or economic shocks could affect this outlook. Source: LLM: Here are the filtered results and analysis: **;Short-term predictions (next 1-3 months)** Based on the current situation, it is likely that the unemployment rate will remain stable or experience a slight decrease in the short term, as the labor market continues to recover from the impact of the hurricanes. **",report,2005-10-01,2005-10-31,0.0,31
2005-11-01,2005-11-01,2005-11-30,4.8,"Objective facts about the influenza situation** Not applicable, as there is no mention of influenza in the report. **","Long-term predictions** In the long term (next 4-18 months), the labor market is expected to continue growing, with nonfarm payroll employment increasing at a steady rate. The unemployment rate may decrease slightly, but is likely to remain around 5.0%. Based on the provided Monthly News of United States Employment Situation from 2005 11/01 to 2005 11/30 published by Bureau of Labor Statistics, here are the filtered results and analysis: **;Short-term predictions** Based on the current trend, it is likely that the unemployment rate will remain stable or experience a slight decrease in the short term (next 1-3 months). Nonfarm payroll employment is expected to continue growing, albeit at a moderate pace. **",report,2005-11-01,2005-11-30,0.0,31
2005-12-01,2005-12-01,2005-12-31,4.6,Objective facts about the influenza situation** NA (No information about influenza situation is present in the report) **,"Long-term predictions** In the long term, the labor market is expected to continue its moderate growth, driven by industries such as health care, professional and business services, and manufacturing. However, the labor force participation rate may remain a concern, and the number of persons working part-time for economic reasons may continue to decline. Note: The predictions are based on the analysis of the current situation and trends, but are subject to uncertainty and may be influenced by various factors, including economic conditions, policy changes, and external shocks. Here is the analysis of the Monthly United States Employment Situation report:;Short-term predictions** Based on the current trends, it is likely that the unemployment rate will remain around 4.9% in the short term, with moderate growth in employment and a stable labor force participation rate. **",report,2005-12-01,2005-12-31,0.0,31
2006-01-01,2006-01-01,2006-01-31,5.1,Objective facts about the influenza situation: NA (no information about influenza situation),"Long-term predictions: The labor market is likely to continue growing, with a possible decrease in the unemployment rate over the next 4-18 months. However, this prediction is subject to various economic factors and potential disruptions. Here are the filtered results and analysis: **;Short-term predictions: The unemployment rate is likely to continue decreasing or remain steady in the short term, driven by a strong labor market and increased employment opportunities.",report,2006-01-01,2006-01-31,0.0,31
2006-02-01,2006-02-01,2006-02-28,5.1,Objective facts about the unemployment situation: * The unemployment rate was little changed at 4.8% in February 2006. (Source) * The number of unemployed persons was 7.2 million in February 2006. (Source) * The unemployment rate for adult men edged up to 4.2% in February 2006. (Source) * The jobless rates for other major worker groups showed little or no change over the month. (Source),"Long-term predictions: * The unemployment rate is likely to continue to trend downwards over the next 4-18 months, as the economy continues to grow and job creation accelerates. (LLM) Here are the filtered results and analysis: **;Short-term predictions: * The unemployment rate is likely to remain steady or experience a small decline in the next 1-3 months, as the labor market continues to stabilize. (LLM)",report,2006-02-01,2006-02-28,0.0,31
2006-03-01,2006-03-01,2006-03-31,4.8,"Objective Facts** * The unemployment rate was little changed at 4.7 percent in March 2006. * The number of unemployed persons was 7.0 million, and the jobless rates for major worker groups showed little or no change over the month. * Total employment was up in March to 143.6 million, and the employment-population ratio was little changed at 63.0 percent. * The labor force participation rate remained at 66.1 percent and has been at or near that level for a year. * Nonfarm payroll employment increased by 211,000 in March, and the average workweek for production or nonsupervisory workers on private nonfarm payrolls was unchanged at 33.8 hours. **","Long-term Predictions** * The long-term outlook for the labor market is uncertain, but based on the current trends, it is possible that the labor market will continue to grow, with potential increases in employment and decreases in unemployment rates. Here are the filtered results and my analysis:;Short-term Predictions** * Based on the current trends, it is likely that the unemployment rate will remain stable in the short term, with minimal changes in employment levels. **",report,2006-03-01,2006-03-31,0.0,31
2006-04-01,2006-04-01,2006-04-30,4.5,The United States had a 4.7% unemployment rate in April 2006.,"The strong labor market and growing economy in the United States may lead to increased economic growth and development in the long-term future (next few months).;The labor market is likely to continue growing, with low unemployment rates and increasing wages and salaries, in the short-term future (next 1-4 weeks).",search,2006-04-24,2006-04-30,0.0,31
2006-05-01,2006-05-01,2006-05-31,4.4,"Objective facts about the influenza situation** Not applicable, as there is no mention of influenza in the report. **","Long-term predictions** In the next 4-18 months, the unemployment rate may continue to trend downward, driven by growth in industries such as education and health services, wholesale trade, professional and business services, and mining. However, the labor market may still experience fluctuations due to seasonal variations and other economic factors. Bureau of Labor Statistics, United States Department of Labor. Based on the provided Monthly News of United States Employment Situation from 2006 05/01 to 2006 05/31 published by Bureau of Labor Statistics, here are the filtered results and analysis: **Objective Facts (;Short-term predictions** Based on the current trends, it is likely that the unemployment rate will remain stable or experience a slight decrease in the next 1-3 months. The labor market may continue to experience a mixed trend, with some industries growing while others decline. **",report,2006-05-01,2006-05-31,0.0,31
2006-06-01,2006-06-01,2006-06-30,4.8,"Objective facts about the unemployment situation** * The unemployment rate was unchanged at 4.6 percent in June 2006. * The number of unemployed persons was essentially unchanged at 7.0 million in June 2006. * The unemployment rate for adult men declined to 4.0 percent, while the unemployment rate for teenagers edged up to 15.4 percent. * The number of long-term unemployed persons fell to 1.1 million in June 2006. **","Long-term predictions** * The labor market is likely to continue to experience stability, with the unemployment rate remaining low and the number of unemployed persons staying relatively steady. * The decline in long-term unemployment is likely to continue, indicating a strong labor market with people finding jobs quickly. After filtering the results, I have extracted the useful information to make predictions about the Monthly United States Unemployment Rate: Overall and by race. Here are the results:;Short-term predictions** * The unemployment rate is likely to remain stable or experience a small decline in the short term, given the current trends. * The number of unemployed persons is likely to remain relatively steady, with no significant changes expected in the short term. **",report,2006-06-01,2006-06-30,0.0,31
2006-07-01,2006-07-01,2006-07-31,5.0,Objective facts about the influenza situation** NA (There is no mention of the influenza situation in the report.) **,"Long-term predictions (next 4-18 months)** In the long term, the labor market is expected to continue its gradual growth, with the unemployment rate stabilizing or decreasing slightly. The economy is likely to experience a continued shift towards service-oriented industries, with growth in areas such as health care, technology, and professional services. However, the manufacturing sector may continue to experience decline. Note: These predictions are based on the analysis of the provided report and may not reflect the actual future outcomes. Here is the analysis of the Monthly United States Employment Situation report:;Short-term predictions (next 1-3 months)** Based on the current trends, it is likely that the unemployment rate will remain stable or experience a slight increase in the short term. The labor market is expected to continue its mixed performance, with some industries experiencing growth while others decline. **",report,2006-07-01,2006-07-31,0.0,31
2006-08-01,2006-08-01,2006-08-31,4.6,"The unemployment rate was little changed at 4.7 percent in August 2006. The number of unemployed persons (7.1 million) was essentially unchanged in August. The unemployment rates for most major worker groups--adult men (4.1 percent), adult women (4.1 percent), teenagers (16.2 percent), whites (4.1 percent), and Hispanics (5.3 percent)--showed little or no change. The jobless rate for blacks declined to 8.8 percent in August.","In the long term, the labor market may continue to trend upwards, with a possible decline in the unemployment rate. However, this is dependent on various economic factors, such as GDP growth, inflation, and global events. Here are the filtered results and analysis: **;Based on the current stability, it is likely that the unemployment rate will remain around 4.7 percent in the short term, with minimal changes in the demographics.",report,2006-08-01,2006-08-31,0.0,31
2006-09-01,2006-09-01,2006-09-30,4.4,"Objective facts about the influenza situation** Not applicable, as there is no mention of influenza in the report. **","Long-term predictions** In the long term, we can expect the labor market to continue to evolve, with growth in industries like health care and financial activities driving employment gains. However, the decline in manufacturing employment may continue to be a concern, and the labor market may need to adapt to changing economic conditions. Note: The report does not provide any information about the influenza situation, so that section is not applicable. Here are the filtered results and analysis: **;Short-term predictions** In the short term, we can expect the unemployment rate to remain stable or decline slightly, driven by growth in industries like health care and financial activities. However, the decline in manufacturing employment may continue to be a drag on the labor market. **",report,2006-09-01,2006-09-30,0.0,31
2006-10-01,2006-10-01,2006-10-31,4.1,"Objective facts about the influenza situation** None, as there is no mention of influenza in the report. **","Long-term predictions (next 4-18 months)** The long-term outlook is positive, with a strong labor market expected to continue. However, there may be some fluctuations in the unemployment rate and employment growth due to various economic factors. Overall, the labor market is expected to remain strong, with a low unemployment rate and steady employment growth. Here are the relevant information and analysis for predicting Monthly United States Unemployment Rate: Overall and by race:;Short-term predictions (next 1-3 months)** Based on the current trend, it is likely that the unemployment rate will continue to decline or remain steady in the short term. Employment is expected to continue growing, and the labor market is expected to remain strong. **",report,2006-10-01,2006-10-31,0.0,31
2006-11-01,2006-11-01,2006-11-30,4.3,Objective facts about the influenza situation**: NA (No information about influenza situation is mentioned in the report) **,"Long-term predictions**: The labor market is expected to continue its cyclical pattern, with periods of growth and decline. The unemployment rate may fluctuate, but it is likely to remain within a relatively stable range. Industries that are experiencing growth, such as health care and professional services, may continue to drive job growth in the long term. Here are the filtered results and analysis related to predicting Monthly United States Unemployment Rate: Overall and by race:;Short-term predictions**: The labor market is expected to continue its slow growth trend, with some industries experiencing job gains while others decline. The unemployment rate may remain stable or experience a slight decrease. **",report,2006-11-01,2006-11-30,0.0,31
2006-12-01,2006-12-01,2006-12-31,4.3,"Nonmetro America accounted for 16.1 percent of U.S. employment, or close to 23 million workers, in 2005.","The long-term trend may continue, with urban areas and service-oriented industries driving economic growth, while rural areas and traditional industries may continue to decline.;NA",search,2006-12-25,2006-12-31,0.0,31
2007-01-01,2007-01-01,2007-01-31,5.0,Objective facts about the influenza situation: NA (no mention of influenza in the report),"Long-term predictions: In the next 4-18 months, the unemployment rate is expected to continue its downward trend, with a possible decrease to around 4.4 percent. However, this prediction is subject to various economic factors and uncertainties. Here are the filtered results and analysis: **;Short-term predictions: Based on the current trends, it is likely that the unemployment rate will remain stable or experience a slight decrease in the next 1-3 months.",report,2007-01-01,2007-01-31,0.0,31
2007-02-01,2007-02-01,2007-02-28,4.9,"Objective Facts** * The unemployment rate remained unchanged at 4.5% in February 2007. * The number of unemployed persons was 6.9 million, with little change from January. * Employment grew in some service-providing industries, but declined sharply in construction. * Average hourly earnings rose by 6 cents, or 0.4%, over the month. **","Long-term Predictions (next 4-18 months)** * The labor market is likely to continue to shift towards a service-based economy, with growth in industries such as health care and professional and business services. * The construction industry may experience a slowdown due to a potential housing market correction. * The unemployment rate may experience a slight increase as the economy transitions towards a more service-based economy. Here are the filtered results and analysis: **;Short-term Predictions (next 1-3 months)** * The unemployment rate is likely to remain steady or experience a slight decrease due to continued growth in service-providing industries. * Construction employment may recover slightly as weather conditions improve. * Average hourly earnings are likely to continue to rise, albeit at a slow pace. **",report,2007-02-01,2007-02-28,0.0,31
2007-03-01,2007-03-01,2007-03-31,4.5,"Objective facts about the labor market situation: * The unemployment rate was essentially unchanged at 4.4% in March 2007. * Nonfarm payroll employment rose by 180,000 in March 2007. * The number of unemployed persons (6.7 million) and the unemployment rate (4.4%) were essentially unchanged. * The jobless rate for whites decreased to 3.8%, while the rate for blacks or African Americans was 8.3%. * The number of unemployed job losers and persons who had completed temporary jobs declined by 215,000. * Total employment and the employment-population ratio were essentially unchanged in March.","Long-term predictions (next 4-18 months): * The labor market is likely to continue experiencing a period of stability, with minimal fluctuations in employment and unemployment numbers. * The unemployment rate may experience a slight decline as the economy continues to grow and job creation remains steady. Here are the filtered results and my analysis:;Short-term predictions (next 1-3 months): * The unemployment rate is likely to remain stable or experience minimal changes in the short term. * Employment numbers may continue to rise, but at a moderate pace.",report,2007-03-01,2007-03-31,0.0,31
2007-04-01,2007-04-01,2007-04-30,4.3,"Objective facts about the unemployment situation** * The unemployment rate was essentially unchanged at 4.5 percent in April 2007. (Source: BLS) * The number of unemployed persons was 6.8 million, with little or no change in the jobless rates for major worker groups. (Source: BLS) * Nonfarm payroll employment edged up by 88,000 in April, with job gains in health care, food services, and a few other industries. (Source: BLS) * Employment declined in manufacturing and retail trade. (Source: BLS) **","Long-term predictions (next 4-18 months)** * The labor market is likely to continue its slow growth trend, with some industries experiencing more growth than others. (LLM) * There may be a shift towards more service-oriented industries, which could lead to changes in the composition of the labor market. (LLM) Here are the filtered results and analysis:;Short-term predictions (next 1-3 months)** * The unemployment rate is likely to remain stable or experience a slight decrease in the short term, given the current trends. (LLM) * Employment growth is expected to continue, albeit at a slow pace, with service-oriented industries leading the way. (LLM) **",report,2007-04-01,2007-04-30,0.0,31
2007-05-01,2007-05-01,2007-05-31,4.3,Objective facts about the unemployment situation: The number of unemployed persons (6.8 million) and the unemployment rate (4.5 percent) were unchanged in May. The jobless rate has ranged from 4.4 to 4.6 percent since September 2006.,"Long-term predictions: In the long term, the unemployment rate may trend upward slightly as the economy slows down and the labor market becomes more competitive. However, the overall labor market is expected to remain strong, with the unemployment rate staying below 5 percent. Here is the filtered information and analysis related to predicting Monthly United States Unemployment Rate: Overall and by race:;Short-term predictions: The unemployment rate is likely to remain stable or slightly increase in the short term, as the labor market continues to absorb new entrants and the economy grows at a moderate pace.",report,2007-05-01,2007-05-31,0.0,31
2007-06-01,2007-06-01,2007-06-30,4.7,"Objective facts about the influenza situation** Not applicable, as there is no mention of influenza in the report. **","Long-term predictions (next 4-18 months)** The long-term outlook for the employment situation is also likely to be stable, with continued moderate growth in payroll employment and a steady unemployment rate. However, there may be some fluctuations due to seasonal variations and potential changes in the economy. Source: Here are the filtered results and my analysis: **;Short-term predictions (next 1-3 months)** Based on the stable trend in the unemployment rate and moderate growth in payroll employment, it is likely that the employment situation will continue to remain stable in the short term. **",report,2007-06-01,2007-06-30,0.0,31
2007-07-01,2007-07-01,2007-07-31,4.9,"Objective facts about the unemployment situation:** - The unemployment rate remained stable at 4.6% in July 2007. - The number of unemployed persons was 7.1 million, with little change from the previous month. - The jobless rates for adult men, teenagers, whites, blacks, and Hispanics showed little change. - The number of persons unemployed for 27 weeks and over rose by 188,000 to 1.3 million in July. - The number of persons unemployed due to job loss rose by 253,000 in July. **","Long-term predictions (next 4-18 months):** The labor market may continue to grow, but at a slower pace. The unemployment rate may increase slightly as the economy experiences a slowdown. Here are the filtered results and analysis: **;Short-term predictions (next 1-3 months):** The unemployment rate is likely to remain stable or experience a slight increase due to the underlying weakness in the labor market. **",report,2007-07-01,2007-07-31,0.0,31
2007-08-01,2007-08-01,2007-08-31,4.6,"Objective Facts** * The unemployment rate remained at 4.6% in August 2007. * The number of unemployed persons was 7.1 million, unchanged from July. * Employment in manufacturing, construction, and local government education declined, while job growth continued in health care and food services. * The number of persons employed part-time for economic reasons was 4.5 million, 359,000 higher than a year earlier. * The labor force participation rate decreased to 65.8%. **","Long-term Predictions** * The labor market may experience a period of slower growth, as the economy adjusts to changes in the global economy and technological advancements. * The unemployment rate may trend upwards in the long term, as the labor force participation rate continues to decline. Here are the relevant information and analysis regarding the Monthly United States Unemployment Rate: Overall and by race:;Short-term Predictions** * The unemployment rate may remain stable or experience a slight increase in the short term, as the labor market continues to adjust to changes in the economy. * Job growth may slow down in certain industries, while others may continue to experience growth. **",report,2007-08-01,2007-08-31,0.0,31
2007-09-01,2007-09-01,2007-09-30,4.5,The educational attainment of the labor force has improved over time in the US.,"In the long term, the US labor market may continue to shift towards higher-skilled jobs, leading to increased educational attainment and lower unemployment rates.;It is likely that the US labor market will continue to improve in the short term, with a focus on education and job training.",search,2007-09-24,2007-09-30,0.0,31
2007-10-01,2007-10-01,2007-10-31,4.4,"The unemployment rate was unchanged at 4.7 percent in October 2007. The number of unemployed persons, at 7.2 million, was essentially unchanged in October.","In the long-term future (next 4-18 months), the labor market may experience moderate growth, leading to a slight decrease in the unemployment rate. However, this prediction is uncertain and subject to various economic factors. Note: The predictions are based on the analysis of the provided data and may not reflect the actual outcomes. Here are the filtered results and my analysis: **;In the short-term future (next 1-3 months), the unemployment rate is likely to remain stable, with minimal changes in the number of unemployed persons.",report,2007-10-01,2007-10-31,0.0,31
2007-11-01,2007-11-01,2007-11-30,4.5,"Objective facts about the influenza situation** Not applicable, as there is no mention of influenza in the report. **","Long-term predictions (next 4-18 months)** The labor market may experience a slowdown in growth, driven by the decline in the housing market and related industries. However, the growth in professional and technical services, health care, and food services may continue, albeit at a slower pace. The unemployment rate may increase slightly, but it is likely to remain below 5%. Here are the filtered results and analysis relevant to predicting Monthly United States Unemployment Rate: Overall and by race:;Short-term predictions (next 1-3 months)** The unemployment rate is likely to remain stable or experience a slight increase due to the decline in construction and related industries. Employment growth in professional and technical services, health care, and food services may continue, but at a slower pace. **",report,2007-11-01,2007-11-30,0.0,31
2007-12-01,2007-12-01,2007-12-31,4.8,Objective facts about the influenza situation: NA (there is no mention of influenza in the report),"Long-term predictions: In the long term, the labor market may continue to experience a slowdown, with a rise in unemployment rates and a decline in employment rates. The job growth in certain industries may not be enough to offset the job losses in other industries, leading to a continued stagnation in the labor market. However, it is possible that the labor market may recover if there are improvements in the overall economy. Here are the filtered results and summaries:;Short-term predictions: In the short term, it is likely that the unemployment rate will continue to rise, and employment rates will continue to decline. The job growth in certain industries may not be enough to offset the job losses in other industries, leading to a continued stagnation in the labor market.",report,2007-12-01,2007-12-31,0.0,31
2008-01-01,2008-01-01,2008-01-31,5.4,Objective facts about the influenza situation** There is no information about the influenza situation in the provided report. **,"Long-term predictions** In the long term, I predict that the unemployment rate will continue to be influenced by the decline in construction and manufacturing employment. If these industries continue to decline, the unemployment rate may increase. However, if other industries such as health care and professional services continue to grow, the unemployment rate may remain stable or even decrease. Here are the filtered results and analysis: **;Short-term predictions** Based on the stable unemployment rate and number of unemployed persons, I predict that the unemployment rate will remain around 4.9% in the next 1-3 months. **",report,2008-01-01,2008-01-31,0.0,31
2008-02-01,2008-02-01,2008-02-29,5.2,"The unemployment rate was essentially unchanged at 4.8 percent in February 2008. Total employment and the employment-population ratio were little changed over the month. The number of unemployed persons (7.4 million) and the unemployment rate showed little or no change for adult men, adult women, teenagers, whites, and Hispanics. The jobless rate for blacks fell to 8.3 percent, in line with the average rate for 2007. The unemployment rate for Asians was 3.0 percent, not seasonally adjusted.","In the long-term, the labor market may recover, and the unemployment rate may decrease as the economy grows. However, the current trend of decline in certain industries may lead to a shift in the labor market, with job opportunities arising in other sectors. Here are the filtered results and summaries:;In the short-term, the unemployment rate may remain unchanged or slightly increase due to the decline in employment in certain industries. The labor market may continue to slow down, leading to a decrease in job opportunities.",report,2008-02-01,2008-02-29,0.0,31
2008-03-01,2008-03-01,2008-03-31,5.2,"Objective facts about the unemployment situation** * The unemployment rate rose from 4.8% to 5.1% in March, and nonfarm payroll employment continued to trend down (-80,000). * The number of unemployed persons increased by 434,000 to 7.8 million in March. * Unemployment rates rose for adult men (to 4.6%), adult women (4.6%), and Hispanics (6.9%). * The jobless rates edged up for blacks (to 9.0%) and whites (4.5%), while the rate for teenagers (15.8%) was essentially unchanged. * The unemployment rate for Asians was 3.6%, not seasonally adjusted. **","Long-term predictions (next 4-18 months)** * The labor market is likely to experience a prolonged period of weakness, with unemployment rates potentially reaching 5.5% or higher. * The economy is expected to experience a recession, which will lead to a decline in employment and a rise in unemployment rates. Here is the filtered information and analysis related to predicting the Monthly United States Unemployment Rate: Overall and by race:;Short-term predictions (next 1-3 months)** * The unemployment rate is likely to continue to rise, potentially reaching 5.2% or higher in the next few months. * Nonfarm payroll employment is expected to continue to trend down, with potential losses in industries such as construction and manufacturing. **",report,2008-03-01,2008-03-31,0.0,31
2008-04-01,2008-04-01,2008-04-30,4.8,"The unemployment rate, at 5.0 percent, also was little changed in April. The number of unemployed persons (7.6 million) and the unemployment rate (5.0 percent) were little changed in April.","In the long-term future (next 4-18 months), the unemployment rate may increase slightly as the economy continues to slow down. However, the impact of inflation and other economic factors will also play a role in shaping the labor market. Here are the filtered results and analysis: **;In the short-term future (next 1-3 months), it is likely that the unemployment rate will remain stable or experience a small increase, as the labor market is not showing signs of significant growth or decline.",report,2008-04-01,2008-04-30,0.0,31
2008-05-01,2008-05-01,2008-05-31,5.2,"Objective facts about the unemployment situation** * The unemployment rate rose from 5.0% to 5.5% in May 2008, with 861,000 more unemployed persons. * The number of unemployed persons increased to 8.5 million, with a jobless rate of 4.9% for adult men, 4.8% for adult women, 18.7% for teenagers, 4.9% for whites, 9.7% for blacks, and 6.9% for Hispanics. * Nonfarm payroll employment continued to trend down, with a loss of 49,000 jobs in May. * The number of persons who worked part-time for economic reasons was essentially unchanged at 5.2 million. **","Long-term predictions (next 4-18 months)** * The labor market is likely to experience a prolonged period of weakness, with the unemployment rate potentially reaching 6.0% or higher. * Employment growth is expected to remain sluggish, with a possible recovery in certain industries such as health care and education. Here are the filtered results and analysis: **;Short-term predictions (next 1-3 months)** * The unemployment rate is likely to continue rising in the short term, potentially exceeding 5.5%. * Employment is expected to continue trending down, with further losses in industries such as construction and manufacturing. **",report,2008-05-01,2008-05-31,0.0,31
2008-06-01,2008-06-01,2008-06-30,5.7,"Objective facts about the unemployment situation: The unemployment rate held at 5.5% in June 2008, with 8.5 million unemployed persons. The number of unemployed persons increased by 952,000 over the past 12 months. The unemployment rate for Hispanics increased to 7.7% in June, while the rates for adult men, adult women, teenagers, whites, and blacks showed little or no change.","Long-term predictions (next 4-18 months): In the long term, the unemployment rate is likely to trend upward as the labor market continues to weaken. The increase in the number of unemployed persons over the past 12 months suggests a potential shift in the labor market dynamics, which could lead to higher unemployment rates in the future. Here are the filtered results and analysis: **;Short-term predictions (next 1-3 months): Based on the current trends, it is likely that the unemployment rate will continue to hover around 5.5% in the short term, with a possible slight increase due to the ongoing weakness in the labor market.",report,2008-06-01,2008-06-30,0.0,31
2008-07-01,2008-07-01,2008-07-31,6.0,"Objective facts about the unemployment situation** * The unemployment rate rose to 5.7% in July 2008, with 8.8 million unemployed persons. * The number of unemployed persons has increased by 1.6 million over the past 12 months. * The unemployment rates for adult men, whites, and blacks have increased, while the rates for adult women, teenagers, and Asians have remained relatively unchanged. * The number of persons who worked part-time for economic reasons has risen by 308,000 to 5.7 million over the past 12 months. * Nonfarm payroll employment continued to trend down, with a loss of 51,000 jobs in July 2008. **","Long-term predictions (next 4-18 months)** * The labor market is likely to continue to experience a downturn, with rising unemployment rates and declining employment numbers. * The economy may enter a recession, leading to further job losses and a decline in economic activity. * The rise in part-time workers for economic reasons may become a long-term trend, as companies look to reduce labor costs. Here are the filtered results and analysis: **;Short-term predictions (next 1-3 months)** * The unemployment rate is likely to continue to rise in the short term, as the labor market continues to weaken. * Nonfarm payroll employment may continue to decline, leading to further job losses. * The number of part-time workers for economic reasons may continue to increase, as people struggle to find full-time employment. **",report,2008-07-01,2008-07-31,0.0,31
2008-08-01,2008-08-01,2008-08-31,6.1,"Objective facts about the Economics situation: The national unemployment rate increased in the summer of 2008, partly due to an increase in youth unemployment. In 2007, the poverty rate among non-citizens in the United States increased. Among persons between the ages of 16 and 64 who were unemployed in March 2008, 23.1% were poor based on their families' incomes in 2007. Median household incomes rose by 1.3% in 2007 from the previous year, according to the U.S. Census Bureau.","Predictions you can make for the long-term future (next few months): The unemployment rate may continue to rise, leading to further increases in poverty rates. The economic expansion of 2001-2007 may not be as robust as previously thought, leading to a slower economic growth in the future.;Predictions you can make for the short-term future (next 1-4 weeks): NA",search,2008-08-25,2008-08-31,0.0,31
2008-09-01,2008-09-01,2008-09-30,6.0,Objective facts about the influenza situation There is no mention of influenza in the provided text.,"Long-term predictions In the long term, the employment situation may improve as the economy recovers from the current downturn. However, it is difficult to predict exactly when and how quickly the employment situation will improve.;Short-term predictions Based on the current trends, it is likely that the unemployment rate will continue to rise or hold steady in the short term. The employment situation may not improve significantly in the next 1-3 months.",report,2008-09-01,2008-09-30,0.0,31
2008-10-01,2008-10-01,2008-10-31,6.1,"** Objective facts about the employment situation: - The unemployment rate rose by 0.4 percentage point to 6.5% in October. - The number of unemployed persons increased by 603,000 to 10.1 million. - Nonfarm payroll employment fell by 240,000 in October. - The number of long-term unemployed (those jobless for 27 weeks or more) rose by 249,000 to 2.3 million. - The number of persons who worked part time for economic reasons (involuntary part-time workers) rose by 645,000 to 6.7 million. **","** Long-term predictions (next 4-18 months): - The labor market is likely to experience a prolonged period of weakness, with high unemployment and slow job growth. - The economy may experience a recession, which would further exacerbate the labor market situation. Here are the filtered results and analysis: **;** Short-term predictions (next 1-3 months): - The unemployment rate is likely to continue to rise in the short term. - Employment is likely to continue to decline, with further job losses in various industries. **",report,2008-10-01,2008-10-31,0.0,31
2008-11-01,2008-11-01,2008-11-30,6.5,"The unemployment rate in the United States rose to 6.5% in October 2008, the highest rate since March 1994.","In the long-term, the economy may experience a period of stagflation, characterized by high unemployment and inflation rates, similar to the 1970s.;In the short-term, the unemployment rate is likely to continue to rise, potentially leading to increased competition for jobs and a higher poverty rate.",search,2008-11-24,2008-11-30,0.0,31
2008-12-01,2008-12-01,2008-12-31,7.1,Objective facts about the influenza situation** NA (no relevant information found) **,"Long-term predictions (next 4-18 months)** The labor market is likely to experience a prolonged period of weakness, with a slow recovery expected. The unemployment rate may peak in the next 6-12 months before gradually declining as the economy recovers. Here are the filtered results and my analysis:;Short-term predictions (next 1-3 months)** The labor market is likely to continue to deteriorate in the short term, with further job losses and a potential increase in the unemployment rate. **",report,2008-12-01,2008-12-31,0.0,31
2009-01-01,2009-01-01,2009-01-31,8.5,"Objective Facts** * The unemployment rate rose from 7.2% to 7.6% in January 2009. * The number of unemployed persons increased by 4.1 million over the past 12 months. * The unemployment rate continued to trend upward for adult men (7.6%), adult women (6.2%), whites (6.9%), blacks (12.6%), and Hispanics (9.7%). * The number of long-term unemployed (those jobless for 27 weeks or more) was little changed at 2.6 million in January. **","Long-term Predictions (next 4-18 months)** * The labor market is likely to experience a prolonged period of weakness, with a slow recovery in employment and a continued rise in long-term unemployment. * The unemployment rate may remain elevated for an extended period, potentially exceeding 9% or 10%. Here is the analysis of the Monthly United States Employment Situation report from 2009 01/01 to 2009 01/31:;Short-term Predictions (next 1-3 months)** * The unemployment rate is likely to continue to rise in the short term, potentially exceeding 8%. * Employment is expected to decline further, with continued job losses across various industries. **",report,2009-01-01,2009-01-31,0.0,31
2009-02-01,2009-02-01,2009-02-28,8.9,"The unemployment rate rose to 8.1 percent, with 12.5 million unemployed persons in February 2009. The number of job losers and persons who completed temporary jobs increased by 716,000 to 7.7 million. The number of long-term unemployed (those jobless for 27 weeks or more) increased by 270,000 to 2.9 million.","In the long term, the unemployment rate may stabilize or decline if the economy recovers, but it may take several months or even years for the labor market to fully recover. The long-term unemployment rate may remain high, potentially above 7.0 percent, for an extended period. Here are the filtered and summarized results: **;Based on the current trend, it is likely that the unemployment rate will continue to rise in the short term, potentially reaching 8.5-9.0 percent in the next 1-3 months.",report,2009-02-01,2009-02-28,0.0,31
2009-03-01,2009-03-01,2009-03-31,9.0,Objective facts about the influenza situation: There is no mention of the influenza situation in the provided text.,"Long-term predictions (next 4-18 months): The labor market is likely to continue experiencing a downturn, with a slow recovery expected in the long term. The unemployment rate may peak in the next 6-12 months before gradually declining as the economy recovers. However, the recovery is expected to be slow, and it may take several years for the labor market to return to pre-recession levels. Here are the relevant information and predictions about Monthly United States Unemployment Rate: Overall and by race.;Short-term predictions (next 1-3 months): Based on the current trend, it is likely that the unemployment rate will continue to rise in the short term, with further declines in employment across various industries. The number of job losers and persons who completed temporary jobs is expected to increase, leading to a higher unemployment rate.",report,2009-03-01,2009-03-31,0.0,31
2009-04-01,2009-04-01,2009-04-30,8.6,Objective facts about the influenza situation: NA,"Long-term predictions: The labor market is likely to remain weak for an extended period, with a slow recovery expected. The unemployment rate may peak above 10% before slowly declining as the economy recovers. Here are the relevant information and analysis about the Monthly United States Unemployment Rate: Overall and by race:;Short-term predictions: The unemployment rate is likely to continue to rise in the short term, with further job losses expected in industries such as manufacturing, construction, and professional and business services.",report,2009-04-01,2009-04-30,0.0,31
2009-05-01,2009-05-01,2009-05-31,9.1,"In April 2009, Michigan reported the highest jobless rate, 12.9 percent.","In the next few months, the United States may see a continued decline in GDP, leading to a potential recession.;In the next 1-4 weeks, it is likely that unemployment rates will continue to rise, particularly in states with already high jobless rates.",search,2009-05-25,2009-05-31,0.0,31
2009-06-01,2009-06-01,2009-06-30,9.7,"Objective facts about the unemployment situation** * The unemployment rate was 9.5% in June 2009, with 14.7 million unemployed persons. * The number of unemployed persons has increased by 7.2 million since the start of the recession in December 2007. * The unemployment rates for major worker groups were: adult men (10.0%), adult women (7.6%), teenagers (24.0%), whites (8.7%), blacks (14.7%), and Hispanics (12.2%). * The number of long-term unemployed (those jobless for 27 weeks or more) increased by 433,000 over the month to 4.4 million. * Nonfarm payroll employment continued to decline in June (-467,000), with job losses widespread across major industry sectors. **","Long-term predictions** * The unemployment rate may take several years to recover, as the labor market adjusts to the new economic reality. * The labor market is likely to undergo significant structural changes, with some industries experiencing permanent job losses. Here are the filtered results and my analysis of the Monthly United States Employment Situation from June 2009: **;Short-term predictions** * The unemployment rate is likely to remain high in the short term, with continued job losses expected. * The labor market is unlikely to recover in the next 1-3 months, with ongoing declines in employment expected. **",report,2009-06-01,2009-06-30,0.0,31
2009-07-01,2009-07-01,2009-07-31,9.7,Objective facts about the influenza situation** There is no mention of the influenza situation in the report. **,"Long-term predictions** In the long term, the employment situation is likely to improve as the economy recovers from the recession. However, the recovery is expected to be slow, and the unemployment rate may take several months to return to pre-recession levels. Here is the filtered information useful for making predictions about the Monthly United States Unemployment Rate: Overall and by race:;Short-term predictions** Based on the trend, it is likely that the unemployment rate will continue to remain high in the short term, with a possible slight decline in job losses. **",report,2009-07-01,2009-07-31,0.0,31
2009-08-01,2009-08-01,2009-08-31,9.6,"Objective facts about the unemployment situation** * The unemployment rate rose to 9.7% in August 2009, with 14.9 million unemployed persons. * The number of unemployed persons increased by 466,000 in August. * The civilian labor force participation rate remained at 65.5% in August. * The employment-population ratio edged down to 59.2% in August. **","Long-term predictions (next 4-18 months)** * The unemployment rate may peak in the next 6-12 months, followed by a gradual decline as the economy recovers. * The labor market is expected to recover slowly, with job growth likely to be modest in the coming year. Here are the filtered results and analysis: **;Short-term predictions (next 1-3 months)** * The unemployment rate may continue to rise in the short term, given the ongoing decline in nonfarm payroll employment. * The labor market is likely to remain weak in the coming months, with job losses expected to continue. **",report,2009-08-01,2009-08-31,0.0,31
2009-09-01,2009-09-01,2009-09-30,9.5,"Objective facts about the influenza situation** Not applicable, as there is no mention of influenza in the report. **","Long-term predictions (next 4-18 months)** The labor market is expected to slowly recover, with job growth likely to be slow and uneven. The unemployment rate may peak in the next few months and then gradually decline as the economy recovers. The labor force participation rate and employment-population ratio may stabilize or slightly increase as the economy improves. Here are the filtered results and analysis related to predicting Monthly United States Unemployment Rate: Overall and by race:;Short-term predictions (next 1-3 months)** The labor market is likely to continue experiencing job losses, with a possible slight decrease in the unemployment rate if job losses slow down. The labor force participation rate may continue to decline, leading to a decrease in the employment-population ratio. **",report,2009-09-01,2009-09-30,0.0,31
2009-10-01,2009-10-01,2009-10-31,9.5,Objective facts about the influenza situation** No information available in this report about the influenza situation. **,"Long-term predictions (next 4-18 months)** The labor market may start to recover slowly, with job growth in certain industries such as health care and temporary help services. However, the unemployment rate may remain high for an extended period, and the labor force participation rate may continue to decline. Source: Bureau of Labor Statistics, Employment Situation News Release, October 2009. (LLM) Here is the filtered information and analysis related to predicting Monthly United States Unemployment Rate: Overall and by race:;Short-term predictions (next 1-3 months)** The labor market is likely to continue experiencing job losses and high unemployment rates in the short term. The average workweek and earnings may also remain stagnant or decline. **",report,2009-10-01,2009-10-31,0.0,31
2009-11-01,2009-11-01,2009-11-30,9.4,"Objective Facts** * The unemployment rate edged down to 10.0% in November 2009. * The number of unemployed persons was 15.4 million, and the jobless rate was 10.0% in November 2009. * Among the major worker groups, unemployment rates for adult men (10.5%), adult women (7.9%), teenagers (26.7%), whites (9.3%), blacks (15.6%), and Hispanics (12.7%) showed little change in November. * The number of long-term unemployed (those jobless for 27 weeks and over) rose by 293,000 to 5.9 million in November. * The average workweek for production and nonsupervisory workers on private nonfarm payrolls rose by 0.2 hour to 33.2 hours in November. **","Long-term Predictions (next 4-18 months)** * The labor market is likely to continue to recover slowly, with the unemployment rate decreasing gradually over time. * The number of long-term unemployed may decrease as the job market improves, but it may take several months for this to happen. * The job market may show signs of growth, but it is likely to be slow and uneven. Here are the filtered results and analysis related to predicting Monthly United States Unemployment Rate: Overall and by race:;Short-term Predictions (next 1-3 months)** * The unemployment rate is likely to remain high, but may continue to edge down slowly. * The number of long-term unemployed may continue to increase, but at a slower rate. * The job market may show signs of stabilization, but growth is likely to be slow. **",report,2009-11-01,2009-11-30,0.0,31
2009-12-01,2009-12-01,2009-12-31,9.7,"Objective facts about the influenza situation** Not applicable, as there is no mention of the influenza situation in the report. **","Long-term predictions (next 4-18 months)** The labor market is expected to recover slowly, with the unemployment rate gradually decreasing over time. However, it may take several months for the labor market to return to pre-recession levels. Here are the filtered results and analysis related to predicting Monthly United States Unemployment Rate: Overall and by race:;Short-term predictions (next 1-3 months)** The unemployment rate is likely to remain high, with little change expected in the short term. Job losses may continue in certain industries, while temporary help services and health care may continue to add jobs. **",report,2009-12-01,2009-12-31,0.0,31
2010-01-01,2010-01-01,2010-01-31,10.6,"The unemployment rate increased in the United States from December 2008 to December 2009, with a substantial share of the total increase in unemployment attributed to rising unemployment in the US and Spain.","In the long-term, it is predicted that the unemployment rate will decrease as economic growth picks up, with a focus on sustainable job creation and economic development.;In the short-term, it is likely that unemployment rates will continue to be a major concern, with a focus on creating jobs and stimulating economic growth.",search,2010-01-25,2010-01-31,0.0,31
2010-02-01,2010-02-01,2010-02-28,10.4,"The unemployment rate has been increasing in many states, with Nevada seeing a 168% increase in caseloads . The estimated average employer contribution rates vary by state, with data reported in the Unemployment Insurance Data Base (UIDB) .","In the long-term, I predict that the economy will slowly recover, with unemployment rates gradually decreasing as businesses begin to hire again . However, the recovery may be slow and uneven, with some states and industries taking longer to recover than others .;In the short-term, I predict that unemployment rates will continue to rise, putting pressure on state governments to provide adequate support to those affected . There may be an increase in work stoppages and labor disputes as workers become more desperate .",search,2010-02-22,2010-02-28,0.0,31
2010-03-01,2010-03-01,2010-03-31,10.2,Objective facts about the influenza situation: NA,"Long-term predictions: In the long term, we can expect the unemployment rate to continue to decline as the economy recovers from the recession. The growth in industries such as health care and manufacturing may lead to a sustained decrease in unemployment. However, the pace of recovery may be slow, and it may take several months for the unemployment rate to return to pre-recession levels. Note: The report does not provide information on the influenza situation, so that section is marked as NA. Here are the filtered results and analysis related to predicting the Monthly United States Unemployment Rate: Overall and by race:;Short-term predictions: In the short term, we can expect the unemployment rate to remain steady or slightly decline as certain industries continue to grow. However, job losses in financial activities and information may offset some of the gains.",report,2010-03-01,2010-03-31,0.0,31
2010-04-01,2010-04-01,2010-04-30,9.5,Objective facts about the influenza situation: NA (there is no mention of the influenza situation in the report),"Long-term predictions: In the long term, the labor market is likely to continue to recover, with employment gains in various industries and a decline in the unemployment rate. The labor force participation rate may continue to increase, leading to a more sustained decline in the unemployment rate. However, the pace of recovery may be slow, and it may take several months for the labor market to fully recover. Here is the filtered information useful for making predictions about the Monthly United States Unemployment Rate: Overall and by race: **;Short-term predictions: Based on the current trends, it is likely that the unemployment rate will continue to decline slowly over the next 1-3 months, with continued employment gains in various industries. The labor force participation rate may continue to increase, which could lead to a slight increase in the unemployment rate in the short term.",report,2010-04-01,2010-04-30,0.0,31
2010-05-01,2010-05-01,2010-05-31,9.3,Objective facts about the influenza situation** * NA (there is no mention of influenza in the report) **,"Long-term predictions (next 4-18 months)** * The labor market is expected to continue its recovery, with the unemployment rate potentially dropping below 9%. However, the recovery may be slow and uneven, with some industries and demographic groups taking longer to recover than others. Here are the filtered results and analysis: **;Short-term predictions (next 1-3 months)** * The unemployment rate is likely to continue its downward trend, but at a slow pace. The number of long-term unemployed and those working part-time for economic reasons may not change significantly in the short term. **",report,2010-05-01,2010-05-31,0.0,31
2010-06-01,2010-06-01,2010-06-30,9.6,"Objective facts about the unemployment situation: The unemployment rate edged down to 9.5 percent in June, with 14.6 million unemployed persons. The number of long-term unemployed (those jobless for 27 weeks and over) was unchanged at 6.8 million. The civilian labor force participation rate fell by 0.3 percentage point to 64.7 percent.","Long-term predictions: In the long term, the unemployment rate may continue to decrease as the economy recovers, but it may take several years to reach pre-recession levels. The labor force participation rate may also increase as the job market improves, which could lead to a decrease in the unemployment rate.;Short-term predictions: In the short term, the unemployment rate may continue to trend downward, but at a slow pace. The labor force participation rate may also continue to decrease, which could impact the unemployment rate.",report,2010-06-01,2010-06-30,0.0,31
2010-07-01,2010-07-01,2010-07-31,9.7,"The unemployment rate for July 2010 was 9.5%, unchanged from June 2010. The number of unemployed persons was 14.6 million, also unchanged.","In the long term, the unemployment rate may slowly decline as the economy continues to recover, but it is uncertain when it will return to pre-recession levels. Here are the filtered results and analysis: **;Based on the current trend, it is likely that the unemployment rate will remain around 9.5% in the short term, with minimal changes in the number of unemployed persons.",report,2010-07-01,2010-07-31,0.0,31
2010-08-01,2010-08-01,2010-08-31,9.5,"Objective Facts** * The unemployment rate was about unchanged at 9.6 percent in August 2020. * The number of unemployed persons (14.9 million) was little changed in August. * The jobless rate for adult men (9.8 percent), adult women (8.0 percent), teenagers (26.3 percent), whites (8.7 percent), blacks (16.3 percent), and Hispanics (12.0 percent) showed little change in August. * The number of long-term unemployed (those jobless for 27 weeks and over) declined by 323,000 over the month to 6.2 million. **","Long-term Predictions** * The labor market may experience a slow and gradual recovery, with the unemployment rate potentially declining to around 8-9% in the next 4-18 months. Here are the filtered results and summaries: **;Short-term Predictions** * The unemployment rate is likely to remain around 9.5-10% in the next 1-3 months, given the lack of significant improvement in the labor market. **",report,2010-08-01,2010-08-31,0.0,31
2010-09-01,2010-09-01,2010-09-30,9.2,Objective facts about the influenza situation: NA (no information about influenza situation),"Long-term predictions: - The labor market may experience a slow recovery, with the unemployment rate gradually decreasing over the next 12-18 months. - The private sector may continue to drive job growth, but at a moderate pace. - The labor force participation rate may increase as the economy recovers, leading to a decrease in the unemployment rate. Here is the filtered information useful for making predictions about the Monthly United States Unemployment Rate: Overall and by race:;Short-term predictions: - The unemployment rate is likely to remain high in the short term, potentially hovering around 9.5-10%. - Private-sector payroll employment may continue to trend up, but at a slow pace. - The number of long-term unemployed and those working part-time for economic reasons may continue to be a concern.",report,2010-09-01,2010-09-30,0.0,31
2010-10-01,2010-10-01,2010-10-31,9.0,"The national unemployment rate in the United States was high in 2010, with rates varying by state and local areas.","In the long term, the US economy may experience a shift towards more sustainable labor practices, with a greater emphasis on domestic labor and training programs. However, this will depend on a range of factors, including government policies and business practices.;In the short term, it is likely that the unemployment rate will continue to be a challenge for the US economy, and businesses may continue to rely on programs like H-2B workers to address labor shortages.",search,2010-10-25,2010-10-31,0.0,31
2010-11-01,2010-11-01,2010-11-30,9.3,Objective facts about the influenza situation: NA (no information about influenza situation in the report),"Predictions for the long-term future (next 4-18 months): It is possible that the labor market will slowly recover, with a gradual decrease in unemployment rate and an increase in nonfarm payroll employment. However, the recovery may be slow and uneven, with some industries experiencing growth while others continue to struggle. Bureau of Labor Statistics, Employment Situation News Release, November 2010. Here is the filtered information useful for making predictions about Monthly United States Unemployment Rate: Overall and by race:;Predictions for the short-term future (next 1-3 months): Based on the current trend, it is likely that the unemployment rate will remain around 9.8% or slightly increase in the next few months. Nonfarm payroll employment may not change significantly, and the number of unemployed persons and job losers may continue to rise.",report,2010-11-01,2010-11-30,0.0,31
2010-12-01,2010-12-01,2010-12-31,9.1,"Objective facts about the unemployment situation** * The unemployment rate fell by 0.4 percentage points to 9.4% in December 2010. * The number of unemployed persons decreased by 556,000 to 14.5 million in December 2010. * The unemployment rates for adult men (9.4%) and whites (8.5%) declined in December 2010. * The jobless rate for Asians was 7.2% (not seasonally adjusted). * The number of job losers and persons who completed temporary jobs dropped by 548,000 to 8.9 million. * The number of long-term unemployed (those jobless for 27 weeks or more) was little changed at 6.4 million and accounted for 44.3% of the unemployed. **","Long-term predictions (next 4-18 months)** * The labor market is likely to continue to recover, with the unemployment rate declining gradually. * The economy may experience a slow and steady growth, leading to an increase in employment opportunities. * The long-term unemployed may still face challenges in finding employment, but the number may decrease as the labor market improves. Here are the filtered results and analysis: **;Short-term predictions (next 1-3 months)** * The unemployment rate is likely to continue to decline, but at a slow pace. * The number of long-term unemployed may remain high, indicating a continued challenge for the labor market. **",report,2010-12-01,2010-12-31,0.0,31
2011-01-01,2011-01-01,2011-01-31,9.8,"Objective facts about the unemployment situation** * The unemployment rate fell by 0.4 percentage points to 9.0% in January 2011. * The number of unemployed persons decreased by about 600,000 in January to 13.9 million. * Employment rose in manufacturing and retail trade, but declined in construction and transportation and warehousing. * The labor force participation rate was unchanged at 64.2%. **","Long-term predictions (next 4-18 months)** * The labor market is expected to continue its recovery, with the unemployment rate potentially falling below 8%. * As the economy continues to grow, employment growth is expected to accelerate, leading to a decrease in the labor force participation rate. Here are the filtered results and analysis: **;Short-term predictions (next 1-3 months)** * The unemployment rate is likely to continue its downward trend, albeit at a slow pace. * Employment growth is expected to be moderate, with industries such as manufacturing and retail trade leading the way. **",report,2011-01-01,2011-01-31,0.0,31
2011-02-01,2011-02-01,2011-02-28,9.5,Objective Facts** * The unemployment rate was little changed at 8.9% in February 2011. (Source: BLS) * The number of unemployed persons was 13.7 million in February 2011. (Source: BLS) * The labor force participation rate was unchanged at 64.2% in February 2011. (Source: BLS) * The employment-population ratio was unchanged at 58.4% in February 2011. (Source: BLS) * The number of long-term unemployed (those jobless for 27 weeks or more) was 6.0 million and accounted for 43.9% of the unemployed. (Source: BLS) * The number of persons employed part-time for economic reasons was essentially unchanged at 8.3 million in February 2011. (Source: BLS) **,"Long-term Predictions** * The labor market is likely to continue recovering in the long term, but at a slow pace. * The unemployment rate may eventually return to pre-recession levels, but it may take several years. * The labor force participation rate and employment-population ratio may eventually recover, but it will depend on the strength of the economic recovery. Here are the filtered results, summarized into 5 parts:;Short-term Predictions** * The unemployment rate is likely to continue trending downward in the short term, but at a slow pace. * The labor force participation rate and employment-population ratio may remain stagnant in the short term, indicating a continued slow recovery in the labor market. **",report,2011-02-01,2011-02-28,0.0,31
2011-03-01,2011-03-01,2011-03-31,9.2,"The unemployment rate was little changed at 8.8 percent, with 13.5 million unemployed persons. Nonfarm payroll employment increased by 216,000 in March.","In the long term, we can expect the job market to continue its recovery, with employment growth likely to accelerate as the economy strengthens. The labor force participation rate and employment-population ratio may also show improvement as more people enter the labor market. However, it may take some time for the long-term unemployed to find new jobs, and their numbers may remain elevated for a while. Here are the filtered results and analysis related to predicting Monthly United States Unemployment Rate: Overall and by race:;In the short term, we can expect the unemployment rate to continue its downward trend, with modest job growth in various industries. The number of long-term unemployed may remain a concern, but overall, the labor market is likely to show signs of improvement.",report,2011-03-01,2011-03-31,0.0,31
2011-04-01,2011-04-01,2011-04-30,8.7,"Objective Facts** * The unemployment rate edged up to 9.0% in April 2011, with 13.7 million unemployed persons. * The labor force participation rate was 64.2% for the fourth consecutive month. * The number of persons unemployed for less than 5 weeks increased by 242,000 in April. * The number of long-term unemployed (those jobless for 27 weeks and over) declined by 283,000 to 5.8 million. * Employment rose in several service-providing industries, manufacturing, and mining, with a total nonfarm payroll employment increase of 244,000 in April. * Unemployment rates for adult men (8.8%), adult women (7.9%), teenagers (24.9%), whites (8.0%), blacks (16.1%), and Hispanics (11.8%) showed little change in April. **","Long-term Predictions** * The labor market is likely to continue its slow recovery, with the unemployment rate gradually decreasing over the next 12-18 months. * The labor force participation rate may increase as more people re-enter the labor market, potentially leading to a more significant decline in the unemployment rate. Here is the analysis of the Monthly United States Employment Situation report:;Short-term Predictions** * The unemployment rate is likely to remain high in the short term, potentially fluctuating between 8.5% and 9.5%. * Employment growth is expected to continue in certain industries, such as manufacturing and healthcare, while others may experience layoffs. **",report,2011-04-01,2011-04-30,0.0,31
2011-05-01,2011-05-01,2011-05-31,8.7,"Objective facts about the influenza situation**: Not applicable, as there is no mention of influenza in the report. **","Long-term predictions**: The report suggests that the labor market is not growing strongly, which may indicate a slow recovery in the long term. It is possible that the unemployment rate will remain above 9 percent for several months. Bureau of Labor Statistics, Employment Situation News Release, May 2011. Here are the filtered results and analysis: **;Short-term predictions**: Based on the report, it is likely that the unemployment rate will remain around 9.1 percent in the short term, with little change in the number of unemployed persons. **",report,2011-05-01,2011-05-31,0.0,31
2011-06-01,2011-06-01,2011-06-30,9.3,The unemployment rate was little changed at 9.2 percent in June 2011. The number of unemployed persons (14.1 million) and the unemployment rate (9.2 percent) were essentially unchanged over the month.,"In the long term, the unemployment rate may gradually decrease as the economy continues to recover, but it is likely to remain above pre-recession levels for some time. Here are the filtered results and analysis relevant to predicting the Monthly United States Unemployment Rate: Overall and by race:;Based on the stagnant job market, it is likely that the unemployment rate will remain around 9.2 percent in the short term, with little change in the labor force.",report,2011-06-01,2011-06-30,0.0,31
2011-07-01,2011-07-01,2011-07-31,9.3,"The unemployment rate in California and Texas was high in July 2011, with California's rate measuring the total number of employees in California that are part of the labor force, but are without a job, and Texas' rate measuring the percentage of total employees in Texas that are part of the labor force, but are without a job.","In the long-term, the growth of industries such as solar power may help to create jobs and stimulate economic growth, potentially leading to a decrease in unemployment rates.;In the short-term, the US economy may continue to experience high unemployment rates, potentially leading to a slow economic recovery.",search,2011-07-25,2011-07-31,0.0,31
2011-08-01,2011-08-01,2011-08-31,9.1,Objective facts about the influenza situation: NA (there is no mention of influenza in the report),"In the long term, the labor market may experience a gradual improvement in employment opportunities, leading to a decrease in the unemployment rate. However, the current stagnant labor market conditions may persist for several months before a significant improvement is seen.;Based on the current trends, it is likely that the unemployment rate will remain around 9.1 percent in the short term, with minimal changes in employment opportunities across different demographics.",report,2011-08-01,2011-08-31,0.0,31
2011-09-01,2011-09-01,2011-09-30,8.8,Objective facts about the influenza situation: NA (there is no mention of influenza in the report),"Long-term predictions: - The labor market is likely to continue to experience a slow recovery, with the unemployment rate potentially declining gradually over the next 4-18 months. - The pace of job growth may accelerate as the economy gains momentum, but it may take time for the labor market to fully recover from the recession.;Short-term predictions: - The unemployment rate is likely to remain around 9.0-9.2% in the next 1-3 months, given the current trend. - Job gains in certain industries, such as professional and business services, health care, and construction, may continue to contribute to modest employment growth.",report,2011-09-01,2011-09-30,0.0,31
2011-10-01,2011-10-01,2011-10-31,8.5,Objective facts about the influenza situation: NA (no information available),"Long-term predictions: In the long term, the labor market is expected to continue its slow recovery. The unemployment rate may decrease further, but it may take several months or even years to reach pre-recession levels. The labor force participation rate may also increase as more people re-enter the labor market. Here are the filtered results, summarized into 5 parts:;Short-term predictions: Based on the current trends, it is likely that the unemployment rate will continue to decrease gradually over the next few months. The number of employed individuals may increase, but at a slow pace.",report,2011-10-01,2011-10-31,0.0,31
2011-11-01,2011-11-01,2011-11-30,8.2,Objective facts about the influenza situation** NA (There is no information about the influenza situation in the provided text.) **,"Long-term predictions (next 4-18 months)** In the long term, the labor market is expected to continue its slow recovery. The unemployment rate may decline further, but it may take several months to reach pre-recession levels. The labor force participation rate may also continue to decline, which could impact the overall unemployment rate. Here are the filtered results and analysis: **;Short-term predictions (next 1-3 months)** Based on the current trend, it is likely that the unemployment rate will continue to decline or remain stable in the short term. The number of unemployed persons may also continue to decrease, but at a slower rate. **",report,2011-11-01,2011-11-30,0.0,31
2011-12-01,2011-12-01,2011-12-31,8.3,"Objective Facts** * The unemployment rate in December 2011 was 8.5%, a decline of 0.6 percentage points since August. * The number of unemployed persons was 13.1 million, and the number of long-term unemployed (those jobless for 27 weeks or more) was 5.6 million, accounting for 42.5% of the unemployed. * Nonfarm payroll employment rose by 200,000 in December, with job gains in transportation and warehousing, retail trade, manufacturing, health care, and mining. * The civilian labor force participation rate was 64.0%, and the employment-population ratio was 58.5%. **","Long-term Predictions** * The labor market is expected to continue its slow recovery, with the unemployment rate potentially reaching 7.5% or lower by the end of 2012. * Nonfarm payroll employment is likely to continue to rise, potentially adding 1-2 million jobs per year in the next 4-18 months. Here are the filtered results and analysis: **;Short-term Predictions** * The unemployment rate is likely to continue to decline in the short term, potentially reaching 8.2% or lower in the next 1-3 months. * Nonfarm payroll employment may continue to rise, potentially adding 150,000-200,000 jobs per month in the next 1-3 months. **",report,2011-12-01,2011-12-31,0.0,31
2012-01-01,2012-01-01,2012-01-31,8.8,Objective facts about the influenza situation:** NA (no information about influenza situation) **,"Long-term predictions:** In the long term, the labor market is expected to continue its recovery, with a possible decline in the unemployment rate to around 7-7.5% by the end of 2012. The economy is expected to grow at a moderate pace, with an increase in employment opportunities in various industries, particularly in the service sector. However, the labor market recovery is expected to be slow and uneven, with some industries and regions experiencing slower growth than others. Here are the filtered results and analysis of the Monthly United States Employment Situation from 2012 01/01 to 2012 01/31: **;Short-term predictions:** Based on the current trend, it is likely that the unemployment rate will continue to decline in the short term, with an increase in employment opportunities in various industries. The labor market is expected to continue its recovery, with a possible decrease in the unemployment rate by 0.1-0.2 percentage points in the next 1-3 months. **",report,2012-01-01,2012-01-31,0.0,31
2012-02-01,2012-02-01,2012-02-29,8.7,"Objective facts** * The unemployment rate was unchanged at 8.3 percent in February 2012. * The number of unemployed persons, at 12.8 million, was essentially unchanged in February. * The unemployment rates for adult men (7.7 percent), adult women (7.7 percent), teenagers (23.8 percent), whites (7.3 percent), blacks (14.1 percent), and Hispanics (10.7 percent) showed little or no change in February. * The number of long-term unemployed (those jobless for 27 weeks and over) was little changed at 5.4 million in February. **","Long-term predictions** * The labor market is likely to continue to experience gradual growth, with the unemployment rate potentially decreasing over the next 6-12 months. Here is the filtered information useful for making predictions about the Monthly United States Unemployment Rate: Overall and by race:;Short-term predictions** * The unemployment rate is likely to remain relatively stable in the short term, with potential for small fluctuations. **",report,2012-02-01,2012-02-29,0.0,31
2012-03-01,2012-03-01,2012-03-31,8.4,"Objective facts about the influenza situation** * Not applicable, as there is no mention of influenza in the report. **","Long-term predictions (next 4-18 months)** * The labor market may experience a slow and steady recovery, with gradual decreases in unemployment rates and increases in labor force participation. * Certain industries, such as manufacturing and health care, may continue to drive job growth. Note: These predictions are based on the analysis of the current situation and may be subject to change based on future economic developments. Here are the 5 parts of the analysis:;Short-term predictions (next 1-3 months)** * The unemployment rate is likely to remain stable or experience a slight decrease in the short term. * Job growth may continue in certain industries, such as manufacturing and health care. **",report,2012-03-01,2012-03-31,0.0,31
2012-04-01,2012-04-01,2012-04-30,7.7,The unemployment rate was little changed at 8.1 percent in April. The number of unemployed persons (12.5 million) and the unemployment rate showed little or no change in April.,"In the long term, the labor market is expected to continue its slow recovery. The unemployment rate is likely to decline gradually, but it may take several months or even years to reach pre-recession levels. The rate of decline will depend on various factors, including economic growth, job creation, and global economic conditions. Here are the filtered results and my analysis:;Based on the current trends, it is likely that the unemployment rate will remain around 8.1 percent in the short term, with minimal changes. The labor market is not expected to experience significant growth or decline in the next 1-3 months.",report,2012-04-01,2012-04-30,0.0,31
2012-05-01,2012-05-01,2012-05-31,7.9,"Objective facts: * The unemployment rate was essentially unchanged at 8.2 percent in May 2012. * The number of unemployed persons (12.7 million) changed little in May. * The unemployment rates for adult men (7.8 percent) and Hispanics (11.0 percent) edged up in May, while the rates for adult women (7.4 percent), teenagers (24.6 percent), whites (7.4 percent), and blacks (13.6 percent) showed little or no change. * The number of long-term unemployed (those jobless for 27 weeks and over) rose from 5.1 to 5.4 million in May.","Long-term predictions: * The labor market is likely to continue to experience slow growth, with the unemployment rate potentially remaining above 8 percent for the next 4-18 months. Here is the filtered information relevant to making predictions about the Monthly United States Unemployment Rate: Overall and by race:;Short-term predictions: * The unemployment rate is likely to remain around 8.2 percent in the next 1-3 months, with little change in the number of unemployed persons.",report,2012-05-01,2012-05-31,0.0,31
2012-06-01,2012-06-01,2012-06-30,8.4,"Objective facts about the unemployment situation** * The unemployment rate was unchanged at 8.2% in June 2012. * The number of unemployed persons (12.7 million) was essentially unchanged in June. * The unemployment rate for blacks (14.4%) edged up over the month, while the rates for adult men (7.8%), adult women (7.4%), teenagers (23.7%), whites (7.4%), and Hispanics (11.0%) showed little or no change. **","Long-term predictions (next 4-18 months)** * The labor market is likely to continue to recover slowly, with the unemployment rate gradually declining to around 7.5% by the end of 2013. * The labor force participation rate and employment-population ratio may start to trend upward as the labor market gains momentum, but this will depend on the strength of the economic recovery. Here is the filtered information useful to making predictions about Monthly United States Unemployment Rate: Overall and by race:;Short-term predictions (next 1-3 months)** * The unemployment rate is likely to remain stuck at around 8.2% in the short term, with little change in the labor force participation rate and employment-population ratio. * Job growth is likely to continue at a slow pace, with an average monthly gain of around 75,000 jobs. **",report,2012-06-01,2012-06-30,0.0,31
2012-07-01,2012-07-01,2012-07-31,8.6,"The unemployment rate for July 2012 was 8.3%, essentially unchanged from June 2012. The number of unemployed persons was 12.8 million, also essentially unchanged. The unemployment rates for adult men, adult women, teenagers, whites, and blacks showed little or no change. The jobless rate for Asians was 6.2%, little changed from a year earlier.","In the long term, the labor market may experience some improvement, but it is difficult to predict the pace and extent of this improvement. Factors such as economic growth, technological change, and demographic shifts will all play a role in shaping the labor market and influencing the unemployment rate. Here are the filtered results and my analysis:;In the short term, it is likely that the unemployment rate will remain around 8.3%, with little change in the number of unemployed persons. This suggests that the labor market will continue to experience slow growth and stagnation.",report,2012-07-01,2012-07-31,0.0,31
2012-08-01,2012-08-01,2012-08-31,8.2,"The unemployment rate edged down to 8.1 percent in August. The number of unemployed persons, at 12.5 million, was little changed in August.","In the long term, the labor market is expected to continue its slow recovery, with the unemployment rate gradually decreasing over the next 4-18 months. However, the rate of decrease may be slow due to the sluggish economic growth. Here are the filtered results and predictions about the Monthly United States Unemployment Rate: Overall and by race:;Based on the current trend, it is likely that the unemployment rate will remain stable in the next 1-3 months, with little or no change in the number of unemployed persons.",report,2012-08-01,2012-08-31,0.0,31
2012-09-01,2012-09-01,2012-09-30,7.6,"As of August 2012, North Dakota had the lowest jobless rate at 3.0 percent, while Alabama's unemployment rate was not specified.","In the long-term, the United States may face continued economic challenges, including high unemployment rates, unless effective policies are implemented to address these issues.;In the short-term, unemployment rates are likely to remain high, potentially influencing voter decisions in upcoming elections.",search,2012-09-24,2012-09-30,0.0,31
2012-10-01,2012-10-01,2012-10-31,7.5,Objective facts about the influenza situation: Hurricane Sandy had no discernable effect on the employment and unemployment data for October.,"Long-term predictions (next 4-18 months): The labor market is expected to continue its slow recovery, with gradual declines in the unemployment rate and increases in employment. However, long-term unemployment may remain a challenge. Here is the filtered information useful for making predictions about the Monthly United States Unemployment Rate: Overall and by race:;Short-term predictions (next 1-3 months): The job market is likely to continue to show stability, with modest growth in employment and no significant changes in the unemployment rate.",report,2012-10-01,2012-10-31,0.0,31
2012-11-01,2012-11-01,2012-11-30,7.4,Objective facts about the influenza situation** There is no mention of the influenza situation in this report. **,"Long-term predictions (next 4-18 months)** In the long term, the labor market is expected to continue its slow recovery, with the unemployment rate gradually decreasing as the economy grows. However, the pace of the recovery is expected to remain slow, and it may take several months for the labor market to return to pre-recession levels. Here are the filtered results: **;Short-term predictions (next 1-3 months)** Based on the stable labor market situation, it is likely that the unemployment rate will remain around 7.7 percent in the short term, with no significant changes in employment numbers. **",report,2012-11-01,2012-11-30,0.0,31
2012-12-01,2012-12-01,2012-12-31,7.6,Objective facts about the influenza situation: NA (there is no information about the influenza situation in the provided text),"Long-term predictions: In the next 4-18 months, the unemployment rate may continue to decline gradually as the labor market continues to recover. The labor force participation rate and employment-population ratio may also experience a slight increase as more people enter the labor force. Note: The predictions are based on the assumption that there are no significant changes in the economy or external factors that could affect the labor market. Here are the 5 parts of the analysis:;Short-term predictions: Based on the current trend, it is likely that the unemployment rate will remain steady or experience a slight decrease in the next 1-3 months. The labor force participation rate and employment-population ratio are also likely to remain steady.",report,2012-12-01,2012-12-31,0.0,31
2013-01-01,2013-01-01,2013-01-31,8.5,"Objective facts about the influenza situation: Not applicable, as there is no mention of the influenza situation in the report.","Long-term predictions: In the long term, the unemployment rate is expected to gradually decline as the economy continues to recover. However, the pace of decline may be slow, and it may take several months or even years for the rate to return to pre-recession levels. Source: Bureau of Labor Statistics, Employment Situation News Release, January 2013. Here are the filtered results and analysis: **;Short-term predictions: In the short term, it is likely that the unemployment rate will remain around 7.9%, with minimal changes in the labor market. There may be some seasonal fluctuations, but overall, the trend is expected to be stable.",report,2013-01-01,2013-01-31,0.0,31
2013-02-01,2013-02-01,2013-02-28,8.1,Objective facts about the influenza situation: NA (there is no mention of influenza in the report),"Long-term predictions: The labor market is expected to continue its slow recovery, with a possible decline in the unemployment rate over the next 12-18 months. However, the pace of decline may be slow and uneven. Note: indicates the information is from the Bureau of Labor Statistics, and indicates the analysis or insight is from the expert's own interpretation. Here are the filtered results: **;Short-term predictions: Based on the current trend, it is likely that the unemployment rate will continue to decline or remain stable in the short term, with a possible decrease in the number of unemployed persons.",report,2013-02-01,2013-02-28,0.0,31
2013-03-01,2013-03-01,2013-03-31,7.6,"The unemployment rate in the United States was around 6½ percent in the 1980s and 1990s, similar to Portugal's rate during the same period.","In the long-term, the labor market is expected to continue its recovery, but the pace of growth may slow down, and structural issues such as job polarization may persist.;In the short-term, the unemployment rate is likely to continue its downward trend, driven by the recent positive labor market news.",search,2013-03-25,2013-03-31,0.0,31
2013-04-01,2013-04-01,2013-04-30,7.1,"The unemployment rate, at 7.5 percent, changed little in April but has declined by 0.4 percentage point since January. The number of unemployed persons, at 11.7 million, was also little changed over the month; however, unemployment has decreased by 673,000 since January.","In the long term, the labor market is expected to continue its slow recovery, with the unemployment rate potentially declining to around 6.5-7.0 percent over the next 12-18 months. However, this is subject to various economic factors and uncertainties. Here is the filtered information useful for making predictions about the Monthly United States Unemployment Rate: Overall and by race: **;Based on the current trend, it is likely that the unemployment rate will continue to decline slowly over the next 1-3 months, with a possible decrease of 0.1-0.2 percentage points.",report,2013-04-01,2013-04-30,0.0,31
2013-05-01,2013-05-01,2013-05-31,7.3,"Objective facts about the unemployment situation: The unemployment rate was essentially unchanged at 7.6 percent in May 2013. The number of unemployed persons, at 11.8 million, was also essentially unchanged. The jobless rate for adult men was 7.2 percent, adult women was 6.5 percent, teenagers was 24.5 percent, whites was 6.7 percent, blacks was 13.5 percent, and Hispanics was 9.1 percent. The number of long-term unemployed (those jobless for 27 weeks or more) was unchanged at 4.4 million, accounting for 37.3 percent of the unemployed.","Long-term predictions: In the long term, the unemployment rate is expected to decline gradually as the economy continues to recover. However, the pace of decline may be slow, and the labor market may not return to pre-recession levels for several years. The number of long-term unemployed is likely to decrease, but it may take time for the labor market to absorb them. Here are the filtered results and my analysis: **;Short-term predictions: In the short term, the unemployment rate is likely to remain around 7.6 percent, with minimal changes in the number of unemployed persons. The labor market is expected to continue its slow recovery, with some industries showing growth while others remain stagnant.",report,2013-05-01,2013-05-31,0.0,31
2013-06-01,2013-06-01,2013-06-30,7.8,"The unemployment insurance program in the United States operates at the state level, with each state setting its benefits level and eligibility criteria.","In the long term, the economy may experience a more significant decline in unemployment rates as high-employment-growth firms continue to create jobs, but this will depend on the ability of the labor market to adapt to structural changes.;In the short term, the unemployment rate may continue to decline, but at a slow pace, due to the ongoing mass layoffs and structural issues in the labor market.",search,2013-06-24,2013-06-30,0.0,31
2013-07-01,2013-07-01,2013-07-31,7.7,"Objective Facts about Unemployment Rate** * The unemployment rate edged down to 7.4% in July 2013, with 11.5 million unemployed persons. * The number of long-term unemployed (those jobless for 27 weeks or more) was little changed at 4.2 million, accounting for 37.0% of the unemployed. * The unemployment rates for adult women (6.5%) and blacks (12.6%) declined in July, while the rates for adult men (7.0%), teenagers (23.7%), whites (6.6%), and Hispanics (9.4%) showed little or no change. **","Long-term Predictions (next 4-18 months)** * The labor market is likely to continue its gradual recovery, with the unemployment rate potentially declining to around 6.5-7.0%. * The long-term unemployed may continue to decline, but may still remain a significant proportion of the unemployed. * Demographic disparities in unemployment rates may persist, highlighting the need for targeted policies to address these issues. Here is the filtered information relevant to predicting Monthly United States Unemployment Rate: Overall and by race:;Short-term Predictions (next 1-3 months)** * The unemployment rate is likely to continue its gradual decline, but at a slow pace. * The number of long-term unemployed may continue to decline, but remains a significant concern. **",report,2013-07-01,2013-07-31,0.0,31
2013-08-01,2013-08-01,2013-08-31,7.3,"Objective Facts** * The unemployment rate in August 2013 was 7.3%, little changed from July 2013. * The number of unemployed persons was 11.3 million, also little changed from July 2013. * The jobless rate for adult men was 7.1%, adult women was 6.3%, teenagers was 22.7%, whites was 6.4%, blacks was 13.0%, and Hispanics was 9.3%. * The number of long-term unemployed (those jobless for 27 weeks or more) was about unchanged at 4.3 million, accounting for 37.9% of the unemployed. * The civilian labor force participation rate edged down to 63.2% in August. * Total nonfarm payroll employment increased by 169,000 in August, with job growth occurring in retail trade and health care, while employment in information declined. **","Long-term Predictions** * The labor market is expected to continue to improve in the long term, with the unemployment rate potentially declining to around 6.5% by the end of 2014. * The labor force participation rate may stabilize or even increase as the economy continues to recover. Bureau of Labor Statistics, The Employment Situation - August 2013. Here is the filtered information relevant to making predictions about the Monthly United States Unemployment Rate: Overall and by race:;Short-term Predictions** * The unemployment rate is likely to remain around 7.3% in the short term, with moderate job growth expected to continue. * The labor force participation rate may continue to decline, which could affect the unemployment rate. **",report,2013-08-01,2013-08-31,0.0,31
2013-09-01,2013-09-01,2013-09-30,7.0,"Objective facts about the unemployment situation: * The unemployment rate was little changed at 7.2 percent in September 2013. * The number of unemployed persons was also little changed at 11.3 million in September 2013. * The number of long-term unemployed (those jobless for 27 weeks or more) was little changed at 4.1 million in September 2013. * The unemployment rates for adult men, adult women, teenagers, whites, blacks, and Hispanics showed little or no change in September 2013.","Long-term predictions: * The labor market may experience slow and steady growth in the long term, with the unemployment rate gradually decreasing. * The number of long-term unemployed may decrease as the labor market improves, but it may still remain a significant issue. Here are the filtered results and analysis related to predicting Monthly United States Unemployment Rate: Overall and by race:;Short-term predictions: * The unemployment rate is likely to remain relatively stable in the short term, with minimal changes expected. * The number of unemployed persons may fluctuate slightly, but overall, the labor market is expected to remain steady.",report,2013-09-01,2013-09-30,0.0,31
2013-10-01,2013-10-01,2013-10-31,7.0,"Objective Facts about Unemployment Rate** * The unemployment rate was little changed at 7.3% in October 2013. * The number of unemployed persons was 11.3 million in October 2013, with little change from September. * The unemployment rates for adult men (7.0%), adult women (6.4%), teenagers (22.2%), whites (6.3%), blacks (13.1%), and Hispanics (9.1%) showed little or no change in October. * The number of long-term unemployed (those jobless for 27 weeks or more) was little changed at 4.1 million in October, accounting for 36.1% of the unemployed. **","Long-term Predictions (next 4-18 months)** * The labor market is expected to continue its slow recovery, with the unemployment rate gradually declining over the next year. * As the economy continues to grow, job growth is likely to accelerate, and the labor force participation rate may start to rise as more people enter the workforce. Here are the filtered results and my analysis: **;Short-term Predictions (next 1-3 months)** * The unemployment rate is likely to remain steady or experience a slight decline in the short term, given the stability in the labor market. * Job growth is expected to continue, albeit at a moderate pace, driven by industries such as leisure and hospitality, retail trade, and professional and technical services. **",report,2013-10-01,2013-10-31,0.0,31
2013-11-01,2013-11-01,2013-11-30,6.6,Objective facts about the influenza situation: NA (no information about influenza situation in the report),"Long-term predictions: The labor market is expected to continue its recovery in the long term, with a possible return to pre-recession levels of employment and unemployment rates. However, this will depend on various factors, including economic growth and government policies. Here are the filtered results and analysis: **;Short-term predictions: The labor market is likely to continue its positive trend in the short term, with a possible further decline in unemployment rate and an increase in employment.",report,2013-11-01,2013-11-30,0.0,31
2013-12-01,2013-12-01,2013-12-31,6.5,"Objective Facts** * The unemployment rate declined from 7.0% to 6.7% in December 2013. * The number of unemployed persons declined by 490,000 to 10.4 million in December 2013. * The labor force participation rate declined by 0.2 percentage point to 62.8% in December 2013. * The employment-population ratio was unchanged at 58.6% in December 2013. * The number of long-term unemployed (those jobless for 27 weeks or more) showed little change at 3.9 million in December 2013. **","Long-term Predictions** * The unemployment rate is likely to continue its downward trend in the long term, possibly reaching 6.0% or lower in the next 4-18 months. * The labor force participation rate may eventually stabilize or increase as the labor market continues to improve and more individuals re-enter the workforce. * The number of long-term unemployed individuals may continue to decline as the labor market improves and more job opportunities become available. Here are the filtered results and analysis of the Monthly United States Employment Situation report from December 2013: **;Short-term Predictions** * The unemployment rate is likely to continue its downward trend in the short term, possibly reaching 6.5% or lower in the next 1-3 months. * The labor force participation rate may continue to decline or remain stagnant in the short term. **",report,2013-12-01,2013-12-31,0.0,31
2014-01-01,2014-01-01,2014-01-31,7.0,"The unemployment rate was little changed at 6.6 percent in January 2014. The number of unemployed persons, at 10.2 million, also changed little. The jobless rate has decreased by 0.6 percentage point since October.","In the long term, the unemployment rate is likely to continue its downward trend, driven by economic growth and job creation. However, addressing the disparities in unemployment rates across different demographics will require sustained efforts to promote equal opportunities and address structural barriers to employment. Based on the provided excerpt from the Monthly News of United States Employment Situation, I have filtered the results to find information useful for making predictions about the Monthly United States Unemployment Rate: Overall and by race. Here are the summarized results in 5 parts:;In the short term, the unemployment rate is likely to remain stable or experience a slight decrease, given the stability of the labor market. However, the unemployment rates for certain demographics may continue to be higher than the overall rate.",report,2014-01-01,2014-01-31,0.0,31
2014-02-01,2014-02-01,2014-02-28,7.0,Objective facts about the influenza situation** The report does not mention the influenza situation. **,"Long-term predictions** In the long term, the labor market is expected to continue its slow recovery, with the unemployment rate gradually decreasing as the economy grows. However, the pace of recovery may be slow, and it may take several months or even years for the labor market to fully recover. Here are the filtered results and analysis: **;Short-term predictions** Based on the current trend, it is likely that the unemployment rate will remain around 6.7 percent in the short term, with moderate job growth in certain industries such as professional and business services and wholesale trade. **",report,2014-02-01,2014-02-28,0.0,31
2014-03-01,2014-03-01,2014-03-31,6.8,Objective facts about the influenza situation:** NA (no information about influenza situation in the report) **,"Long-term predictions (next 4-18 months):** The labor market may continue to stabilize, with a potential decrease in the unemployment rate as the economy continues to recover. However, it is difficult to predict significant changes in the unemployment rate without additional economic indicators. Bureau of Labor Statistics, The Employment Situation - March 2014. Here are the filtered results and my analysis: **;Short-term predictions (next 1-3 months):** Based on the stable unemployment rate and decrease in long-term unemployment, it is likely that the unemployment rate will remain around 6.7% in the short term. **",report,2014-03-01,2014-03-31,0.0,31
2014-04-01,2014-04-01,2014-04-30,5.9,"Objective facts** * The unemployment rate fell by 0.4 percentage points to 6.3% in April 2014. * The number of unemployed persons decreased by 733,000 to 9.8 million. * Unemployment rates declined for adult men (5.9%), adult women (5.7%), teenagers (19.1%), whites (5.3%), blacks (11.6%), and Hispanics (7.3%). **","Long-term predictions** In the long term, the labor market is expected to continue its recovery, with the unemployment rate potentially reaching pre-recession levels (around 5.0%) in the next 4-18 months. However, this will depend on various factors, including the pace of economic growth, inflation, and global economic trends. Here are the filtered results and analysis: **;Short-term predictions** Based on the current trend, it is likely that the unemployment rate will continue to decline in the short term, possibly reaching 6.0% or lower in the next 1-3 months. Job growth is expected to remain strong, with continued gains in industries such as professional and business services, retail trade, and construction. **",report,2014-04-01,2014-04-30,0.0,31
2014-05-01,2014-05-01,2014-05-31,6.1,"The unemployment rate held at 6.3 percent in May, following a decline of 0.4 percentage point in April. The number of unemployed persons was unchanged in May at 9.8 million.","In the long term, the labor market is expected to continue its gradual recovery, with the unemployment rate potentially decreasing further as the economy grows and more jobs are created. However, this will depend on various factors, including economic growth, job creation, and demographic changes. Here are the filtered results and analysis: **;Based on the current trends, it is likely that the unemployment rate will remain around 6.3 percent in the short term, with minimal changes in the number of unemployed persons.",report,2014-05-01,2014-05-31,0.0,31
2014-06-01,2014-06-01,2014-06-30,6.3,"Objective Facts** * The unemployment rate declined to 6.1% in June 2014, with 9.5 million unemployed persons. * The number of long-term unemployed (those jobless for 27 weeks or more) declined by 293,000 in June to 3.1 million. * Employment in professional and business services, retail trade, food services and drinking places, and health care industries showed significant growth in June. * The average workweek for all employees on private nonfarm payrolls was 34.5 hours for the fourth straight month. * Average hourly earnings for all employees on private nonfarm payrolls rose by 6 cents to $24.45 in June. **","Long-term Predictions** * The labor market may continue to shift towards service-oriented jobs, with growth in industries such as health care and professional services. * The unemployment rate may stabilize at around 5.5% to 6% in the long term, assuming continued economic growth. Here is the filtered information useful for making predictions about the Monthly United States Unemployment Rate: Overall and by race:;Short-term Predictions** * The unemployment rate may continue to decline in the short term, driven by growth in service-oriented industries. * Average hourly earnings may continue to rise, but at a slow pace. **",report,2014-06-01,2014-06-30,0.0,31
2014-07-01,2014-07-01,2014-07-31,6.5,"Objective Facts** * The unemployment rate was little changed at 6.2% in July 2014. * The number of unemployed persons was 9.7 million, unchanged from June 2014. * The number of long-term unemployed (those jobless for 27 weeks or more) was essentially unchanged at 3.2 million in July 2014. * The unemployment rate for adult women increased to 5.7% in July 2014, and the rate for blacks edged up to 11.4% in July 2014. * Total nonfarm payroll employment increased by 209,000 in July 2014, with job gains in professional and business services, manufacturing, retail trade, and construction. **","Long-term Predictions** * The labor market is likely to continue its gradual improvement over the next 4-18 months, with employment growth and a decline in the unemployment rate. * The long-term unemployed and certain demographic groups may still face challenges in finding employment, but the overall trend is expected to be positive. Here is the filtered information useful for making predictions about the Monthly United States Unemployment Rate: Overall and by race:;Short-term Predictions** * The unemployment rate is likely to remain stable or decline slightly in the next 1-3 months, as employment growth continues. * Job gains are expected to be concentrated in industries such as professional and business services, manufacturing, retail trade, and construction. **",report,2014-07-01,2014-07-31,0.0,31
2014-08-01,2014-08-01,2014-08-31,6.3,"As of 2014, 18 states had jobless rates significantly lower than the U.S. average, with North Dakota having the lowest jobless rate of 2.8%.","In the long-term, it is possible that policies aimed at reducing unemployment rates, such as medical cannabis laws and minimum-wage increases, may have a positive impact on the overall economy. Note: The information provided is limited to 2014 data and may not reflect the current economic situation.;In the short-term, it is likely that states with lower unemployment rates will continue to drive economic growth, while states with higher unemployment rates may struggle to recover.",search,2014-08-25,2014-08-31,0.0,31
2014-09-01,2014-09-01,2014-09-30,5.7,"Objective facts about the unemployment situation: The unemployment rate declined by 0.2 percentage points to 5.9% in September 2014. The number of unemployed persons decreased by 329,000 to 9.3 million. Over the year, the unemployment rate and the number of unemployed persons were down by 1.3 percentage points and 1.9 million, respectively.","Long-term predictions: In the long term (next 4-18 months), the unemployment rate is expected to stabilize around 5.5% to 5.8%. The job market is likely to continue its growth, but at a slower pace. The economy is expected to experience steady growth, leading to a stable unemployment rate. Here are the filtered results and analysis:;Short-term predictions: Based on the current trend, it is likely that the unemployment rate will continue to decline in the short term (next 1-3 months). The job market is expected to continue its improvement, leading to a decrease in the number of unemployed persons.",report,2014-09-01,2014-09-30,0.0,31
2014-10-01,2014-10-01,2014-10-31,5.5,"The unemployment rate for whites declined to 4.8 percent in October. The rates for adult men (5.1 percent), adult women (5.4 percent), teenagers (18.6 percent), blacks (10.9 percent), and Hispanics (6.8 percent) changed little over the month.","In the long term, I predict that the unemployment rate will continue to trend downward, potentially reaching 5.0-5.2 percent in the next 4-18 months. This is based on the assumption that the labor market will continue to strengthen, with job growth and a decrease in long-term unemployment. However, factors such as changes in the labor force participation rate and economic shocks could impact this prediction. Here are the filtered results and summaries related to predicting Monthly United States Unemployment Rate: Overall and by race:;Based on the current trends, I predict that the unemployment rate will continue to decline in the short term, potentially reaching 5.5-5.6 percent in the next 1-3 months. Job growth in certain industries and a decrease in long-term unemployment support this prediction.",report,2014-10-01,2014-10-31,0.0,31
2014-11-01,2014-11-01,2014-11-30,5.5,The National Unemployment Rate in the United States is an important economic indicator.,"In the long-term, the economy is likely to experience fluctuations in the unemployment rate, and it is essential to develop strategies to mitigate the effects of these fluctuations.;In the short-term, the unemployment rate is likely to continue its downward trend, unless there are unexpected economic shocks.",search,2014-11-24,2014-11-30,0.0,31
2014-12-01,2014-12-01,2014-12-31,5.4,"Objective Facts about Unemployment Rate** * The unemployment rate declined by 0.2 percentage point to 5.6% in December 2014. (Source) * The number of unemployed persons declined by 383,000 to 8.7 million in December 2014. (Source) * Over the year, the unemployment rate and the number of unemployed persons were down by 1.1 percentage points and 1.7 million, respectively. (Source) * The unemployment rate for adult women (5.0%), blacks (10.4%), and Hispanics (6.5%) showed little change in December 2014. (Source) **","Long-term Predictions** * The unemployment rate is likely to continue to decline in the long term, potentially reaching 5.0% or lower in the next 4-18 months. * The labor market is likely to continue to improve in the long term, with a decrease in the number of unemployed persons and an increase in employment opportunities. Here are the filtered results and analysis: **;Short-term Predictions** * The unemployment rate is likely to continue to decline in the short term, potentially reaching 5.4% or lower in the next 1-3 months. * The number of unemployed persons is likely to continue to decrease in the short term, potentially reaching 8.4 million or lower in the next 1-3 months. **",report,2014-12-01,2014-12-31,0.0,31
2015-01-01,2015-01-01,2015-01-31,6.1,"The unemployment rate was little changed at 5.7% in January 2015, with 9.0 million unemployed persons. The labor force participation rate rose by 0.2 percentage points to 62.9%. Total nonfarm payroll employment rose by 257,000 in January.","In the long-term, I predict a sustained growth in employment, with a significant decrease in the unemployment rate. The labor force participation rate is expected to increase, indicating a stronger labor market. However, there may be challenges in certain demographics, such as African Americans and teenagers, which may require targeted policies to address. Here are the relevant information and analysis about the Monthly United States Unemployment Rate: Overall and by race:;In the short-term, I predict a continued moderate growth in employment, with a slight decrease in the unemployment rate. The labor force participation rate is expected to remain stable.",report,2015-01-01,2015-01-31,0.0,31
2015-02-01,2015-02-01,2015-02-28,5.8,"The unemployment rate for February 2015 was 5.5 percent, down from 6.7 percent a year earlier. The number of unemployed persons was 8.7 million, down from 10.4 million a year earlier.","In the long term, we can expect the labor market to continue to recover, with the unemployment rate decreasing and the number of long-term unemployed decreasing. However, the recovery may be slow and uneven, with some groups (such as blacks and Hispanics) continuing to experience higher unemployment rates. Here are the relevant information and analysis for predicting the Monthly United States Unemployment Rate: Overall and by race:;In the short term, we can expect the unemployment rate to continue to decrease, but at a slow pace. The number of long-term unemployed may also decrease, but it will likely remain a significant portion of the unemployed.",report,2015-02-01,2015-02-28,0.0,31
2015-03-01,2015-03-01,2015-03-31,5.6,"The unemployment rate was unchanged at 5.5 percent, and the number of unemployed persons was little changed at 8.6 million. Over the year, the unemployment rate and the number of unemployed persons were down by 1.1 percentage points and 1.8 million, respectively.","In the long term (next 4-18 months), the unemployment rate is expected to continue its downward trend, potentially reaching below 5 percent as the labor market continues to strengthen. Here are the filtered results and analysis: **;Based on the current trend, it is likely that the unemployment rate will remain stable or decrease slightly in the short term (next 1-3 months).",report,2015-03-01,2015-03-31,0.0,31
2015-04-01,2015-04-01,2015-04-30,5.1,"The unemployment rate for April 2015 was 5.4%, with 8.5 million unemployed persons. The unemployment rate for adult men was 5.0%, for adult women was 4.9%, for teenagers was 17.1%, for whites was 4.7%, for blacks was 9.6%, and for Asians was 4.4%. The labor force participation rate was 62.8%.","In the long term, the labor market is expected to continue its recovery, with the unemployment rate potentially reaching 4.5% or lower in the next 4-18 months. However, this will depend on various factors, including economic growth, job creation, and demographic changes. Here is the filtered information useful for making predictions about the Monthly United States Unemployment Rate: Overall and by race:;Based on the current trend, it is likely that the unemployment rate will continue to decrease in the short term, potentially reaching 5.2% or lower in the next 1-3 months.",report,2015-04-01,2015-04-30,0.0,31
2015-05-01,2015-05-01,2015-05-31,5.3,"The unemployment rate among chemists in the US was 4.6% in 2012, the highest in 40 years.","In the long term, the labor market is likely to continue its slow recovery, with the employment-population ratio potentially returning to pre-recession levels. However, the mismatch between labor skills and economic demands may persist, leading to continued high unemployment rates in certain industries.;In the short term, the unemployment rate may continue to fluctuate based on industry-specific trends and seasonal factors.",search,2015-05-25,2015-05-31,0.0,31
2015-06-01,2015-06-01,2015-06-30,5.5,"Objective Facts:** * The unemployment rate declined by 0.2 percentage points to 5.3% in June 2015. * The number of unemployed persons declined by 375,000 to 8.3 million in June 2015. * The labor force participation rate declined by 0.3 percentage points to 62.6% in June 2015. * The number of long-term unemployed (those jobless for 27 weeks or more) declined by 381,000 to 2.1 million in June 2015. * Total nonfarm payroll employment increased by 223,000 in June 2015. **","Long-term Predictions:** * The labor market is expected to continue to recover, with a decline in unemployment rate and an increase in payroll employment. * The labor force participation rate may stabilize or increase as the economy continues to recover. * The long-term unemployed are expected to continue to decline as the labor market improves. Here is the filtered information relevant to making predictions about the Monthly United States Unemployment Rate: Overall and by race:;Short-term Predictions:** * Unemployment rate is likely to continue to decline or remain stable in the short term. * Payroll employment growth is expected to continue at a moderate pace. * Labor force participation rate may continue to decline or stabilize in the short term. **",report,2015-06-01,2015-06-30,0.0,31
2015-07-01,2015-07-01,2015-07-31,5.6,"The unemployment rate was unchanged at 5.3 percent in July, with 8.3 million unemployed persons.","In the long term, we can expect the unemployment rate to continue its downward trend, driven by job growth in various industries, including retail trade, health care, professional and technical services, and financial activities. Here are the filtered results:;Based on the stabilizing labor market, we can predict that the unemployment rate will remain around 5.3 percent in the short term, with little change in the rates for different demographic groups.",report,2015-07-01,2015-07-31,0.0,31
2015-08-01,2015-08-01,2015-08-31,5.2,"Objective Facts** * The unemployment rate edged down to 5.1% in August 2015, and the number of unemployed persons edged down to 8.0 million. (Source) * The unemployment rate for whites declined to 4.4% in August. The rates for adult men (4.7%), adult women (4.7%), teenagers (16.9%), blacks (9.5%), Asians (3.5%), and Hispanics (6.6%) showed little change in August. (Source) * The number of persons unemployed for less than 5 weeks decreased by 393,000 to 2.1 million in August. (Source) * The number of long-term unemployed (those jobless for 27 weeks or more) held at 2.2 million in August and accounted for 27.7% of the unemployed. (Source) * The civilian labor force participation rate was 62.6% for the third consecutive month. (Source) * The employment-population ratio, at 59.4%, was about unchanged in August and has shown little movement thus far this year. (Source) **","Long-term Predictions** * The labor market is likely to continue to experience a moderate recovery, with the unemployment rate potentially reaching 4.5% by the end of 2016. (LLM) * The labor force participation rate and employment-population ratio are likely to increase slowly, as the labor market continues to absorb new entrants and reentrants. (LLM) Based on the provided Monthly News of United States Employment Situation from August 2015, here is the filtered information useful for making predictions about the Monthly United States Unemployment Rate: Overall and by race: **;Short-term Predictions** * The unemployment rate is likely to continue to decline in the short term, potentially reaching 5.0% by the end of the year. (LLM) * Employment growth is likely to continue, with an average monthly gain of around 200,000 jobs. (LLM) **",report,2015-08-01,2015-08-31,0.0,31
2015-09-01,2015-09-01,2015-09-30,4.9,"The unemployment rate held at 5.1 percent, and the number of unemployed persons (7.9 million) changed little in September. Over the year, the unemployment rate and the number of unemployed persons were down by 0.8 percentage point and 1.3 million, respectively.","In the long term, the labor market is likely to continue its slow recovery, with the unemployment rate gradually decreasing as the economy continues to grow. However, the pace of this decrease may be slow, and the unemployment rate may not return to pre-recession levels in the near future.;Based on the current data, it is likely that the unemployment rate will remain around 5.1 percent in the short term, with minimal changes in the number of unemployed persons.",report,2015-09-01,2015-09-30,0.0,31
2015-10-01,2015-10-01,2015-10-31,4.8,"Objective facts about the unemployment situation: The unemployment rate was essentially unchanged at 5.0 percent in October 2015, with 7.9 million unemployed persons. The number of long-term unemployed (those jobless for 27 weeks or more) was essentially unchanged at 2.1 million in October and has shown little change since June. The civilian labor force participation rate was unchanged at 62.4 percent in October, following a decline of 0.2 percentage point in September.","Long-term predictions: In the long term, the labor market is likely to continue to experience steady growth, with the unemployment rate gradually decreasing as the economy continues to recover. The labor force participation rate may also increase as more people enter the labor market, leading to a decrease in the number of long-term unemployed. However, these predictions are subject to various economic and political factors that can influence the labor market. Here are the filtered results and summarized information useful for making predictions about the Monthly United States Unemployment Rate: Overall and by race:;Short-term predictions: Based on the current labor market situation, it is likely that the unemployment rate will remain relatively stable in the short term, with minimal changes in the number of job seekers and the number of people employed. The labor force participation rate is also likely to remain stable, indicating that the number of people actively looking for work will not change significantly.",report,2015-10-01,2015-10-31,0.0,31
2015-11-01,2015-11-01,2015-11-30,4.8,"Objective Facts about Unemployment Rate** * The unemployment rate held at 5.0% in November, with 7.9 million unemployed persons. * Unemployment rates for adult men (4.7%), adult women (4.6%), teenagers (15.7%), whites (4.3%), blacks (9.4%), Asians (3.9%), and Hispanics (6.4%) showed little or no change in November. **","Long-term Predictions** * The labor market is expected to continue its slow recovery, with the unemployment rate gradually declining over the long term. * The growth in employment in certain industries, such as health care and professional services, is likely to continue, driving overall employment growth. Here is the filtered information and analysis related to predicting Monthly United States Unemployment Rate: Overall and by race:;Short-term Predictions** * The unemployment rate is likely to remain stable or decline slightly in the short term, given the current trend of steady job growth. * Employment growth is expected to continue in industries such as construction, professional and technical services, and health care. **",report,2015-11-01,2015-11-30,0.0,31
2015-12-01,2015-12-01,2015-12-31,4.8,"Objective Facts** * The unemployment rate was unchanged at 5.0% in December 2015. * The number of unemployed persons was essentially unchanged at 7.9 million in December 2015. * The unemployment rate for blacks declined to 8.3% in December 2015, while the rates for other racial groups showed little or no change. * The number of long-term unemployed (those jobless for 27 weeks or more) was essentially unchanged at 2.1 million in December 2015. * The civilian labor force participation rate was little changed in December 2015, at 62.6%. **","Long-term Predictions (next 4-18 months)** * The labor market is likely to continue experiencing steady improvement, with the unemployment rate declining gradually over the long term. * The labor force participation rate may experience some fluctuations, but is expected to remain relatively stable over the long term. * The unemployment rate for blacks is likely to continue declining, but may still remain higher than for other racial groups. Here are the filtered results and analysis: **;Short-term Predictions (next 1-3 months)** * The unemployment rate is likely to remain steady or decline slightly in the short term, given the stability in the labor market. * The labor force participation rate is expected to remain stable, with no significant changes in labor force dynamics. **",report,2015-12-01,2015-12-31,0.0,31
2016-01-01,2016-01-01,2016-01-31,5.3,"The unemployment rate in the United States has averaged around 9% since 1990, remaining well above rates seen in Germany, the UK, and other countries.","In the long-term, addressing the underlying structural issues contributing to high unemployment rates, such as labor market composition and education, will be crucial to achieving sustained economic growth and reducing unemployment.;In the short-term, it is likely that unemployment rates will remain high, particularly in states and demographics with existing high rates, unless targeted policy interventions are implemented.",search,2016-01-25,2016-01-31,0.0,31
2016-02-01,2016-02-01,2016-02-29,5.2,"The unemployment rate was unchanged at 4.9 percent, and the number of unemployed persons, at 7.8 million, was unchanged. Over the year, the unemployment rate and the number of unemployed persons were down by 0.6 percentage point and 831,000, respectively.","In the long term, the unemployment rate is expected to continue its downward trend, potentially reaching a range of 4.3-4.5 percent, driven by a growing economy and a strong labor market. Here is the filtered information useful for making predictions about Monthly United States Unemployment Rate: Overall and by race:;Based on the current trends, it is likely that the unemployment rate will remain stable or experience a slight decrease in the short term, with a possible range of 4.7-5.0 percent.",report,2016-02-01,2016-02-29,0.0,31
2016-03-01,2016-03-01,2016-03-31,5.1,"Objective facts: - The unemployment rate was little changed at 5.0 percent in March 2016. - The number of unemployed persons was 8.0 million in March 2016. - The unemployment rates for adult men (4.5 percent), adult women (4.6 percent), teenagers (15.9 percent), Whites (4.3 percent), Blacks (9.0 percent), Asians (4.0 percent), and Hispanics (5.6 percent) showed little or no change in March.","Long-term predictions (next 4-18 months): - The labor market is expected to continue its steady growth, with a possible slight decrease in the unemployment rate over the long term. Here are the filtered results and analysis related to predicting Monthly United States Unemployment Rate: Overall and by race:;Short-term predictions (next 1-3 months): - The unemployment rate is likely to remain stable or experience a slight decrease in the short term, given the current labor market trends.",report,2016-03-01,2016-03-31,0.0,31
2016-04-01,2016-04-01,2016-04-30,4.7,"Objective facts about the unemployment situation** * The unemployment rate held at 5.0 percent in April, and the number of unemployed persons was little changed at 7.9 million. (Source) * The labor force participation rate decreased to 62.8 percent, and the employment-population ratio edged down to 59.7 percent. (Source) * The number of long-term unemployed (those jobless for 27 weeks or more) declined by 150,000 to 2.1 million in April. (Source) * The number of persons employed part time for economic reasons (also referred to as involuntary part-time workers) was about unchanged in April at 6.0 million. (Source) * The number of marginally attached to the labor force was 1.7 million in April, down by 400,000 from a year earlier. (Source) **","Long-term predictions (next 4-18 months)** * The labor market is likely to continue to experience moderate growth, with the unemployment rate gradually decreasing over the long term. * The labor force participation rate and employment-population ratio may stabilize or experience a slight increase in the long term, indicating a strengthening of the labor market. Here are the filtered results, summarized into 5 parts:;Short-term predictions (next 1-3 months)** * The unemployment rate is likely to remain stable or experience a slight decrease in the short term, given the decline in long-term unemployment. * The labor force participation rate and employment-population ratio may continue to decline in the short term, indicating a potential slowdown in job growth. **",report,2016-04-01,2016-04-30,0.0,31
2016-05-01,2016-05-01,2016-05-31,4.5,"Objective facts about the unemployment situation** * The unemployment rate declined by 0.3 percentage point to 4.7 percent in May. * The number of unemployed persons declined by 484,000 to 7.4 million. * Employment increased in health care, while mining continued to lose jobs, and a strike resulted in job losses in information. **","Long-term predictions** * The labor market is likely to continue to show improvement in the long term, with growth in employment in sectors such as health care and technology. * However, the decline in mining employment and the impact of the strike in information may have long-term implications for certain industries and regions. Here is the filtered information useful for making predictions about the Monthly United States Unemployment Rate: Overall and by race:;Short-term predictions** * The labor market is likely to continue to show improvement in the short term, with a possible decline in unemployment rate and growth in employment in certain sectors. * However, the impact of the strike in information and the decline in mining employment may continue to be felt in the short term. **",report,2016-05-01,2016-05-31,0.0,31
2016-06-01,2016-06-01,2016-06-30,5.1,"Objective facts** * The unemployment rate increased by 0.2 percentage point to 4.9 percent in June. * The number of unemployed persons increased by 347,000 to 7.8 million. * The unemployment rates for adult women (4.5 percent) and Whites (4.4 percent) rose in June. * The rates for adult men (4.5 percent), teenagers (16.0 percent), Blacks (8.6 percent), Asians (3.5 percent), and Hispanics (5.8 percent) showed little or no change. **","Long-term predictions** * The labor market is expected to continue its slow and steady growth, with the unemployment rate potentially decreasing to around 4.5 percent by the end of the year. * However, any significant economic shocks or changes in global economic trends could impact the labor market and lead to changes in the unemployment rate. Here is the filtered information useful for making predictions about the Monthly United States Unemployment Rate: Overall and by race:;Short-term predictions** * The unemployment rate may continue to fluctuate around 4.9 percent in the short term, with potential for small increases or decreases. * Job growth may slow down in the coming months, which could impact the overall unemployment rate. **",report,2016-06-01,2016-06-30,0.0,31
2016-07-01,2016-07-01,2016-07-31,5.1,"The unemployment rate in the United States was 4.9% in June 2016, up from 4.7% in May 2016 and down from 5.3% in June 2015.","In the long term, the economy may experience a shift towards higher inflation and potentially higher interest rates, which could impact employment and unemployment rates.;In the short term, the unemployment rate is likely to remain stable or experience a slight decline, given the current trends and the Federal Reserve's efforts to stimulate the economy.",search,2016-07-25,2016-07-31,0.0,31
2016-08-01,2016-08-01,2016-08-31,5.0,"Objective facts: The unemployment rate remained at 4.9% for the third month in a row, with little change in the number of unemployed persons (7.8 million). The labor force participation rate and employment-population ratio were also unchanged.","Long-term predictions (next 4-18 months): The labor market is expected to continue its slow and steady recovery, with the unemployment rate potentially decreasing gradually over the long term. However, the pace of job growth and labor force participation may be influenced by various factors, such as changes in economic conditions, policy decisions, and demographic shifts. Here is the filtered information relevant to making predictions about the Monthly United States Unemployment Rate: Overall and by race:;Short-term predictions (next 1-3 months): The unemployment rate is likely to remain around 4.9% in the short term, with minimal changes in the labor force participation rate and employment-population ratio. Job growth may continue at a moderate pace, but it may not be enough to significantly reduce the unemployment rate.",report,2016-08-01,2016-08-31,0.0,31
2016-09-01,2016-09-01,2016-09-30,4.8,"Objective facts about the influenza situation** Not applicable, as there is no mention of influenza in the report. **","Long-term predictions** The labor market may experience a slight increase in growth, with the unemployment rate potentially decreasing to around 4.5% over the next 6-12 months. Industries such as professional and business services and health care may continue to drive job growth. Note: All opinions and insights are based on the analysis of the provided report and may not reflect the actual outcome. Here is the filtered information relevant to making predictions about Monthly United States Unemployment Rate: Overall and by race:;Short-term predictions** The labor market is expected to continue its stable trend, with minimal changes in the unemployment rate and employment numbers. Job growth may continue in industries such as professional and business services and health care. **",report,2016-09-01,2016-09-30,0.0,31
2016-10-01,2016-10-01,2016-10-31,4.7,"The unemployment rate, at 4.9 percent, and the number of unemployed persons, at 7.8 million, changed little in October.","In the long-term future (next 4-18 months), the unemployment rate may continue to trend downwards, but at a slow pace, as the labor market continues to experience slow growth. Note: The analysis is based on the provided data and may not reflect the actual future outcomes. Here are the filtered results:;Based on the current trend, it is likely that the unemployment rate will remain stable or experience a small decline in the short-term future (next 1-3 months).",report,2016-10-01,2016-10-31,0.0,31
2016-11-01,2016-11-01,2016-11-30,4.4,"Objective facts about the unemployment situation: The unemployment rate declined to 4.6 percent in November, and total nonfarm payroll employment increased by 178,000. The number of unemployed persons declined by 387,000 to 7.4 million.","Long-term predictions: The labor market is likely to continue its recovery in the long term, with the unemployment rate potentially reaching pre-recession levels. However, the labor force participation rate and employment-population ratio may remain stagnant, indicating a more nuanced picture of the labor market.;Short-term predictions: The unemployment rate is likely to continue its downward trend in the short term, driven by the growth in payroll employment and the decline in job losers and persons who completed temporary jobs.",report,2016-11-01,2016-11-30,0.0,31
2016-12-01,2016-12-01,2016-12-31,4.5,Objective facts about the unemployment situation** * The unemployment rate was little changed at 4.7 percent in December 2016. * The number of unemployed persons was 7.5 million in December 2016. * The labor force participation rate was 62.7 percent in December 2016. * The employment-population ratio was 59.7 percent in December 2016. * The number of long-term unemployed (those jobless for 27 weeks or more) was essentially unchanged at 1.8 million in December 2016. * The number of persons employed part time for economic reasons was essentially unchanged at 5.6 million in December 2016. **,"Long-term predictions (next 4-18 months)** * The labor market is likely to continue its slow and steady improvement, with a decline in the unemployment rate and an increase in the labor force participation rate and employment-population ratio. * The number of long-term unemployed may continue to decline, indicating a stronger labor market. Here are the filtered results and analysis: **;Short-term predictions (next 1-3 months)** * The unemployment rate is likely to remain stable or decline slightly in the short term, given the stable labor market conditions. * The labor force participation rate and employment-population ratio may also remain stable or show a slight increase. **",report,2016-12-01,2016-12-31,0.0,31
2017-01-01,2017-01-01,2017-01-31,5.1,Objective facts about the influenza situation: NA (there is no mention of influenza in the report),"Long-term predictions (next 4-18 months): The labor market is expected to continue its growth trend, with a potential increase in wages and a decrease in unemployment. The growth in industries such as retail trade, construction, and financial activities may continue, leading to a more diverse job market. Note: The report does not provide information on influenza, so there is no objective fact about it. The insights, analysis, and predictions are based on the labor market data provided in the report. Here are the filtered results and my analysis of the data: **;Short-term predictions (next 1-3 months): Based on the current trend, it is likely that the labor market will continue to grow, with an increase in employment and a decrease in unemployment. The unemployment rate may continue to hover around 4.8%.",report,2017-01-01,2017-01-31,0.0,31
2017-02-01,2017-02-01,2017-02-28,4.9,"** Objective facts about the unemployment situation: * The unemployment rate was little changed at 4.7 percent in February 2017. * The number of unemployed persons was 7.5 million, essentially unchanged from January 2017. * The labor force participation rate was 63.0 percent, and the employment-population ratio was 60.0 percent. * The number of long-term unemployed (those jobless for 27 weeks or more) was essentially unchanged at 1.8 million in February 2017. * The number of persons employed part-time for economic reasons was little changed at 5.7 million in February 2017. **","** Long-term predictions (next 4-18 months): * The labor market is likely to continue to strengthen, with a decreasing unemployment rate. * The labor force participation rate and employment-population ratio may increase as more people enter the labor market. * The number of long-term unemployed may continue to decrease as the labor market improves. Here is the filtered information and analysis related to predicting Monthly United States Unemployment Rate: Overall and by race:;** Short-term predictions (next 1-3 months): * The unemployment rate is likely to remain low, around 4.7 percent. * The labor force participation rate and employment-population ratio are likely to remain stable. * The number of long-term unemployed may continue to decrease. **",report,2017-02-01,2017-02-28,0.0,31
2017-03-01,2017-03-01,2017-03-31,4.6,Objective facts about the influenza situation** NA (there is no information about the influenza situation in the report) **,"Long-term predictions** In the long term, the labor market is expected to continue its recovery, with the unemployment rate potentially reaching pre-recession levels. However, factors such as automation, globalization, and demographic changes may impact the labor market and influence the unemployment rate. Here are the filtered results and my analysis: **;Short-term predictions** Based on the current trend, it is likely that the unemployment rate will continue to decline or remain stable in the short term. Employment growth is expected to continue in industries such as professional and business services, mining, and health care. **",report,2017-03-01,2017-03-31,0.0,31
2017-04-01,2017-04-01,2017-04-30,4.1,"The unemployment rate in the United States has been decreasing, with a current rate of 4.7% as of 2017.","In the long-term, there are concerns about the impact of technological unemployment on the labor market, which could lead to increased unemployment rates and changes in the job market.;In the short-term, it is likely that the unemployment rate will continue to decrease, but at a slow pace, due to the ongoing recovery from the Great Recession.",search,2017-04-24,2017-04-30,0.0,31
2017-05-01,2017-05-01,2017-05-31,4.1,"Objective facts about the influenza situation: NA (not applicable, as there is no mention of influenza in the report)","In the long term (next 4-18 months), the labor market is expected to continue its positive trend, with potential declines in the unemployment rate and increases in labor force participation. Here is the filtered information useful to making predictions about Monthly United States Unemployment Rate: Overall and by race:;Based on the current trend, it is likely that the unemployment rate will remain stable or experience a slight decline in the short term (next 1-3 months).",report,2017-05-01,2017-05-31,0.0,31
2017-06-01,2017-06-01,2017-06-30,4.5,Objective Facts** * The unemployment rate was little changed at 4.4% in June 2017. * The number of unemployed persons was little changed at 7.0 million in June 2017. * The labor force participation rate was little changed at 62.8% in June 2017. * The employment-population ratio was little changed at 60.1% in June 2017. * The number of long-term unemployed (those jobless for 27 weeks or more) was unchanged at 1.7 million in June 2017. * The number of persons employed part time for economic reasons was little changed at 5.3 million in June 2017. **,"Long-term Predictions** * The labor market is expected to continue its trend of slow and steady growth, with the unemployment rate potentially declining further in the long term. * The labor force participation rate may experience some fluctuations in the long term, potentially influenced by demographic changes and shifts in labor market trends. Here are the results filtered to find information useful to making predictions about Monthly United States Unemployment Rate: Overall and by race:;Short-term Predictions** * The unemployment rate is likely to remain low and stable in the short term, with little change in the number of unemployed persons and labor force participation rate. **",report,2017-06-01,2017-06-30,0.0,31
2017-07-01,2017-07-01,2017-07-31,4.6,Objective Facts about Unemployment Situation** * The unemployment rate remained little changed at 4.3% in July 2017. * The number of unemployed persons was little changed at 7.0 million in July 2017. * The labor force participation rate changed little at 62.9% in July 2017. * The employment-population ratio was little changed at 60.2% in July 2017. * The number of long-term unemployed (those jobless for 27 weeks or more) was little changed at 1.8 million in July 2017. * The number of persons employed part-time for economic reasons was essentially unchanged at 5.3 million in July 2017. **,"Long-term Predictions** * The labor market is expected to continue to grow, with the unemployment rate potentially decreasing further in the long term. * The labor force participation rate and employment-population ratio may also show slight increases in the long term as the labor market continues to recover. Note: LLM stands for ""LLM's opinion"" and indicates my analysis and insights based on the data. Here are the filtered results and analysis relevant to predicting Monthly United States Unemployment Rate: Overall and by race:;Short-term Predictions** * The unemployment rate is likely to remain stable in the short term, around 4.3%. * The labor market is expected to continue to show little change in the short term. **",report,2017-07-01,2017-07-31,0.0,31
2017-08-01,2017-08-01,2017-08-31,4.5,Objective facts about the influenza situation: The report does not mention influenza or any other health issue affecting the labor market.,"Long-term predictions (next 4-18 months): In the long term, the labor market is expected to continue its steady growth, with a possible decrease in the unemployment rate. The job gains in various industries may lead to an increase in the labor force participation rate. However, it is essential to monitor the situation closely to identify any potential changes in the labor market trends. Here are the filtered results and my analysis: **;Short-term predictions (next 1-3 months): Based on the current trends, it is likely that the unemployment rate will remain stable or experience a slight decrease in the short term. Job gains are expected to continue in industries such as manufacturing, construction, and health care.",report,2017-08-01,2017-08-31,0.0,31
2017-09-01,2017-09-01,2017-09-30,4.1,"The unemployment rate decreased by 0.2 percentage point to 4.2 percent in September, and the number of unemployed persons declined by 331,000 to 6.8 million.","In the long-term future, the labor market may continue to strengthen, leading to a further decline in the unemployment rate. However, this prediction is subject to various economic factors and uncertainties. Here are the filtered results and analysis related to predicting the Monthly United States Unemployment Rate: Overall and by race: **;Based on the current trend, it is likely that the unemployment rate will continue to decline or remain stable in the short-term future.",report,2017-09-01,2017-09-30,0.0,31
2017-10-01,2017-10-01,2017-10-31,3.9,"The unemployment rate edged down to 4.1 percent in October, and the number of unemployed persons decreased by 281,000 to 6.5 million.","In the long term, the labor market is expected to continue its positive trend, with a possible decline in unemployment rate and an increase in employment opportunities in various industries. However, this may be influenced by various factors such as economic conditions, government policies, and global events. Here are the filtered results and analysis of the Monthly United States Employment Situation from October 1, 2017, to October 31, 2017, published by the Bureau of Labor Statistics: **;Based on the current trend, it is likely that the unemployment rate will continue to decline or remain stable in the next 1-3 months, with a possible increase in employment in industries such as food services, manufacturing, and health care.",report,2017-10-01,2017-10-31,0.0,31
2017-11-01,2017-11-01,2017-11-30,3.9,"Objective facts about the influenza situation** Not applicable, as there is no mention of influenza in the report. **","Long-term predictions (next 4-18 months)** The job market is expected to continue its steady growth, with a possible slight decrease in the unemployment rate. The labor force participation rate and employment-population ratio may gradually increase as the economy continues to expand. Source: Bureau of Labor Statistics, Employment Situation Summary, November 2017. Here are the filtered results and analysis related to predicting Monthly United States Unemployment Rate: Overall and by race:;Short-term predictions (next 1-3 months)** The unemployment rate is likely to remain stable or decrease slightly, with continued growth in employment. The labor force participation rate and employment-population ratio may experience small fluctuations but are expected to remain relatively stable. **",report,2017-11-01,2017-11-30,0.0,31
2017-12-01,2017-12-01,2017-12-31,3.9,The national unemployment rate in the United States has been tracked by the Bureau of Labor Statistics.,"In the long-term future, the economy is likely to continue growing, with potential increases in employment opportunities and decreases in unemployment rates. Note: There is limited information in the provided search results that is directly relevant to making predictions about the economy. The results are mostly focused on specific topics such as women's education and earnings, opioid deaths, and employment rates.;Based on the current trends, it is likely that the national unemployment rate will remain low in the short-term future.",search,2017-12-25,2017-12-31,0.0,31
2018-01-01,2018-01-01,2018-01-31,4.5,Objective facts about the influenza situation: NA (there is no mention of influenza in the report),"In the long term, the labor market is expected to continue its steady growth, with the unemployment rate potentially decreasing further as the economy continues to expand. However, it is essential to monitor the trends in unemployment rates for different demographics, such as Blacks and teenagers, to ensure that the labor market growth is inclusive. Here are the filtered results and my analysis: **;Based on the current trends, it is likely that the unemployment rate will remain stable or experience a minor decrease in the next 1-3 months.",report,2018-01-01,2018-01-31,0.0,31
2018-02-01,2018-02-01,2018-02-28,4.4,"Objective facts about the influenza situation** Not applicable, as there is no mention of the influenza situation in the report. **","Long-term predictions (next 4-18 months)** In the long term, we can expect the labor market to continue its growth, with a possible slowdown in the rate of employment growth as the labor market approaches full employment. The unemployment rate is likely to remain low, around 4% or lower. Source: LLM: Here is the filtered information useful for making predictions about Monthly United States Unemployment Rate: Overall and by race: **;Short-term predictions (next 1-3 months)** Based on the current trends, we can expect the labor market to continue its strength in the short term, with a possible increase in employment and a stable or decreasing unemployment rate. **",report,2018-02-01,2018-02-28,0.0,31
2018-03-01,2018-03-01,2018-03-31,4.1,Objective Facts:** * The unemployment rate remained unchanged at 4.1% in March 2018. * The number of unemployed persons was little changed at 6.6 million. * The labor force participation rate was unchanged at 62.9% in March. * The employment-population ratio held at 60.4% in March. * The number of long-term unemployed (those jobless for 27 weeks or more) was little changed at 1.3 million in March. * Average hourly earnings for all employees on private nonfarm payrolls rose by 8 cents to $26.82 in March. **,"Long-term Predictions:** * The labor market is expected to continue its gradual recovery, with a possible decrease in the unemployment rate over the next 4-18 months. * The average hourly earnings may continue to rise, indicating a potential increase in wages and salaries. Here are the filtered results and analysis relevant to predicting Monthly United States Unemployment Rate: Overall and by race:;Short-term Predictions:** * The unemployment rate is likely to remain stable or experience a slight decrease in the next 1-3 months, given the current labor market trends. **",report,2018-03-01,2018-03-31,0.0,31
2018-04-01,2018-04-01,2018-04-30,3.7,"Objective Facts** * The unemployment rate edged down to 3.9% in April 2018, following 6 months at 4.1%. * The number of unemployed persons decreased by 239,000 to 6.3 million in April. * Job gains occurred in professional and business services, manufacturing, health care, and mining. * The labor force participation rate, at 62.8%, and the employment-population ratio, at 60.3%, changed little in April. **","Long-term Predictions (next 4-18 months)** * The labor market is expected to continue its expansion, with the unemployment rate potentially falling further. * The labor force participation rate and employment-population ratio may increase as more people enter the labor market. Here are the filtered results and analysis: **;Short-term Predictions (next 1-3 months)** * The unemployment rate is likely to remain low, around 3.9%, in the short term. * Job gains are expected to continue in industries such as professional and business services, manufacturing, health care, and mining. **",report,2018-04-01,2018-04-30,0.0,31
2018-05-01,2018-05-01,2018-05-31,3.6,"The unemployment rate edged down to 3.8 percent in May, and the number of unemployed persons declined to 6.1 million. Over the year, the unemployment rate was down by 0.5 percentage point, and the number of unemployed persons declined by 772,000.","Over the long term, the labor market is expected to continue to tighten, leading to a decrease in unemployment rates and an increase in wages. This could lead to a decrease in income inequality and an increase in economic growth. Here are the filtered results and my analysis: **;Based on the current trend, it is likely that the unemployment rate will continue to decrease or remain stable over the next 1-3 months, with a potential decrease in unemployment rates across different demographics.",report,2018-05-01,2018-05-31,0.0,31
2018-06-01,2018-06-01,2018-06-30,4.2,"Objective facts about the unemployment situation** * The unemployment rate rose to 4.0% in June, an increase of 0.2 percentage points from May. * The number of unemployed persons increased by 499,000 to 6.6 million. * Job growth occurred in professional and business services, manufacturing, and health care, while retail trade lost jobs. * The number of long-term unemployed (those jobless for 27 weeks or more) increased by 289,000 in June to 1.5 million. * The labor force participation rate edged up by 0.2 percentage points over the month to 62.9%. **","Long-term predictions** * The labor market is likely to continue growing, but at a slower pace than in recent years. * The shift towards online shopping and changing consumer behavior may lead to a decline in retail trade employment, but other industries like e-commerce and logistics may see growth. * The long-term unemployment rate may decline as the labor market continues to grow and the economy expands. Here are the filtered results and analysis: **;Short-term predictions** * The unemployment rate may continue to rise slightly in the next few months, but it is still expected to remain low. * Job growth may slow down in certain industries, such as retail trade, but other industries like health care and manufacturing are likely to continue growing. **",report,2018-06-01,2018-06-30,0.0,31
2018-07-01,2018-07-01,2018-07-31,4.1,"Objective facts about the unemployment situation: - The unemployment rate edged down by 0.1 percentage point to 3.9 percent in July 2018. - The number of unemployed persons declined by 284,000 to 6.3 million in July 2018. - Employment increased in professional and business services, manufacturing, and health care and social assistance. - The labor force participation rate was unchanged at 62.9 percent in July 2018. - The employment-population ratio was little changed at 60.5 percent in July 2018.","Long-term predictions: - The labor market is likely to continue to grow, with a possible decline in unemployment rate and increase in employment growth. - Industries such as professional and business services, manufacturing, and health care and social assistance may continue to drive employment growth. - The labor force participation rate and employment-population ratio may experience growth as the labor market continues to strengthen. Here is the filtered information useful for making predictions about the Monthly United States Unemployment Rate: Overall and by race:;Short-term predictions: - The unemployment rate is likely to continue to decline or remain stable in the short term, given the current strength of the labor market. - Employment growth is likely to continue in industries such as professional and business services, manufacturing, and health care and social assistance. - The labor force participation rate and employment-population ratio may remain stable or experience slight growth in the short term.",report,2018-07-01,2018-07-31,0.0,31
2018-08-01,2018-08-01,2018-08-31,3.9,"Objective Facts** * The unemployment rate remained at 3.9% in August, and the number of unemployed persons, at 6.2 million, changed little. * The unemployment rates for adult men (3.5%), adult women (3.6%), teenagers (12.8%), Whites (3.4%), Blacks (6.3%), Asians (3.0%), and Hispanics (4.7%) showed little or no change in August. * The number of long-term unemployed (those jobless for 27 weeks or more) was little changed in August at 1.3 million and accounted for 21.5% of the unemployed. * The labor force participation rate, at 62.7%, and the employment-population ratio, at 60.3%, declined by 0.2 percentage point in August. **","Long-term Predictions** * The steady labor market trend and the decline in the number of long-term unemployed suggest that the unemployment rate may continue to decline or remain stable over the next 4-18 months, assuming no significant economic shocks. Here is the filtered information useful for making predictions about the Monthly United States Unemployment Rate: Overall and by race:;Short-term Predictions** * Based on the current trend, it is likely that the unemployment rate will remain stable or experience a slight decline in the next 1-3 months. **",report,2018-08-01,2018-08-31,0.0,31
2018-09-01,2018-09-01,2018-09-30,3.6,The U.S. Bureau of Labor Statistics (BLS) added four questions to the May 2017 Contingent Worker Supplement to measure electronically mediated work.,"In the long-term, the impact of electronically mediated work on the labor market may lead to significant changes in the way people work and earn a living, potentially affecting the overall economic growth and stability.;In the short-term, the labor market is likely to continue its slow recovery, with a stable or slightly decreasing unemployment rate.",search,2018-09-24,2018-09-30,0.0,31
2018-10-01,2018-10-01,2018-10-31,3.5,"Objective facts about the unemployment rate: The unemployment rate remained at 3.7 percent in October, and the number of unemployed persons was little changed at 6.1 million. Over the year, the unemployment rate and the number of unemployed persons declined by 0.4 percentage point and 449,000, respectively.","Long-term predictions: In the long term, the unemployment rate is expected to continue to decline, driven by a strong labor market and a growing economy. However, the pace of decline may slow down as the labor market approaches full employment. Here are the predictions about Monthly United States Unemployment Rate: Overall and by race:;Short-term predictions: Based on the current trend, it is likely that the unemployment rate will remain stable or decline slightly in the next 1-3 months. The labor market is expected to continue to show strength, with a steady demand for labor.",report,2018-10-01,2018-10-31,0.0,31
2018-11-01,2018-11-01,2018-11-30,3.5,"Objective facts about the influenza situation** Not applicable, as there is no mention of influenza in the report. **","Long-term predictions (next 4-18 months)** The labor market is likely to continue its slow growth trajectory, with the unemployment rate potentially decreasing slightly over the next year. However, any significant changes in the labor market will depend on various factors, including economic growth, trade policies, and technological advancements. Here is the filtered information relevant to making predictions about the Monthly United States Unemployment Rate: Overall and by race:;Short-term predictions (next 1-3 months)** Based on the current trends, we can expect the unemployment rate to remain around 3.7% in the short term. Job growth is likely to continue, albeit at a moderate pace, with possible gains in industries such as health care and manufacturing. **",report,2018-11-01,2018-11-30,0.0,31
2018-12-01,2018-12-01,2018-12-31,3.7,Objective facts about the influenza situation** NA (No information about influenza situation in the provided text) **,"Long-term predictions (next 4-18 months)** In the long term, the labor market is expected to continue its slow and steady growth, with the unemployment rate potentially decreasing as the economy continues to expand. Note: The predictions are based on the analysis of the provided data and are subject to change based on future economic developments. Here are the filtered results and my analysis: **;Short-term predictions (next 1-3 months)** Based on the current trend, the unemployment rate may continue to rise slightly in the short term, but the labor force participation rate and employment-population ratio are likely to remain steady. **",report,2018-12-01,2018-12-31,0.0,31
2019-01-01,2019-01-01,2019-01-31,4.4,"Objective facts about the influenza situation** Not applicable, as there is no mention of influenza in the report. **","Long-term predictions (next 4-18 months)** The report's data suggest that the labor market is still growing, with total nonfarm payroll employment increasing by 304,000 in January. While the shutdown's impact may be felt in the short term, the underlying trend of job growth is likely to continue in the long term, driven by industries such as health care, transportation and warehousing, and professional and business services. Here is the analysis of the Monthly United States Employment Situation report:;Short-term predictions (next 1-3 months)** The shutdown's impact on the employment situation may continue to be felt in the short term, potentially leading to further increases in unemployment rates and numbers. However, the report's data also suggest that certain industries, such as leisure and hospitality, construction, health care, and transportation and warehousing, may continue to experience job growth. **",report,2019-01-01,2019-01-31,0.0,31
2019-02-01,2019-02-01,2019-02-28,4.1,"Objective Facts** * The unemployment rate declined to 3.8% in February, with 20,000 nonfarm payroll employment added. * The number of unemployed persons decreased by 300,000 to 6.2 million. * Employment in professional and business services, health care, and wholesale trade continued to trend up, while construction employment declined. * The labor force participation rate held at 63.2% in February. * The employment-population ratio was unchanged at 60.7%. * Average hourly earnings for all employees on private nonfarm payrolls rose by 11 cents to $27.66. **","Long-term Predictions (next 4-18 months)** * The labor market is expected to continue growing, with job gains driven by industries such as health care, technology, and e-commerce. * The unemployment rate is likely to remain low, around 3.5-4.0%, as the labor market continues to tighten. Here are the filtered results and my analysis: **;Short-term Predictions (next 1-3 months)** * The labor market is expected to continue growing, albeit at a moderate pace, with job gains averaging around 150,000-200,000 per month. * The unemployment rate is likely to remain around 3.8% or decline slightly. **",report,2019-02-01,2019-02-28,0.0,31
2019-03-01,2019-03-01,2019-03-31,3.9,"Utah's unemployment rate has hit a historical low of 1.9%, a rate never seen before in Utah or the United States as a whole. The U.S. unemployment rate stands at 3.9%.","In the long-term, the economy may face challenges in addressing economic inequality and wage growth, which could impact the overall economic growth and stability.;In the short-term, it is likely that the unemployment rate will remain low, and job numbers will continue to increase. However, there may be concerns about the sustainability of this growth.",search,2019-03-25,2019-03-31,0.0,31
2019-04-01,2019-04-01,2019-04-30,3.3,"The unemployment rate declined by 0.2 percentage point to 3.6 percent in April, the lowest rate since December 1969. Among the major worker groups, the unemployment rates declined in April for adult men (3.4 percent), adult women (3.1 percent), Whites (3.1 percent), Asians (2.2 percent), and Hispanics (4.2 percent). The jobless rates for teenagers (13.0 percent) and Blacks (6.7 percent) showed little or no change.","In the long term (next 4-18 months), the unemployment rate is likely to continue its downward trend, with possible fluctuations due to economic cycles. The labor market is expected to remain strong, with potential improvements in employment rates across all demographics. Here are the filtered results and analysis: **;Based on the current trends, it is likely that the unemployment rate will continue to decline or remain stable in the short term (next 1-3 months). The strong labor market is expected to continue, with possible improvements in employment rates for teenagers and Blacks.",report,2019-04-01,2019-04-30,0.0,31
2019-05-01,2019-05-01,2019-05-31,3.4,"Objective facts about the unemployment situation: The unemployment rate remained at 3.6% in May, and the number of unemployed persons was little changed at 5.9 million. The number of persons unemployed less than 5 weeks increased by 243,000 to 2.1 million.","Long-term predictions: In the long term, I predict that the labor market will continue to be strong, with the unemployment rate remaining low. However, there may be some changes in the labor market dynamics, such as shifts in industry trends or changes in the labor force participation rate, that could impact the unemployment rate. Here are the filtered results and analysis on the Monthly United States Unemployment Rate: Overall and by race:;Short-term predictions: Based on the current data, I predict that the unemployment rate will remain low in the short term, around 3.6%. However, there may be some fluctuations in the number of unemployed persons, potentially leading to a slight increase in the unemployment rate.",report,2019-05-01,2019-05-31,0.0,31
2019-06-01,2019-06-01,2019-06-30,3.8,"The national unemployment rate in May 2019 was 3.6 percent, matching the lowest rate since 1969.","If the current trend of job growth and low unemployment continues, it is likely that the economy will experience sustained growth and potentially reach new heights in the long term.;With the current strong labor market and low unemployment rate, it is likely that the economy will continue to grow and add jobs in the short term.",search,2019-06-24,2019-06-30,0.0,31
2019-07-01,2019-07-01,2019-07-31,4.0,"Objective facts about the unemployment situation: The unemployment rate held at 3.7 percent in July, with little change in the number of unemployed persons at 6.1 million.","Long-term predictions (next 4-18 months): The unemployment rate may continue to decline or remain stable, as the labor market continues to grow and improve. However, potential economic fluctuations or global events could impact the job market and unemployment rate. Here are the filtered results and summarized information useful for making predictions about the Monthly United States Unemployment Rate: Overall and by race:;Short-term predictions (next 1-3 months): The unemployment rate is likely to remain steady or experience a slight decrease, given the strong job market and increasing employment in various industries.",report,2019-07-01,2019-07-31,0.0,31
2019-08-01,2019-08-01,2019-08-31,3.8,"Objective facts about the unemployment situation** * The unemployment rate remained unchanged at 3.7% in August 2019, with 6.0 million unemployed persons. * The labor force participation rate edged up to 63.2% in August, with an employment-population ratio of 60.9%. * Job growth has averaged 158,000 per month thus far in 2019, below the average monthly gain of 223,000 in 2018. * The number of long-term unemployed (those jobless for 27 weeks or more) was little changed at 1.2 million in August. * The number of persons employed part time for economic reasons increased by 397,000 to 4.4 million in August. **","Long-term predictions (next 4-18 months)** * The labor market may continue to slow down, potentially leading to a rise in the unemployment rate to around 4.0% by the end of 2020. * Job growth may continue to slow down, potentially averaging around 100,000 per month by the end of 2020. * The labor force participation rate may peak and then decline, driven by demographic changes and a slowing economy. Here are the filtered results and analysis related to predicting Monthly United States Unemployment Rate: Overall and by race:;Short-term predictions (next 1-3 months)** * The unemployment rate is likely to remain low and stable in the short term, around 3.7%. * Job growth may continue to slow down, potentially averaging around 150,000 per month. * The labor force participation rate may continue to edge up, driven by a strong economy. **",report,2019-08-01,2019-08-31,0.0,31
2019-09-01,2019-09-01,2019-09-30,3.3,"Objective Facts about Unemployment Rate** * The unemployment rate declined to 3.5 percent in September 2019, the lowest since December 1969. (Source: BLS) * The number of unemployed persons decreased by 275,000 to 5.8 million in September 2019. (Source: BLS) * The unemployment rates for Whites, adult men, adult women, teenagers, Blacks, Asians, and Hispanics showed little or no change over the month. (Source: BLS) **","Long-term Predictions** * The labor market is likely to continue to evolve, with changing demographics and technological advancements affecting employment trends. * In the long term, the unemployment rate may fluctuate in response to changes in the economy and labor market, but it is likely to remain relatively low if the current growth trend continues. Here are the filtered results: **;Short-term Predictions** * The unemployment rate is likely to remain low in the short term, given the current strength of the labor market. * Job growth is expected to continue, albeit at a moderate pace, driven by industries such as health care and professional and business services. **",report,2019-09-01,2019-09-30,0.0,31
2019-10-01,2019-10-01,2019-10-31,3.3,Objective facts about the influenza situation** NA (No information about the influenza situation is provided in the report.) **,"Long-term predictions** In the long term (next 4-18 months), it is possible that the unemployment rate will continue to decline, and the labor force participation rate will continue to increase. Employment growth may be seen in industries such as health care, professional and business services, and leisure and hospitality. However, the impact of external factors such as global economic trends and government policies may influence the employment situation. Here are the filtered results and my analysis: **;Short-term predictions** Based on the current trends, it is likely that the unemployment rate will remain stable or experience a slight decrease in the short term (next 1-3 months). The labor force participation rate may continue to increase, and employment growth may be seen in industries such as food services and drinking places, social assistance, and financial activities. **",report,2019-10-01,2019-10-31,0.0,31
2019-11-01,2019-11-01,2019-11-30,3.3,Objective facts about the influenza situation** No information available in this report about the influenza situation. **,"Long-term predictions (next 4-18 months)** The labor market is expected to continue its growth trend, with potential increases in wages and employment opportunities. However, factors such as global economic conditions and trade policies may impact the labor market in the long term. Here are the filtered results and analysis: **;Short-term predictions (next 1-3 months)** Based on the current trends, we can expect the labor market to remain strong, with continued employment growth and a stable unemployment rate. **",report,2019-11-01,2019-11-30,0.0,31
2019-12-01,2019-12-01,2019-12-31,3.4,"Objective facts about the influenza situation** * The unemployment rate held at 3.5% in December 2019, and the number of unemployed persons was unchanged at 5.8 million. * The labor force participation rate was unchanged at 63.2% in December. * The employment-population ratio was 61.0% for the fourth consecutive month but was up by 0.4 percentage point over the year. * The number of long-term unemployed (those jobless for 27 weeks or more) was unchanged in December and accounted for 20.5% of the unemployed. * The number of persons employed part-time for economic reasons, at 4.1 million, changed little in December but was down by 507,000 over the year. * The number of marginally attached to the labor force was down by 310,000 from a year earlier, at 1.2 million in December. **","Long-term predictions** * The labor market is expected to continue its gradual improvement, with the unemployment rate potentially decreasing further in the long term. * The labor force participation rate may continue to increase as the economy grows and more jobs become available. Note: LLM stands for ""LLM's opinion"" and indicates my analysis and insights based on the provided data. Here are the filtered results and analysis: **;Short-term predictions** * Based on the current trends, the unemployment rate is likely to remain stable or experience a slight decrease in the short term. * The labor force participation rate may experience a slight increase as more people become encouraged to join the labor force. **",report,2019-12-01,2019-12-31,0.0,31
2020-01-01,2020-01-01,2020-01-31,4.0,"The unemployment rate was little changed at 3.6 percent, and the number of unemployed persons was 5.9 million.","In the long term, the labor market is expected to continue its steady growth, with potential increases in labor force participation and employment rates, leading to a possible decrease in the unemployment rate. Here are the filtered results and summaries:;Based on the current trends, it is likely that the unemployment rate will remain around 3.6 percent in the short term, with minimal changes in labor force participation and employment rates.",report,2020-01-01,2020-01-31,0.0,31
2020-02-01,2020-02-01,2020-02-29,3.8,"The unemployment rate was little changed at 3.5 percent, and the number of unemployed persons, at 5.8 million, changed little in February. The unemployment rate has been either 3.5 percent or 3.6 percent for the past 6 months.","The long-term prospects for the labor market look promising, with potential for continued job growth and low unemployment rates. Here are the filtered results and analysis related to predicting Monthly United States Unemployment Rate: Overall and by race:;Based on the current trends, it is likely that the unemployment rate will remain stable or slightly decrease in the short term.",report,2020-02-01,2020-02-29,0.0,31
2020-03-01,2020-03-01,2020-03-31,4.5,"The household survey provides information on the labor force, employment, and unemployment that appears in the ""A"" tables, marked HOUSEHOLD DATA.","In the long term, the unemployment rate may continue to fluctuate around the current rate, depending on various economic factors such as job growth, industry trends, and seasonal adjustments. Note: The provided data does not include information on unemployment rates by race, so no specific predictions can be made for that aspect. Here is the filtered information useful for making predictions about the Monthly United States Unemployment Rate: Overall and by race:;Based on the current situation, a short-term prediction for the next 1-3 months could be a slight increase in the unemployment rate due to seasonal fluctuations.",report,2020-03-01,2020-03-31,0.0,31
2020-04-01,2020-04-01,2020-04-30,14.4,"Objective Facts** * The unemployment rate increased by 10.3 percentage points to 14.7 percent in April 2020, the highest rate and largest over-the-month increase in the history of the series. * The number of unemployed persons rose by 15.9 million to 23.1 million in April. * Unemployment rates rose sharply among all major worker groups, with the rate being 13.0 percent for adult men, 15.5 percent for adult women, 31.9 percent for teenagers, 14.2 percent for Whites, 16.7 percent for Blacks, 14.5 percent for Asians, and 18.9 percent for Hispanics. **","Long-term Predictions** In the long term, the labor market is likely to recover as the pandemic subsides and economic activity resumes. However, the recovery may be slow and uneven, with certain industries and demographic groups taking longer to recover. Policymakers will need to implement targeted interventions to support the most vulnerable groups and stimulate economic growth. Here is the filtered information relevant to predicting Monthly United States Unemployment Rate: Overall and by race:;Short-term Predictions** In the short term, it is likely that the unemployment rate will remain elevated, as the economy continues to grapple with the effects of the pandemic. The labor market is likely to experience further job losses, particularly in industries that are heavily affected by social distancing measures and lockdowns. **",report,2020-04-01,2020-04-30,0.0,31
2020-05-01,2020-05-01,2020-05-31,13.0,"The US unemployment rate has risen significantly, with a real unemployment rate of 23.9% and an official unemployment rate expected to be an undercount.","In the long-term, the US labor market may experience a shift in the supply and demand for skills, with employers potentially increasing education requirements for open positions, as seen during the Great Recession.;In the short-term, the unemployment rate is likely to remain high, with a potential further increase in job losses and a slow recovery in the labor market.",search,2020-05-25,2020-05-31,0.0,31
2020-06-01,2020-06-01,2020-06-30,11.2,"Objective facts about the influenza situation** The unemployment rate declined by 2.2 percentage points to 11.1 percent in June, and the number of unemployed persons fell by 3.2 million to 17.8 million. **","Long-term predictions (next 4-18 months)** In the long term, the unemployment rate is likely to continue its downward trend, as the economy recovers from the pandemic. However, the recovery may be slow and uneven, and the unemployment rate may not return to its pre-pandemic level for some time. Additionally, there may be structural changes in the labor market, such as a shift towards more remote work, that could affect the unemployment rate in the long term. Here are the filtered results: **;Short-term predictions (next 1-3 months)** Based on the current trends, it is likely that the unemployment rate will continue to decline in the short term, as more businesses reopen and people return to work. However, the pace of decline may slow down, and the unemployment rate may still remain higher than its pre-pandemic level. **",report,2020-06-01,2020-06-30,0.0,31
2020-07-01,2020-07-01,2020-07-31,10.5,Objective facts about the influenza situation: The report does not mention the influenza situation.,"Long-term predictions: The labor market is expected to take several months to fully recover from the impact of the coronavirus pandemic. The unemployment rate may return to pre-pandemic levels, but it may take time for the labor force participation rate to recover. Here are the filtered results and my analysis: **;Short-term predictions: The labor market is likely to continue its gradual recovery in the short term, with the unemployment rate possibly declining further and employment rising in certain industries.",report,2020-07-01,2020-07-31,0.0,31
2020-08-01,2020-08-01,2020-08-31,8.5,"Objective Facts:** * The unemployment rate declined by 1.8 percentage points to 8.4% in August 2020. * The number of unemployed persons fell by 2.8 million to 13.6 million in August 2020. * Among the major worker groups, the unemployment rates declined in August for adult men (8.0%), adult women (8.4%), teenagers (16.1%), Whites (7.3%), Blacks (13.0%), and Hispanics (10.5%). * The number of persons employed part-time for economic reasons declined by 871,000 to 7.6 million in August 2020. **","Long-term Predictions (next 4-18 months):** * The labor market is expected to continue its recovery, with the unemployment rate potentially returning to pre-pandemic levels. * The job market may experience a shift towards more full-time employment and fewer part-time jobs. Here are the filtered results and my analysis: **;Short-term Predictions (next 1-3 months):** * The unemployment rate is likely to continue to decline, but at a slower pace, as the labor market continues to recover from the pandemic. * The number of part-time workers for economic reasons may continue to decrease as more people find full-time employment. **",report,2020-08-01,2020-08-31,0.0,31
2020-09-01,2020-09-01,2020-09-30,7.7,: Objective facts about the influenza situation** * The unemployment rate declined by 0.5 percentage points to 7.9% in September 2020. (Source) * The number of unemployed persons fell by 1.0 million to 12.6 million in September 2020. (Source) * The labor force participation rate decreased by 0.3 percentage points to 61.4% in September 2020. (Source) * The number of persons employed part-time for economic reasons declined by 1.3 million to 6.3 million in September 2020. (Source) **,": Long-term predictions (next 4-18 months)** * The labor market is likely to continue to recover, but the pace of recovery may slow down as the economy approaches full employment. * The labor force participation rate may eventually return to pre-pandemic levels, but it may take several months or even years. Here are the filtered results and analysis of the Monthly United States Employment Situation from 2020 09/01 to 2020 09/30: **;: Short-term predictions (next 1-3 months)** * The unemployment rate is likely to continue to decline gradually, but may still remain above pre-pandemic levels. * The labor force participation rate may continue to fluctuate, but is likely to remain below pre-pandemic levels. **",report,2020-09-01,2020-09-30,0.0,31
2020-10-01,2020-10-01,2020-10-31,6.6,": Objective facts about the influenza situation: * The unemployment rate declined by 1.0 percentage point to 6.9 percent in October, and the number of unemployed persons fell by 1.5 million to 11.1 million. (Source) * Unemployment rates declined among all major worker groups in October, including adult men, adult women, teenagers, Whites, Blacks, Asians, and Hispanics. (Source) * The number of persons on temporary layoff fell by 1.4 million to 3.2 million, and the number of permanent job losers changed little over the month but is 2.4 million higher than in February. (Source)",": Long-term predictions (next 4-18 months): * The labor market is likely to continue to recover, with the unemployment rate eventually returning to pre-pandemic levels. * However, the recovery may be slow and uneven, with some industries and demographic groups taking longer to recover than others. Here is the filtered information useful for making predictions about the Monthly United States Unemployment Rate: Overall and by race:;: Short-term predictions (next 1-3 months): * The unemployment rate is likely to continue to decline in the short term, driven by the ongoing recovery in the labor market. * The number of persons on temporary layoff may continue to decrease, while the number of permanent job losers may stabilize or decline slightly.",report,2020-10-01,2020-10-31,0.0,31
2020-11-01,2020-11-01,2020-11-30,6.4,"Objective facts about the influenza situation: The report does not mention the influenza situation. The report focuses on the employment situation in the United States, providing data on unemployment rates, employment numbers, and industry trends.","Long-term predictions (next 4-18 months): In the long term, I predict that the labor market will continue to recover, with the unemployment rate eventually returning to its pre-pandemic level. However, the recovery may be slow and uneven, with certain industries taking longer to recover than others. The report suggests that the pandemic has accelerated changes in the labor market, such as the shift to remote work and the growth of industries related to e-commerce, which may have long-term implications for the labor market. Here are the filtered results and my analysis:;Short-term predictions (next 1-3 months): Based on the report, I predict that the labor market will continue to experience a slow recovery, with moderate job growth and a gradual decrease in the unemployment rate. The industries that are currently driving job growth are likely to continue to do so, while those that are experiencing job losses may continue to struggle.",report,2020-11-01,2020-11-30,0.0,31
2020-12-01,2020-12-01,2020-12-31,6.5,"Objective facts about the influenza situation: The report does not mention the influenza situation. The data provided is related to the employment situation in the United States, specifically the unemployment rate, labor force, and employment numbers.","Long-term predictions: In the long term, the employment situation in the United States is likely to recover from the pandemic, with the unemployment rate decreasing and the labor force participation rate and employment-population ratio increasing. However, the report notes that the pandemic has accelerated changes in the job market, such as the shift to remote work, and these changes may have long-term effects on the employment landscape. Here are the relevant information and my analysis about the Monthly United States Unemployment Rate: Overall and by race:;Short-term predictions: Based on the current trends, it is likely that the unemployment rate will remain around 6.7% in the short term, with some fluctuations. The labor force participation rate and employment-population ratio may also remain stable or experience small changes. However, the report notes that the pandemic is still affecting the job market, and new waves of infections or changes in government policies could impact employment numbers.",report,2020-12-01,2020-12-31,0.0,31
2021-01-01,2021-01-01,2021-01-31,6.8,"As of December 2020, some states in the US have statistically significant unemployment rate changes.","In the long-term, the US economy may experience a slow and gradual recovery, with unemployment rates decreasing as businesses and industries adapt to the new normal.;In the short-term, it is likely that unemployment rates will remain high, and the economy will continue to struggle to recover from the pandemic.",search,2021-01-25,2021-01-31,0.0,31
2021-02-01,2021-02-01,2021-02-28,6.6,"In 2020, 73.3 million workers age 16 and older in the United States were paid at hourly rates, representing 55.5 percent of all wage and salary workers.","In the long-term, the economy may experience a distinct feature of rapid reduction in unemployment rates, accompanied by falling interest rates in the United States.;The short-term future may see continued improvement in unemployment rates, but with potential constraints from unemployment insurance taxes.",search,2021-02-22,2021-02-28,0.0,31
2021-03-01,2021-03-01,2021-03-31,6.2,"The unemployment rate edged down to 6.0 percent in March, down considerably from its recent high in April 2020 but 2.5 percentage points higher than its pre-pandemic level in February 2020. The number of unemployed persons, at 9.7 million, continued to trend down in March but is 4.0 million higher than in February 2020.","In the long term, we can predict that the labor market will continue to recover, with the unemployment rate gradually decreasing to around 4.5-5.0% in the next 4-18 months. However, this will depend on various factors such as the pace of economic growth, government policies, and the ongoing impact of the pandemic. Here is the filtered information useful for making predictions about Monthly United States Unemployment Rate: Overall and by race:;Based on the current trends, we can predict that the unemployment rate will continue to decrease in the short term, possibly reaching around 5.5-5.8% in the next 1-3 months.",report,2021-03-01,2021-03-31,0.0,31
2021-04-01,2021-04-01,2021-04-30,5.7,"Objective facts about the influenza situation: The unemployment rate was little changed at 6.1 percent, and the number of unemployed persons was little changed at 9.8 million.","Long-term predictions (next 4-18 months): In the long term, the labor market is expected to continue its recovery, with the unemployment rate gradually decreasing as more jobs are created and the economy grows. However, the recovery is likely to be slow and uneven, with some industries and demographics taking longer to recover than others. Here is the filtered information useful for making predictions about the Monthly United States Unemployment Rate: Overall and by race:;Short-term predictions (next 1-3 months): Based on the current trends, it is likely that the unemployment rate will remain around 6.1 percent in the short term, with little change in the number of unemployed persons. The labor market is expected to continue its slow and uneven recovery.",report,2021-04-01,2021-04-30,0.0,31
2021-05-01,2021-05-01,2021-05-31,5.5,"The unemployment rate declined by 0.3 percentage point to 5.8 percent, and the number of unemployed persons fell by 496,000 to 9.3 million.","In the long term, I predict that the labor market will continue to recover, with the unemployment rate approaching its pre-pandemic level. The labor force participation rate may also return to its pre-pandemic level as the economy grows and more job opportunities become available. Here are the relevant information and my analysis on the Monthly United States Unemployment Rate: Overall and by race:;In the short term, I predict that the unemployment rate will continue to decline, albeit slowly, as the economy continues to recover from the pandemic. The labor force participation rate may also increase as more people return to the workforce.",report,2021-05-01,2021-05-31,0.0,31
2021-06-01,2021-06-01,2021-06-30,6.1,Objective facts about the influenza situation: The report does not mention influenza or any related data.,"Long-term predictions: In the long term, the labor market is expected to continue its recovery, with the unemployment rate potentially reaching pre-pandemic levels (around 3.5%) within the next 12-18 months. However, the pace of recovery may slow down as the economy approaches full employment, and industries may need to adapt to new challenges and opportunities. Here is the filtered information useful for making predictions about the Monthly United States Unemployment Rate: Overall and by race:;Short-term predictions: Based on the current trends, it is likely that the unemployment rate will continue to decrease in the short term, potentially reaching around 5.5% in the next 1-3 months. Job growth is expected to continue, with a focus on industries that were heavily impacted by the pandemic.",report,2021-06-01,2021-06-30,0.0,31
2021-07-01,2021-07-01,2021-07-31,5.7,"The unemployment rate declined by 0.5 percentage point to 5.4 percent in July, and the number of unemployed persons fell by 782,000 to 8.7 million. The labor force participation rate was little changed at 61.7 percent in July.","In the long-term, we can expect the labor market to return to its pre-pandemic levels, with employment and labor force participation rates recovering. However, the pandemic may have caused some permanent scarring, leading to a slightly higher unemployment rate than before the pandemic. Note: The analysis only focuses on the information relevant to predicting the Monthly United States Unemployment Rate: Overall and by race. Here is the filtered information useful for making predictions about the Monthly United States Unemployment Rate: Overall and by race:;In the short-term, we can expect the labor market to continue its recovery, with job gains in industries that were heavily impacted by the pandemic. The unemployment rate may continue to decline, but the labor force participation rate may remain stagnant.",report,2021-07-01,2021-07-31,0.0,31
2021-08-01,2021-08-01,2021-08-31,5.3,"Objective facts about the influenza situation** * The unemployment rate declined by 0.2 percentage point to 5.2 percent in August. * The number of unemployed persons edged down to 8.4 million, following a large decrease in July. * The jobless rates for adult men (5.1 percent) and Whites (4.5 percent) declined in August, while the rate for teenagers (11.2 percent) increased. * The number of long-term unemployed (those jobless for 27 weeks or more) decreased by 246,000 in August to 3.2 million. **","Long-term predictions** * The labor market is likely to continue its recovery, with unemployment rates potentially returning to pre-pandemic levels within the next 12-18 months. * The job market may experience a shift towards more service-oriented industries, with potential growth in industries such as healthcare and technology. Here are the filtered results and analysis: **;Short-term predictions** * The labor market is likely to continue its recovery, with unemployment rates potentially declining further in the next few months. * Job gains may continue in industries such as professional and business services, transportation and warehousing, and manufacturing. **",report,2021-08-01,2021-08-31,0.0,31
2021-09-01,2021-09-01,2021-09-30,4.6,"Objective facts about the unemployment situation: * The unemployment rate fell by 0.4 percentage point to 4.8% in September 2021. * The number of unemployed persons fell by 710,000 to 7.7 million in September 2021. * The labor force participation rate was little changed at 61.6% in September 2021 and has remained within a narrow range of 61.4% to 61.7% since June 2020. * The employment-population ratio, at 58.7%, edged up in September 2021. * The number of persons employed part-time for economic reasons, at 4.5 million, was essentially unchanged for the second month in a row.","Long-term predictions (next 4-18 months): * The labor market is likely to continue its recovery, with the unemployment rate potentially reaching pre-pandemic levels (around 3.5%) by the end of 2022 or early 2023. * The labor force participation rate and employment-population ratio may also increase as the labor market continues to recover and more people return to work. Here is the analysis of the Monthly United States Employment Situation report:;Short-term predictions (next 1-3 months): * The unemployment rate is likely to continue its downward trend, potentially reaching 4.5% or lower in the next few months. * Employment growth is expected to remain strong in industries such as leisure and hospitality, professional and business services, and retail trade.",report,2021-09-01,2021-09-30,0.0,31
2021-10-01,2021-10-01,2021-10-31,4.3,The unemployment rate in the United States more than doubled from 3.7% to 8.3% during the pandemic.,"In the next few months, the economy may see a gradual recovery as vaccination rates increase and restrictions are lifted, leading to a decrease in unemployment rates.;In the next 1-4 weeks, unemployment rates may continue to fluctuate as states and the federal government implement policies to address the pandemic's economic impact.",search,2021-10-25,2021-10-31,0.0,31
2021-11-01,2021-11-01,2021-11-30,3.9,"Objective facts about the influenza situation** * The unemployment rate fell by 0.4 percentage point to 4.2 percent in November. * The number of unemployed persons fell by 542,000 to 6.9 million. * The labor force participation rate edged up to 61.8 percent in November. * The employment-population ratio increased by 0.4 percentage point to 59.2 percent in November. **","Long-term predictions** * The labor market is expected to continue its recovery, with the unemployment rate potentially returning to pre-pandemic levels in the long term. * However, the impact of the pandemic on the labor market may be long-lasting, and it may take some time for the labor market to fully recover. Here is the filtered information and analysis about the Monthly United States Unemployment Rate: Overall and by race: **;Short-term predictions** * The unemployment rate is likely to continue its downward trend in the short term, driven by the ongoing economic recovery. * The labor force participation rate may also continue to increase as more workers enter the labor market. **",report,2021-11-01,2021-11-30,0.0,31
2021-12-01,2021-12-01,2021-12-31,3.7,Objective facts about the influenza situation** There is no mention of the influenza situation in the provided text. **,"Long-term predictions (next 4-18 months)** In the long term, the labor market is expected to continue its upward trend, with the unemployment rate potentially reaching pre-pandemic levels. The economy may experience steady growth, leading to increased employment opportunities and a more inclusive labor market. Here are the filtered results and analysis related to predicting Monthly United States Unemployment Rate: Overall and by race:;Short-term predictions (next 1-3 months)** Based on the current trend, it is likely that the unemployment rate will continue to decline or remain stable in the short term. The labor market may continue to become more inclusive, with unemployment rates declining for other demographics as well. **",report,2021-12-01,2021-12-31,0.0,31
2022-01-01,2022-01-01,2022-01-31,4.4,Objective facts about the influenza situation: The report does not mention influenza or any pandemic-related data.,"Predictions for the long-term future (next 4-18 months): The labor market is expected to continue recovering, with the unemployment rate decreasing gradually. However, the pace of growth may slow down as the economy approaches full employment. Note: The predictions are based on the analysis of the current situation and the trends observed in the data. They are subjective and may not reflect the actual outcomes. Here are the filtered results useful for making predictions about the Monthly United States Unemployment Rate: Overall and by race, summarized into 5 parts:;Predictions for the short-term future (next 1-3 months): The unemployment rate is likely to remain steady or decrease slightly, as the labor market continues to recover. Nonfarm employment is expected to continue growing, although at a slower pace.",report,2022-01-01,2022-01-31,0.0,31
2022-02-01,2022-02-01,2022-02-28,4.1,Objective facts about the influenza situation: The report does not mention the influenza situation.,"Long-term predictions (next 4-18 months): In the long term, the labor market is expected to continue its upward trend, with the unemployment rate potentially reaching pre-pandemic levels. However, the number of long-term unemployed individuals may remain a concern. The labor force participation rate and employment-population ratio are expected to continue increasing, indicating a strong labor market. Here are the filtered results to make predictions about the Monthly United States Unemployment Rate: Overall and by race:;Short-term predictions (next 1-3 months): Based on the current trend, it is likely that the unemployment rate will continue to decrease or remain stable in the short term. The labor market is expected to continue growing, with increases in employment in various industries.",report,2022-02-01,2022-02-28,0.0,31
2022-03-01,2022-03-01,2022-03-31,3.8,"Objective facts about the influenza situation: * The unemployment rate declined by 0.2 percentage point to 3.6 percent in March. * The number of unemployed persons decreased by 318,000 to 6.0 million. * The jobless rates for adult men (3.4 percent), teenagers (10.0 percent), Whites (3.2 percent), Blacks (6.2 percent), Asians (2.8 percent), and Hispanics (4.2 percent) showed little change over the month. * The labor force participation rate, at 62.4 percent, changed little in March. * The employment-population ratio increased by 0.2 percentage point to 60.1 percent.","Long-term predictions (next 4-18 months): * The labor market is likely to continue its growth trajectory, leading to further declines in the unemployment rate. * Jobless rates for different demographics may experience some fluctuations, but are likely to remain relatively stable in the long term. Here is the filtered information relevant to making predictions about the Monthly United States Unemployment Rate: Overall and by race:;Short-term predictions (next 1-3 months): * The unemployment rate is likely to continue its downward trend or remain stable in the short term, given the strong labor market. * Jobless rates for different demographics are likely to remain relatively stable in the short term.",report,2022-03-01,2022-03-31,0.0,31
2022-04-01,2022-04-01,2022-04-30,3.3,"Objective facts about the unemployment situation** * The unemployment rate remained at 3.6% in April, and the number of unemployed persons was essentially unchanged at 5.9 million. * The number of long-term unemployed (those jobless for 27 weeks or more) was little changed at 1.5 million in April. * The labor force participation rate, at 62.2%, and the employment-population ratio, at 60.0%, were little changed over the month. * The number of persons employed part time for economic reasons was little changed at 4.0 million in April. **","Long-term predictions** * The labor market is likely to continue its slow recovery in the long term, with the unemployment rate gradually decreasing over the next 4-18 months. * The number of long-term unemployed and those working part-time for economic reasons may decrease as the labor market continues to recover. Here are the filtered results and my analysis: **;Short-term predictions** * The unemployment rate is likely to remain stable in the short term, with minimal changes expected in the next 1-3 months. * The labor force participation rate and employment-population ratio may also remain stable in the short term. **",report,2022-04-01,2022-04-30,0.0,31
2022-05-01,2022-05-01,2022-05-31,3.4,"The unemployment rate in the United States was 3.5% in February 2020, and it has remained steady at a historically low 3.6% as of May 2022.","In the long term, the economy may face challenges from underlying issues such as the opioid addiction crisis and the need to support workers with disabilities. Addressing these challenges could lead to a more sustainable and equitable economic growth.;In the short term, the unemployment rate is likely to remain steady or decline further, given the current economic trends.",search,2022-05-23,2022-05-29,2.0,31
2022-06-01,2022-06-01,2022-06-30,3.8,"The national unemployment rate in the United States has returned to end-2019 levels, around 4.2% as of October 2021.","In the long-term, the US economy is likely to experience a period of sustained growth, with unemployment rates remaining low and stable. Note: There is no information in the search results that provides insight into specific economic indicators, such as GDP growth or inflation rates, that could be used to make more precise predictions.;In the short-term, the unemployment rate is likely to remain stable or decline slightly as the economy continues to recover.",search,2022-06-20,2022-06-26,4.0,31
2022-07-01,2022-07-01,2022-07-31,3.8,"Minnesota's labor force participation has declined significantly, with a 9th largest decline in the country from February 2020 to June 2022.","In the long term, the economy may experience a shift towards a more structural unemployment, where workers may need to acquire new skills to adapt to changing job market demands.;In the short term, the unemployment rate may continue to remain low, but the decline in labor force participation may lead to a decrease in economic growth.",search,2022-07-25,2022-07-31,0.0,31
2022-08-01,2022-08-01,2022-08-31,3.8,The national unemployment rate in the United States has been trending downward since its peak in April 2020.,"In the long term, the economy may recover more slowly if the underlying issues of inequality and unequal job growth are not addressed, potentially leading to a more sluggish recovery.;In the short term, the national unemployment rate is likely to continue its downward trend, but the gap between Black and White unemployment rates may persist.",search,2022-08-22,2022-08-28,3.0,31
2022-09-01,2022-09-01,2022-09-30,3.3,"The unemployment rate in the United States was 3.7% in August, according to the Bureau of Labor Statistics.","In the long-term, the economy may face structural challenges, such as the collapse of work for men in modern America, which could lead to sustained high unemployment rates.;In the short-term, unemployment rates may rise in regions with dominant employers, particularly in poorer areas, as interest rates continue to rise.",search,2022-09-19,2022-09-25,5.0,31
2022-10-01,2022-10-01,2022-10-31,3.4,"The US unemployment rate was 3.9% in September 2022, with 274,000 workers added to the establishment employment count.","In the long-term, if labor market tightness persists, it could lead to higher inflation and recession fears, which could impact the overall economic growth.;In the short-term, it is likely that unemployment rates will continue to fluctuate across states, with some experiencing improvements while others struggle.",search,2022-10-24,2022-10-30,1.0,31
2022-11-01,2022-11-01,2022-11-30,3.4,"In 2021, New York's unemployment rate was the third highest in the country.","In the long term, the US labor market may face structural changes due to the pandemic, potentially leading to increased economic hardship and inequality.;In the short term, the labor market may experience a decline in job openings and an increase in unemployment rates, potentially leading to a more balanced job market.",search,2022-11-21,2022-11-27,3.0,31
2022-12-01,2022-12-01,2022-12-31,3.3,"The unemployment rate for the United States declined by 1.7 percentage points to 3.6 percent from 2021 to 2022. The rate varied across race and ethnicity groups, with the highest rates for American Indians and Alaska Natives (6.2 percent), Blacks or African Americans (6.1 percent), and people categorized as being of Two or More Races (5.5 percent). The unemployment rate for Native Hawaiians and Other Pacific Islanders was 4.0 percent, while the rates for Asians (2.8 percent) and Whites (3.2 percent) were lower than the national rate. The rate for people of Hispanic or Latino ethnicity was 4.3 percent, compared with the rate of 3.5 percent for non-Hispanics.","In the long term, addressing the underlying factors contributing to labor market differences, such as educational attainment and discrimination, may help to reduce the unemployment rate gaps across race and ethnicity groups. Additionally, policies aimed at promoting diversity, equity, and inclusion in the workplace may also contribute to a more equitable labor market. Here is the filtered information and analysis:;Based on the current trends, it is likely that the unemployment rates for different race and ethnicity groups will continue to vary in the short term. The rates may fluctuate slightly due to economic changes, but the overall pattern of higher unemployment rates for American Indians and Alaska Natives, Blacks or African Americans, and people categorized as being of Two or More Races is likely to persist.",report,2022-01-01,2022-12-31,0.0,31
2023-01-01,2023-01-01,2023-01-31,3.9,The unemployment rate in the US was estimated at 1.4% in 2019 and 1.6% in 2021 among doctoral scientists and engineers.,"In the long-term, the labor market may experience more significant changes, driven by factors such as demographic shifts, technological advancements, and global economic trends.;In the short-term, the labor market is likely to continue its modest growth, with unemployment rates remaining relatively low.",search,2023-01-23,2023-01-29,2.0,31
2023-02-01,2023-02-01,2023-02-28,3.9,"The unemployment rate in the United States is projected to rise, with the Congressional Budget Office (CBO) revising its projection upward due to a reduction in economic growth in 2023.","In the long term, the rising economic inequality and polarization could lead to social and political instability, which could negatively impact economic growth and stability.;In the short term, the labor market is likely to remain tight, with low unemployment rates and high job vacancies, which could lead to upward pressure on wages and prices.",search,2023-02-20,2023-02-26,2.0,31
2023-03-01,2023-03-01,2023-03-31,3.6,"As of 2022 Q4, the U.S. economy showed no signs of a downturn, with GDP growth exceeding expectations.","In the long-term, the low unemployment rates and strong labor market may lead to increased inflationary pressures, which could impact the overall economy and lead to a potential downturn.;In the short-term, the labor market is likely to remain strong, with continued low unemployment rates and steady job growth, supporting economic growth.",search,2023-03-20,2023-03-26,5.0,31
2023-04-01,2023-04-01,2023-04-30,3.1,The unemployment rates are calculated using methods prescribed by the U.S. Bureau of Labor Statistics.,"In the long-term, the economy may experience a shift in consumer behavior, potentially affecting the labor market and unemployment rates.;In the short-term, the labor market is likely to continue showing strength, with unemployment rates remaining low.",search,2023-04-24,2023-04-30,0.0,31
2023-05-01,2023-05-01,2023-05-31,3.4,"The unemployment rate has been decreasing, with 20 states reporting an unemployment rate under 3% in April 2023, and the overall unemployment rate being lower in 2022 than before COVID-19.","In the long-term future (next few months), it is possible that the labor market will continue to grow, leading to further decreases in unemployment rates and potential increases in wages. However, it is also important to monitor potential risks such as banking distress and its impact on economic activity.;In the short-term future (next 1-4 weeks), it is likely that the unemployment rate will continue to decline or remain stable, given the current trends and the strong labor market.",search,2023-05-22,2023-05-28,3.0,31
2023-06-01,2023-06-01,2023-06-30,3.8,The unemployment rate in the United States remained steady at 3.4% as of June 2023.,"In the long-term, the economy may experience a slowdown, leading to an increase in the unemployment rate.;In the short-term, the unemployment rate may remain steady or experience a slight increase as the labor market continues to ease.",search,2023-06-19,2023-06-25,5.0,31
2023-07-01,2023-07-01,2023-07-31,3.8,"The unemployment rate in the United States is projected to reach 4.1 percent by the end of 2023, 2.6 percent in 2024, and 2.2 percent in 2025.","The projected decline in unemployment rates over the next few years suggests a strong economic outlook for the United States, with potential for sustained growth and stability.;Given the current trends, it is likely that the unemployment rate will continue to decline or remain stable in the short term, supporting continued economic growth.",search,2023-07-24,2023-07-30,1.0,31
2023-08-01,2023-08-01,2023-08-31,3.9,"As of July 2023, California's unemployment rate is 4.6%, the third highest in the nation.","In the long-term, the economy may experience a shift towards more stable unemployment rates as the pandemic's effects wear off, but regional disparities may persist.;In the short-term, unemployment rates may continue to fluctuate based on regional factors and the ongoing impact of the pandemic.",search,2023-08-21,2023-08-27,4.0,31
2023-09-01,2023-09-01,2023-09-30,3.6,"The United States' jobless rate rose three-tenths of a percentage point, from 3.5% in July to 3.8% in August.","In the long-term, the labor market may experience a significant shift, with potential changes in the workforce demographics and job market trends, leading to a more stable unemployment rate.;In the short-term, we can expect the unemployment rate to continue to rise, potentially reaching 4% by the end of the year.",search,2023-09-18,2023-09-24,6.0,31
2023-10-01,2023-10-01,2023-10-31,3.6,"The U.S. unemployment rate showed rapid improvement from December 2019 to June 2023, but has since plateaued.","In the long-term future (next few months), the U.S. economy may experience a slowdown in growth, leading to increased food insecurity and potentially higher unemployment rates.;The unemployment rate may remain stagnant or experience a slight increase in the short-term future (next 1-4 weeks) due to the plateauing trend.",search,2023-10-23,2023-10-29,2.0,31
2023-11-01,2023-11-01,2023-11-30,3.5,"As of 2022, the estimated total employment in the US was over 158 million, with an unemployment rate of 3.64%.","The long-term future (next few months) may see continued economic growth, driven by a strong labor market and increased consumer spending.;The short-term future (next 1-4 weeks) is likely to see continued low unemployment rates and stable labor market conditions, with potential for increased consumer spending and economic growth.",search,2023-11-20,2023-11-26,4.0,31
2023-12-01,2023-12-01,2023-12-31,3.5,The United States Gross Domestic Product (GDP) rose 5.2% in the third quarter of 2023.,"The economy is expected to continue its recovery from the pandemic, with steady GDP growth and low unemployment rates in the long term.;With the current economic indicators, it is likely that the unemployment rate will remain stable or decrease in the short term.",search,2023-12-25,2023-12-31,0.0,31
2024-01-01,2024-01-01,2024-01-31,4.1,"The U.S. labor market has recovered rapidly from the 2020 recession, adding over 14 million jobs since January 2021, with the unemployment rate decreasing.","In the long-term, we can expect the labor market to maintain its strong growth trajectory, with a potential shift towards a more stable and sustainable economic growth.;In the short-term, we can expect the labor market to continue its strong recovery, with a potential decrease in unemployment rates and an increase in job additions.",search,2024-01-22,2024-01-28,3.0,31
2024-02-01,2024-02-01,2024-02-29,4.2,"The unemployment rate for people with a disability in the United States was 7.2 percent in 2023, while the rate for those without a disability was unchanged. The annual unemployment rate in the US fell to its lowest point in decades in 2022.","In the long-term future (next few months), I predict that the US economy will continue to recover, with a possible decrease in the overall unemployment rate. However, it is crucial to address the underlying issues and implement policies to reduce the disparities in unemployment rates among different groups.;In the short-term future (next 1-4 weeks), I predict that the unemployment rate will continue to decrease or remain stable, given the current trend of economic recovery. However, the disparities in unemployment rates among different groups may persist.",search,2024-02-19,2024-02-25,4.0,31
2024-03-01,2024-03-01,2024-03-31,3.9,"Objective facts about the Economics situation: The unemployment rate in the United States rose by 0.2 percentage point to 3.9% in February 2024, touching the highest level since January 2022. California's unemployment rate stands at 5.3 percent, the highest in the nation. Unemployment in the United States has been at or below 4% since November 2021. Maine's unemployment rate has been trending below the U.S. unemployment rate since .","Predictions you can make for the long-term future (next few months): The unemployment rate in the United States may continue to rise, potentially affecting the overall economic growth. The health sector employment may be impacted by the overall economic situation, potentially leading to changes in the job market.;Predictions you can make for the short-term future (next 1-4 weeks): NA",search,2024-03-25,2024-03-31,0.0,31
2024-04-01,2024-04-01,2024-04-30,3.5,The official concept of unemployment is published in the Bureau of Labor Statistics' monthly Employment Situation news release.,"In the long term, the labor market may face challenges as the Federal Reserve continues to tighten monetary policy to combat inflation, potentially leading to higher unemployment rates.;In the short term, it is likely that the labor market will continue to show strength, with low unemployment rates and potential further declines in certain states.",search,2024-04-22,2024-04-28,2.0,31
2024-05-01,2024-05-01,2024-05-31,,"The total nonfarm payroll employment increased by 175,000 in April 2024, and the unemployment rate changed little at 3.9 percent.","In the long-term, the unemployment rate may trend downwards as the economy continues to grow, but it may also be affected by external factors such as global economic trends and policy changes.;The unemployment rate is likely to remain around 3.9% in the short-term, with a possible slight increase or decrease depending on the overall economic conditions.",search,2024-04-29,2024-05-05,26.0,31
2024-06-01,2024-06-01,2024-06-30,,No information available,No information available,none,,,,31
2024-07-01,2024-07-01,2024-07-31,,No information available,No information available,none,,,,31
2024-08-01,2024-08-01,2024-08-31,,No information available,No information available,none,,,,31
2024-09-01,2024-09-01,2024-09-30,,No information available,No information available,none,,,,31
2024-10-01,2024-10-01,2024-10-31,,No information available,No information available,none,,,,31
2024-11-01,2024-11-01,2024-11-30,,No information available,No information available,none,,,,31
2024-12-01,2024-12-01,2024-12-31,,No information available,No information available,none,,,,31
