OT,Date,start_date,date,end_date,fact,preds,text_source,text_start_date,text_end_date,text_age_days,text_window_days
80173,1970-01-01,1970-01-01,1970-01-01,1970-01-31,No information available,No information available,none,,,,31
77442,1970-02-01,1970-02-01,1970-02-01,1970-02-28,No information available,No information available,none,,,,31
90223,1970-03-01,1970-03-01,1970-03-01,1970-03-31,No information available,No information available,none,,,,31
89956,1970-04-01,1970-04-01,1970-04-01,1970-04-30,No information available,No information available,none,,,,31
97972,1970-05-01,1970-05-01,1970-05-01,1970-05-31,No information available,No information available,none,,,,31
100035,1970-06-01,1970-06-01,1970-06-01,1970-06-30,No information available,No information available,none,,,,31
106392,1970-07-01,1970-07-01,1970-07-01,1970-07-31,No information available,No information available,none,,,,31
106969,1970-08-01,1970-08-01,1970-08-01,1970-08-31,No information available,No information available,none,,,,31
95254,1970-09-01,1970-09-01,1970-09-01,1970-09-30,No information available,No information available,none,,,,31
96317,1970-10-01,1970-10-01,1970-10-01,1970-10-31,No information available,No information available,none,,,,31
89684,1970-11-01,1970-11-01,1970-11-01,1970-11-30,No information available,No information available,none,,,,31
89911,1970-12-01,1970-12-01,1970-12-01,1970-12-31,No information available,No information available,none,,,,31
85336,1971-01-01,1971-01-01,1971-01-01,1971-01-31,No information available,No information available,none,,,,31
80118,1971-02-01,1971-02-01,1971-02-01,1971-02-28,No information available,No information available,none,,,,31
92974,1971-03-01,1971-03-01,1971-03-01,1971-03-31,No information available,No information available,none,,,,31
98106,1971-04-01,1971-04-01,1971-04-01,1971-04-30,No information available,No information available,none,,,,31
103655,1971-05-01,1971-05-01,1971-05-01,1971-05-31,No information available,No information available,none,,,,31
105433,1971-06-01,1971-06-01,1971-06-01,1971-06-30,No information available,No information available,none,,,,31
112466,1971-07-01,1971-07-01,1971-07-01,1971-07-31,No information available,No information available,none,,,,31
112642,1971-08-01,1971-08-01,1971-08-01,1971-08-31,No information available,No information available,none,,,,31
101290,1971-09-01,1971-09-01,1971-09-01,1971-09-30,No information available,No information available,none,,,,31
102525,1971-10-01,1971-10-01,1971-10-01,1971-10-31,No information available,No information available,none,,,,31
95555,1971-11-01,1971-11-01,1971-11-01,1971-11-30,No information available,No information available,none,,,,31
95515,1971-12-01,1971-12-01,1971-12-01,1971-12-31,No information available,No information available,none,,,,31
92465,1972-01-01,1972-01-01,1972-01-01,1972-01-31,No information available,No information available,none,,,,31
88272,1972-02-01,1972-02-01,1972-02-01,1972-02-29,No information available,No information available,none,,,,31
102926,1972-03-01,1972-03-01,1972-03-01,1972-03-31,No information available,No information available,none,,,,31
103238,1972-04-01,1972-04-01,1972-04-01,1972-04-30,No information available,No information available,none,,,,31
110945,1972-05-01,1972-05-01,1972-05-01,1972-05-31,No information available,No information available,none,,,,31
113265,1972-06-01,1972-06-01,1972-06-01,1972-06-30,No information available,No information available,none,,,,31
118594,1972-07-01,1972-07-01,1972-07-01,1972-07-31,No information available,No information available,none,,,,31
119913,1972-08-01,1972-08-01,1972-08-01,1972-08-31,No information available,No information available,none,,,,31
108072,1972-09-01,1972-09-01,1972-09-01,1972-09-30,No information available,No information available,none,,,,31
108841,1972-10-01,1972-10-01,1972-10-01,1972-10-31,No information available,No information available,none,,,,31
100791,1972-11-01,1972-11-01,1972-11-01,1972-11-30,No information available,No information available,none,,,,31
101040,1972-12-01,1972-12-01,1972-12-01,1972-12-31,No information available,No information available,none,,,,31
96664,1973-01-01,1973-01-01,1973-01-01,1973-01-31,No information available,No information available,none,,,,31
92567,1973-02-01,1973-02-01,1973-02-01,1973-02-28,No information available,No information available,none,,,,31
107490,1973-03-01,1973-03-01,1973-03-01,1973-03-31,No information available,No information available,none,,,,31
108120,1973-04-01,1973-04-01,1973-04-01,1973-04-30,No information available,No information available,none,,,,31
114819,1973-05-01,1973-05-01,1973-05-01,1973-05-31,No information available,No information available,none,,,,31
115859,1973-06-01,1973-06-01,1973-06-01,1973-06-30,No information available,No information available,none,,,,31
121685,1973-07-01,1973-07-01,1973-07-01,1973-07-31,No information available,No information available,none,,,,31
124426,1973-08-01,1973-08-01,1973-08-01,1973-08-31,No information available,No information available,none,,,,31
110332,1973-09-01,1973-09-01,1973-09-01,1973-09-30,No information available,No information available,none,,,,31
113089,1973-10-01,1973-10-01,1973-10-01,1973-10-31,No information available,No information available,none,,,,31
104381,1973-11-01,1973-11-01,1973-11-01,1973-11-30,No information available,No information available,none,,,,31
98856,1973-12-01,1973-12-01,1973-12-01,1973-12-31,No information available,No information available,none,,,,31
95030,1974-01-01,1974-01-01,1974-01-01,1974-01-31,No information available,No information available,none,,,,31
86426,1974-02-01,1974-02-01,1974-02-01,1974-02-28,No information available,No information available,none,,,,31
100736,1974-03-01,1974-03-01,1974-03-01,1974-03-31,No information available,No information available,none,,,,31
104579,1974-04-01,1974-04-01,1974-04-01,1974-04-30,No information available,No information available,none,,,,31
112167,1974-05-01,1974-05-01,1974-05-01,1974-05-31,No information available,No information available,none,,,,31
113888,1974-06-01,1974-06-01,1974-06-01,1974-06-30,No information available,No information available,none,,,,31
120890,1974-07-01,1974-07-01,1974-07-01,1974-07-31,No information available,No information available,none,,,,31
124070,1974-08-01,1974-08-01,1974-08-01,1974-08-31,No information available,No information available,none,,,,31
109125,1974-09-01,1974-09-01,1974-09-01,1974-09-30,No information available,No information available,none,,,,31
112572,1974-10-01,1974-10-01,1974-10-01,1974-10-31,No information available,No information available,none,,,,31
105079,1974-11-01,1974-11-01,1974-11-01,1974-11-30,No information available,No information available,none,,,,31
105083,1974-12-01,1974-12-01,1974-12-01,1974-12-31,No information available,No information available,none,,,,31
98342,1975-01-01,1975-01-01,1975-01-01,1975-01-31,No information available,No information available,none,,,,31
91303,1975-02-01,1975-02-01,1975-02-01,1975-02-28,No information available,No information available,none,,,,31
106070,1975-03-01,1975-03-01,1975-03-01,1975-03-31,No information available,No information available,none,,,,31
107133,1975-04-01,1975-04-01,1975-04-01,1975-04-30,No information available,No information available,none,,,,31
116659,1975-05-01,1975-05-01,1975-05-01,1975-05-31,No information available,No information available,none,,,,31
118388,1975-06-01,1975-06-01,1975-06-01,1975-06-30,No information available,No information available,none,,,,31
124493,1975-07-01,1975-07-01,1975-07-01,1975-07-31,No information available,No information available,none,,,,31
126103,1975-08-01,1975-08-01,1975-08-01,1975-08-31,No information available,No information available,none,,,,31
111399,1975-09-01,1975-09-01,1975-09-01,1975-09-30,No information available,No information available,none,,,,31
115250,1975-10-01,1975-10-01,1975-10-01,1975-10-31,No information available,No information available,none,,,,31
106990,1975-11-01,1975-11-01,1975-11-01,1975-11-30,No information available,No information available,none,,,,31
107945,1975-12-01,1975-12-01,1975-12-01,1975-12-31,No information available,No information available,none,,,,31
102460,1976-01-01,1976-01-01,1976-01-01,1976-01-31,No information available,No information available,none,,,,31
98528,1976-02-01,1976-02-01,1976-02-01,1976-02-29,No information available,No information available,none,,,,31
114284,1976-03-01,1976-03-01,1976-03-01,1976-03-31,No information available,No information available,none,,,,31
117014,1976-04-01,1976-04-01,1976-04-01,1976-04-30,No information available,No information available,none,,,,31
123278,1976-05-01,1976-05-01,1976-05-01,1976-05-31,No information available,No information available,none,,,,31
124128,1976-06-01,1976-06-01,1976-06-01,1976-06-30,No information available,No information available,none,,,,31
130891,1976-07-01,1976-07-01,1976-07-01,1976-07-31,No information available,No information available,none,,,,31
131913,1976-08-01,1976-08-01,1976-08-01,1976-08-31,No information available,No information available,none,,,,31
119431,1976-09-01,1976-09-01,1976-09-01,1976-09-30,No information available,No information available,none,,,,31
121210,1976-10-01,1976-10-01,1976-10-01,1976-10-31,No information available,No information available,none,,,,31
112996,1976-11-01,1976-11-01,1976-11-01,1976-11-30,No information available,No information available,none,,,,31
113030,1976-12-01,1976-12-01,1976-12-01,1976-12-31,No information available,No information available,none,,,,31
102445,1977-01-01,1977-01-01,1977-01-01,1977-01-31,No information available,No information available,none,,,,31
102416,1977-02-01,1977-02-01,1977-02-01,1977-02-28,No information available,No information available,none,,,,31
119960,1977-03-01,1977-03-01,1977-03-01,1977-03-31,No information available,No information available,none,,,,31
121513,1977-04-01,1977-04-01,1977-04-01,1977-04-30,No information available,No information available,none,,,,31
128884,1977-05-01,1977-05-01,1977-05-01,1977-05-31,No information available,No information available,none,,,,31
129321,1977-06-01,1977-06-01,1977-06-01,1977-06-30,No information available,No information available,none,,,,31
136199,1977-07-01,1977-07-01,1977-07-01,1977-07-31,No information available,No information available,none,,,,31
136337,1977-08-01,1977-08-01,1977-08-01,1977-08-31,No information available,No information available,none,,,,31
124203,1977-09-01,1977-09-01,1977-09-01,1977-09-30,No information available,No information available,none,,,,31
127388,1977-10-01,1977-10-01,1977-10-01,1977-10-31,No information available,No information available,none,,,,31
118486,1977-11-01,1977-11-01,1977-11-01,1977-11-30,No information available,No information available,none,,,,31
116257,1977-12-01,1977-12-01,1977-12-01,1977-12-31,No information available,No information available,none,,,,31
109838,1978-01-01,1978-01-01,1978-01-01,1978-01-31,No information available,No information available,none,,,,31
107018,1978-02-01,1978-02-01,1978-02-01,1978-02-28,No information available,No information available,none,,,,31
125035,1978-03-01,1978-03-01,1978-03-01,1978-03-31,No information available,No information available,none,,,,31
122741,1978-04-01,1978-04-01,1978-04-01,1978-04-30,No information available,No information available,none,,,,31
134427,1978-05-01,1978-05-01,1978-05-01,1978-05-31,No information available,No information available,none,,,,31
138883,1978-06-01,1978-06-01,1978-06-01,1978-06-30,No information available,No information available,none,,,,31
148209,1978-07-01,1978-07-01,1978-07-01,1978-07-31,No information available,No information available,none,,,,31
149461,1978-08-01,1978-08-01,1978-08-01,1978-08-31,No information available,No information available,none,,,,31
131385,1978-09-01,1978-09-01,1978-09-01,1978-09-30,No information available,No information available,none,,,,31
132930,1978-10-01,1978-10-01,1978-10-01,1978-10-31,No information available,No information available,none,,,,31
123690,1978-11-01,1978-11-01,1978-11-01,1978-11-30,No information available,No information available,none,,,,31
124595,1978-12-01,1978-12-01,1978-12-01,1978-12-31,No information available,No information available,none,,,,31
114354,1979-01-01,1979-01-01,1979-01-01,1979-01-31,No information available,No information available,none,,,,31
109650,1979-02-01,1979-02-01,1979-02-01,1979-02-28,No information available,No information available,none,,,,31
131406,1979-03-01,1979-03-01,1979-03-01,1979-03-31,No information available,No information available,none,,,,31
129539,1979-04-01,1979-04-01,1979-04-01,1979-04-30,No information available,No information available,none,,,,31
132394,1979-05-01,1979-05-01,1979-05-01,1979-05-31,No information available,No information available,none,,,,31
131192,1979-06-01,1979-06-01,1979-06-01,1979-06-30,No information available,No information available,none,,,,31
134853,1979-07-01,1979-07-01,1979-07-01,1979-07-31,No information available,No information available,none,,,,31
139942,1979-08-01,1979-08-01,1979-08-01,1979-08-31,No information available,No information available,none,,,,31
127576,1979-09-01,1979-09-01,1979-09-01,1979-09-30,No information available,No information available,none,,,,31
131619,1979-10-01,1979-10-01,1979-10-01,1979-10-31,No information available,No information available,none,,,,31
123381,1979-11-01,1979-11-01,1979-11-01,1979-11-30,No information available,No information available,none,,,,31
123226,1979-12-01,1979-12-01,1979-12-01,1979-12-31,No information available,No information available,none,,,,31
116462,1980-01-01,1980-01-01,1980-01-01,1980-01-31,"The United States experienced an Air Traffic Controllers' strike on August 3, 1981, which led to restrictions on air travel.","In the long-term, the transportation sector in the United States may experience changes in response to economic shifts and technological advancements, potentially leading to increased efficiency and safety. Note: The information provided is limited and mostly related to specific events in 1980 and 1981. Therefore, the predictions and analysis are also limited in scope.Here is the summarized information:;In the short-term, air travel may continue to be affected by the aftermath of the Air Traffic Controllers' strike, leading to potential disruptions and restrictions.",search,1980-01-14,1980-01-20,11.0,31
107338,1980-02-01,1980-02-01,1980-02-01,1980-02-29,The Raspberry Pi Based Implementation of Wearable Smart Cap uses a Web Camera to take continuous images to detect traffic signs and signals from the real environment.,"In the long-term, the widespread adoption of such technologies could lead to significant improvements in traffic flow and safety, potentially reducing congestion and accidents. Note: The first title is irrelevant to Traffic and Transportation, so I didn't include it in the summary.Unfortunately, the provided search results do not contain any relevant information about Traffic and Transportation. The results appear to be unrelated articles from 1980, discussing various topics such as sports, economics, social issues, and a personal story about a car company. As a result, I must conclude that there is no useful information to summarize for making predictions about Traffic and Transportation. Here is the output:;In the short-term, we can expect to see more innovative solutions like the Wearable Smart Cap being developed to improve traffic safety and management.",search,1980-02-18,1980-02-24,5.0,31
125179,1980-03-01,1980-03-01,1980-03-01,1980-03-31,"The Road Traffic (Amendment) Regulations, 1980 were published in the Government Gazette on March 28, 1980.","In the long-term future, we can expect to see potential issues with water and waste engineering affecting transportation infrastructure development, and efforts to address these issues through improved curriculum in teacher training colleges.Here is the summarized information:;In the short-term future, we can expect to see continued efforts to regulate and improve traffic conditions, with a focus on implementing new regulations and amendments.",search,1980-03-24,1980-03-30,1.0,31
125698,1980-04-01,1980-04-01,1980-04-01,1980-04-30,"The article from Calgary Herald on Apr 26, 1980, mentions a neighborhood pub in a South Central Interior city with high volume residential traffic.",NAHere is the filtered and summarized information:;NA,search,1980-04-21,1980-04-27,3.0,31
131269,1980-05-01,1980-05-01,1980-05-01,1980-05-31,Objective facts about the Traffic and Transportation situation: NA (no relevant information found),"Long-term predictions: NA (no relevant information found) The search results seem to be unrelated to Traffic and Transportation, and instead appear to be about historical events and conventions. Therefore, no useful information can be gleaned to make predictions about Traffic and Transportation.;Short-term predictions: NA (no relevant information found)",search,1980-05-19,1980-05-25,6.0,31
131679,1980-06-01,1980-06-01,1980-06-01,1980-06-30,There is no direct information about the current traffic and transportation situation in these search results.,NAHere is the filtered and summarized information:;NA,search,1980-06-23,1980-06-29,1.0,31
136250,1980-07-01,1980-07-01,1980-07-01,1980-07-31,"The reversible lanes on Nicholasville Road in Lexington, KY were implemented, diverting traffic in the direction of peak flow, resulting in a small increase in travel time in the off-peak direction.","In the long-term, it is possible that more advanced traffic management systems will be implemented to further reduce congestion and minimize travel times. Note: The other search results did not provide relevant information for making predictions about Traffic and Transportation, so they were discarded.Here is the filtered and summarized information:;In the short-term, it is likely that traffic flow will continue to be managed through strategies like reversible lanes, and travel times may remain relatively stable.",search,1980-07-21,1980-07-27,4.0,31
138666,1980-08-01,1980-08-01,1980-08-01,1980-08-31,The traffic committees decided to create new spaces on weekdays.,NAHere is the summarized information:;NA,search,1980-08-25,1980-08-31,0.0,31
127482,1980-09-01,1980-09-01,1980-09-01,1980-09-30,Objective facts about the Traffic and Transportation situation: The volume of general cargo traffic moving from North America and the Baltic to Ireland is significant.,"Predictions you can make for the long-term future (next few months): NA Note: The provided search results do not contain relevant information about Traffic and Transportation that can be used to make predictions. The results are mostly unrelated to the topic, with a few mentions of traffic or travel that do not provide any useful insights or data.Here is the filtered and summarized information relevant to predicting Traffic and Transportation:;Predictions you can make for the short-term future (next 1-4 weeks): NA",search,1980-09-22,1980-09-28,2.0,31
132615,1980-10-01,1980-10-01,1980-10-01,1980-10-31,The United States is mentioned as a country with traveling and transportation activities in the 1980s.,NA;NA,search,1980-10-20,1980-10-26,5.0,31
123420,1980-11-01,1980-11-01,1980-11-01,1980-11-30,The provided search results do not contain any relevant objective facts about the current Traffic and Transportation situation.,NAHere is the filtered and summarized information:;NA,search,1980-11-24,1980-11-30,0.0,31
124798,1980-12-01,1980-12-01,1980-12-01,1980-12-31,"There is no direct information about the current traffic and transportation situation. However, there are mentions of traffic in the context of road type and average daily travel (ADT) in the San Francisco Department of Traffic Engineering and Parking.",NAHere is the filtered and summarized information relevant to predicting Traffic and Transportation:;NA,search,1980-12-15,1980-12-21,10.0,31
116049,1981-01-01,1981-01-01,1981-01-01,1981-01-31,There is no relevant information about traffic and transportation in the provided search results.,NAHere is the filtered and summarized information relevant to predicting Traffic and Transportation:;NA,search,1981-01-19,1981-01-25,6.0,31
109765,1981-02-01,1981-02-01,1981-02-01,1981-02-28,"The Indian Railways experienced a shortfall in revenue-earning traffic during the first seven months of 1980, with reference to the proportionate budget target.","In the long-term, it is possible that investments in rail planning and support will lead to improved transportation infrastructure and more efficient traffic management. Here is the filtered and summarized information:;In the short-term, it is likely that transportation authorities will continue to gather data and plan alternatives to address the shortfall in revenue-earning traffic.",search,1981-02-16,1981-02-22,6.0,31
127798,1981-03-01,1981-03-01,1981-03-01,1981-03-31,"The town of Jaffrey had a traffic center in the old town area, and there was a considerable diversion of travel and freight in the direction of a specific highway as of 1981.",NA;NA,search,1981-03-23,1981-03-29,2.0,31
128465,1981-04-01,1981-04-01,1981-04-01,1981-04-30,"The Federal Register published a rule on April 20, 1981, regarding commercial vessel traffic in a specific area, requiring vessels to travel in a northeasterly direction.",NAHere is the filtered and summarized information:;NA,search,1981-04-20,1981-04-26,4.0,31
134305,1981-05-01,1981-05-01,1981-05-01,1981-05-31,"According to a study, traffic volume will increase on the roads in a subdivision with future development.","In the long term, it is predicted that the increased traffic volume will require infrastructure upgrades or alternative transportation solutions to mitigate congestion and ensure safe travel. Note: Most of the search results were not relevant to Traffic and Transportation, hence the limited information.It appears that the provided search results are not relevant to the topic of Traffic and Transportation. The results seem to be related to military standard abbreviations and a study on deindustrialization. Here is the output:;In the short term, it is likely that traffic volume will continue to increase, potentially leading to traffic congestion and delays.",search,1981-05-25,1981-05-31,0.0,31
135545,1981-06-01,1981-06-01,1981-06-01,1981-06-30,There were 130 MAN buses in traffic in Australia in 1981,NAHere is the filtered and summarized information:;NA,search,1981-06-22,1981-06-28,2.0,31
141253,1981-07-01,1981-07-01,1981-07-01,1981-07-31,The Agana area in Guam experiences traffic congestion.,The development of infrastructure projects in Guam could lead to improved traffic flow and reduced congestion in the long term. Note: The provided search results do not contain much information directly related to traffic and transportation predictions. The information is mostly about unrelated topics or too vague to make specific predictions.;NA,search,1981-07-20,1981-07-26,5.0,31
143464,1981-08-01,1981-08-01,1981-08-01,1981-08-31,"The volume of traffic increased in the area due to the gold rush to Denver, Colorado, with 241,000 people traveling through Arkansas and 175,000 in the United States.","In the long-term future, traffic and transportation may be influenced by demographic changes, urbanization, and infrastructure development, leading to increased traffic volumes and congestion.;In the short-term future, traffic and transportation may be impacted by ongoing or upcoming events that attract large crowds, such as festivals, sports events, or construction projects.",search,1981-08-24,1981-08-30,1.0,31
131185,1981-09-01,1981-09-01,1981-09-01,1981-09-30,"In 1981, 13,000 members of the national union of air traffic controllers went on strike, and President Ronald Reagan authorized their replacement.","NAThere is no relevant information about Traffic and Transportation in the provided search results. The texts seem to be discussing a forging press and a meeting of a board of trustees, which are unrelated to Traffic and Transportation. Here is the output:;NA",search,1981-09-21,1981-09-27,3.0,31
133216,1981-10-01,1981-10-01,1981-10-01,1981-10-31,"The Tanzania Feasibility Study (Oct 12, 1981) mentions that traffic would add to travel time and costs for people and goods.",NAHere is the filtered and summarized information relevant to predicting Traffic and Transportation:;NA,search,1981-10-12,1981-10-18,13.0,31
124804,1981-11-01,1981-11-01,1981-11-01,1981-11-30,Flight restrictions were imposed on the U.S. traffic control system in 1981.,"NA (No information available to make long-term predictions)After filtering the search results, I found that most of the information is not relevant to making predictions about Traffic and Transportation. However, I was able to extract some useful information from a few sources. Here is the summarized information:;NA (No information available to make short-term predictions)",search,1981-11-23,1981-11-29,1.0,31
124421,1981-12-01,1981-12-01,1981-12-01,1981-12-31,"In 1981, there was a significant increase in traffic volume in urban and semi-urban areas in Arunachal Pradesh, India.","NAAfter reviewing the search results, I found that most of the information is irrelevant to making predictions about Traffic and Transportation. The results appear to be related to court cases, sports, music, and archives, with no direct connection to traffic and transportation. Here is the summarized output:;NA",search,1981-12-21,1981-12-27,4.0,31
109757,1982-01-01,1982-01-01,1982-01-01,1982-01-31,"The Road Motor Transportation Act is mentioned in the Government Gazette on January 22, 1982.","NA Note: The majority of the search results are not related to Traffic and Transportation, and therefore, there is limited information to make predictions or provide insights.Here is the summarized output:;NA",search,1982-01-18,1982-01-24,7.0,31
107512,1982-02-01,1982-02-01,1982-02-01,1982-02-28,The Atlanta Child Murders trial involved charts with photographs of the state's traffic volume and bulky evidence.,NAHere is the filtered and summarized information:;NA,search,1982-02-22,1982-02-28,0.0,31
128182,1982-03-01,1982-03-01,1982-03-01,1982-03-31,"The provided search results do not contain any relevant information about the current traffic and transportation situation. The results appear to be unrelated to traffic and transportation, consisting of archived government documents, research papers, and gazettes from 1982.",NAHere is the filtered and summarized information:;NA,search,1982-03-22,1982-03-28,3.0,31
129845,1982-04-01,1982-04-01,1982-04-01,1982-04-30,"The United States Border Patrol set up roadblocks and an inspection point in Key West on April 23, 1982, causing traffic delays.",NA;NA,search,1982-04-19,1982-04-25,5.0,31
140283,1982-05-01,1982-05-01,1982-05-01,1982-05-31,There is no objective fact about the Traffic and Transportation situation that can be gleaned from these search results.,NAHere is the summarized output:;NA,search,1982-05-24,1982-05-30,1.0,31
142111,1982-06-01,1982-06-01,1982-06-01,1982-06-30,"There is no relevant information about traffic and transportation in the provided search results. The search results appear to be unrelated to traffic and transportation, and instead cover a range of topics such as history, philosophy, religion, politics, and more.",NAHere is the summarized output:;NA,search,1982-06-21,1982-06-27,3.0,31
152200,1982-07-01,1982-07-01,1982-07-01,1982-07-31,There is no objective fact about the current Traffic and Transportation situation in the provided search results.,"NAThere is no relevant information about Traffic and Transportation in the provided search results. The results appear to be unrelated to the topic of Traffic and Transportation, discussing various news articles and events from 1982. Therefore, I will provide the following output:;NA",search,1982-07-19,1982-07-25,6.0,31
153300,1982-08-01,1982-08-01,1982-08-01,1982-08-31,There are no objective facts related to Traffic and Transportation in the provided search results.,"Similarly, it is not possible to make long-term predictions about Traffic and Transportation based on the provided search results.;Without relevant information, it is not possible to make short-term predictions about Traffic and Transportation.",search,1982-08-23,1982-08-29,2.0,31
136311,1982-09-01,1982-09-01,1982-09-01,1982-09-30,There is no relevant objective fact about the Traffic and Transportation situation in the provided search results.,"NAUnfortunately, none of the search results provided are relevant to Traffic and Transportation. They appear to be news articles and descriptions of events from 1982, but none of them relate to traffic or transportation. Here is the output:;NA",search,1982-09-20,1982-09-26,4.0,31
138780,1982-10-01,1982-10-01,1982-10-01,1982-10-31,There is no objective fact about the current traffic and transportation situation in these search results.,NAHere is the summarized information:;NA,search,1982-10-25,1982-10-31,0.0,31
127061,1982-11-01,1982-11-01,1982-11-01,1982-11-30,"The Road Traffic Amendment (No. 81 of 1982) was passed in Western Australia on November 26, 1982.",NAHere is the filtered and summarized information relevant to making predictions about Traffic and Transportation:;NA,search,1982-11-22,1982-11-28,2.0,31
127139,1982-12-01,1982-12-01,1982-12-01,1982-12-31,"The Territorial Papers of the United States, Vol. mentions that the first road in the United States was opened to traffic in 1982.","In the long term, it is possible that a better understanding of activity behavior and its relationship to travel patterns will lead to more effective transportation planning and policy decisions. Note: The information available is limited and appears to be fragmented, making it challenging to draw more specific conclusions or make more detailed predictions.Here is the filtered and summarized information about Traffic and Transportation:;Based on the available information, it is likely that traffic volumes will continue to be affected by factors such as vehicle size and weight in the short term.",search,1982-12-13,1982-12-19,12.0,31
119436,1983-01-01,1983-01-01,1983-01-01,1983-01-31,There are no objective facts about the Traffic and Transportation situation in the provided search results.,NAHere is the filtered and summarized information:;NA,search,1983-01-24,1983-01-30,1.0,31
111828,1983-02-01,1983-02-01,1983-02-01,1983-02-28,"There is no direct information about Traffic and Transportation in the provided search results. However, there is a mention of ""traffic"" in the context of network traffic in the CAN.GENERAL article, which is not directly related to transportation.","NAAfter reviewing the search results, I have filtered out the irrelevant information and summarized the useful information into the following 5 parts:;NA",search,1983-02-21,1983-02-27,1.0,31
132814,1983-03-01,1983-03-01,1983-03-01,1983-03-31,There is no relevant information about Traffic and Transportation in the provided search results.,NAHere is the filtered and summarized information:;NA,search,1983-03-21,1983-03-27,4.0,31
132741,1983-04-01,1983-04-01,1983-04-01,1983-04-30,The traffic grew at over 30% p.a. in most traffic count stations along the project from 1979 to 1981.,"In the long-term, there may be a need for infrastructure upgrades or expansions to accommodate the growing traffic volume and prevent persistent congestion. Note: The majority of the search results were not relevant to Traffic and Transportation, hence the limited information available.;In the short-term, it is likely that the transportation system will experience increased congestion and potential delays due to the rapid growth in traffic.",search,1983-04-18,1983-04-24,6.0,31
143619,1983-05-01,1983-05-01,1983-05-01,1983-05-31,"The traffic count at a busy intersection in Allentown, Pennsylvania was over 30,000 cars per day in 1983.",NAHere is the summarized information:;NA,search,1983-05-23,1983-05-29,2.0,31
146738,1983-06-01,1983-06-01,1983-06-01,1983-06-30,The United States had concerns about traffic operations and highway design standards in 1983.,NAHere is the filtered and summarized information relevant to predicting Traffic and Transportation:;NA,search,1983-06-13,1983-06-19,11.0,31
156823,1983-07-01,1983-07-01,1983-07-01,1983-07-31,NA (No relevant information found related to Traffic and Transportation),"NA (No relevant information found related to Traffic and Transportation) The provided search results do not contain any relevant information related to Traffic and Transportation, making it impossible to extract objective facts, insights, analysis, or predictions.After filtering the search results, I found that most of the information is not relevant to making predictions about Traffic and Transportation. However, I was able to extract some useful information. Here is the summary:;NA (No relevant information found related to Traffic and Transportation)",search,1983-07-25,1983-07-31,0.0,31
157649,1983-08-01,1983-08-01,1983-08-01,1983-08-31,There is no relevant information about Traffic and Transportation in the provided search results.,"NAAfter filtering the search results, I found that most of the information is not relevant to making predictions about Traffic and Transportation. However, I was able to extract some useful information, which I have summarized below:;NA",search,1983-08-22,1983-08-28,3.0,31
139938,1983-09-01,1983-09-01,1983-09-01,1983-09-30,"Objective facts about the Traffic and Transportation situation: The FAA provides guidelines for airport capacity and delay calculations, including gate type and travel times. The Las Palmas Ranch Specific Plan includes traffic volume data from 1980, with directional split information.",Predictions you can make for the long-term future (next few months): NAHere is the summarized information:;Predictions you can make for the short-term future (next 1-4 weeks): NA,search,1983-09-19,1983-09-25,5.0,31
144044,1983-10-01,1983-10-01,1983-10-01,1983-10-31,"The Oak Lawn Plan aims to make significant changes in employees' travel patterns by increasing parking supply, which will impact traffic volumes in the area.","In the long term, the impact of the Oak Lawn Plan on traffic volumes will depend on the effectiveness of the plan in changing employees' travel patterns, which may lead to a sustained reduction in congestion.;In the short term, it is likely that traffic volumes in Oak Lawn will decrease due to the increased parking supply, leading to a temporary reduction in congestion.",search,1983-10-24,1983-10-30,1.0,31
133700,1983-11-01,1983-11-01,1983-11-01,1983-11-30,"The government has allocated resources for official travel of the Secretary of State within and outside the United States, including official entertainment.","In the long-term, the investment in transportation infrastructure may lead to improved traffic flow and reduced congestion, but it may also lead to increased traffic volume due to improved connectivity. Note: The provided search results are mostly unrelated to traffic and transportation, and the relevant information is limited. Therefore, the analysis and predictions are based on a limited scope.;In the short-term, we can expect an increase in official travel and potentially improved transportation infrastructure, which may lead to temporary traffic congestion.",search,1983-11-21,1983-11-27,3.0,31
129776,1983-12-01,1983-12-01,1983-12-01,1983-12-31,The economy of the Shaver Lake Community is almost entirely dependent upon tourist traffic and recreational activity.,NAHere is the filtered and summarized information relevant to making predictions about Traffic and Transportation:;NA,search,1983-12-19,1983-12-25,6.0,31
122529,1984-01-01,1984-01-01,1984-01-01,1984-01-31,"Objective facts about the Traffic and Transportation situation: The traffic volume survey conducted on the United Nations Drive in August and September 1979 showed five days of straight volume counts. The highway on Guam accommodates the highest volume of traffic flow, with bumper-to-bumper traffic during peak hours.",Predictions for the long-term future (next few months): It is likely that traffic volume surveys will continue to be important for transportation planning and infrastructure development. High-traffic areas will require ongoing management and planning to reduce congestion and improve traffic flow. Here is the filtered and summarized information about Traffic and Transportation:;Predictions for the short-term future (next 1-4 weeks): NA,search,1984-01-23,1984-01-29,2.0,31
117483,1984-02-01,1984-02-01,1984-02-01,1984-02-29,Transport Minister Lynda Chalker reiterated her long-standing views on transportation.,"In the long-term future, we can expect advancements in transportation systems and technologies, potentially leading to improved efficiency and reduced congestion. Note: The provided search results are mostly from 1984, which may not be directly relevant to current traffic and transportation situations. The insights and predictions are based on the general themes and topics present in the results, but may not be highly accurate or applicable to modern contexts.Here is the filtered and summarized information:;In the short-term future, we can expect continued discussions and decisions around transportation and traffic, potentially leading to changes in policies or infrastructure.",search,1984-02-20,1984-02-26,3.0,31
137307,1984-03-01,1984-03-01,1984-03-01,1984-03-31,There is no objective fact about the current Traffic and Transportation situation in the provided search results.,"NAAfter filtering the search results, I found that most of the information is not relevant to making predictions about Traffic and Transportation. However, I was able to extract some useful information:;NA",search,1984-03-19,1984-03-25,6.0,31
141327,1984-04-01,1984-04-01,1984-04-01,1984-04-30,The Traffic Safety Commission has created an index for front traffic safety.,"In the long-term future, we can expect a potential decrease in traffic accidents and fatalities due to the increased focus on traffic safety. Note: The provided search results were mostly unrelated to Traffic and Transportation, and only one relevant fact was found. The insights, analysis, and predictions are based on this limited information.After filtering the search results, I found no relevant information related to Traffic and Transportation. The search results seem to be focused on weather events, news articles, and unrelated topics. Therefore, I will provide ""NA"" for all parts.;In the short-term future, we can expect continued efforts to improve traffic safety and potentially more regulations or guidelines being implemented.",search,1984-04-23,1984-04-29,1.0,31
151046,1984-05-01,1984-05-01,1984-05-01,1984-05-31,There is no relevant information about Traffic and Transportation in the provided search results.,"NAAfter filtering the search results, I found that most of the information is not relevant to making predictions about Traffic and Transportation. However, I was able to extract some useful information from the descriptions. Here is the summarized output:;NA",search,1984-05-21,1984-05-27,4.0,31
153403,1984-06-01,1984-06-01,1984-06-01,1984-06-30,There is no relevant information about the current Traffic and Transportation situation in the provided search results.,NAHere is the filtered and summarized information relevant to predicting Traffic and Transportation:;NA,search,1984-06-18,1984-06-24,6.0,31
161702,1984-07-01,1984-07-01,1984-07-01,1984-07-31,There is no objective fact about the current Traffic and Transportation situation that can be gleaned from the provided search results.,NAHere is the summarized information:;NA,search,1984-07-23,1984-07-29,2.0,31
164920,1984-08-01,1984-08-01,1984-08-01,1984-08-31,"The United States government has laws and regulations in place regarding transportation, such as Public Law 98-396, which mentions transportation allowances for travel within or between the contiguous United States.","In the long-term, it is possible that there will be a shift towards more public transportation options or infrastructure development, as the focus on individual transportation may lead to increased congestion and environmental concerns. However, this is purely speculative and there is no evidence to support this prediction in the provided search results. After filtering the search results, I found limited information related to Traffic and Transportation. Here is the summarized output:;In the short-term, it is likely that personal transportation will continue to be the primary focus, with individuals relying on their own vehicles for travel. There may be increased traffic congestion due to the emphasis on individual transportation.",search,1984-08-20,1984-08-26,5.0,31
146074,1984-09-01,1984-09-01,1984-09-01,1984-09-30,"The Civil Aviation Rules 1984 provide guidelines for air traffic control and management, including the provision of air traffic services and the channelling of air traffic flow.","In the long term, advancements in air traffic control and management technologies could lead to improved safety and efficiency in the aviation industry. Note: The other search results did not provide useful information related to predicting Traffic and Transportation, so they were discarded.Here is the summarized information:;In the short term, it is likely that air traffic control and management will continue to play a critical role in ensuring the safety and efficiency of air travel.",search,1984-09-24,1984-09-30,0.0,31
147610,1984-10-01,1984-10-01,1984-10-01,1984-10-31,There is no relevant information about the current traffic and transportation situation in the provided search results.,"NA Note: The search results appear to be a collection of unrelated documents and news articles from October 1984, with no relevant information about traffic and transportation.Here is the summarized information relevant to predicting Traffic and Transportation:;NA",search,1984-10-22,1984-10-28,3.0,31
137272,1984-11-01,1984-11-01,1984-11-01,1984-11-30,"The objective facts about the Traffic and Transportation situation are: * Estimating AADT (Annual Average Daily Traffic) volumes from short counts is a methodology used in highway planning * The Code of the City of Dodge City, Kansas, includes a Standard Traffic Ordinance * Salt is used for road deicing on the Michigan State Highway System, and its use is categorized based on road type and traffic volume * Lee County Ordinance No. 84-28 includes a Traffic Circulation Element and a Mass Transit Element * The Airport Radar Service Area (ARSA) has an impact on air traffic control, with Columbus approach control serving Ohio State",Predictions I can make for the long-term future (next few months) are: * The continued importance of accurate traffic volume estimation and management in highway planning and management * The potential for increased focus on sustainable and environmentally-friendly transportation options Here is the filtered and summarized information:;Predictions I can make for the short-term future (next 1-4 weeks) are: * NA,search,1984-11-12,1984-11-18,12.0,31
136095,1984-12-01,1984-12-01,1984-12-01,1984-12-31,The average value of oil rose by only 45% in 1984.,"As the oil market continues to evolve, it is possible that transportation costs will decrease, leading to increased travel and traffic in the long-term future. Note: The majority of the search results were irrelevant to Traffic and Transportation, and therefore, most parts were left empty.Here is the summarized information:;Based on the current situation, it is likely that traffic and transportation will remain steady in the short-term future, with no significant changes in travel patterns or traffic congestion.",search,1984-12-24,1984-12-30,1.0,31
124122,1985-01-01,1985-01-01,1985-01-01,1985-01-31,Objective facts about the Traffic and Transportation situation: The average daily traffic volume on State Route (SR) 615 is 55 vehicles. It is beneficial to pave a gravel road when the traffic volume is greater than 600 vehicles per day.,"Predictions you can make for the long-term future (next few months): NAThere is no relevant information about Traffic and Transportation in the provided search results. The results appear to be unrelated to the topic, discussing various events and topics from 1985. Therefore, I will provide NA for all parts.;Predictions you can make for the short-term future (next 1-4 weeks): NA",search,1985-01-21,1985-01-27,4.0,31
119367,1985-02-01,1985-02-01,1985-02-01,1985-02-28,"Objective facts about the Traffic and Transportation situation: The Department of Transportation, State has a Final Report on the evaluation of emulsified asphalt for use in Saudi Arabia, which includes data on traffic in the form of equivalent 18 kip axle load (EAL).",Long-term predictions (next few months): NA;Short-term predictions (next 1-4 weeks): NA,search,1985-02-18,1985-02-24,4.0,31
144424,1985-03-01,1985-03-01,1985-03-01,1985-03-31,"The FAA lifted schedule curbs at O'Hare airport in March 1985, citing improvements in air-traffic control systems.","In the long-term, improvements in air-traffic control systems and increased air travel demand may lead to further infrastructure development and expansion at O'Hare airport. Note: Most of the search results were unrelated to traffic and transportation, hence the limited information.After reviewing the search results, I have filtered out the relevant information related to Traffic and Transportation. Here is the summary:;In the short-term, we can expect increased air travel and potential traffic congestion around O'Hare airport.",search,1985-03-25,1985-03-31,0.0,31
147635,1985-04-01,1985-04-01,1985-04-01,1985-04-30,The roadway widths for low-volume roads were developed to account for truck traffic in Canada and the United States.,"In the long-term, investments in transport infrastructure and traffic management strategies will be necessary to mitigate the impacts of growing traffic volumes. Note: Most of the search results were not directly relevant to predicting Traffic and Transportation, so the output is limited.Here is the summarized information, filtered to focus on Traffic and Transportation:;In the short-term, traffic volumes are likely to continue to increase, leading to potential congestion and infrastructure strain.",search,1985-04-15,1985-04-21,9.0,31
156726,1985-05-01,1985-05-01,1985-05-01,1985-05-31,"International air traffic increased by 38.6% from April last year, driven by economic strength and the value of the U.S. dollar.","In the long-term, the trend of increasing air traffic may lead to investments in airport infrastructure and transportation services, potentially resulting in more efficient and convenient travel options. Here is the filtered and summarized information relevant to making predictions about Traffic and Transportation:;In the short-term, we can expect to see continued growth in air traffic, potentially leading to increased congestion at airports and higher demand for transportation services.",search,1985-05-20,1985-05-26,5.0,31
158703,1985-06-01,1985-06-01,1985-06-01,1985-06-30,The Traffic Authority of New South Wales published official road traffic crash statistics in 1984-85.,NAHere is the filtered and summarized information:;NA,search,1985-06-24,1985-06-30,0.0,31
166881,1985-07-01,1985-07-01,1985-07-01,1985-07-31,The Atlanta Zoo uses cookies to count visits and traffic on their site to understand how people use their site and improve its performance.,"NAAfter reviewing the search results, I found that the information provided is not relevant to making predictions about Traffic and Transportation. The search results appear to be about unrelated topics, such as a writer's sense of place and a biography of a person named Eric Oester. Therefore, I will provide the following output:;NA",search,1985-07-22,1985-07-28,3.0,31
169437,1985-08-01,1985-08-01,1985-08-01,1985-08-31,Objective facts about the Traffic and Transportation situation: NA,"Predictions you can make for the long-term future (next few months): NA The search results do not provide any relevant information about traffic and transportation that can be used to make predictions. The results appear to be unrelated to the topic, consisting of court cases, book reviews, annual reports, travel articles, and miscellaneous information.Here is the filtered and summarized information:;Predictions you can make for the short-term future (next 1-4 weeks): NA",search,1985-08-19,1985-08-25,6.0,31
150424,1985-09-01,1985-09-01,1985-09-01,1985-09-30,Objective facts about the Traffic and Transportation situation: There is no relevant information about Traffic and Transportation in the provided search results.,Predictions you can make for the long-term future (next few months): No predictions can be made based on the provided information. Here is the filtered and summarized information:;Predictions you can make for the short-term future (next 1-4 weeks): No predictions can be made based on the provided information.,search,1985-09-23,1985-09-29,1.0,31
154587,1985-10-01,1985-10-01,1985-10-01,1985-10-31,"In 1985, passing lanes on two-lane highways were evaluated extensively in the United States, considering factors such as traffic volume, vehicle mix, and upstream geometrics.",NAHere is the summarized information:;NA,search,1985-10-21,1985-10-27,4.0,31
140872,1985-11-01,1985-11-01,1985-11-01,1985-11-30,There is no relevant information about Traffic and Transportation in the provided search results.,"NASince the provided search results are not directly related to Traffic and Transportation, I will provide a summary with mostly ""NA"" values.;NA",search,1985-11-18,1985-11-24,6.0,31
141584,1985-12-01,1985-12-01,1985-12-01,1985-12-31,Objective facts about the Traffic and Transportation situation: There is no relevant information about Traffic and Transportation in the provided search results.,"Predictions you can make for the long-term future (next few months): No predictions can be made about the long-term future of Traffic and Transportation based on the provided search results. After reviewing the search results, I found that none of the provided information is relevant to making predictions about Traffic and Transportation. The search results appear to be unrelated to the topic of Traffic and Transportation, and instead seem to be related to news articles and book excerpts from 1985. Therefore, my output will be:;Predictions you can make for the short-term future (next 1-4 weeks): No predictions can be made about the short-term future of Traffic and Transportation based on the provided search results.",search,1985-12-23,1985-12-29,2.0,31
132998,1986-01-01,1986-01-01,1986-01-01,1986-01-31,The industry traffic had occurred in the last half of 1985.,"As roadwork and infrastructure development continue, traffic patterns may shift and new trends may emerge in the long-term future. Note: The provided search results do not contain much information relevant to predicting Traffic and Transportation, hence the limited output.Here is the summarized information:;It is likely that traffic will continue to be affected by roadwork and industry trends in the short-term future.",search,1986-01-20,1986-01-26,5.0,31
123526,1986-02-01,1986-02-01,1986-02-01,1986-02-28,"Objective facts about the Traffic and Transportation situation: Pursuant to regulation 90B of the Traffic, there is a scheduled event related to the Pureora State Forest Park in New Zealand.",Predictions you can make for the long-term future (next few months): NAHere is the filtered and summarized information:;Predictions you can make for the short-term future (next 1-4 weeks): NA,search,1986-02-17,1986-02-23,5.0,31
151183,1986-03-01,1986-03-01,1986-03-01,1986-03-31,There was a mention of traffic violators and high speeds in Grosse Pointe in 1986.,"NA Note: The majority of the search results were not related to Traffic and Transportation, making it difficult to provide meaningful predictions or insights.Based on the provided search results, I found no relevant information related to Traffic and Transportation. The search results appear to be unrelated to the topic, discussing various news articles and topics from 1986. Here is the output:;NA",search,1986-03-24,1986-03-30,1.0,31
150277,1986-04-01,1986-04-01,1986-04-01,1986-04-30,"Only one relevant fact was found: The complex in Harrington Park was initially feared to increase traffic, but those fears proved unfounded.",NAHere is the summarized information:;NA,search,1986-04-21,1986-04-27,3.0,31
160459,1986-05-01,1986-05-01,1986-05-01,1986-05-31,"The Coronado Neighborhood Special Planning District was established on May 21, 1986, with the construction of a Medical Center and Emerson School, which affected the volume of traffic in the area.","In the long-term, the district may need to implement traffic management strategies to mitigate congestion and ensure smooth travel for residents and commuters. Note: The other search results did not provide relevant information about Traffic and Transportation, so they were discarded.Here is the filtered and summarized information relevant to predicting Traffic and Transportation:;In the short-term, traffic congestion in the area may continue to be a concern, especially during peak hours.",search,1986-05-19,1986-05-25,6.0,31
162370,1986-06-01,1986-06-01,1986-06-01,1986-06-30,"The Federal Register (Vol. 51, No. 121) issued on June 24, 1986, mentions the Traffic Procedures Advisory Committee.",NAHere is the summarized information:;NA,search,1986-06-23,1986-06-29,1.0,31
171114,1986-07-01,1986-07-01,1986-07-01,1986-07-31,"The travel way in Walker County includes State Highways, Interstate Highways, and United States Highways.","In the long-term, investments in infrastructure and crime prevention strategies may be necessary to mitigate the negative impacts of traffic volume and crime rates on communities. Note: The provided search results do not contain much relevant information about traffic and transportation, making it difficult to make predictions. The above summary is based on the limited available information.Here is the summary of the search results:;In the short-term, traffic congestion and crime rates may continue to rise, particularly during peak travel times.",search,1986-07-21,1986-07-27,4.0,31
173977,1986-08-01,1986-08-01,1986-08-01,1986-08-31,"There is limited information available about traffic and transportation in the provided search results. However, one relevant fact is that a document titled ""Traffic 2005-26"" from August 28, 1986, defines a ""container"" as an article of equipment with a volume not less than a certain threshold, and discusses travel and road traffic.",NAHere is the filtered and summarized information:;NA,search,1986-08-25,1986-08-31,0.0,31
155462,1986-09-01,1986-09-01,1986-09-01,1986-09-30,NA (no relevant information found),"NA (no relevant information found) Note: The search results do not provide any relevant information about Traffic and Transportation, so I couldn't find any useful data to make predictions or provide insights. The results seem to be unrelated to the topic, mentioning historical figures, police departments, and technical topics.Here is the summary of the useful filtered information:;NA (no relevant information found)",search,1986-09-22,1986-09-28,2.0,31
159434,1986-10-01,1986-10-01,1986-10-01,1986-10-31,The volume of traffic increased since the introduction of the new system incoming flights.,"In the long-term, it is possible that authorities will implement new regulations or infrastructure changes to address traffic congestion and improve transportation efficiency. Here is the summarized information:;In the short-term, it is likely that traffic congestion will continue to be a problem, especially during peak travel periods.",search,1986-10-20,1986-10-26,5.0,31
147813,1986-11-01,1986-11-01,1986-11-01,1986-11-30,The Ferrari dealer has 45 dealers in the United States as of 1986.,NAHere is the summarized output:;NA,search,1986-11-24,1986-11-30,0.0,31
149628,1986-12-01,1986-12-01,1986-12-01,1986-12-31,"Objective facts about the Traffic and Transportation situation: The director of taxation in Hawaii may suspend the application of industry rules for travel-related operators under certain circumstances. In 1986, the Municipal Councils in Pulau Pinang, Malaysia, had the power to regulate traffic flow if necessary.","Predictions you can make for the long-term future (next few months): NAIt appears that the provided search results are not relevant to the topic of Traffic and Transportation. The articles seem to be related to news from 1986, discussing an accident at a power plant and an article about Oliver North. Here is the output:;Predictions you can make for the short-term future (next 1-4 weeks): NA",search,1986-12-22,1986-12-28,3.0,31
139918,1987-01-01,1987-01-01,1987-01-01,1987-01-31,There is a mention of traffic lights and a traffic officer in the context of a legal case in South Africa .,NAHere is the summarized information relevant to making predictions about Traffic and Transportation:;NA,search,1987-01-19,1987-01-25,6.0,31
135996,1987-02-01,1987-02-01,1987-02-01,1987-02-28,There is no objective fact about the Traffic and Transportation situation in the provided search results.,"NAAfter filtering the search results, I found that most of the information is not relevant to making predictions about Traffic and Transportation. However, I was able to extract some useful information:;NA",search,1987-02-16,1987-02-22,6.0,31
157573,1987-03-01,1987-03-01,1987-03-01,1987-03-31,Objective facts about the Traffic and Transportation situation: There is no relevant information about the current traffic and transportation situation.,"Predictions you can make for the long-term future (next few months): Without more information, it is difficult to make long-term predictions, but it is possible that the sector will continue to operate as usual, with no major changes or developments on the horizon. Here is the summarized information:;Predictions you can make for the short-term future (next 1-4 weeks): It is likely that the traffic and transportation situation will remain stable, with no significant disruptions or changes expected in the short term.",search,1987-03-23,1987-03-29,2.0,31
159801,1987-04-01,1987-04-01,1987-04-01,1987-04-30,There are no objective facts about the Traffic and Transportation situation in the provided search results.,NAHere is the summarized information:;NA,search,1987-04-20,1987-04-26,4.0,31
167776,1987-05-01,1987-05-01,1987-05-01,1987-05-31,"There was a notable traffic location in Pittsfield, Massachusetts in 1987.",NAHere is the filtered and summarized information relevant to predicting Traffic and Transportation:;NA,search,1987-05-25,1987-05-31,0.0,31
167826,1987-06-01,1987-06-01,1987-06-01,1987-06-30,The volume of a firm justifies a private system if it is large enough.,"In the long-term, there may be investments in developing transportation infrastructure, leading to improved travel conditions and increased mobility. Note: The provided search results are mostly unrelated to Traffic and Transportation, and the relevant information is limited. Therefore, the output is brief and based on the few relevant points that could be gleaned from the search results.Here is the filtered and summarized information:;In the short-term, there may be an increase in demand for private transportation systems, especially for large firms.",search,1987-06-22,1987-06-28,2.0,31
175783,1987-07-01,1987-07-01,1987-07-01,1987-07-31,"Objective facts about the Traffic and Transportation situation: The Sunset, Hollywood Junction had 2nd-highest traffic volume with 1.8 accidents per million vehicles in 1985.",Predictions you can make for the long-term future (next few months): NAHere is the filtered and summarized information:;Predictions you can make for the short-term future (next 1-4 weeks): NA,search,1987-07-20,1987-07-26,5.0,31
177378,1987-08-01,1987-08-01,1987-08-01,1987-08-31,"There was a hazardous waste incident in Maryland on August 27, 1987.","In the long-term, it is possible that there will be changes to regulations and laws related to transportation and traffic safety, with a focus on preventing accidents and ensuring public safety. Here is the summarized output:;In the short-term, it is likely that there will be increased scrutiny and safety measures implemented to prevent similar incidents from occurring.",search,1987-08-24,1987-08-30,1.0,31
164184,1987-09-01,1987-09-01,1987-09-01,1987-09-30,"The volume of vehicular traffic on The Esplanade in Lakes Entrance is high, and some traffic islands provide refuge in the centre of the road.","In the long-term, it is possible that transportation infrastructure will need to be developed or improved to accommodate growing traffic volumes and alleviate congestion. Note: There is limited information available in the provided search results that is directly relevant to predicting Traffic and Transportation. The above summary is based on the available information, but it is not comprehensive.Here is the summarized output:;In the short-term, it is likely that traffic congestion will continue to be a problem in areas with high volumes of vehicular traffic, such as The Esplanade in Lakes Entrance.",search,1987-09-21,1987-09-27,3.0,31
166836,1987-10-01,1987-10-01,1987-10-01,1987-10-31,There is no objective fact about the Traffic and Transportation situation in the provided search results.,"There is no information to make long-term predictions about Traffic and Transportation. Note: The search results do not provide any relevant information about Traffic and Transportation, so it's not possible to make any predictions or analysis.Here is the summarized information:;There is no information to make short-term predictions about Traffic and Transportation.",search,1987-10-19,1987-10-25,6.0,31
155676,1987-11-01,1987-11-01,1987-11-01,1987-11-30,"The rain changed to snow and stuck to the wet highway, becoming compacted by traffic, causing issues on low-volume highways.","In the long term, there may be a greater emphasis on developing more efficient and cost-effective transportation systems, including intercity rail and bus transportation, to address peak travel volumes and traffic congestion. Here is the filtered and summarized information relevant to predicting Traffic and Transportation:;In the next 1-4 weeks, there may be an increased focus on winter road maintenance and snow removal on low-volume highways.",search,1987-11-23,1987-11-29,1.0,31
155580,1987-12-01,1987-12-01,1987-12-01,1987-12-31,The 505th MP Battalion provided traffic control in the United States in 1987.,NAHere is the summarized output:;NA,search,1987-12-21,1987-12-27,4.0,31
148879,1988-01-01,1988-01-01,1988-01-01,1988-01-31,The volume and type of vehicular traffic are important considerations in transportation planning .,"In the long-term, there may be a shift towards more data-driven and analytical approaches in transportation planning, with a greater emphasis on understanding traffic patterns and volumes to optimize transportation systems . Note: The provided search results are mostly irrelevant to predicting Traffic and Transportation, and the useful information is limited.Here is the filtered and summarized information:;In the short-term, traffic patterns may remain consistent, with a focus on data collection and analysis to inform transportation planning decisions .",search,1988-01-25,1988-01-31,0.0,31
141748,1988-02-01,1988-02-01,1988-02-01,1988-02-29,"The streets in Estero Area are no longer efficient for the traffic volume, and tourist traffic tends to be fairly high.","In the long-term, it is possible that there will be increased investment in transportation infrastructure and traffic management systems to address the growing traffic volume and congestion in various regions.Here is the summarized output:;In the short-term, it is likely that traffic congestion will continue to be a problem in areas with high tourist traffic, and that local authorities may implement temporary measures to mitigate the issue.",search,1988-02-22,1988-02-28,1.0,31
167836,1988-03-01,1988-03-01,1988-03-01,1988-03-31,There is no objective fact about Traffic and Transportation in the provided search results.,There are no long-term predictions that can be made based on the provided information. Here is the filtered and summarized information:;There are no short-term predictions that can be made based on the provided information.,search,1988-03-21,1988-03-27,4.0,31
166804,1988-04-01,1988-04-01,1988-04-01,1988-04-30,The FAA provides guidelines for airport planning and design to ensure lower traffic volumes on terminal frontage roads.,"In the long-term, airports may invest in more advanced traffic management systems and technologies to further reduce congestion and improve travel times. Note: The other search results were not relevant to Traffic and Transportation, and were therefore discarded.Here is the summarized information:;In the short-term, airports may continue to implement design guidelines to reduce traffic volumes and improve circulation.",search,1988-04-18,1988-04-24,6.0,31
178042,1988-05-01,1988-05-01,1988-05-01,1988-05-31,"There is a mention of ""traffic management"" and ""air traffic control authorities"" in the context of international agreements and regulations.",NAHere is the filtered and summarized information:;NA,search,1988-05-23,1988-05-29,2.0,31
178690,1988-06-01,1988-06-01,1988-06-01,1988-06-30,"The volume of traffic is mentioned as a relevant factor in the Town of Harrison Maine Ordinances, with average daily traffic volume available from the United States Geological Survey.",NAHere is the summarized information relevant to predicting Traffic and Transportation:;NA,search,1988-06-20,1988-06-26,4.0,31
184779,1988-07-01,1988-07-01,1988-07-01,1988-07-31,"Morristown's full-time population of nearly 17,000 increases fourfold during the day, making traffic and parking major problems.","In the long-term, implementing effective traffic management strategies, such as optimizing traffic flow and increasing parking capacity, will be essential to mitigate traffic congestion in these areas. Note: The provided search results do not contain a wealth of information directly related to traffic and transportation. The above summary is based on the limited relevant information available.;In the short-term, traffic congestion in Morristown and Nunthorpe is likely to continue, especially during peak hours.",search,1988-07-25,1988-07-31,0.0,31
184503,1988-08-01,1988-08-01,1988-08-01,1988-08-31,"The traffic volume on the interstate was a concern in 1988, with Caltrans planning to widen the road and improve the barrier to protect the motoring public.","In the long term, it is possible that investments in infrastructure and safety measures will help to alleviate traffic congestion and improve safety, but this will depend on continued investment and innovation in transportation systems. Here is the filtered and summarized information:;In the short term, it is likely that traffic congestion will continue to be a concern, with potential disruptions to air traffic and other modes of transportation.",search,1988-08-22,1988-08-28,3.0,31
171072,1988-09-01,1988-09-01,1988-09-01,1988-09-30,There is no objective fact about the Traffic and Transportation situation in the provided search results.,"NAHere is the summarized information, filtered to focus on Traffic and Transportation:;NA",search,1988-09-19,1988-09-25,5.0,31
175478,1988-10-01,1988-10-01,1988-10-01,1988-10-31,"The volume of illicit traffic of steroids from Mexico to the United States is significant, according to U.S. authorities.","In the long term, it is possible that the US Virgin Islands' Division of Transportation will implement measures to manage tourist traffic and improve transportation infrastructure in the region. Note: There is limited information available in the search results that is directly relevant to predicting traffic and transportation trends. The summarized information is based on the available data, but it may not provide a comprehensive picture of the situation.Here is the summarized information:;In the short term, it is likely that authorities will continue to monitor and address the issue of illicit steroid trafficking from Mexico to the United States.",search,1988-10-24,1988-10-30,1.0,31
162957,1988-11-01,1988-11-01,1988-11-01,1988-11-30,NA (No relevant information found related to Traffic and Transportation),"NA (No long-term predictions can be made from the provided information) The provided search results do not contain any relevant information related to Traffic and Transportation, and therefore, no objective facts, insights, analysis, or predictions can be made.;NA (No short-term predictions can be made from the provided information)",search,1988-11-21,1988-11-27,3.0,31
164798,1988-12-01,1988-12-01,1988-12-01,1988-12-31,"Objective facts about the Traffic and Transportation situation: The National Transportation Safety Board (NTSB) is a United States government agency responsible for investigating transportation accidents and making safety recommendations. The Federal Aviation Administration (FAA) is a United States government agency responsible for the safety of civil aviation. The United States has implemented measures to improve aviation security, including the Federal Aviation Administration's rules and regulations.",Predictions for the long-term future (next few months): NA;Predictions for the short-term future (next 1-4 weeks): NA,search,1988-12-19,1988-12-25,6.0,31
159750,1989-01-01,1989-01-01,1989-01-01,1989-01-31,"The United States Department of Transportation reported on rest area usage design criteria in 1989, citing increased highway traffic volume and lower average vehicle occupancy.","Based on the trend of increasing traffic volume, it is likely that traffic congestion will continue to be a concern in the long-term future, potentially leading to increased travel times and decreased average vehicle occupancy. Here is the summarized information:;NA",search,1989-01-23,1989-01-29,2.0,31
146732,1989-02-01,1989-02-01,1989-02-01,1989-02-28,The 24-hour traffic volume distribution along Interstate H-2 shows a variation in travel patterns.,"In the long-term, the growth in tourism traffic could lead to increased investment in transportation infrastructure and traffic management systems. Note: Most of the search results were not relevant to predicting traffic and transportation, hence the limited information.Here is the summarized information:;In the short-term, traffic volumes may continue to fluctuate, but there is no indication of significant changes to traffic patterns.",search,1989-02-20,1989-02-26,2.0,31
174990,1989-03-01,1989-03-01,1989-03-01,1989-03-31,"The Port of Valdez was closed to all traffic on March 24, 1989, due to the Exxon Valdez oil spill.",NA;NA,search,1989-03-20,1989-03-26,5.0,31
174320,1989-04-01,1989-04-01,1989-04-01,1989-04-30,The volume of traffic trying to get out of Brooklyn and Queens into Manhattan is high.,"In the long-term, there may be a need for investments in traffic management and infrastructure to alleviate congestion and improve travel times. Note: The provided search results do not contain a significant amount of information directly related to traffic and transportation, which limits the predictions that can be made.Here is the summarized information:;In the short-term, traffic congestion is likely to persist in areas with high volumes of traffic, such as Brooklyn and Queens into Manhattan.",search,1989-04-24,1989-04-30,0.0,31
184823,1989-05-01,1989-05-01,1989-05-01,1989-05-31,"Rich Edmonston, City Traffic Engineer, explained that Post Office employees occasionally use the parking in front of the restaurant, affecting traffic.","In the long term, cities may need to implement strategies to manage parking and traffic flow, such as designated parking areas or traffic management systems. Here is the filtered and summarized information about Traffic and Transportation:;In the short term, traffic congestion may occur in areas with limited parking availability, especially during peak hours or special events.",search,1989-05-22,1989-05-28,3.0,31
184094,1989-06-01,1989-06-01,1989-06-01,1989-06-30,The US National Highway Traffic Safety Administration is demanding volumes,"NAHere is the summarized information, filtered to focus on Traffic and Transportation:;NA",search,1989-06-19,1989-06-25,5.0,31
190985,1989-07-01,1989-07-01,1989-07-01,1989-07-31,"The Federal Register provides a uniform system for making available to the public Federal agency regulations, notices, and other documents.","NAHere is the summarized information, filtered to focus on Traffic and Transportation:;NA",search,1989-07-24,1989-07-30,1.0,31
194172,1989-08-01,1989-08-01,1989-08-01,1989-08-31,There are no objective facts about the Traffic and Transportation situation in the provided search results.,"Similarly, long-term predictions about Traffic and Transportation cannot be made based on the provided search results. Here is the summarized information about Traffic and Transportation:;Due to the lack of relevant information, it's challenging to make short-term predictions about Traffic and Transportation.",search,1989-08-21,1989-08-27,4.0,31
177326,1989-09-01,1989-09-01,1989-09-01,1989-09-30,"There is no specific data on current traffic and transportation situations in these search results. However, there are mentions of travel, traffic volume, and highways design standards.","It is likely that in the long term, there will be continued efforts to improve highways design standards and optimize traffic operations to reduce congestion and improve travel times. Here is the filtered and summarized information related to Traffic and Transportation:;NA",search,1989-09-18,1989-09-24,6.0,31
182583,1989-10-01,1989-10-01,1989-10-01,1989-10-31,"The United States is deeply opposed to certain flights, and the U.S. National Highway Traffic Safety Administration is demanding volumes.","In the long-term future, it is possible that there will be changes to regulations and policies related to transportation and traffic safety, potentially leading to improved safety outcomes. Here is the filtered and summarized information relevant to predicting Traffic and Transportation:;In the short-term future, it is likely that there will be continued efforts to improve highway traffic safety and address concerns related to truck size and weight.",search,1989-10-23,1989-10-29,2.0,31
169735,1989-11-01,1989-11-01,1989-11-01,1989-11-30,The Bureau of Transportation Statistics of the U.S. Department of Transportation collects and publishes statistics on airline travel.,It is likely that the collection and analysis of transportation data will continue to play an important role in shaping transportation policies and infrastructure development in the United States. Here is the filtered and summarized information relevant to making predictions about Traffic and Transportation:;NA,search,1989-11-20,1989-11-26,4.0,31
167530,1989-12-01,1989-12-01,1989-12-01,1989-12-31,"In the 1980s, traffic volume on the Ventura Freeway increased, and Los Angeles became the largest market for cellular phones, partly due to traffic congestion.","In the long term, it is possible that the development of more effective traffic management strategies, such as advanced warning systems and traffic control zones, will help to mitigate the impact of traffic congestion and accidents in construction zones. Here is the summarized information:;In the short term, it is likely that traffic congestion and accidents will continue to be a problem in construction zones, especially if reliable traffic volume data is not available.",search,1989-12-25,1989-12-31,0.0,31
163600,1990-01-01,1990-01-01,1990-01-01,1990-01-31,"As of 1990, 76 cities or towns in the U.S.A. provided travel times to drivers using Dynamic Message Signs (DMS).","As more cities and towns adopt DMS and other traffic management technologies, we can expect to see continued improvement in travel times and reduced congestion in the long term. Here is the filtered and summarized information related to Traffic and Transportation:;NA",search,1990-01-22,1990-01-28,3.0,31
153559,1990-02-01,1990-02-01,1990-02-01,1990-02-28,There is no relevant information about the current traffic and transportation situation in these search results.,"NAHere is the summarized information, filtered to focus on traffic and transportation:;NA",search,1990-02-19,1990-02-25,3.0,31
178771,1990-03-01,1990-03-01,1990-03-01,1990-03-31,"As of 1990, the volume and speed of traffic were significant factors affecting children's travel in neighborhoods .",NAHere is the summarized information:;NA,search,1990-03-19,1990-03-25,6.0,31
179033,1990-04-01,1990-04-01,1990-04-01,1990-04-30,The volume of traffic reached its lowest point in 1990 due to a ban on international air travel in Serbia and Montenegro.,"In the long-term, the impact of external factors on traffic volume may lead to changes in transportation infrastructure and policy. Note: There is limited relevant information in the provided search results, and most of the information is not directly related to traffic and transportation.After carefully reviewing the search results, I have filtered out the irrelevant information and summarized the useful information into the following 5 parts:;In the short-term, traffic volume may be affected by changes in travel restrictions or policies.",search,1990-04-23,1990-04-29,1.0,31
189247,1990-05-01,1990-05-01,1990-05-01,1990-05-31,The United States National Highway Traffic Safety Administration is demanding volumes of information from the auto industry.,"In the long-term, there may be a shift towards more sustainable and efficient transportation systems, such as electric vehicles, to address traffic congestion and environmental concerns. Note: The information provided is limited, and most of the search results are not directly related to traffic and transportation. Therefore, the analysis and predictions are based on a limited amount of relevant information.Here is the filtered and summarized information relevant to making predictions about Traffic and Transportation:;In the short-term, there may be an increase in efforts to improve traffic safety and reduce congestion, potentially leading to new regulations or initiatives.",search,1990-05-21,1990-05-27,4.0,31
189529,1990-06-01,1990-06-01,1990-06-01,1990-06-30,"The City Turnpike's opening date has been moved ahead, with an average traffic volume of 182,836 vehicles per day on the Dallas tollway.","In the long-term, the City Turnpike's opening could lead to increased economic growth and development in the surrounding area, potentially leading to further infrastructure development to accommodate growing transportation needs. Here is the summary of the filtered information:;In the short-term, it is likely that the City Turnpike's opening will lead to a decrease in traffic congestion on the Dallas tollway, at least in the immediate area.",search,1990-06-18,1990-06-24,6.0,31
195470,1990-07-01,1990-07-01,1990-07-01,1990-07-31,"The Americans with Disabilities Act of 1990 was enacted on July 26, 1990, which may have an impact on transportation infrastructure and accessibility in the United States.",NAHere is the summarized information:;NA,search,1990-07-23,1990-07-29,2.0,31
197057,1990-08-01,1990-08-01,1990-08-01,1990-08-31,"There is no direct information about the current traffic and transportation situation. However, there are mentions of traffic counts, traffic signal warrants, and intersection-traffic flow studies, indicating that traffic management is a concern.","It is likely that traffic management studies and warrants will continue to influence traffic flow and signal control in the long term, potentially leading to improvements in traffic congestion and safety. Here is the summarized information about Traffic and Transportation:;NA",search,1990-08-20,1990-08-26,5.0,31
178415,1990-09-01,1990-09-01,1990-09-01,1990-09-30,The United States National Highway Traffic Safety Administration is demanding volumes of information from the state.,"In the long-term, the development of transportation infrastructure and the adoption of new technologies may lead to changes in traffic patterns and volumes.;In the short-term, traffic volumes may continue to be affected by government policies and regulations, such as the demands for information from the National Highway Traffic Safety Administration.",search,1990-09-24,1990-09-30,0.0,31
182634,1990-10-01,1990-10-01,1990-10-01,1990-10-31,There is no objective fact about the current Traffic and Transportation situation that can be gleaned from the provided search results.,NAHere is the filtered and summarized information relevant to Traffic and Transportation:;NA,search,1990-10-22,1990-10-28,3.0,31
171565,1990-11-01,1990-11-01,1990-11-01,1990-11-30,There was an increase in seaborne traffic in petroleum and petroleum products in 1990.,"In the long term, it is possible that the transportation industry will continue to grow, with a focus on maritime transportation and potentially leading to infrastructure development. Note: The provided search results do not contain a significant amount of information directly related to traffic and transportation. The above summary is based on the limited relevant information available.Here is the filtered and summarized information:;It is likely that the traffic volume will continue to increase in the short term, driven by industrialization and tourism.",search,1990-11-19,1990-11-25,5.0,31
168621,1990-12-01,1990-12-01,1990-12-01,1990-12-31,"Illinois State Police reported light traffic on expressways on December 27, 1990.","NAHere is the summarized information:;Based on the data, it can be predicted that traffic volume will be light during upcoming holidays and weekends in the short-term future (next 1-4 weeks).",search,1990-12-24,1990-12-30,1.0,31
157889,1991-01-01,1991-01-01,1991-01-01,1991-01-31,There is no objective fact about the current Traffic and Transportation situation in the provided search results.,NAHere is the summarized output:;NA,search,1991-01-21,1991-01-27,4.0,31
153351,1991-02-01,1991-02-01,1991-02-01,1991-02-28,There is no objective fact about the current Traffic and Transportation situation in the provided search results.,NAHere is the summary of the search results:;NA,search,1991-02-18,1991-02-24,4.0,31
179076,1991-03-01,1991-03-01,1991-03-01,1991-03-31,"There is no direct information about the current traffic and transportation situation in the provided search results. However, there is a mention of ""traffic volume"" in the context of bird hazing and frightening methods, which is not directly related to human transportation.",NAHere is the filtered and summarized information relevant to predicting Traffic and Transportation:;NA,search,1991-03-25,1991-03-31,0.0,31
179538,1991-04-01,1991-04-01,1991-04-01,1991-04-30,"There are some objective facts related to Traffic and Transportation, but they are not directly related to predicting traffic and transportation. For example, a facility shall be served by roads that are passable at all times and are adequate for the volume of expected traffic . The curb radius at intersections with state highways shall meet the requirements of the Louisiana Department .",NAHere is the filtered and summarized information relevant to predicting Traffic and Transportation:;NA,search,1991-04-22,1991-04-28,2.0,31
191929,1991-05-01,1991-05-01,1991-05-01,1991-05-31,"There is a mention of traffic congestion in Hawaii due to tourism, which contributes to economic development.","In the long term, it is possible that measures will be taken to mitigate traffic congestion, such as infrastructure development or traffic management strategies. Note: The search results do not provide a lot of specific information about traffic and transportation, so the output is limited.Here is the summarized output:;It is likely that traffic congestion will continue to be a problem in areas with high tourism and economic activity in the short term.",search,1991-05-20,1991-05-26,5.0,31
193467,1991-06-01,1991-06-01,1991-06-01,1991-06-30,There is no relevant information about the current traffic and transportation situation in these search results.,"Similarly, no long-term predictions can be made without relevant information about traffic and transportation. After reviewing the search results, I found that most of the information is irrelevant to making predictions about Traffic and Transportation. However, I was able to extract some information that may be useful.;Due to the lack of relevant information, no short-term predictions can be made.",search,1991-06-24,1991-06-30,0.0,31
198387,1991-07-01,1991-07-01,1991-07-01,1991-07-31,The Port of Tacoma is the sixth-largest container port in the United States.,NAHere is the summary of the search results relevant to Traffic and Transportation:;NA,search,1991-07-22,1991-07-28,3.0,31
204063,1991-08-01,1991-08-01,1991-08-01,1991-08-31,"In 1991, traffic grew by less than 2% for the year.","In the long-term future (next few months), there may be a need for infrastructure development and investment to support growing traffic demands and stimulate economic growth. Note: The available information is limited and mostly focused on 1991 data, which may not be directly applicable to current traffic and transportation situations.Here is the filtered and summarized information relevant to Traffic and Transportation:;In the short-term future (next 1-4 weeks), traffic growth is likely to remain slow due to existing infrastructure constraints and economic conditions.",search,1991-08-19,1991-08-25,6.0,31
183594,1991-09-01,1991-09-01,1991-09-01,1991-09-30,"Objective facts about the Traffic and Transportation situation: There were discussions and regulations related to traffic management and safety in the United States in September 1991, including the issuance of travel orders and traffic restrictions .",Predictions you can make for the long-term future (next few months): NA (The provided information is from 1991 and does not provide a basis for making long-term predictions.)Here is the summarized information relevant to predicting Traffic and Transportation:;Predictions you can make for the short-term future (next 1-4 weeks): NA (The provided information is from 1991 and does not provide a basis for making short-term predictions.),search,1991-09-23,1991-09-29,1.0,31
188445,1991-10-01,1991-10-01,1991-10-01,1991-10-31,"Lot size, proposed house location, and traffic volume and speed can be used as determining factors in traffic planning.","NA (No specific information is available to make long-term predictions about traffic and transportation.) Note: Most of the provided information is not directly related to traffic and transportation, making it difficult to make predictions or provide insights. The only relevant information is from the Gunnison County Standards and Specifications document, which provides a general guideline for traffic planning.Here is the summarized information, filtered to focus on traffic and transportation:;NA (No specific information is available to make short-term predictions about traffic and transportation.)",search,1991-10-21,1991-10-27,4.0,31
169693,1991-11-01,1991-11-01,1991-11-01,1991-11-30,There is no objective fact about the Traffic and Transportation situation in the given search results.,NA;NA,search,1991-11-18,1991-11-24,6.0,31
172782,1991-12-01,1991-12-01,1991-12-01,1991-12-31,The U.S. National Highway Traffic Safety Administration is demanding volumes of information.,"There may be long-term investments in improving transportation infrastructure, particularly in regards to roads and railways.;It is likely that there will be increased scrutiny and regulation of traffic safety in the short-term future.",search,1991-12-23,1991-12-29,2.0,31
167652,1992-01-01,1992-01-01,1992-01-01,1992-01-31,There is no objective fact about the current Traffic and Transportation situation in the provided search results.,NAHere is the summarized output:;NA,search,1992-01-20,1992-01-26,5.0,31
160204,1992-02-01,1992-02-01,1992-02-01,1992-02-29,"The Lackawaxen Township Pike County, PA Zoning Ordinance requires estimates of peak hourly traffic volumes for 3 PM to 6 PM.","In the long-term, it is possible that advancements in transportation technology and infrastructure will lead to more efficient traffic management systems, potentially reducing congestion and improving travel times. Note: The other search results did not provide useful information related to Traffic and Transportation, so they were discarded.Here is the filtered and summarized information relevant to making predictions about Traffic and Transportation:;In the short-term, it is likely that urban planners will continue to prioritize traffic management and estimation of peak hourly traffic volumes.",search,1992-02-17,1992-02-23,6.0,31
183778,1992-03-01,1992-03-01,1992-03-01,1992-03-31,"Objective facts about the Traffic and Transportation situation: Republic Act No. 7279 of the Philippines aims to provide for a comprehensive and integrated urban development and housing program, with objectives including ensuring a smooth flow of traffic and safety and convenience of travel.","Long-term predictions: The implementation of the Republic Act No. 7279 is likely to lead to improvements in traffic management and transportation systems in urban areas in the Philippines, resulting in safer and more convenient travel for citizens.;Short-term predictions: NA",search,1992-03-23,1992-03-29,2.0,31
186069,1992-04-01,1992-04-01,1992-04-01,1992-04-30,"The BG News article from April 20, 1992, mentions ""Road through three traffic light changes""",NAHere is the summarized output:;NA,search,1992-04-20,1992-04-26,4.0,31
196725,1992-05-01,1992-05-01,1992-05-01,1992-05-31,"There is no relevant information about Traffic and Transportation situation in the provided search results. The results are mostly related to politics, abortion, retail, and other unrelated topics.",NAHere is the summarized output:;NA,search,1992-05-25,1992-05-31,0.0,31
197232,1992-06-01,1992-06-01,1992-06-01,1992-06-30,The classified traffic volumes are an important factor in determining the structural capacity of the existing road pavement or the future traffic loading.,"As the population grows and urbanization increases, there will be a greater need for efficient traffic management and transportation systems, leading to increased investment in road infrastructure and safety features. Here is the assessment of the provided search results:;NA",search,1992-06-22,1992-06-28,2.0,31
206616,1992-07-01,1992-07-01,1992-07-01,1992-07-31,The development of the United States as a world power is mentioned in the context of traffic and transportation.,"In the long-term, it is possible that traffic management strategies will evolve to incorporate new technologies and innovative solutions to address traffic congestion and safety concerns. Here is the filtered and summarized information:;In the short-term, it is likely that traffic management efforts will continue to focus on maintaining road safety and efficient traffic flow, with an emphasis on enforcement of existing regulations. NA (no other short-term predictions can be made based on the available information)",search,1992-07-20,1992-07-26,5.0,31
204753,1992-08-01,1992-08-01,1992-08-01,1992-08-31,The traffic control plan in Florida during Hurricane Response Planning includes activation of U.S. Army for traffic control and major food distribution.,"In the long-term, there may be a shift towards more comprehensive and integrated traffic management systems that prioritize pedestrian protection and safety. Note: The other search results did not provide useful information relevant to predicting Traffic and Transportation.Here is the summarized information:;In the short-term, there may be an increase in traffic control measures and emergency response planning in states prone to natural disasters.",search,1992-08-24,1992-08-30,1.0,31
190908,1992-09-01,1992-09-01,1992-09-01,1992-09-30,The U.S. National Highway Traffic Safety Administration is demanding volumes of information from an automaker as it investigates a fix in a March 8 incident.,"In the long-term, it is possible that there will be changes to safety regulations and protocols in the transportation sector, potentially leading to a decrease in accidents and incidents. After filtering the search results, I found that most of the information is not relevant to making predictions about Traffic and Transportation. However, I was able to extract some useful information, which I have summarized below:;In the short-term, it is likely that there will be increased scrutiny of the automaker involved in the March 8 incident, and potentially increased safety measures put in place.",search,1992-09-21,1992-09-27,3.0,31
194836,1992-10-01,1992-10-01,1992-10-01,1992-10-31,"The Anti-Car Theft Act of 1992 was enacted on October 25, 1992, and it provided grants to the Secretary of Transportation from various groups.",NAHere is the summarized information:;NA,search,1992-10-19,1992-10-25,6.0,31
177380,1992-11-01,1992-11-01,1992-11-01,1992-11-30,"The Road Traffic Amendment No 2 was mentioned in a decision made on November 23, 1992.","NAAfter filtering the search results, I found that most of the information is irrelevant to making predictions about Traffic and Transportation. However, I was able to extract some useful information from the first result. Here is the summary:;NA",search,1992-11-23,1992-11-29,1.0,31
180999,1992-12-01,1992-12-01,1992-12-01,1992-12-31,Objective facts about the Traffic and Transportation situation: There is no relevant information about Traffic and Transportation in the provided search results.,Predictions you can make for the long-term future (next few months): No predictions can be made due to the lack of relevant information. Here is the filtered and summarized information relevant to making predictions about Traffic and Transportation:;Predictions you can make for the short-term future (next 1-4 weeks): No predictions can be made due to the lack of relevant information.,search,1992-12-21,1992-12-27,4.0,31
171680,1993-01-01,1993-01-01,1993-01-01,1993-01-31,There is no objective fact about the current Traffic and Transportation situation in the provided search results.,"No long-term predictions can be made based on the provided information. Note: The search results do not provide any useful information related to traffic and transportation, making it impossible to make any predictions or analysis.Here is the summarized output:;No short-term predictions can be made based on the provided information.",search,1993-01-25,1993-01-31,0.0,31
162844,1993-02-01,1993-02-01,1993-02-01,1993-02-28,"According to the United States Road Capacity Manual (Transportation Research Board, 2022), which serves as a source document for Transportation and",NAHere is the summarized output:;NA,search,1993-02-22,1993-02-28,0.0,31
187869,1993-03-01,1993-03-01,1993-03-01,1993-03-31,The traffic volume of 250 vehicles per day (vpd) is mentioned in the context of mixed-use development.,"NAHere is the summarized information, filtered to focus on Traffic and Transportation:;NA",search,1993-03-22,1993-03-28,3.0,31
188737,1993-04-01,1993-04-01,1993-04-01,1993-04-30,Objective facts about the Traffic and Transportation situation: The presence of other users in the traffic affects road planning and design standards .,"Predictions for the long-term future (next few months): NA Note: The provided search results do not contain enough relevant information to make predictions about traffic and transportation. Most of the results are unrelated to traffic and transportation, and the few relevant ones do not provide sufficient data to make predictions.Here is the filtered information, summarized into 5 parts:;Predictions for the short-term future (next 1-4 weeks): NA",search,1993-04-19,1993-04-25,5.0,31
205981,1993-05-01,1993-05-01,1993-05-01,1993-05-31,The United States National Highway Traffic Safety Administration is demanding volumes.,"NAHere is the summarized information, filtered to be relevant to predicting Traffic and Transportation:;NA",search,1993-05-24,1993-05-30,1.0,31
199414,1993-06-01,1993-06-01,1993-06-01,1993-06-30,There is no relevant objective fact about the Traffic and Transportation situation in the provided search results.,"NA (No relevant information to make long-term predictions) Note: The search results are mostly unrelated to Traffic and Transportation, making it difficult to extract useful information.Here is the summarized output:;NA (No relevant information to make short-term predictions)",search,1993-06-21,1993-06-27,3.0,31
209838,1993-07-01,1993-07-01,1993-07-01,1993-07-31,The United Nations Convention against Illicit Traffic in Narcotic Drugs was mentioned in the Yearbook of the International Law Commission 1993 Volume II Part.,"In the long-term future (next few months), there may be increased investment in public transportation and infrastructure to mitigate the effects of traffic congestion, such as the development of new train sets and trails.;In the short-term future (next 1-4 weeks), it is likely that traffic congestion will continue to worsen, leading to increased travel times and decreased air quality.",search,1993-07-19,1993-07-25,6.0,31
209634,1993-08-01,1993-08-01,1993-08-01,1993-08-31,The U.S. National Highway Traffic Safety Administration is demanding volumes,"NAAfter filtering the search results, I found limited information relevant to making predictions about Traffic and Transportation. Here is the summarized information:;NA",search,1993-08-23,1993-08-29,2.0,31
193765,1993-09-01,1993-09-01,1993-09-01,1993-09-30,"There are traffic counts for Wisconsin, and the State Department of Highways publishes traffic control devices.","In the long-term future, it's possible that measures will be taken to address traffic congestion, such as implementing new traffic control devices or adjusting traffic patterns. Note: The provided search results are mostly from 1993, which may not be directly applicable to the current traffic and transportation situation. However, the insights and analysis provided are general enough to be relevant to understanding traffic and transportation concerns.Here is the summarized information, filtered and organized into the 5 parts:;In the short-term future, it's likely that traffic congestion will continue to be a problem, especially in areas with high traffic counts.",search,1993-09-20,1993-09-26,4.0,31
197793,1993-10-01,1993-10-01,1993-10-01,1993-10-31,"The objective of the United States Fire Administration is to prepare for fire-related emergencies, and a major obstacle in doing so is the volume of police radio traffic.","In the long-term, the development of traffic control centers and inland waterway networks is expected to improve the efficiency and safety of transportation systems. Note: The information provided is limited, and most of the search results are not directly related to traffic and transportation. Therefore, the summarized information is also limited.Here is the filtered and summarized information relevant to predicting Traffic and Transportation:;In the short-term, it is likely that traffic management strategies will continue to play a crucial role in ensuring efficient emergency response and port operations.",search,1993-10-25,1993-10-31,0.0,31
182322,1993-11-01,1993-11-01,1993-11-01,1993-11-30,The Mississippi River built the coastal wetlands of Louisiana by depositing enormous volumes of sediment and nutrients.,"In the long-term, it is predicted that there will be increased investment in infrastructure and technology to manage traffic volumes, improve transportation systems, and reduce the environmental impact of transportation. Note: The provided search results are mostly from 1993, which may not be directly applicable to current traffic and transportation situations. However, the insights and analysis provided are general and can be applied to similar contexts.Here is the summarized information relevant to predicting Traffic and Transportation:;In the short-term, it is likely that traffic volumes will continue to be a concern, particularly during peak travel seasons, and measures will be taken to optimize traffic flow and reduce congestion.",search,1993-11-22,1993-11-28,2.0,31
186828,1993-12-01,1993-12-01,1993-12-01,1993-12-31,"The United States Holocaust Memorial Museum has a problem with a relentless flood of visitors, leading to adjustments to ensure better traffic flow.","In the long-term, it is possible that other popular attractions will also need to adapt to handle increasing visitor numbers, leading to a greater need for efficient crowd management and transportation strategies. Note: There is limited information directly related to Traffic and Transportation in the provided search results. The above summary focuses on the most relevant information available.After carefully reviewing the search results, I have filtered out the information that is not relevant to making predictions about Traffic and Transportation. Unfortunately, none of the search results provide useful information about Traffic and Transportation. Here is the output:;In the short-term, it is likely that the museum will continue to experience high volumes of visitors, requiring ongoing adjustments to manage traffic flow.",search,1993-12-20,1993-12-26,5.0,31
169314,1994-01-01,1994-01-01,1994-01-01,1994-01-31,The U.S. National Highway Traffic Safety Administration is demanding volumes of information from the NFTA.,"In the long-term, it is possible that there will be changes to traffic management policies and regulations, with a focus on improving infrastructure and reducing accidents. Note: The other search results were not relevant to Traffic and Transportation, so they were discarded.Here is the summarized information relevant to predicting Traffic and Transportation:;In the short-term, it is likely that there will be increased scrutiny on traffic management practices, with authorities demanding more information and taking steps to mitigate accidents.",search,1994-01-24,1994-01-30,1.0,31
166444,1994-02-01,1994-02-01,1994-02-01,1994-02-28,"The City of East Palo Alto Historic Resources Inventory Report mentions that the city bears the brunt of the traffic, affecting the flow of traffic moving along the Peninsula's main high-speed artery.","In the long term, it is possible that traffic congestion will become an increasingly significant issue, unless sustainable transportation solutions are implemented to reduce traffic volume and density. Here is the summarized information, filtered and organized into the 5 parts:;In the short term, it is likely that traffic congestion will continue to be a problem in high-density areas, unless measures are taken to mitigate it.",search,1994-02-21,1994-02-27,1.0,31
196190,1994-03-01,1994-03-01,1994-03-01,1994-03-31,"The Rivers and Harbors Act of 1899 is mentioned in the Bonneville Library Portland document, indicating that it is a relevant law in the United States.",NAHere is the summary of the useful filtered information:;NA,search,1994-03-21,1994-03-27,4.0,31
195407,1994-04-01,1994-04-01,1994-04-01,1994-04-30,Objective facts about the Traffic and Transportation situation: The volume of through traffic is a significant portion of the total traffic volume in the morning peak hour. Existing traffic volume counts were estimated by a consultant in the Calipatria State. A residential subdivision should not be used for through traffic with a volume of not more than 100 vehicles per day.,"Predictions you can make for the long-term future (next few months): Traffic congestion and safety will continue to be significant concerns in the United States, with a focus on managing traffic volume and ensuring safety in various plans and regulations. Here is the summarized information:;Predictions you can make for the short-term future (next 1-4 weeks): NA",search,1994-04-18,1994-04-24,6.0,31
206594,1994-05-01,1994-05-01,1994-05-01,1994-05-31,The Naval Undersea Warfare Center in Keyport initiated bar coding in 1994 due to high volume traffic management issues.,"Long-term predictions are also challenging without more information, but it is possible that traffic management systems may continue to evolve and improve with the adoption of technologies like bar coding. Here is the summarized information relevant to predicting Traffic and Transportation:;It is difficult to make short-term predictions without more information about the current traffic and transportation situation. NA",search,1994-05-23,1994-05-29,2.0,31
207280,1994-06-01,1994-06-01,1994-06-01,1994-06-30,Objective facts about the Traffic and Transportation situation: The Department of the Environment's PPG 15 aims to moderate future traffic growth and keep down traffic speeds .,Predictions you can make for the long-term future (next few months): It is likely that authorities will continue to implement measures to manage traffic congestion and moderate traffic growth .Here is the filtered and summarized information about Traffic and Transportation:;Predictions you can make for the short-term future (next 1-4 weeks): NA,search,1994-06-20,1994-06-26,4.0,31
214778,1994-07-01,1994-07-01,1994-07-01,1994-07-31,"The design of storm drainage facilities in Lakewood, Colorado, shall be based on a soils report reflecting traffic volume and vehicle types.",NAHere is the filtered and summarized information relevant to making predictions about Traffic and Transportation:;NA,search,1994-07-25,1994-07-31,0.0,31
215045,1994-08-01,1994-08-01,1994-08-01,1994-08-31,"There is no direct information about the current traffic and transportation situation. However, there are mentions of transportation-related topics such as the Federal Aviation Administration (FAA) and waste transportation.",NAHere is the summarized information relevant to predicting Traffic and Transportation:;NA,search,1994-08-22,1994-08-28,3.0,31
200511,1994-09-01,1994-09-01,1994-09-01,1994-09-30,"The I-695 Key Bridge approach is expanding, which is expected to reduce travel time and increase traffic volume.","In the long-term future (next few months), it is possible that other traffic infrastructure projects will be initiated or announced in response to growing traffic demands.Here is the filtered and summarized information relevant to predicting Traffic and Transportation:;In the short-term future (next 1-4 weeks), it is likely that traffic volume will increase on the I-695 Key Bridge approach as the expansion is completed.",search,1994-09-19,1994-09-25,5.0,31
202864,1994-10-01,1994-10-01,1994-10-01,1994-10-31,There is no objective fact about the current Traffic and Transportation situation in these search results.,NAHere is the summary of the search results:;NA,search,1994-10-24,1994-10-30,1.0,31
190074,1994-11-01,1994-11-01,1994-11-01,1994-11-30,"The Panama Canal Commission is mentioned in two search results, indicating its presence in the Caribbean region.","NA (No long-term predictions can be made based on the available information)After filtering the search results, I found that only one result is relevant to Traffic and Transportation, which is:;NA (No short-term predictions can be made based on the available information)",search,1994-11-21,1994-11-27,3.0,31
193087,1994-12-01,1994-12-01,1994-12-01,1994-12-31,"Objective facts about the Traffic and Transportation situation: The Hollywood Freeway was designed to carry a certain volume of traffic, but it has exceeded that volume, earning it a reputation for congestion. There is a high volume of traffic in Victoria, Australia, which has led to a reduction in vehicle travel.","Predictions you can make for the long-term future (next few months): The traffic congestion on the Hollywood Freeway may lead to increased investment in traffic management infrastructure, such as additional lanes or improved public transportation options. The reduction in vehicle travel in Victoria, Australia, may lead to a shift towards more sustainable transportation options, such as public transportation or cycling. Here is the summarized information:;Predictions you can make for the short-term future (next 1-4 weeks): The traffic congestion on the Hollywood Freeway is likely to continue in the short-term, especially during peak travel hours. The reduction in vehicle travel in Victoria, Australia, may continue in the short-term, depending on the effectiveness of the state's traffic management strategies.",search,1994-12-19,1994-12-25,6.0,31
193838,1995-01-01,1995-01-01,1995-01-01,1995-01-31,"Objective facts about the Traffic and Transportation situation: Traffic levels of service, traffic congestion, and right of way considerations are important factors in transportation planning.",Predictions you can make for the long-term future (next few months): NAHere is the summarized information relevant to Traffic and Transportation:;Predictions you can make for the short-term future (next 1-4 weeks): NA,search,1995-01-23,1995-01-29,2.0,31
171053,1995-02-01,1995-02-01,1995-02-01,1995-02-28,"The volume of sales is increasing in certain areas of New York City, resulting in more traffic.","In the long term, cities may need to invest in infrastructure and transportation solutions to mitigate the effects of increased traffic congestion, such as improving public transportation or implementing traffic management systems.Here is the filtered and summarized information:;In the next 1-4 weeks, traffic congestion may worsen in areas with high sales volumes, potentially leading to longer commute times and increased transportation costs.",search,1995-02-20,1995-02-26,2.0,31
201227,1995-03-01,1995-03-01,1995-03-01,1995-03-31,"The use of land in a district can change from residential to commercial, affecting existing structures.","In the long-term, we can expect to see more emphasis on sustainable transportation solutions and infrastructure development to accommodate growing populations and tourist traffic. Here is the summarized information:;In the short-term, we can expect continued discussions and efforts to improve road infrastructure and safety, particularly in areas with high traffic volumes.",search,1995-03-20,1995-03-26,5.0,31
198213,1995-04-01,1995-04-01,1995-04-01,1995-04-30,"The volume of traffic in the Hub area of Long Island averages roughly 500,000 daily trips.","In the long-term, it is possible that measures will be taken to address traffic congestion and volume, such as infrastructure development or traffic management strategies, to improve travel and reduce congestion. Note: The provided information is limited and mostly unrelated to traffic and transportation, making it challenging to provide more specific and accurate predictions.Here is the summarized information:;In the short-term, it is likely that traffic volume will remain high in areas with high population density and development, potentially leading to congestion and travel delays.",search,1995-04-24,1995-04-30,0.0,31
212586,1995-05-01,1995-05-01,1995-05-01,1995-05-31,"The volume of traffic has been increasing, demanding wider roads and better infrastructure.","In the long-term, it is predicted that there will be a greater focus on improving transportation infrastructure, such as road widening and traffic management systems, to accommodate the growing demand for travel. Here is the summarized information:;In the short-term, it is likely that traffic congestion will continue to be a problem, especially during peak travel hours.",search,1995-05-22,1995-05-28,3.0,31
211370,1995-06-01,1995-06-01,1995-06-01,1995-06-30,The United States Department of Transportation is mentioned as a relevant entity.,"In the long term, it is possible that technological advancements and infrastructure developments will play a larger role in shaping the future of traffic and transportation. Note: The provided search results were largely unrelated to traffic and transportation, making it difficult to gather useful information. As a result, the summary is limited and lacks concrete data and insights.Here is the summarized information, filtered to focus on Traffic and Transportation:;It is likely that traffic and transportation will continue to be influenced by local and national policies and decisions in the short term.",search,1995-06-19,1995-06-25,5.0,31
217188,1995-07-01,1995-07-01,1995-07-01,1995-07-31,"The volume ""BELFAIR"" states that no traffic shall be generated in greater volumes than existing conditions, and that lodging and restaurants are not expected to generate pedestrian or vehicular travel from the nearest point of the site.",NAHere is the filtered and summarized information:;NA,search,1995-07-24,1995-07-30,1.0,31
219216,1995-08-01,1995-08-01,1995-08-01,1995-08-31,The East Lone Tree Specific Plan FUA,"In the long-term future, it is possible that traffic congestion will continue to be a major issue in urban areas, and therefore, continued efforts to improve traffic flow and reduce congestion will be necessary. Note: The other search results do not provide relevant information about traffic and transportation, so they were discarded.Here is the filtered and summarized information relevant to making predictions about Traffic and Transportation:;In the short-term future, it is likely that traffic flow will improve in areas where specific plans are being implemented, such as the East Lone Tree area.",search,1995-08-21,1995-08-27,4.0,31
203866,1995-09-01,1995-09-01,1995-09-01,1995-09-30,The United States Department of Transportation has guidelines for traffic management.,"In the long-term future, we can expect to see significant investments in transportation infrastructure, including road design, maintenance, and rehabilitation, to accommodate growing traffic volumes and improve travel experiences. Note: The information provided is limited, and most of the search results are not directly related to traffic and transportation. The above summary is based on the few relevant points that could be gleaned from the search results.Here is the filtered and summarized information about Traffic and Transportation:;In the short-term future, we can expect to see continued efforts to improve traffic management systems, potentially with a focus on rural road design and maintenance.",search,1995-09-18,1995-09-24,6.0,31
206745,1995-10-01,1995-10-01,1995-10-01,1995-10-31,"The proximity of traffic signals to railroad tracks is a case-by-case decision for local authorities due to unique geography, traffic volume, and density of development.","NAAfter filtering the search results, I found that most of the information is not relevant to making predictions about Traffic and Transportation. However, I was able to extract some useful information from a few sources. Here is the summarized information in 5 parts:;NA",search,1995-10-23,1995-10-29,2.0,31
194131,1995-11-01,1995-11-01,1995-11-01,1995-11-30,Objective facts about the Traffic and Transportation situation: Contracting Governments undertake to arrange for the establishment of VTS (Vessel Traffic Services) where the volume of traffic or the degree of risk justifies such establishment.,"Predictions you can make for the long-term future (next few months): It is likely that governments will continue to prioritize safety in maritime transportation, potentially leading to further developments in VTS and other safety measures. Here is the summarized information relevant to predicting Traffic and Transportation:;Predictions you can make for the short-term future (next 1-4 weeks): NA",search,1995-11-20,1995-11-26,4.0,31
193341,1995-12-01,1995-12-01,1995-12-01,1995-12-31,"The Interstate Commerce Commission was abolished on December 29, 1995, to reform economic regulation of transportation.",The changes in regulation of transportation may lead to improvements in traffic management and reduced congestion in the long term. Here is the filtered and summarized information relevant to predicting Traffic and Transportation:;NA,search,1995-12-25,1995-12-31,0.0,31
183465,1996-01-01,1996-01-01,1996-01-01,1996-01-31,The Fatal Accident Reporting System (FARS) statistics indicated that about 65 percent of vehicle fatalities in the U.S. occurred in 1996.,"In the long-term future (next few months), it is likely that there will be continued development of regulations and infrastructure to address traffic and transportation-related issues, potentially leading to improved safety and efficiency. Note: The information provided is limited to a specific time period (January 1996) and does not provide a comprehensive view of the current traffic and transportation situation.Here is the summary of the filtered information:;In the short-term future (next 1-4 weeks), it is likely that traffic and transportation-related issues will continue to be a priority, with ongoing efforts to improve safety and infrastructure.",search,1996-01-22,1996-01-28,3.0,31
176562,1996-02-01,1996-02-01,1996-02-01,1996-02-29,"The pipelines in Oregon fill specific niches in the transportation needs of the state, representing enormous volumes.","As the demand for transportation services continues to grow, it is likely that the importance of pipelines and tank trucks will increase, leading to further investments in these areas. After carefully reviewing the search results, I found that most of the information is irrelevant to making predictions about Traffic and Transportation. However, I was able to extract some useful information, which I've summarized below:;NA",search,1996-02-19,1996-02-25,4.0,31
204172,1996-03-01,1996-03-01,1996-03-01,1996-03-31,"The population of an area declined by seven per cent from 1986 to 1991, with most traffic being commercial and tourist on the Yellowhead Highway.","In the long term, it is predicted that there will be a greater emphasis on sustainable and efficient transportation systems, with the integration of technology and innovative solutions to address traffic congestion and environmental concerns. Here is the summarized output:;In the short term, it is likely that traffic volumes will continue to be a key consideration in urban planning, with a focus on designing infrastructure that can accommodate growing populations and commercial activities.",search,1996-03-25,1996-03-31,0.0,31
205253,1996-04-01,1996-04-01,1996-04-01,1996-04-30,"The Widening of Highway 126 has entered its final phase, with 35 deaths occurring during the same period on the Ventura Freeway, where daily traffic volume is as much as five times higher.","In the long-term, we can expect a greater emphasis on sustainable transportation solutions, such as public transportation and alternative modes of transportation, to address growing traffic volumes and environmental concerns.Here is the summarized output:;In the short-term, we can expect continued efforts to improve highway infrastructure and implement traffic management strategies to reduce congestion and improve safety.",search,1996-04-22,1996-04-28,2.0,31
218676,1996-05-01,1996-05-01,1996-05-01,1996-05-31,"The objective facts about the Traffic and Transportation situation are limited in the provided search results. However, some relevant information can be found: The VA HANDBOOK 7240 mentions that truckload volume will generally result in the lowest transportation costs. A permit application from May 20, 1996, requires automobile liability insurance for events involving automobiles. The Transport (Dublin Light Rail) Bill, 1996, discusses traffic and transportation in Dublin.",NAHere is the summary of the search results:;NA,search,1996-05-20,1996-05-26,5.0,31
215551,1996-06-01,1996-06-01,1996-06-01,1996-06-30,"Travel times dropped, while travel volumes rose, indicating increased traffic congestion.","In the long-term, investments in infrastructure improvements, such as highway expansion and traffic signal synchronization, may be necessary to mitigate traffic congestion and improve travel times. Here is the filtered and summarized information:;In the short-term, traffic congestion is likely to persist, with potential increases in travel times and volumes during peak hours.",search,1996-06-24,1996-06-30,0.0,31
225109,1996-07-01,1996-07-01,1996-07-01,1996-07-31,"The U.S.-South Africa Air Transport Agreement of July 23, 1996, prohibits unilateral limitations on the volume of traffic, frequency, or regularity of service, or the aircraft capabilities of the airlines of the other Party.","In the long-term future (next few months), we may see the implementation of more advanced data-driven network loading systems, leading to improved traffic flow and reduced travel times. Note that some of the search results were not relevant to Traffic and Transportation, so they were discarded.Here is the filtered and summarized information relevant to making predictions about Traffic and Transportation:;In the short-term future (next 1-4 weeks), we can expect continued efforts to improve traffic management and transportation systems, potentially leading to increased efficiency and reduced congestion.",search,1996-07-22,1996-07-28,3.0,31
229050,1996-08-01,1996-08-01,1996-08-01,1996-08-31,"The National Transport Policy White Paper of South Africa, published on August 20, 1996, mentions that powers and responsibilities for transport are shared between the various levels of Government.","In the long-term, effective implementation of the National Transport Policy White Paper could lead to improved traffic management and reduced congestion in South Africa's metropolitan areas. Here is the summarized information in 5 parts:;In the short-term, it is likely that traffic congestion will continue to be a challenge in South Africa's metropolitan areas, especially with the growth in cruise-ship traffic.",search,1996-08-19,1996-08-25,6.0,31
207604,1996-09-01,1996-09-01,1996-09-01,1996-09-30,The United States Department of Agriculture's Forest Service mentions that tracked vehicles have slower travel speeds due to greater rolling resistance.,NAHere is the filtered and summarized information:;NA,search,1996-09-23,1996-09-29,1.0,31
215654,1996-10-01,1996-10-01,1996-10-01,1996-10-31,"There is no direct information about the current traffic and transportation situation. However, there are mentions of transportation and travel in the context of ecotourism, sports events, and military operations.",NAHere is the summarized information:;NA,search,1996-10-21,1996-10-27,4.0,31
199643,1996-11-01,1996-11-01,1996-11-01,1996-11-30,"The operation of Portal Bridge is described in the three-volume manual, Portal Bridge. Maintenance and Operation, published in 1982 by Link Control, Inc.",NAHere is the filtered and summarized information about Traffic and Transportation:;NA,search,1996-11-18,1996-11-24,6.0,31
201462,1996-12-01,1996-12-01,1996-12-01,1996-12-31,There is no relevant information about traffic and transportation in the provided search results. NA,No long-term predictions can be made due to the lack of relevant information. NA Here is the filtered and summarized information about Traffic and Transportation:;No short-term predictions can be made due to the lack of relevant information. NA,search,1996-12-23,1996-12-29,2.0,31
190126,1997-01-01,1997-01-01,1997-01-01,1997-01-31,There is no objective fact about the current Traffic and Transportation situation in the provided search results.,"In the long-term, it is likely that Traffic and Transportation will continue to evolve with advancements in technology and infrastructure. However, without more specific information, it is difficult to make accurate predictions. Here is the summarized information:;Based on the lack of relevant information, it is difficult to make short-term predictions about Traffic and Transportation. However, it can be assumed that the current situation will remain stable for the next 1-4 weeks.",search,1997-01-20,1997-01-26,5.0,31
183950,1997-02-01,1997-02-01,1997-02-01,1997-02-28,"There is no specific data on current traffic and transportation situation. However, it can be inferred that in 1997, there were concerns about traffic and transportation in the United States, such as traffic safety and productivity growth statistics.",NAHere is the summarized information relevant to predicting Traffic and Transportation:;NA,search,1997-02-17,1997-02-23,5.0,31
211952,1997-03-01,1997-03-01,1997-03-01,1997-03-31,"The publication ""Journal of Travel Medicine, Volume 7, Number 1"" discusses international regulations for automobile driving and epilepsy, highlighting the increased risk of traffic accidents and death.","In the long-term future, it is possible that these efforts will lead to more comprehensive and integrated transportation systems that prioritize safety and efficiency. Here is the filtered and summarized information relevant to predicting Traffic and Transportation:;It is likely that there will be continued efforts to address specific transportation-related issues in the short-term future, such as refining regulations and improving traffic management systems.",search,1997-03-24,1997-03-30,1.0,31
211290,1997-04-01,1997-04-01,1997-04-01,1997-04-30,The deficit in the “travel” accounts is attributed to tourist numbers in Mauritius.,"NAHere is the summarized information, filtered to focus on traffic and transportation:;NA",search,1997-04-21,1997-04-27,3.0,31
226082,1997-05-01,1997-05-01,1997-05-01,1997-05-31,"The average daily traffic volume for speed bump installation is more than 500 but less than 2500 through vehicles per day, with a posted speed limit of 25 mph.","In the long-term, the development of a national transportation plan could lead to more efficient traffic management and infrastructure development, but it may take time and coordination among various stakeholders. Note: The provided search results are mostly irrelevant to traffic and transportation, and only a few results provided useful information. Therefore, the summary is limited, and some parts may be tagged as ""NA"" if no useful information was found.Here is the summarized information:;In the short-term, local traffic management initiatives may continue to be implemented, but without a comprehensive national plan, traffic congestion and infrastructure issues may persist.",search,1997-05-19,1997-05-25,6.0,31
222254,1997-06-01,1997-06-01,1997-06-01,1997-06-30,There is no relevant information about Traffic and Transportation in the provided search results.,No long-term predictions can be made due to the lack of relevant information. Here is the summarized information:;No short-term predictions can be made due to the lack of relevant information.,search,1997-06-23,1997-06-29,1.0,31
236713,1997-07-01,1997-07-01,1997-07-01,1997-07-31,The Accommodation of Utilities on County Rights-of-Way document provides standards for ensuring safety of traffic and travel between major points in both rural and urban areas.,"In the long-term future, it is possible that there will be further developments in transportation systems and infrastructure to accommodate growing traffic volumes and demands. Note: The provided search results were mostly irrelevant to traffic and transportation, and the useful information was limited. Therefore, the output is concise and based on the few relevant points found.Here is the summarized information:;In the short-term future, it is likely that construction sites and transportation systems will continue to prioritize safety and stability measures.",search,1997-07-21,1997-07-27,4.0,31
233496,1997-08-01,1997-08-01,1997-08-01,1997-08-31,"The volume of traffic is an important factor in transportation planning, as seen in the Gateway of the Americas Specific Plan, which notes that high volumes of traffic are expected in the area.","In the long-term future, it is possible that alternative modes of transportation, such as barge traffic, may become more prominent, as seen in the US Army Corps of Engineers' report on unrestricted traffic in the United States. Here is the filtered and summarized information:;In the short-term future, it is likely that traffic volume will continue to be a key consideration in transportation planning, with a focus on managing congestion and improving traffic flow.",search,1997-08-25,1997-08-31,0.0,31
213547,1997-09-01,1997-09-01,1997-09-01,1997-09-30,"The amount of importance attached to pesticides in air varies among Member States, and vehicular traffic can whirl up pesticides in the air.",NAHere is the filtered and summarized information relevant to making predictions about Traffic and Transportation:;NA,search,1997-09-22,1997-09-28,2.0,31
221219,1997-10-01,1997-10-01,1997-10-01,1997-10-31,Objective facts about the Traffic and Transportation situation: There was a high volume of railroad traffic in the Niagara Frontier region on Conrail's system in 1997 . The National Highway Traffic Safety Administration (NHTSA) recorded childhood pedestrian deaths during Halloween in the United States from 1975 to 1996 .,Predictions you can make for the long-term future (next few months): NA Note: The provided search results do not contain much relevant information for making predictions about Traffic and Transportation. Most of the results are unrelated to traffic and transportation or are too old to be relevant.Here is the summarized output:;Predictions you can make for the short-term future (next 1-4 weeks): NA,search,1997-10-20,1997-10-26,5.0,31
202422,1997-11-01,1997-11-01,1997-11-01,1997-11-30,"The study mentioned in the article ""2nd tragedy strikes family"" included traffic counts and travel time studies on First Avenue between Collins Road and 40th Street NE.","Long-term predictions may involve the development of more efficient transportation systems and infrastructure, such as additional lanes or improved traffic management systems. After filtering the search results, I found no relevant information related to Traffic and Transportation. The search results appear to be unrelated to the topic, consisting of articles and descriptions about various topics such as finance, cultural studies, news articles, and entertainment. Therefore, I will provide the following output:;Based on the focus on traffic studies, it is likely that short-term predictions will involve continued analysis and potential implementation of traffic flow improvements.",search,1997-11-24,1997-11-30,0.0,31
207322,1997-12-01,1997-12-01,1997-12-01,1997-12-31,Traffic volume during school walking hours exceeds 60 vehicles an hour.,"In the long-term future, it is possible that traffic volume reduction programs will be implemented to reduce vehicle trips and air emissions. Here is the filtered and summarized information:;In the short-term future, it is likely that traffic volume will continue to be a concern, especially during school hours.",search,1997-12-22,1997-12-28,3.0,31
196870,1998-01-01,1998-01-01,1998-01-01,1998-01-31,The websites mentioned use performance cookies to count visits and traffic sources to measure and improve the performance of their sites.,NAHere is the summarized information:;NA,search,1998-01-19,1998-01-25,6.0,31
187167,1998-02-01,1998-02-01,1998-02-01,1998-02-28,The United States Department of Transportation is involved in EMS and has a role in setting standards for emergency medical services.,"In the long-term, it is likely that there will be increased investment in transportation infrastructure and technology to improve traffic flow and reduce congestion, particularly in urban areas. Here is the summarized information, filtered to focus on Traffic and Transportation:;In the short-term, it is likely that there will be continued efforts to improve transportation and traffic management, particularly in the context of emergency services and law enforcement.",search,1998-02-16,1998-02-22,6.0,31
214222,1998-03-01,1998-03-01,1998-03-01,1998-03-31,The percent change in traffic volume at each border crossing in the El Paso region by mode was summarized in 2020.,"In the long-term, there may be a need for infrastructure upgrades or adjustments to accommodate increasing traffic volume at border crossings, particularly with the growth of international trade and travel. Note: The provided search results are mostly irrelevant to Traffic and Transportation, with only one relevant source (ftp.txdot.gov) providing information on traffic volume at border crossings.Here is the summarized information relevant to predicting Traffic and Transportation:;In the next 1-4 weeks, traffic volume at border crossings is likely to remain steady, with potential fluctuations due to external factors such as weather or special events.",search,1998-03-23,1998-03-29,2.0,31
217921,1998-04-01,1998-04-01,1998-04-01,1998-04-30,The projected traffic volume 20 years in the future is considered in the Pueblo County roadway design and construction standards.,"In the long-term, we can expect to see more emphasis on sustainable and efficient transportation systems that can accommodate growing populations and traffic demands. Note: Most of the search results were not directly related to traffic and transportation, so the summary is limited to a few relevant points.Here is the summarized information:;In the short-term, we can expect continued efforts to design and construct roadways that can handle projected traffic volumes.",search,1998-04-20,1998-04-26,4.0,31
227899,1998-05-01,1998-05-01,1998-05-01,1998-05-31,The TEA-21 Summary allocates $270 million to create and improve recreational trails and $186 million to the Bureau of Transportation Statistics.,"In the long-term, the investment in transportation infrastructure and data analysis may lead to improved traffic management and reduced congestion, making travel more efficient and safe. Here is the summarized information:;In the short-term, there may be an increase in construction and infrastructure projects, potentially leading to temporary traffic congestion and travel disruptions.",search,1998-05-25,1998-05-31,0.0,31
228733,1998-06-01,1998-06-01,1998-06-01,1998-06-30,"The driving distance from Quebec City to Bar Harbor, Maine is approximately 6-8 hours, depending on traffic from Bangor to Bar Harbor.","In the long-term future (next few months), the region may experience increased traffic volumes due to tourism and travel during the summer season. Note: The majority of the search results were irrelevant to predicting traffic and transportation, hence the limited information available.Here is the summarized information:;In the short-term future (next 1-4 weeks), traffic volumes are likely to remain stable, with no significant events or road closures reported.",search,1998-06-22,1998-06-28,2.0,31
239944,1998-07-01,1998-07-01,1998-07-01,1998-07-31,The proposed development in Polk County is expected to increase traffic volume by more than 10% on road segments and entering volume at intersections.,"In the long-term, it is possible that there will be a shift towards more sustainable and efficient transportation systems, with a focus on reducing traffic congestion and improving safety. Here is the summarized information, filtered to focus on Traffic and Transportation:;In the short-term, it is likely that there will be increased attention to traffic management and safety measures in development projects.",search,1998-07-20,1998-07-26,5.0,31
237143,1998-08-01,1998-08-01,1998-08-01,1998-08-31,The United States government's official website mentions a study on post-traumatic stress disorder in children after a road traffic accident.,"In the long-term future (next few months), I predict that there will be increased efforts to improve traffic management and reduce congestion, potentially through the use of technology and infrastructure development. Here is the filtered and summarized information relevant to predicting Traffic and Transportation:;In the short-term future (next 1-4 weeks), I predict that traffic congestion will continue to be a concern for travelers, particularly in urban areas like New York City.",search,1998-08-24,1998-08-30,1.0,31
219461,1998-09-01,1998-09-01,1998-09-01,1998-09-30,"The website www.morriscountynj.gov provides information on land development standards in Morris County, New Jersey.","In the long-term future, it is possible that there will be increased focus on sustainable transportation solutions and urban planning strategies that prioritize reducing traffic congestion and promoting more efficient travel options. Here is the filtered information, summarized into 5 parts:;In the short-term future, it is likely that traffic patterns will continue to be shaped by these various factors, with potential fluctuations based on seasonal or event-based changes in travel behavior.",search,1998-09-21,1998-09-27,3.0,31
228523,1998-10-01,1998-10-01,1998-10-01,1998-10-31,"The volume of traffic is a significant factor in transportation planning, with traffic volumes ranging from 0-5,000 to 15,001 and above.","In the long-term, there may be a shift towards more sustainable and efficient transportation systems, such as public transportation or alternative modes of transportation, to address growing traffic volumes and environmental concerns.;In the short-term, traffic volumes are likely to continue to increase, leading to potential congestion and decreased travel speeds.",search,1998-10-19,1998-10-25,6.0,31
211178,1998-11-01,1998-11-01,1998-11-01,1998-11-30,There is no objective fact about the Traffic and Transportation situation in the provided search results.,NAHere is the filtered and summarized information related to Traffic and Transportation:;NA,search,1998-11-23,1998-11-29,1.0,31
216303,1998-12-01,1998-12-01,1998-12-01,1998-12-31,"The Borough of New Oxford, PA has minimum standards for the conversion of single-family residential lots to mixed-use development, considering traffic volumes and parking areas.","In the long-term, we can predict that advances in traffic crash investigation, such as analysis of vehicle motion, will lead to improved traffic safety and more effective urban planning strategies. Note: There is limited information directly related to traffic and transportation in the provided search results. The above summary is based on the available information.Here is the filtered and summarized information:;In the short-term, we can expect continued focus on traffic management in urban planning, with an emphasis on minimizing traffic volumes and optimizing parking areas.",search,1998-12-21,1998-12-27,4.0,31
193581,1999-01-01,1999-01-01,1999-01-01,1999-01-31,The presence of schools corresponds to high volumes of pedestrians in suburban areas.,"In the long term, the slower rate of increase in the labor force may lead to changes in transportation demand and usage patterns, which transportation planners should take into account when designing infrastructure and services. Here is the summarized information relevant to predicting Traffic and Transportation:;In the short term, pedestrian traffic around schools is likely to remain high, and transportation planners should prioritize pedestrian safety and infrastructure in these areas.",search,1999-01-25,1999-01-31,0.0,31
191485,1999-02-01,1999-02-01,1999-02-01,1999-02-28,The U.S. Bureau of the Census (1997) reported that the numbers of immigrant and minority children were increasing in American schools.,"In the long-term, there may be a need for increased investment in transportation infrastructure to accommodate growing populations and traffic volumes.;In the short-term, traffic congestion may continue to be a problem, especially during peak travel seasons.",search,1999-02-22,1999-02-28,0.0,31
220763,1999-03-01,1999-03-01,1999-03-01,1999-03-31,The Maryland State Highway Administration maintains a traffic counting station on the Beltway just north of the American Legion Bridge.,"In the long term, it is likely that traffic congestion will continue to be a major issue in areas with high traffic volume, such as around large malls and highways, unless measures are taken to address the issue, such as improving public transportation or implementing traffic management strategies. Here is the summarized information:;In the next 1-4 weeks, traffic congestion around Roosevelt Field mall and other high-traffic areas is likely to continue, especially during peak shopping hours.",search,1999-03-22,1999-03-28,3.0,31
220996,1999-04-01,1999-04-01,1999-04-01,1999-04-30,"The average cost of a 10-day trip to Stockholm in August 1999 was $2000 per person, including airfare.",NAHere is the summarized information:;NA,search,1999-04-19,1999-04-25,5.0,31
230786,1999-05-01,1999-05-01,1999-05-01,1999-05-31,The volume of U.S. service exports amounts to about 40 percent of the value of merchandise trade figures.,"In the long term, the emphasis on road safety and transportation infrastructure may lead to a reduction in accidents and improved overall transportation systems in the United States. Here is the summarized output:;In the short term, it is likely that road authorities will continue to prioritize measures to improve road safety and reduce accidents, potentially leading to increased investment in transportation infrastructure.",search,1999-05-24,1999-05-30,1.0,31
235970,1999-06-01,1999-06-01,1999-06-01,1999-06-30,"The 1999 Oregon Highway Plan classifies US 197 as being of regional importance, carrying a low volume of traffic.","As the Southeast High Speed Rail Corridor project develops, it may lead to increased travel volumes and congestion on highways and airlines in the Southeast and Northeast regions. Here is the summarized information, filtered to focus on Traffic and Transportation:;In the short-term future, traffic volumes on US 197 are likely to remain low, making it a potentially appealing route for travelers.",search,1999-06-21,1999-06-27,3.0,31
243116,1999-07-01,1999-07-01,1999-07-01,1999-07-31,"The United States has a system for tracking traffic volume trends, as mentioned in the CITY OF BENTONVILLE MINIMUM STANDARD SPECIFICATIONS document.","In the long-term, it is possible that advancements in technology, such as GPS systems, will continue to improve traffic management and safety in the United States. Note: There is limited information available in the provided search results to make more specific or detailed predictions about traffic and transportation.Here is the summarized information:;In the short-term, it is likely that traffic volume trends will continue to be monitored and analyzed to inform transportation planning decisions.",search,1999-07-19,1999-07-25,6.0,31
241503,1999-08-01,1999-08-01,1999-08-01,1999-08-31,"The amount of traffic in Sedona, AZ was a concern in 1999, especially during peak tourist season.",NAHere is the summarized information:;NA,search,1999-08-23,1999-08-29,2.0,31
224306,1999-09-01,1999-09-01,1999-09-01,1999-09-30,"School bus and motorcoach travel are two of the safest forms of transportation in the United States, with an average of nine school bus passengers dying each year.","In the long-term future, it is predicted that advancements in safety technology and regulations will lead to an even greater reduction in school bus accident fatalities. Note: The provided search results did not yield much relevant information about traffic and transportation, hence the limited summary.Here is the summarized information, filtered to focus on Traffic and Transportation:;In the short-term future, it is likely that the number of fatalities in school bus accidents will remain low, but continued efforts should be made to improve safety measures.",search,1999-09-20,1999-09-26,4.0,31
233631,1999-10-01,1999-10-01,1999-10-01,1999-10-31,"The percentage of total volume decreasing in the SAM'S Club segment has improved, indicating a positive trend in traffic.","In the long-term, the adoption of alternative transportation options could lead to a reduction in traffic volume and a more sustainable transportation system. Note: Most of the search results were not relevant to Traffic and Transportation, so the amount of useful information was limited.Here is the summarized information:;In the short-term, traffic volume is likely to remain a concern, especially in areas with high foot traffic, such as near schools.",search,1999-10-25,1999-10-31,0.0,31
221856,1999-11-01,1999-11-01,1999-11-01,1999-11-30,The magnitude of the barrier effect on traffic is affected by traffic speeds and volumes.,"In the long-term, adopting sustainable transportation solutions, such as electric vehicles, and implementing effective urban planning strategies can help mitigate traffic congestion and reduce the barrier effect.;In the short-term, traffic congestion is likely to persist unless effective measures are taken to address the barrier effect and manage traffic volumes/speeds.",search,1999-11-22,1999-11-28,2.0,31
221465,1999-12-01,1999-12-01,1999-12-01,1999-12-31,Objective facts about the Traffic and Transportation situation: The Manual of Uniform Traffic Control Devices for Streets and Highways is a published standard for airport construction.,Predictions you can make for the long-term future (next few months): Increased focus on intermodal transportation and infrastructure development may lead to more efficient and sustainable transportation systems. Here is the filtered and summarized information relevant to predicting Traffic and Transportation:;Predictions you can make for the short-term future (next 1-4 weeks): NA,search,1999-12-20,1999-12-26,5.0,31
203442,2000-01-01,2000-01-01,2000-01-01,2000-01-31,"As of 2000, there has been a decrease in the number of active petroleum USTs in the U.S. due to closures and improved environmental standards.","As environmental standards continue to improve, we may see a shift towards more sustainable transportation practices in the long term.;NA",search,2000-01-24,2000-01-30,1.0,31
199261,2000-02-01,2000-02-01,2000-02-01,2000-02-29,"The volume of truck traffic is unusually high in certain areas, such as near the U.S. Army Corps of Engineers.","In the long-term future (next few months), there may be a shift towards more flexible work arrangements and increased adoption of telecommuting to reduce traffic and parking disruptions.;In the short-term future (next 1-4 weeks), traffic volumes may remain high, especially during peak hours, leading to increased congestion and travel times.",search,2000-02-21,2000-02-27,2.0,31
232490,2000-03-01,2000-03-01,2000-03-01,2000-03-31,"Objective facts about the Traffic and Transportation situation: The City of Madison is concerned about traffic volumes, speeding, pedestrian and bicycle safety on Old Middleton Road. FARS collects data on all fatal traffic crashes within the United States that involve a motor vehicle traveling on a public road and result in a death within 30 days. Idaho Transportation Department considers width, curvature, traffic volumes, and traffic operations when planning road construction.",Predictions you can make for the long-term future (next few months): It is likely that the City of Madison will implement infrastructure improvements on Old Middleton Road to address concerns about traffic volumes and safety. Idaho Transportation Department will continue to consider traffic volumes and operations when planning road construction projects. Here is the summarized information:;Predictions you can make for the short-term future (next 1-4 weeks): NA,search,2000-03-20,2000-03-26,5.0,31
227698,2000-04-01,2000-04-01,2000-04-01,2000-04-30,The logarithmic nature of noise means that it requires a doubling of traffic volumes to increase noise levels by 3 dB.,"Based on the trend of increased focus on transportation and traffic, it is likely that there will be continued efforts to improve infrastructure and regulate policies in the long-term future. Here is the summarized information:;NA",search,2000-04-24,2000-04-30,0.0,31
242501,2000-05-01,2000-05-01,2000-05-01,2000-05-31,The volume of traffic is a determining factor in the operational characteristics of roads and highways.,"In the long-term, advancements in technology, such as the Forward Sensing Camera, may help to improve traffic flow and reduce congestion.;In the short-term, traffic congestion is likely to remain a concern during rush hour periods.",search,2000-05-22,2000-05-28,3.0,31
242963,2000-06-01,2000-06-01,2000-06-01,2000-06-30,The Pennsylvania Bulletin mentions that the transportation of hazardous materials has more restrictive regulations than surrounding states.,"In the long term, investments in infrastructure design and safety regulations may improve traffic flow and reduce congestion, but ongoing monitoring and adaptation will be necessary to address emerging challenges. Here is the filtered and summarized information:;In the short term, traffic flow may be impacted by safety concerns and infrastructure limitations, potentially leading to congestion and delays.",search,2000-06-19,2000-06-25,5.0,31
245140,2000-07-01,2000-07-01,2000-07-01,2000-07-31,"There is a discussion on traffic flow analysis beyond traditional methods, including traffic congestion, traffic estimation, and travel demand.","In the long-term, there may be a shift towards more advanced traffic flow analysis methods and technologies to better manage traffic congestion and improve travel demand. Here is the summarized information:;In the short-term, traffic volumes are likely to remain high, especially during peak travel periods, and temporary congestion can be expected on roads like the Middlesex Freeway.",search,2000-07-24,2000-07-30,1.0,31
247832,2000-08-01,2000-08-01,2000-08-01,2000-08-31,"Each year, traffic crashes in the United States result in significant losses.","In the long-term future (next few months), we can expect more emphasis on improving traffic safety and reducing crashes, with potential policy changes and investments in transportation infrastructure. Here is the filtered and summarized information:;In the short-term future (next 1-4 weeks), we can expect an increase in traffic volume due to the pace of globalization and increased trade.",search,2000-08-21,2000-08-27,4.0,31
227899,2000-09-01,2000-09-01,2000-09-01,2000-09-30,The COMPASS traffic monitoring and incident information system in Toronto monitors travel on 42 km of the highway.,"In the long-term future, it is possible that the implementation of advanced traffic management systems will lead to a reduction in traffic congestion and improved air quality, as well as increased investment in alternative modes of transportation. Note: The search results provided were mostly irrelevant to predicting traffic and transportation, hence the limited information that could be extracted.Here is the summarized information:;In the short-term future, it is likely that traffic management systems will continue to be refined and improved, potentially leading to reduced congestion and improved travel times.",search,2000-09-18,2000-09-24,6.0,31
236491,2000-10-01,2000-10-01,2000-10-01,2000-10-31,The state has interconnected the timing of the signals to keep traffic moving in the southwest suburbs of Chicago.,NAHere is the filtered and summarized information relevant to predicting Traffic and Transportation:;NA,search,2000-10-23,2000-10-29,2.0,31
222819,2000-11-01,2000-11-01,2000-11-01,2000-11-30,The calculation of overall road traffic emissions on every link of the road network is performed by considering the traffic volume estimated in the network.,"NA Note: Most of the search results are irrelevant to traffic and transportation, and do not provide useful information for making predictions. The only relevant information is from the first search result, which discusses road traffic emissions estimation.Here is the filtered and summarized information relevant to making predictions about Traffic and Transportation:;NA",search,2000-11-20,2000-11-26,4.0,31
218390,2000-12-01,2000-12-01,2000-12-01,2000-12-31,The U.S. Department of Transportation publishes statistics on traffic and transportation.,"In the long-term, we can expect continued investment in traffic infrastructure, such as thoroughfares and airports, to accommodate growing demand.;In the short-term, we can expect continued growth in air travel demand, leading to increased traffic volumes at airports.",search,2000-12-25,2000-12-31,0.0,31
209685,2001-01-01,2001-01-01,2001-01-01,2001-01-31,The North Dakota Century Code t24c01 states that adequate roads and streets provide for the free flow of traffic; result in low cost of motor vehicle operation; and protect the health and safety of the citizens of North Dakota.,NAHere is the summarized output:;NA,search,2001-01-22,2001-01-28,3.0,31
200876,2001-02-01,2001-02-01,2001-02-01,2001-02-28,"Objective facts about the Traffic and Transportation situation: According to the Highway statistics, there is a correlation between traffic congestion and travel speeds, which can lead to slower travel speeds if traffic becomes more congested.","Predictions you can make for the long-term future (next few months): With the continued growth of traffic volume, it is likely that traffic congestion will remain a significant issue, and managing traffic flow will become increasingly important to maintain efficient travel times. Here is the filtered and summarized information:;Predictions you can make for the short-term future (next 1-4 weeks): NA",search,2001-02-19,2001-02-25,3.0,31
232587,2001-03-01,2001-03-01,2001-03-01,2001-03-31,"Traffic volumes are not directly correlated with fatal accidents, and Sundays tend to have the lowest volume of travel.","In the long-term, there may be a need for infrastructure development, such as additional runways or terminals, to accommodate increasing traffic volumes. Here is the filtered and summarized information about Traffic and Transportation:;In the short-term, traffic volumes may continue to rise, especially on weekdays, and may lead to increased congestion and safety issues.",search,2001-03-19,2001-03-25,6.0,31
232513,2001-04-01,2001-04-01,2001-04-01,2001-04-30,"In 2001, there were approximately 44,000 deaths in the European Union due to traffic accidents.","In the long-term, there may be an increase in the adoption of precision agriculture technology, which could lead to improved traffic control systems and reduced congestion on roads. Here is the filtered and summarized information:;In the short-term, it is likely that traffic congestion will continue to be a problem, especially during peak travel hours, unless measures are taken to improve traffic management and infrastructure.",search,2001-04-23,2001-04-29,1.0,31
245357,2001-05-01,2001-05-01,2001-05-01,2001-05-31,"The traffic volume threshold is defined in the MDOT Access Management Manual, and any large traffic generator meeting this threshold shall require a Traffic Impact Analysis.","In the long term, there may be a greater focus on sustainable transportation solutions and urban planning strategies that prioritize pedestrian-friendly and low-traffic areas. Here is the summarized information:;In the short term, traffic congestion is likely to continue to be a problem in areas with high traffic volumes, and there may be an increase in traffic-related incidents.",search,2001-05-21,2001-05-27,4.0,31
243498,2001-06-01,2001-06-01,2001-06-01,2001-06-30,The law is the same in every state in the United States regarding traffic.,NAHere is the summarized information relevant to making predictions about Traffic and Transportation:;NA,search,2001-06-18,2001-06-24,6.0,31
250363,2001-07-01,2001-07-01,2001-07-01,2001-07-31,"The traffic volume reduction is a major concern, as seen in the Saranac River Trail Greenway plan.","In the long-term, it is likely that there will be a greater emphasis on sustainable transportation solutions, such as greenways and alternative modes of transportation, to reduce traffic volume and mitigate congestion. Note: Most of the search results were not directly related to traffic and transportation, so there was limited useful information to summarize.Here is the filtered and summarized information:;In the short-term, we can expect to see continued efforts to manage traffic volume, potentially through innovative solutions like the Saranac River Trail Greenway plan.",search,2001-07-23,2001-07-29,2.0,31
253274,2001-08-01,2001-08-01,2001-08-01,2001-08-31,"The frequency of trips is affected by population size, distance, and population characteristics.","In the long-term, there may be a shift towards more sustainable transportation methods, such as public transportation or alternative modes of transportation, to mitigate the impact of growing population on traffic. Note: The provided information is limited, and most of the results are not directly related to traffic and transportation predictions. Therefore, the analysis and predictions are based on general knowledge and assumptions.Here is the summarized information:;In the short-term, traffic volume may increase due to growing population and urbanization, leading to congestion and travel time increases.",search,2001-08-20,2001-08-26,5.0,31
226312,2001-09-01,2001-09-01,2001-09-01,2001-09-30,The state of Ohio has traffic laws that regulate motor vehicles and travel.,"In the long-term, it is possible that investments in traffic and transportation infrastructure will lead to improvements in traffic flow and safety, but continued monitoring and planning will be necessary to address emerging issues. Here is the summarized information:;In the short-term, it is likely that traffic volumes will continue to increase, potentially leading to congestion and safety issues.",search,2001-09-24,2001-09-30,0.0,31
241050,2001-10-01,2001-10-01,2001-10-01,2001-10-31,"The USA PATRIOT ACT was enacted on October 26, 2001, which may have implications for transportation security.","In the long term, the implementation of new safety standards and security protocols may lead to improved safety and reduced traffic congestion, but may also result in increased costs and regulations for transportation providers. Here is the summarized output:;In the short term, there may be increased security measures and surveillance at transportation hubs and along highways, potentially causing delays and congestion.",search,2001-10-22,2001-10-28,3.0,31
230511,2001-11-01,2001-11-01,2001-11-01,2001-11-30,"The I-5 in California is known for having terrible traffic jams, especially during holidays like Thanksgiving.","In the long-term, there may be a need for investments in transportation infrastructure development and traffic management technologies to mitigate traffic congestion.;In the short-term, traffic congestion is likely to persist, especially during holidays and peak travel seasons, unless effective traffic management strategies are implemented.",search,2001-11-19,2001-11-25,5.0,31
229584,2001-12-01,2001-12-01,2001-12-01,2001-12-31,The 2001 Air Quality Report in New Jersey indicates that fine particles are likely to be a problem in some areas of the state.,"In the long-term future (next few months), it is possible that the implementation of traffic management plans and proposals will lead to some improvement in traffic flow and reduced congestion. Note: The majority of the search results were not relevant to Traffic and Transportation, hence the limited information available.Here is the summarized information, filtered to focus on predicting Traffic and Transportation:;In the short-term future (next 1-4 weeks), it is likely that traffic congestion will continue to be a challenge, especially in areas with high population density or construction activities.",search,2001-12-24,2001-12-30,1.0,31
215215,2002-01-01,2002-01-01,2002-01-01,2002-01-31,"Travel on all roads and streets in the US changed by +2.2 percent in January 2002 compared to January 2001, resulting in an estimated 213.3 billion vehicle-miles.","In the long term, I predict a sustained growth in vehicle miles traveled, with possible increases in traffic volume due to factors such as population growth and urbanization. However, this growth may be influenced by factors such as fuel prices, economic conditions, and transportation policies.;Based on the current trend, I predict a continued increase in vehicle miles traveled in the next 1-3 months, with a possible growth rate of +2-3 percent.",report,2002-01-01,2002-01-31,0.0,31
208237,2002-02-01,2002-02-01,2002-02-01,2002-02-28,"Travel on all roads and streets in the US changed by +3.3% in February 2002 compared to February 2001, with an estimated 205.9 billion vehicle-miles traveled. The West region saw the highest increase at +5.6%, while the South Gulf region saw the lowest increase at +1.5%.","If the current growth trend continues, it is possible that vehicle miles traveled will reach a new high in the next 4-6 months, potentially exceeding 210 billion vehicle-miles.;Based on this trend, it is likely that vehicle miles traveled will continue to increase in the short-term, potentially by 3-5% in the next 1-3 months.",report,2002-02-01,2002-02-28,0.0,31
236070,2002-03-01,2002-03-01,2002-03-01,2002-03-31,Pedestrian crashes occur most frequently in urban areas where pedestrian activity and traffic volumes are greater compared to rural areas.,"In the long-term, implementing effective traffic management strategies, such as pedestrian-friendly infrastructure and traffic calming measures, can help reduce pedestrian crashes and improve overall traffic safety. Here is the summarized information:;In the short-term, it is likely that traffic volumes will continue to be high in urban areas, and pedestrian crashes will remain a concern.",search,2002-03-25,2002-03-31,0.0,31
237226,2002-04-01,2002-04-01,2002-04-01,2002-04-30,"Travel on all roads and streets in the US changed by +1.5% in April 2002 compared to April 2001, resulting in an estimated 234.5 billion vehicle-miles. This total includes 92.2 billion vehicle-miles on rural roads and 142.3 billion vehicle-miles on urban roads and streets.","In the long-term future, I predict that the vehicle miles traveled will continue to grow, potentially driven by population growth, urbanization, and economic development, with an estimated increase of 3-5% in the next 4-18 months.;Based on the current trend, I predict that the vehicle miles traveled will continue to increase in the short-term future, potentially by 1-2% in the next 1-3 months.",report,2002-04-01,2002-04-30,0.0,31
251746,2002-05-01,2002-05-01,2002-05-01,2002-05-31,"Travel on all roads and streets in the US changed by +2.0 percent in May 2002 compared to May 2001, resulting in an estimated 248.8 billion vehicle-miles traveled. The total includes 100.1 billion vehicle-miles on rural roads and 148.7 billion vehicle-miles on urban roads and streets.","If the current economic and demographic trends continue, it is possible that vehicle miles traveled will reach 260-270 billion vehicle-miles by the end of 2002, with continued growth expected in 2003.;Based on the current trend, it is likely that vehicle miles traveled will continue to increase in the short term, potentially reaching 250-252 billion vehicle-miles in the next 1-3 months.",report,2002-05-01,2002-05-31,0.0,31
247868,2002-06-01,2002-06-01,2002-06-01,2002-06-30,Commercial vehicle travel time and delay at U.S. border crossings varied greatly in their ability to handle volume shifts.,"In the long-term, investments in infrastructure and technology, such as intelligent transportation systems, may be necessary to mitigate the effects of increasing traffic volume and improve overall traffic flow. Note: The other search results were not relevant to making predictions about Traffic and Transportation, so they were discarded.Here is the summarized output:;In the short-term, traffic volume may not be the primary cause of delay and congestion, and other factors such as road maintenance and traffic management should be prioritized.",search,2002-06-24,2002-06-30,0.0,31
256392,2002-07-01,2002-07-01,2002-07-01,2002-07-31,"Travel on all roads and streets in the US changed by +2.3 percent in July 2002 compared to July 2001, resulting in an estimated 254.5 billion vehicle-miles.","If the economy continues to grow, it is possible that vehicle miles traveled will reach 260-270 billion by the end of the year, with a potential annual growth rate of 2-3%.;Based on the current trend, it is likely that vehicle miles traveled will continue to increase in the next 1-3 months, potentially exceeding 255 billion vehicle-miles.",report,2002-07-01,2002-07-31,0.0,31
258666,2002-08-01,2002-08-01,2002-08-01,2002-08-31,"Objective facts about the Monthly United States nationwide vehicle miles traveled (VMT) situation: Travel on all roads and streets in the US changed by +1.8% in August 2002 compared to August 2001, resulting in an estimated 256.2 billion vehicle-miles.","Predictions you can make for the long-term future (next 4-18 months): The steady increase in VMT is likely to continue in the long-term, driven by factors such as population growth and economic activity. However, potential changes in fuel prices, transportation policies, or economic conditions could impact this trend.;Predictions you can make for the short-term future (next 1-3 months): Based on the current trend, VMT is likely to continue to increase in the next few months, potentially at a rate similar to the current +1.8% growth.",report,2002-08-01,2002-08-31,0.0,31
233625,2002-09-01,2002-09-01,2002-09-01,2002-09-30,"Travel on all roads and streets changed by +2.2 percent for September 2002 as compared to September 2001, with an estimated 229.6 billion vehicle-miles traveled.","In the long-term, I predict that vehicle miles traveled will continue to grow, but at a slower rate, potentially around +1-2% per year, as the economy and population continue to grow, but at a slower pace.;Based on the current trend, I predict that vehicle miles traveled will continue to increase in the next 1-3 months, potentially at a rate of +2-3% compared to the same months in the previous year.",report,2002-09-01,2002-09-30,0.0,31
245556,2002-10-01,2002-10-01,2002-10-01,2002-10-31,"Travel on all roads and streets changed by +1.3 percent for October 2002 as compared to October 2001, with an estimated 243.2 billion vehicle-miles traveled. The breakdown by region is: West (+2.6%), North Central (+1.7%), South Gulf (+0.2%), Northeast (+1.5%), and South Atlantic (+0.5%).","In the long term, VMT growth may be influenced by factors such as changes in fuel prices, economic growth, and shifts in transportation modes (e.g., increased use of public transportation or alternative modes).;Based on the current trend, it is likely that VMT will continue to grow at a slow pace in the next 1-3 months, potentially influenced by the upcoming holiday season and winter weather.",report,2002-10-01,2002-10-31,0.0,31
230648,2002-11-01,2002-11-01,2002-11-01,2002-11-30,"Travel on all roads and streets in the US changed by -0.6% in November 2002 compared to November 2001, with an estimated 228.2 billion vehicle-miles traveled.","In the long term (next 4-18 months), vehicle miles traveled may experience a rebound or stabilization as economic conditions and fuel prices fluctuate, but it is difficult to predict a significant increase or decrease without further data.;Based on the current trend, it is likely that vehicle miles traveled will continue to decline or remain stable in the short term (next 1-3 months), potentially influenced by winter weather and holiday travel patterns.",report,2002-11-01,2002-11-30,0.0,31
234260,2002-12-01,2002-12-01,2002-12-01,2002-12-31,"In December 2002, travel on all roads and streets changed by +1.4 percent compared to December 2001, resulting in estimated travel of 231.3 billion vehicle-miles.","In the long-term future (next 4-18 months), it is possible that vehicle miles traveled will continue to grow, driven by factors such as population growth, urbanization, and changes in transportation infrastructure. However, this growth may be influenced by various factors such as changes in fuel prices, government policies, and technological advancements.;Based on the current trend, it is likely that the short-term future (next 1-3 months) will see a continued steady growth in vehicle miles traveled, potentially influenced by seasonal changes and economic conditions.",report,2002-12-01,2002-12-31,0.0,31
218534,2003-01-01,2003-01-01,2003-01-01,2003-01-31,"The estimated vehicle miles traveled (VMT) for January 2003 is 215.5 billion, a 0.8% increase compared to January 2002.","In the long term (next 4-18 months), I predict a sustained growth in VMT, potentially around 2-3% annually, driven by demographic and economic factors.;Based on the current trend, I predict a continued increase in VMT for the next 1-3 months, potentially around 1-2% growth.",report,2003-01-01,2003-01-31,0.0,31
203677,2003-02-01,2003-02-01,2003-02-01,2003-02-28,"Travel on all roads and streets in the US changed by -2.9% in February 2003 compared to February 2002, resulting in an estimated 200.3 billion vehicle-miles traveled.","In the long term (next 4-18 months), vehicle miles traveled may recover or stabilize as economic conditions improve, but it is also possible that changes in travel behavior and mode shifts could continue to impact traffic volume.;Based on the current trend, it is likely that vehicle miles traveled will continue to decline or remain stagnant in the short term (next 1-3 months), potentially influenced by seasonal factors and ongoing economic conditions.",report,2003-02-01,2003-02-28,0.0,31
236679,2003-03-01,2003-03-01,2003-03-01,2003-03-31,"Travel on all roads and streets in the US changed by -0.3% in March 2003 compared to March 2002, resulting in an estimated 233.2 billion vehicle-miles traveled.","In the long term (next 4-18 months), I predict that the travel volume will continue to follow a steady growth trend, with possible increases of up to 2-3% per year, driven by population growth and economic activity.;Based on this data, I predict that the travel volume in the next 1-3 months will remain relatively stable, with a possible slight increase or decrease of up to 1%.",report,2003-03-01,2003-03-31,0.0,31
239415,2003-04-01,2003-04-01,2003-04-01,2003-04-30,"Travel on all roads and streets in the US changed by +0.7 percent in April 2003 compared to April 2002, resulting in an estimated 236.4 billion vehicle-miles.","In the long term (next 4-18 months), it is possible that VMT will continue to grow, driven by underlying factors such as population growth and economic expansion, but may be influenced by changes in fuel prices, transportation policies, or technological advancements.;Based on this trend, it is likely that VMT will continue to grow at a moderate rate in the short term (next 1-3 months), possibly influenced by seasonal factors such as summer travel.",report,2003-04-01,2003-04-30,0.0,31
253244,2003-05-01,2003-05-01,2003-05-01,2003-05-31,"The total estimated vehicle-miles of travel for May 2003 is 249.2 billion, with a change of -0.2% compared to May 2002. The total includes 101.4 billion vehicle-miles on rural roads and 147.8 billion vehicle-miles on urban roads and streets.","In the long-term future (next 4-18 months), it is possible that the total vehicle-miles of travel will continue to stabilize or experience a slight increase, depending on various factors such as economic growth, fuel prices, and travel demand.;Based on the current trend, it is likely that the total vehicle-miles of travel will continue to remain stable or experience a slight decrease in the short-term future (next 1-3 months).",report,2003-05-01,2003-05-31,0.0,31
252145,2003-06-01,2003-06-01,2003-06-01,2003-06-30,"In June 2003, travel on all roads and streets in the US changed by +1.1% compared to June 2002, resulting in an estimated 248.9 billion vehicle-miles. The total includes 101.5 billion vehicle-miles on rural roads and 147.4 billion vehicle-miles on urban roads and streets.","In the long term, the trend may continue, with vehicle miles traveled increasing by 1-2% annually, driven by population growth, urbanization, and economic expansion. However, this growth rate may be influenced by factors such as fuel prices, transportation infrastructure development, and changes in travel behavior.;Based on the current trend, it is likely that the vehicle miles traveled will continue to increase slightly in the next 1-3 months, potentially driven by summer travel and economic activity.",report,2003-06-01,2003-06-30,0.0,31
262105,2003-07-01,2003-07-01,2003-07-01,2003-07-31,"The total vehicle miles traveled (VMT) in July 2003 was 258.8 billion, a 1.9% increase compared to July 2002. The VMT on rural roads was 109.0 billion, and on urban roads and streets was 149.9 billion.","In the long term, it is likely that VMT will continue to grow, driven by factors such as population growth and economic development. However, the rate of growth may slow down or stabilize as the transportation infrastructure reaches its capacity limits or as alternative modes of transportation become more popular.;Based on the current trend, it is likely that VMT will continue to increase in the next 1-3 months, potentially at a similar rate of 1-2% compared to the same period last year.",report,2003-07-01,2003-07-31,0.0,31
260687,2003-08-01,2003-08-01,2003-08-01,2003-08-31,Estimates of traffic volume are re-adjusted annually to match the vehicle miles of travel from the Highway Performance Monitoring System.,"In the long-term future, it is possible that alternative transportation methods, such as roundabouts and HOV lanes, will become more prevalent to mitigate traffic congestion. Here is the summarized information, filtered to focus on predicting Traffic and Transportation:;In the short-term future, it is likely that traffic volumes will continue to be high, especially during peak seasons and in areas with high population density.",search,2003-08-25,2003-08-31,0.0,31
237451,2003-09-01,2003-09-01,2003-09-01,2003-09-30,"Travel on all roads and streets in the US changed by +1.3% in September 2003 compared to September 2002, with an estimated 234.0 billion vehicle-miles traveled.","If the growth trend continues, it is possible that vehicle miles traveled could reach 240-242 billion vehicle-miles by the end of the year, indicating a steady increase in mobility and economic activity.;Based on the current trend, it is likely that vehicle miles traveled will continue to increase in the short-term, potentially reaching 235-236 billion vehicle-miles in the next 1-3 months.",report,2003-09-01,2003-09-30,0.0,31
254048,2003-10-01,2003-10-01,2003-10-01,2003-10-31,"Travel on all roads and streets in the US changed by +3.5% in October 2003 compared to October 2002, with an estimated 254.3 billion vehicle-miles traveled. Rural roads accounted for 101.4 billion vehicle-miles, while urban roads and streets accounted for 152.8 billion vehicle-miles.","In the long-term future, I predict that vehicle miles traveled will continue to grow, but at a slower rate, potentially around +2-3% per year, as the economy and population continue to grow, but at a more moderate pace.;Based on the current trend, I predict that vehicle miles traveled will continue to increase in the short-term future, with a possible growth rate of +3-4% in the next 1-3 months.",report,2003-10-01,2003-10-31,0.0,31
233698,2003-11-01,2003-11-01,2003-11-01,2003-11-30,"In 2003, traffic volumes in the United States were expected to increase to 1.1 trillion miles of travel.","In the long-term, we can expect increased investment in traffic management and infrastructure to accommodate the growing traffic volumes and mitigate the negative impacts of congestion. Note: The provided search results are mostly unrelated to traffic and transportation, and the relevant information is limited. The analysis and predictions are based on the limited available information.Here is the filtered and summarized information:;In the short-term, we can expect continued growth in traffic volumes, potentially leading to increased congestion and safety concerns.",search,2003-11-24,2003-11-30,0.0,31
238538,2003-12-01,2003-12-01,2003-12-01,2003-12-31,"Travel on all roads and streets in the US changed by +1.5% in December 2003 compared to December 2002, resulting in an estimated 237.1 billion vehicle-miles.","In the long-term, the trend may continue, with a possible increase of 3-5% in vehicle miles traveled over the next 4-18 months, assuming a steady growth in the economy and consumer confidence.;Based on the current trend, it is likely that the vehicle miles traveled will continue to increase in the next 1-3 months, possibly by 1-2%.",report,2003-12-01,2003-12-31,0.0,31
222450,2004-01-01,2004-01-01,2004-01-01,2004-01-31,"Travel on all roads and streets changed by 0.6 percent for January 2004 as compared with January 2003, with an estimated 218.0 billion vehicle miles of travel.","In the long term (next 4-18 months), I predict a continued growth in vehicle miles traveled, potentially driven by increased urbanization and economic development, but this growth may be influenced by factors such as fuel prices and transportation infrastructure development.;Based on this trend, I predict a continued slight increase in vehicle miles traveled for the next 1-3 months, potentially driven by steady economic growth.",report,2004-01-01,2004-01-31,0.0,31
213709,2004-02-01,2004-02-01,2004-02-01,2004-02-29,The American Association of State Highway Transportation Officials (AASHTO) was mentioned in the 2004 Mississippi Standard Specifications for Road and Bridge Construction.,NAHere is the summary of the useful filtered information:;NA,search,2004-02-23,2004-02-29,0.0,31
251403,2004-03-01,2004-03-01,2004-03-01,2004-03-31,Travel on all roads and streets changed by 4.4 percent for March 2004 as compared with March 2003. Travel for the month is estimated to be 247.0 billion vehicle miles. Cumulative Travel for 2004 changed by 3 percent.,"In the long-term future, I predict a sustained growth in travel volume, with a possible increase of 5-7% over the next 4-18 months, driven by continued economic growth and increased mobility.;Based on the current trend, I predict a continued growth in travel volume for the next 1-3 months, with a possible increase of 4-5% compared to the same period in the previous year.",report,2004-03-01,2004-03-31,0.0,31
250968,2004-04-01,2004-04-01,2004-04-01,2004-04-30,"Travel on all roads and streets changed by 3.1 percent for April 2004 as compared with April 2003, with an estimated 245.4 billion vehicle miles traveled. The cumulative travel for 2004 changed by 3 percent, with an estimated 920.6 billion vehicle miles of travel.","In the long-term, the growth rate may slow down due to factors such as increased fuel prices, changes in transportation policies, or shifts in travel behavior. However, it is likely that the vehicle miles traveled will continue to increase, with a possible growth rate of 1-3 percent in the next 4-18 months.;Based on the current trend, it is likely that the vehicle miles traveled will continue to increase in the short-term, with a possible growth rate of 2-4 percent in the next 1-3 months.",report,2004-04-01,2004-04-30,0.0,31
257235,2004-05-01,2004-05-01,2004-05-01,2004-05-31,"Travel on all roads and streets changed by -0.1 percent for May 2004 as compared with May 2003, with an estimated 252.9 billion vehicle miles traveled. Cumulative Travel for 2004 changed by 2.3 percent, with an estimated 1,172.4 billion vehicle miles of travel.","In the long-term future (next 4-18 months), it is possible that the travel demand will continue to grow, but at a slower rate than in previous years. This may be influenced by factors such as changes in travel behavior, infrastructure development, and economic growth.;Based on the current trend, it is likely that the travel demand will continue to remain stable or slightly decline in the short-term future (next 1-3 months). This may be influenced by factors such as fuel prices, summer travel season, and economic conditions.",report,2004-05-01,2004-05-31,0.0,31
257383,2004-06-01,2004-06-01,2004-06-01,2004-06-30,"The total vehicle miles traveled in June 2004 is estimated to be 252.6 billion, which is a 0.3% increase compared to June 2003. The cumulative travel for 2004 has changed by 2% and is estimated to be 1,426.2 billion vehicle miles of travel.","In the long-term future, it is predicted that the vehicle miles traveled will continue to grow, but at a slower rate, due to increasing fuel costs, environmental concerns, and potential changes in transportation policies. A 2-3% increase in vehicle miles traveled is expected in the next 4-18 months.;Based on the current trend, it is likely that the vehicle miles traveled will continue to increase in the short-term future, with a possible 0.5-1% increase in the next 1-3 months.",report,2004-06-01,2004-06-30,0.0,31
265969,2004-07-01,2004-07-01,2004-07-01,2004-07-31,"The total travel on all roads and streets in the United States in July 2004 changed by +0.5 percent compared to July 2003, with an estimated 262.1 billion vehicle miles traveled. The cumulative travel for 2004 changed by +1.8 percent, with an estimated 1,688.3 billion vehicle miles of travel.","In the long-term, it is possible that the total travel on all roads and streets in the United States will continue to grow, driven by factors such as population growth, urbanization, and economic development. However, this growth may be influenced by factors such as fuel prices, transportation infrastructure development, and environmental concerns.;Based on the current trend, it is likely that the total travel on all roads and streets in the United States will continue to experience a slow growth in the next 1-3 months, with an estimated increase of around 0.5-1.0 percent.",report,2004-07-01,2004-07-31,0.0,31
262836,2004-08-01,2004-08-01,2004-08-01,2004-08-31,"The total vehicle miles traveled in August 2004 was 259.3 billion, a 0.4% decrease compared to August 2003. The cumulative travel for 2004 increased by 1.4% compared to the same period in 2003, with a total of 1,953.8 billion vehicle miles traveled.","In the long-term, it is possible that vehicle miles traveled will continue to grow, driven by factors such as population growth and economic expansion. However, the rate of growth may slow down or fluctuate due to various factors such as changes in fuel prices, transportation policies, and demographic shifts.;Based on the current trend, it is likely that vehicle miles traveled will continue to experience a slight decline in the short-term, potentially due to seasonal factors. However, the cumulative travel for the year is expected to remain positive.",report,2004-08-01,2004-08-31,0.0,31
243515,2004-09-01,2004-09-01,2004-09-01,2004-09-30,"Travel on all roads and streets changed by 1.0 percent for September 2004 as compared with September 2003, with an estimated 239.4 billion vehicle miles traveled. Cumulative travel for 2004 changed by 1.3 percent, with a cumulative estimate of 2,191.6 billion vehicle miles of travel.","In the long-term, the growth rate of vehicle miles traveled may slow down due to factors such as increased fuel prices, changes in transportation policies, and shifts in travel behavior. However, it is likely that the overall trend of increasing vehicle miles traveled will continue, with a possible growth rate of around 1-3 percent per annum.;Based on the current trend, it is likely that the vehicle miles traveled will continue to increase in the next 1-3 months, with a possible growth rate of around 1-2 percent.",report,2004-09-01,2004-09-30,0.0,31
254496,2004-10-01,2004-10-01,2004-10-01,2004-10-31,"Objective facts about the Traffic and Transportation situation: The ideal saturation flow assumes 3.6-m (12-ft)-wide lanes. Traffic volumes are continuing to rise on many major roads throughout the state of Kentucky. Signal phasing at most intersections in the United States considers the amount of traffic diverted, effects on transit routes, and the adequacy of the detour. Traffic information, including volume counts and classification, is used in the Chicago Skyway Concession and Lease Agreement.",Predictions you can make for the long-term future (next few months): Increased traffic volumes may lead to increased investment in traffic management technologies and infrastructure upgrades to alleviate congestion. Here is the summarized information:;Predictions you can make for the short-term future (next 1-4 weeks): NA,search,2004-10-25,2004-10-31,0.0,31
239796,2004-11-01,2004-11-01,2004-11-01,2004-11-30,"Travel on all roads and streets changed by 1.4 percent for November 2004 as compared with November 2003, with an estimated 238.6 billion vehicle miles traveled. Cumulative Travel for 2004 changed by 1.1 percent, with an estimated 2,678.2 billion vehicle miles of travel.","In the long-term, the growth in vehicle miles traveled is likely to continue, driven by factors such as population growth, urbanization, and economic development. However, the rate of growth may slow down or stabilize as the transportation infrastructure reaches its capacity limits.;Based on the current trend, it is likely that vehicle miles traveled will continue to grow at a moderate pace in the short-term, with a possible increase of 1-2% in the next 1-3 months.",report,2004-11-01,2004-11-30,0.0,31
245029,2004-12-01,2004-12-01,2004-12-01,2004-12-31,"In December 2004, travel on all roads and streets increased by 1.4% compared to December 2003, with an estimated 244.0 billion vehicle miles traveled. Cumulative travel for 2004 increased by 1.1% compared to 2003, with an estimated 2,923.9 billion vehicle miles traveled.","In the long term, the growth in vehicle miles traveled may continue, driven by factors such as population growth, urbanization, and economic development. However, it is also possible that changes in travel behavior, such as increased use of public transportation or alternative modes of transportation, could slow down the growth rate.;Based on the current trend, it is likely that vehicle miles traveled will continue to increase in the short term, potentially by 1-2% in the next 1-3 months.",report,2004-12-01,2004-12-31,0.0,31
224072,2005-01-01,2005-01-01,2005-01-01,2005-01-31,"The total vehicle miles traveled (VMT) in January 2005 was 217.8 billion, a -0.5% change compared to January 2004. The cumulative VMT for 2005 was also 217.8 billion, a -0.5% change.","In the long term (next 4-18 months), I predict a potential rebound in VMT if economic conditions improve or fuel prices decrease, but it's also possible that travel behavior may continue to shift towards more sustainable or alternative modes of transportation.;Based on this data, I predict a continued slight decline or plateau in VMT for the next 1-3 months, with possible regional variations.",report,2005-01-01,2005-01-31,0.0,31
219970,2005-02-01,2005-02-01,2005-02-01,2005-02-28,"The total vehicle miles traveled (VMT) in February 2005 was 213.3 billion, a 1.7% increase compared to February 2004. The cumulative VMT for 2005 was 430.8 billion, a 0.5% increase.","In the long term (next 4-18 months), VMT is expected to continue growing, driven by demographic and economic factors. However, potential factors such as fuel price increases, changes in transportation policies, or economic downturns could impact this growth.;Based on the current trend, it is likely that VMT will continue to increase in the next 1-3 months, with a possible acceleration of growth during the spring and summer seasons.",report,2005-02-01,2005-02-28,0.0,31
253182,2005-03-01,2005-03-01,2005-03-01,2005-03-31,"The total travel for March 2005 changed by -0.5 percent compared to March 2004, with an estimated 246.7 billion vehicle miles traveled. The cumulative travel for 2005 changed by +0.2 percent, with an estimated 678.4 billion vehicle miles of travel.","In the long term, I predict that the growth in vehicle miles traveled will continue, driven by factors such as population growth, urbanization, and economic growth. However, this growth may be slow and influenced by external factors such as fuel prices and transportation infrastructure development.;Based on the current trend, I predict that the next 1-3 months will see a slight increase in vehicle miles traveled, potentially due to the onset of warmer weather and increased travel during the spring and summer months.",report,2005-03-01,2005-03-31,0.0,31
250860,2005-04-01,2005-04-01,2005-04-01,2005-04-30,"Travel on all roads and streets changed by -1.3 percent for April 2005 as compared with April 2004, with an estimated 243.5 billion vehicle miles traveled. Cumulative Travel for 2005 changed by -0.2 percent, with an estimated 921.8 billion vehicle miles of travel.","In the long term, it is possible that the vehicle miles traveled will continue to decrease or stabilize, potentially influenced by changes in travel behavior, urban planning, and transportation infrastructure development. However, this will depend on various factors, including economic conditions, fuel prices, and government policies.;Based on the current trend, it is likely that the vehicle miles traveled will continue to decrease or remain stable in the short term, potentially influenced by seasonal factors and fuel prices.",report,2005-04-01,2005-04-30,0.0,31
262678,2005-05-01,2005-05-01,2005-05-01,2005-05-31,"Travel on all roads and streets in May 2005 increased by 1.3 percent compared to May 2004, with an estimated 256.2 billion vehicle miles traveled. Cumulative travel for 2005 changed by +0.2 percent, with an estimated 1,178.3 billion vehicle miles of travel.","In the long-term, the growth rate of vehicle miles traveled may slow down due to factors such as increased fuel prices, changes in transportation policies, and shifts in transportation modes. However, it is likely that the overall trend of growth will continue, with a possible growth rate of 0.5-1.5 percent in the next 4-18 months.;Based on the current trend, it is likely that vehicle miles traveled will continue to increase in the short-term, with a possible growth rate of 1-2 percent in the next 1-3 months.",report,2005-05-01,2005-05-31,0.0,31
263816,2005-06-01,2005-06-01,2005-06-01,2005-06-30,"Travel on all roads and streets changed by 1.6 percent for June 2005 as compared with June 2004, with an estimated 257.6 billion vehicle miles of travel. Cumulative Travel for 2005 changed by +0.4 percent, with an estimated 1,435.7 billion vehicle miles of travel.","In the long term, I predict that the growth rate of vehicle miles traveled will stabilize, with a possible decrease in growth rate due to factors such as increasing fuel prices, changes in transportation policies, and shifts towards alternative modes of transportation.;Based on the current trend, I predict a continued increase in vehicle miles traveled for the next 1-3 months, with a possible growth rate of 1-2% compared to the same period last year.",report,2005-06-01,2005-06-30,0.0,31
267025,2005-07-01,2005-07-01,2005-07-01,2005-07-31,"Hourly traffic volumes are monitored over a 12-week period to determine if vehicle volumes per hour, per direction approach levels where speeds become unstable or slow.","In the long-term, the implementation of separate truck lanes and other traffic management strategies may lead to improved traffic flow and reduced congestion. Here is the summarized information:;In the short-term, traffic volumes and speeds are likely to continue to be monitored and analyzed to identify areas for improvement.",search,2005-07-25,2005-07-31,0.0,31
265323,2005-08-01,2005-08-01,2005-08-01,2005-08-31,"The total vehicle miles traveled in August 2005 was 262.5 billion, a 0.1% increase compared to August 2004. The cumulative travel for 2005 was 1,983.3 billion vehicle miles, a 0.2% increase.","In the long term (next 4-18 months), it is possible that vehicle miles traveled will continue to grow at a moderate pace, driven by population growth, urbanization, and economic development. However, this growth may be influenced by factors such as changes in fuel prices, transportation policy, and shifts in travel behavior.;Based on the current trend, it is likely that vehicle miles traveled will continue to increase slightly in the next 1-3 months, potentially driven by the upcoming holiday season and increased travel demand.",report,2005-08-01,2005-08-31,0.0,31
242240,2005-09-01,2005-09-01,2005-09-01,2005-09-30,"The total vehicle miles traveled in September 2005 was 240.4 billion, a decrease of 0.8% compared to September 2004. The cumulative travel for 2005 was 2,229.3 billion vehicle miles, an increase of 0.4% compared to the same period in 2004.","In the long term, the vehicle miles traveled is likely to continue to grow, albeit at a slow rate, driven by population growth, urbanization, and economic development. However, the growth rate may be influenced by factors such as fuel efficiency, alternative modes of transportation, and changes in travel behavior.;Based on the current trend, it is likely that the vehicle miles traveled will continue to fluctuate in the short term, potentially influenced by fuel prices, economic conditions, and seasonal changes. A slight decline or stable trend is expected in the next 1-3 months.",report,2005-09-01,2005-09-30,0.0,31
251419,2005-10-01,2005-10-01,2005-10-01,2005-10-31,"The total travel on all roads and streets in October 2005 changed by -1.6 percent compared to October 2004, with an estimated 249.7 billion vehicle miles traveled. The cumulative travel for 2005 changed by +0.1 percent, with an estimated 2,479.6 billion vehicle miles of travel.","In the long-term future (next 4-18 months), it is possible that travel demand will continue to plateau or experience a slight increase, influenced by factors such as economic growth, fuel prices, and changes in travel behavior.;Based on the current trend, it is likely that the travel demand will remain relatively stable or experience a slight decline in the short-term future (next 1-3 months).",report,2005-10-01,2005-10-31,0.0,31
243056,2005-11-01,2005-11-01,2005-11-01,2005-11-30,"Travel on all roads and streets changed by 0.8 percent for November 2005 as compared with November 2004, with an estimated 240.5 billion vehicle miles traveled. Cumulative travel for 2005 changed by +0.2 percent, with an estimated 2,721.0 billion vehicle miles of travel.","In the long term, the growth in travel volume is likely to continue, driven by economic growth and demographic changes. However, factors such as fuel prices, traffic congestion, and environmental concerns may slow down the growth rate.;Based on the current trend, it's likely that the travel volume will continue to grow in the short term, potentially at a slightly higher rate, especially during the holiday season.",report,2005-11-01,2005-11-30,0.0,31
245787,2005-12-01,2005-12-01,2005-12-01,2005-12-31,"Travel on all roads and streets in the United States changed by -0.3 percent in December 2005 compared to December 2004, with an estimated 243.1 billion vehicle miles traveled. Cumulative travel for 2005 changed by +0.1 percent, with an estimated 2,966.9 billion vehicle miles of travel.","In the long-term future (next 4-18 months), it is possible that the growth in vehicle miles traveled will resume, driven by factors such as economic growth, population growth, and changes in travel behavior. However, this will depend on various external factors, including fuel prices, transportation infrastructure, and government policies.;Based on the current trend, it is likely that the vehicle miles traveled in the next 1-3 months will remain stagnant or experience a slight decline. This may be influenced by seasonal factors, such as winter weather, and other external factors.",report,2005-12-01,2005-12-31,0.0,31
233282,2006-01-01,2006-01-01,2006-01-01,2006-01-31,"The total vehicle miles traveled (VMT) for January 2006 is estimated to be 230.2 billion vehicle miles, which is a 3.8% increase compared to January 2005. The cumulative travel for 2006 also changed by +3.8% with an estimate of 230.2 billion vehicle miles of travel.","In the long-term future, the growth rate may slow down due to factors such as increasing fuel prices, changes in transportation policies, and shifts in travel behavior. However, it is still likely that the vehicle miles traveled will continue to increase, with a possible growth rate of 2-4% in the next 4-18 months.;Based on the current trend, it is likely that the vehicle miles traveled will continue to increase in the short-term future, with a possible growth rate of 3-5% in the next 1-3 months.",report,2006-01-01,2006-01-31,0.0,31
220711,2006-02-01,2006-02-01,2006-02-01,2006-02-28,"The total travel on all roads and streets in February 2006 changed by -0.1 percent compared to February 2005, with an estimated 217.8 billion vehicle miles traveled. Cumulative travel for 2006 changed by +1.8 percent, with an estimated 448.1 billion vehicle miles of travel.","In the long-term future, it is predicted that the vehicle miles traveled will continue to grow, driven by factors such as population growth, urbanization, and economic development. However, the rate of growth may be influenced by factors such as changes in fuel prices, transportation policies, and technological advancements.;Based on the current trend, it is likely that the vehicle miles traveled will continue to increase in the short-term future, with a possible slight fluctuation due to seasonal or external factors.",report,2006-02-01,2006-02-28,0.0,31
256623,2006-03-01,2006-03-01,2006-03-01,2006-03-31,"Travel on all roads and streets in the US changed by 0.7 percent in March 2006 compared to March 2005, with an estimated 253.1 billion vehicle miles traveled. Cumulative travel for 2006 changed by +1.5 percent, with an estimated 701.5 billion vehicle miles of travel.","In the long term, the travel volume is expected to continue growing, potentially at a rate of 1-2% per year, driven by population growth, urbanization, and economic development. However, this growth may be influenced by factors such as changes in fuel prices, transportation policies, and technological advancements.;Based on the current trend, it is likely that the travel volume will continue to increase slightly in the next 1-3 months, potentially driven by the upcoming summer season and increased economic activity.",report,2006-03-01,2006-03-31,0.0,31
250644,2006-04-01,2006-04-01,2006-04-01,2006-04-30,Radar data collection allows for volume counts and three classes of vehicles to be collected with speeds without the need to be in the roadway.,"Based on the current situation, it is likely that road traffic will continue to be a significant mode of transportation in the United States, with a focus on mitigating traffic congestion and improving road safety. Here is the summarized information:;No specific short-term predictions can be made based on the provided information. NA",search,2006-04-24,2006-04-30,0.0,31
263370,2006-05-01,2006-05-01,2006-05-01,2006-05-31,"Travel on all roads and streets in May 2006 decreased by 0.3 percent compared to May 2005, with an estimated 259.4 billion vehicle miles traveled. Cumulative travel for 2006 increased by 0.7 percent, with an estimated 1,208.3 billion vehicle miles of travel.","In the long-term future (next 4-18 months), travel volume may continue to grow, driven by factors such as population growth, urbanization, and economic development, but may be tempered by increasing fuel prices and environmental concerns.;In the short-term future (next 1-3 months), travel volume may continue to fluctuate, potentially influenced by seasonal factors, fuel prices, and other external factors.",report,2006-05-01,2006-05-31,0.0,31
263782,2006-06-01,2006-06-01,2006-06-01,2006-06-30,"The total vehicle miles traveled in June 2006 was 260.1 billion, a -0.7% change compared to June 2005. The cumulative travel for 2006 changed by +0.4% compared to the same period in 2005, with an estimated 1,468.2 billion vehicle miles of travel.","In the long term, the vehicle miles traveled are likely to continue growing at a slow pace, driven by population growth and economic expansion. However, factors such as increasing fuel efficiency, alternative modes of transportation, and changing transportation habits may influence the growth rate.;Based on the current trend, it is likely that the vehicle miles traveled will continue to fluctuate in the short term, with possible increases in July and August due to summer travel and vacations. However, the overall trend may remain flat or slightly decreasing due to economic uncertainty.",report,2006-06-01,2006-06-30,0.0,31
263421,2006-07-01,2006-07-01,2006-07-01,2006-07-31,"Total travel on all roads and streets in the United States decreased by 2 percent in July 2006 compared to July 2005, with an estimated 260.2 billion vehicle miles traveled. Cumulative travel for 2006 increased by 0.1 percent, with an estimated 1,729.1 billion vehicle miles of travel.","In the long-term future (next 4-18 months), it is possible that travel volumes will increase as the economy recovers and fuel prices stabilize, leading to an increase in vehicle miles traveled. However, this prediction is highly dependent on various factors, including economic conditions, fuel prices, and government policies.;Based on the current trend, it is likely that travel volumes will continue to decrease or remain stable in the short-term future (next 1-3 months), potentially due to ongoing seasonal trends and fuel prices.",report,2006-07-01,2006-07-31,0.0,31
265206,2006-08-01,2006-08-01,2006-08-01,2006-08-31,"Travel on all roads and streets changed by -0.6 percent for August 2006 as compared with August 2005, with an estimated 261.7 billion vehicle miles traveled. Cumulative travel for 2006 changed by 0.0 percent, with an estimated 1,990.5 billion vehicle miles of travel.","In the long-term future (next 4-18 months), I predict that vehicle miles traveled may continue to plateau or decline slightly, potentially influenced by factors such as fuel efficiency, alternative modes of transportation, and changes in transportation infrastructure.;Based on this data, I predict that the next 1-3 months will likely show a continued stable or slightly declining trend in vehicle miles traveled, with potential fluctuations due to seasonal or economic factors.",report,2006-08-01,2006-08-31,0.0,31
245605,2006-09-01,2006-09-01,2006-09-01,2006-09-30,"The total travel for September 2006 is estimated to be 241.8 billion vehicle miles, a 0.9% change compared to September 2005. Cumulative travel for 2006 changed by +0.1% with an estimated 2,232.3 billion vehicle miles of travel.","In the long-term future, it is possible that the traffic volume will continue to grow at a slow rate, driven by factors such as population growth and economic activity. However, this growth may be influenced by various factors such as changes in fuel prices, transportation policies, and technological advancements.;Based on the current trend, it is likely that the traffic volume will continue to remain stable in the short-term future, with a possible slight increase or decrease of around 1%.",report,2006-09-01,2006-09-30,0.0,31
257939,2006-10-01,2006-10-01,2006-10-01,2006-10-31,"The total vehicle miles traveled in October 2006 was 255.9 billion, a 2.3% increase compared to October 2005. The cumulative travel for 2006 was 2,488.8 billion vehicle miles, a 0.3% increase compared to the same period in 2005.","In the long-term, it is possible that vehicle miles traveled will continue to grow at a steady rate, potentially reaching 2,600-2,700 billion vehicle miles by the end of 2007, assuming no significant changes in economic or travel behavior trends.;Based on the current trend, it is likely that vehicle miles traveled will continue to increase in the short-term, possibly by 1-2% in the next 1-3 months.",report,2006-10-01,2006-10-31,0.0,31
245346,2006-11-01,2006-11-01,2006-11-01,2006-11-30,"Travel on all roads and streets changed by 0.8 percent for November 2006 as compared with November 2005. The estimated vehicle miles of travel for the month is 243.5 billion vehicle miles. Cumulative travel for 2006 changed by +0.3 percent, with an estimated 2,731.9 billion vehicle miles of travel.","In the long term, the growth in vehicle miles traveled is likely to continue, driven by demographic and economic factors. However, the rate of growth may slow down due to factors such as increasing fuel prices, traffic congestion, and environmental concerns. A growth rate of 0.5-2.0 percent per annum is possible over the next 4-18 months.;Based on the current trend, it is likely that vehicle miles traveled will continue to grow at a moderate pace in the short term, with a possible increase of 0.5-1.0 percent in the next 1-3 months.",report,2006-11-01,2006-11-30,0.0,31
248187,2006-12-01,2006-12-01,2006-12-01,2006-12-31,"Objective facts about the Traffic and Transportation situation: The North Carolina DOT leased its first smart work zone system, which provided camera images, travel speed, and delay messages, and captured vehicle speed and volume data. The Stockholm congestion-charging trial in 2006 showed a decline in traffic volumes and improved travel times. The U.S. Department of Transportation's Bureau of Transportation statistics released recent figures on passenger transportation.",Predictions you can make for the long-term future (next few months): We can expect to see more widespread adoption of smart work zone systems and congestion pricing schemes in various cities and states. Here is the filtered and summarized information about Traffic and Transportation:;Predictions you can make for the short-term future (next 1-4 weeks): NA,search,2006-12-25,2006-12-31,0.0,31
233621,2007-01-01,2007-01-01,2007-01-01,2007-01-31,"The total vehicle miles traveled (VMT) in January 2007 was 230.4 billion, a decrease of 0.7% compared to January 2006.","In the long-term future (next 4-18 months), the VMT may start to increase as the economy recovers and people become more confident in their travel plans.;Based on the current trend, it is likely that the VMT will continue to decline or remain stagnant in the short-term future (next 1-3 months).",report,2007-01-01,2007-01-31,0.0,31
219232,2007-02-01,2007-02-01,2007-02-01,2007-02-28,"Travel on all roads and streets in the United States changed by -1.9 percent in February 2007 compared to February 2006, with an estimated 215.1 billion vehicle miles traveled. Cumulative travel for 2007 changed by -1.4 percent, with an estimated 444.2 billion vehicle miles traveled.","In the long-term future (next 4-18 months), it is possible that vehicle miles traveled will recover and return to a growth trend, depending on factors such as economic growth, fuel prices, and infrastructure development.;Based on the current trend, it is likely that vehicle miles traveled will continue to decline or remain stagnant in the short-term future (next 1-3 months).",report,2007-02-01,2007-02-28,0.0,31
259638,2007-03-01,2007-03-01,2007-03-01,2007-03-31,"Travel on all roads and streets changed by 0.3 percent for March 2007 as compared with March 2006, with an estimated 255.8 billion vehicle miles traveled. Cumulative travel for 2007 changed by -0.8 percent, with an estimated 700.0 billion vehicle miles of travel.","In the long-term, it is possible that vehicle miles traveled will continue to grow at a moderate rate, driven by population growth and economic activity, but may be influenced by factors such as fuel prices, transportation policies, and demographic changes.;Based on the current trend, it is likely that vehicle miles traveled will continue to grow at a slow rate for the next 1-3 months, with a possible increase of 0.1-0.5 percent.",report,2007-03-01,2007-03-31,0.0,31
252595,2007-04-01,2007-04-01,2007-04-01,2007-04-30,"Travel on all roads and streets in the United States changed by -0.4 percent in April 2007 compared to April 2006, with an estimated 247.9 billion vehicle miles traveled. Cumulative travel for 2007 changed by -0.7 percent, with an estimated 947.7 billion vehicle miles of travel.","In the long-term future (next 4-18 months), it is possible that travel volume will return to a growth trend, driven by factors such as population growth, urbanization, and economic development. However, this will depend on various factors, including government policies, technological advancements, and changes in consumer behavior.;Based on this trend, it is likely that the travel volume will continue to decline or remain stable in the short-term future (next 1-3 months), potentially influenced by similar factors such as fuel prices and economic conditions.",report,2007-04-01,2007-04-30,0.0,31
267574,2007-05-01,2007-05-01,2007-05-01,2007-05-31,"Travel on all roads and streets changed by 0.9 percent for May 2007 as compared with May 2006, with an estimated 265.0 billion vehicle miles traveled. Cumulative Travel for 2007 changed by -0.4 percent, with a cumulative estimate of 1,212.8 billion vehicle miles of travel.","In the long term, it is possible that the growth in vehicle miles traveled will continue, but at a slower rate, due to factors such as increasing fuel efficiency, changes in travel behavior, and potential infrastructure developments.;Based on the current trend, it is likely that the next 1-3 months will see a continued slow growth in vehicle miles traveled, with possible fluctuations due to seasonal factors such as summer travel.",report,2007-05-01,2007-05-31,0.0,31
265374,2007-06-01,2007-06-01,2007-06-01,2007-06-30,"For June 2007, travel on all roads and streets changed by -0.5 percent compared to June 2006, with an estimated 260.3 billion vehicle miles traveled. Cumulative travel for 2007 changed by -0.4 percent, with an estimated 1,473.1 billion vehicle miles of travel.","In the long-term future (next 4-18 months), it is possible that the trend of reduced travel volume may continue, driven by factors such as increasing fuel prices, changes in transportation habits, or economic fluctuations. However, this prediction is subject to various uncertainties and may be influenced by unforeseen events or policy changes.;Based on the current trend, it is likely that the short-term future (next 1-3 months) will see a continued decline or stabilization of vehicle miles traveled, potentially influenced by seasonal factors such as summer vacations and back-to-school traffic.",report,2007-06-01,2007-06-30,0.0,31
267106,2007-07-01,2007-07-01,2007-07-01,2007-07-31,"Travel on all roads and streets changed by 0.4 percent for July 2007 as compared with July 2006, with an estimated 262.3 billion vehicle miles traveled. Cumulative Travel for 2007 changed by -0.3 percent, with an estimated 1,735.4 billion vehicle miles of travel.","In the long-term, I predict that vehicle miles traveled will continue to experience slow growth, with a possible range of 0 to 2 percent change compared to the same months last year, as the economy and fuel prices continue to influence travel behavior.;Based on the current trend, I predict that vehicle miles traveled will continue to stabilize or experience a small increase in the next 1-3 months, with a possible range of -0.5 to 1.5 percent change compared to the same months last year.",report,2007-07-01,2007-07-31,0.0,31
271225,2007-08-01,2007-08-01,2007-08-01,2007-08-31,"Travel on all roads and streets changed by 1.6 percent for August 2007 as compared with August 2006. The estimated vehicle miles of travel for August 2007 is 269.3 billion vehicle miles. Cumulative travel for 2007 changed by 0 percent, with an estimated 2,005.3 billion vehicle miles of travel.","In the long-term future (next 4-18 months), it is possible that the vehicle miles traveled will continue to grow at a moderate pace, driven by factors such as population growth, urbanization, and changes in transportation infrastructure. However, this growth may be influenced by factors such as fuel prices, transportation policies, and technological advancements.;Based on the current trend, it is likely that the vehicle miles traveled will continue to increase slightly in the next 1-3 months, potentially driven by the ongoing economic growth and seasonal factors.",report,2007-08-01,2007-08-31,0.0,31
245965,2007-09-01,2007-09-01,2007-09-01,2007-09-30,"In 2007, traffic by U.S. residents to Latin America rose 14.2 percent over 1967.","In the long-term, there may be a shift towards more sustainable and efficient transportation systems, with a greater emphasis on reducing congestion and improving travel times.;In the short-term, traffic volumes may continue to rise, especially during peak travel seasons, unless effective traffic management strategies are implemented.",search,2007-09-24,2007-09-30,0.0,31
261423,2007-10-01,2007-10-01,2007-10-01,2007-10-31,"The total vehicle miles traveled (VMT) in October 2007 was 256.9 billion miles, a 0.1% increase compared to October 2006. The cumulative VMT for 2007 was 2,506.0 billion miles, with no change compared to the same period in 2006.","In the long term, VMT is expected to continue to grow, driven by population growth and economic activity, although the rate of growth may be influenced by factors such as fuel prices, transportation infrastructure development, and changes in travel behavior.;Based on the stable trend, it is likely that VMT will continue to grow at a slow pace in the next 1-3 months, with potential seasonal fluctuations due to holidays and weather conditions.",report,2007-10-01,2007-10-31,0.0,31
245787,2007-11-01,2007-11-01,2007-11-01,2007-11-30,"Travel on all roads and streets in the United States decreased by 0.5 percent in November 2007 compared to November 2006, with an estimated 243.3 billion vehicle miles traveled. Cumulative travel for 2007 decreased by 0.1 percent, with an estimated 2,749.4 billion vehicle miles of travel.","In the long term (next 4-18 months), vehicle miles traveled may continue to fluctuate in response to changes in fuel prices, economic conditions, and travel behavior, but it is difficult to predict a significant increase or decrease without additional data.;Based on the current trend, it is likely that vehicle miles traveled will continue to decline or remain flat in the short term (next 1-3 months).",report,2007-11-01,2007-11-30,0.0,31
240281,2007-12-01,2007-12-01,2007-12-01,2007-12-31,"For December 2007, travel on all roads and streets decreased by 3.9% compared to December 2006, with an estimated 236.6 billion vehicle miles traveled. Cumulative travel for 2007 decreased by 0.4% compared to 2006, with an estimated 3,003.2 billion vehicle miles traveled.","In the long-term future (next 4-18 months), vehicle miles traveled may recover or stabilize as economic conditions improve, but it is also possible that changes in consumer behavior and transportation preferences may lead to continued declines.;Based on the current trend, it is likely that vehicle miles traveled will continue to decrease or remain stagnant in the short-term future (next 1-3 months).",report,2007-12-01,2007-12-31,0.0,31
232920,2008-01-01,2008-01-01,2008-01-01,2008-01-31,"The total vehicle miles traveled in January 2008 was 226.7 billion, a decrease of 1.7% compared to January 2007.","In the long term, I predict that the total vehicle miles traveled will stabilize or slightly increase, potentially by 1-2%, as the economy recovers and travel habits adjust to new circumstances.;Based on the current trend, I predict that the total vehicle miles traveled in the next 1-3 months will continue to decrease, potentially by 1-2%.",report,2008-01-01,2008-01-31,0.0,31
221336,2008-02-01,2008-02-01,2008-02-01,2008-02-29,"The total vehicle miles traveled (VMT) in February 2008 decreased by 0.4% compared to February 2007, with an estimated 216.1 billion vehicle miles traveled. Cumulative travel for 2008 decreased by 1.1% compared to the same period in 2007.","In the long term (next 4-18 months), it is possible that VMT will experience a more significant decline or a shift in travel patterns as a result of changing economic conditions, transportation policies, or technological advancements. However, this is highly uncertain and would require further analysis and data.;Based on the current trend, it is likely that VMT will continue to decline or remain flat in the short term (next 1-3 months). This could be influenced by factors such as seasonal changes in travel patterns or continued economic uncertainty.",report,2008-02-01,2008-02-29,0.0,31
252343,2008-03-01,2008-03-01,2008-03-01,2008-03-31,"The total travel on all roads and streets in the US for March 2008 changed by -4.3% compared to March 2007, with an estimated 246.3 billion vehicle miles traveled. Cumulative travel for 2008 changed by -2.3% compared to the same period in 2007, with an estimated 688.7 billion vehicle miles traveled.","In the long-term future (next 4-18 months), it is possible that the decline in vehicle miles traveled will stabilize or even reverse, depending on factors such as changes in fuel prices, economic conditions, and travel behavior.;Based on the current trend, it is likely that the short-term future (next 1-3 months) will continue to show a decline in vehicle miles traveled, potentially around -3% to -5% compared to the same period in the previous year.",report,2008-03-01,2008-03-31,0.0,31
252088,2008-04-01,2008-04-01,2008-04-01,2008-04-30,"The total vehicle miles traveled (VMT) in April 2008 decreased by 1.8% compared to April 2007, with an estimated 245.9 billion vehicle miles traveled. The cumulative travel for 2008 changed by -2.1%, with an estimated 934.8 billion vehicle miles of travel.","In the long term (next 4-18 months), VMT may recover as the economy adjusts to new fuel prices and travel behavior adapts to changing circumstances. However, if fuel prices remain high or economic conditions worsen, VMT may continue to decline or remain stagnant.;Based on the current trend, it is likely that VMT will continue to decline or remain stagnant in the short term (next 1-3 months). This may be due to continued high fuel prices, economic uncertainty, or seasonal factors.",report,2008-04-01,2008-04-30,0.0,31
261466,2008-05-01,2008-05-01,2008-05-01,2008-05-31,"May 2008 traffic volume trends show a decrease of 3.7% compared to May 2007, with an estimated 254.7 billion vehicle miles traveled. Cumulative travel for 2008 changed by -2.4%, with an estimated 1,188.5 billion vehicle miles of travel.","In the long term, it is possible that the decline in vehicle miles traveled may stabilize or even reverse as the economy recovers and travel demand adjusts to new prices and behaviors. However, this will depend on various factors such as fuel prices, economic growth, and changes in transportation infrastructure.;Based on the current trend, it is likely that the next 1-3 months will continue to show a decline in vehicle miles traveled, potentially ranging from -2% to -5% compared to the same period last year.",report,2008-05-01,2008-05-31,0.0,31
257484,2008-06-01,2008-06-01,2008-06-01,2008-06-30,"The total vehicle miles traveled (VMT) in June 2008 decreased by 4.7% (-12.2 billion vehicle miles) compared to June 2007, with an estimated 250.2 billion vehicle miles traveled. The cumulative VMT for 2008 decreased by 2.8% (-42.1 billion vehicle miles) compared to the same period in 2007.","In the long-term future (next 4-18 months), VMT may stabilize or recover as the economy recovers and travel demand adjusts to new fuel prices and travel habits. However, this is uncertain and depends on various factors, including government policies and technological advancements.;Based on the current trend, it is likely that VMT will continue to decrease in the short-term future (next 1-3 months), potentially due to sustained high fuel prices and economic uncertainty.",report,2008-06-01,2008-06-30,0.0,31
261600,2008-07-01,2008-07-01,2008-07-01,2008-07-31,"The total vehicle miles traveled (VMT) in July 2008 decreased by 3.6% (-9.6 billion vehicle miles) compared to July 2007, with an estimated 254.5 billion vehicle miles traveled. Cumulative travel for 2008 decreased by 3.0% (-52.0 billion vehicle miles), with an estimated 1,692.9 billion vehicle miles of travel.","In the long-term future (next 4-18 months), VMT may stabilize or recover as the economy adjusts to new fuel prices and travel behaviors adapt to changing circumstances. However, it is difficult to predict the exact trend without further data.;Based on the current trend, it is likely that VMT will continue to decline in the short-term future (next 1-3 months), potentially due to continued high fuel prices and economic uncertainty.",report,2008-07-01,2008-07-31,0.0,31
260609,2008-08-01,2008-08-01,2008-08-01,2008-08-31,"The fatality rate per 100 million vehicle miles of travel (VMT) decreased to 0.43, the lowest on record, in 2007. Thirty-two States had decreases in the number of fatalities.","In the long-term, we can expect increased investment in alternative modes of transportation, such as bicycling infrastructure, and continued development of regional travel demand models to optimize traffic flow and reduce congestion.Here is the summarized information:;In the next 1-4 weeks, we can expect continued efforts to improve road safety and reduce fatalities, potentially through increased enforcement or public awareness campaigns.",search,2008-08-25,2008-08-31,0.0,31
239607,2008-09-01,2008-09-01,2008-09-01,2008-09-30,"The total vehicle miles traveled (VMT) in the United States for September 2008 was 232.8 billion, a decrease of 4.4% (-10.7 billion vehicle miles) compared to September 2007. The cumulative VMT for 2008 was 2,177.0 billion, a decrease of 3.5% (-79.2 billion vehicle miles) compared to the same period in 2007.","In the long-term future (next 4-18 months), it is possible that VMT will stabilize or recover as the economy adjusts to the changes in fuel prices and travel behavior. However, this would depend on various factors such as government policies, technological advancements, and shifts in consumer behavior.;Based on the current trend, it is likely that VMT will continue to decline in the short-term future (next 1-3 months).",report,2008-09-01,2008-09-30,0.0,31
255848,2008-10-01,2008-10-01,2008-10-01,2008-10-31,"The total vehicle miles traveled (VMT) in October 2008 decreased by 3.5% (-9.0 billion vehicle miles) compared to October 2007, with an estimated 249.7 billion vehicle miles traveled. The cumulative VMT for 2008 also decreased by 3.5% (-89.2 billion vehicle miles) compared to the same period in 2007.","In the long-term future (next 4-18 months), VMT may stabilize or recover as the economy recovers and travel behavior adjusts to new conditions. However, this prediction is uncertain and depends on various factors, including changes in fuel prices, economic growth, and travel behavior.;Based on the current trend, it is likely that VMT will continue to decline in the short-term future (next 1-3 months), potentially due to continued economic uncertainty and high fuel prices.",report,2008-10-01,2008-10-31,0.0,31
236465,2008-11-01,2008-11-01,2008-11-01,2008-11-30,"In 2008, traffic volume in northeast Florida decreased by about 5 percent on most state roads.","In the long-term future (next few months), traffic volumes may increase as economic activity picks up, and infrastructure development projects are completed, leading to increased travel demand. Here is the summarized information:;In the short-term future (next 1-4 weeks), traffic volumes may continue to decline or remain stable, depending on the ongoing economic conditions and travel patterns.",search,2008-11-24,2008-11-30,0.0,31
241742,2008-12-01,2008-12-01,2008-12-01,2008-12-31,"Travel on all roads and streets in the US changed by -1.6% (-3.8 billion vehicle miles) in December 2008 compared to December 2007, with an estimated 237.2 billion vehicle miles traveled. Cumulative travel for 2008 changed by -3.6% (-107.9 billion vehicle miles), with an estimated 2,921.9 billion vehicle miles of travel.","In the long-term future (next 4-18 months), vehicle miles traveled may stabilize or potentially rebound as the economy recovers, but this will depend on various factors such as changes in consumer behavior, fuel prices, and government policies.;Based on the current trend, it is likely that vehicle miles traveled will continue to decline in the short-term future (next 1-3 months), potentially influenced by ongoing economic conditions and seasonal factors.",report,2008-12-01,2008-12-31,0.0,31
225529,2009-01-01,2009-01-01,2009-01-01,2009-01-31,"Travel on all roads and streets in the US changed by -3.1% (-7.0 billion vehicle miles) for January 2009 compared to January 2008, with an estimated 222.4 billion vehicle miles traveled.","If the economic conditions improve, VMT may start to increase again in the long-term (next 4-18 months), but it's difficult to predict the exact timeline and magnitude of the change.;Based on the current trend, it is likely that VMT will continue to decline or remain stagnant in the short-term (next 1-3 months).",report,2009-01-01,2009-01-31,0.0,31
217643,2009-02-01,2009-02-01,2009-02-01,2009-02-28,"Travel on all roads and streets in the US changed by -0.9% (-1.9 billion vehicle miles) for February 2009 compared to February 2008, with an estimated 215.8 billion vehicle miles traveled. Cumulative travel for 2009 changed by -1.9% (-8.6 billion vehicle miles), with an estimated 438.5 billion vehicle miles traveled.","In the long-term future (next 4-18 months), it is possible that the vehicle miles traveled will continue to be influenced by external factors such as economic conditions, fuel prices, and changes in travel behavior. However, the data suggests that there may be underlying patterns or trends that could lead to a rebound or stabilization in vehicle miles traveled.;Based on the current trend, it is likely that the vehicle miles traveled will continue to decline or remain stagnant in the short-term future (next 1-3 months). However, the increase in average daily travel may suggest a potential rebound in the near future.",report,2009-02-01,2009-02-28,0.0,31
249741,2009-03-01,2009-03-01,2009-03-01,2009-03-31,"The total vehicle miles traveled (VMT) in March 2009 decreased by 1.2% (-3.1 billion vehicle miles) compared to March 2008, with an estimated 245.1 billion vehicle miles traveled. The cumulative VMT for 2009 decreased by 1.7% (-11.6 billion vehicle miles) compared to the same period in 2008, with an estimated 683.7 billion vehicle miles traveled.","In the long-term future (next 4-18 months), I predict a gradual recovery in VMT as the economy recovers, and people return to their pre-downturn travel habits. However, the rate of recovery may be influenced by factors such as fuel prices, transportation infrastructure development, and changes in urban planning.;In the short-term future (next 1-3 months), I predict a continued decline in VMT, potentially at a slower rate, as the economic situation evolves and people adjust their travel habits.",report,2009-03-01,2009-03-31,0.0,31
251374,2009-04-01,2009-04-01,2009-04-01,2009-04-30,"The total travel for April 2009 changed by 0.6% (1.4 billion vehicle miles) compared to April 2008, with an estimated 249.5 billion vehicle miles of travel. The cumulative travel for 2009 changed by -1.1% (-10.0 billion vehicle miles), with an estimated 933.2 billion vehicle miles of travel.","In the long-term future (next 4-18 months), it is possible that VMT will continue to experience small changes or stabilize, depending on factors such as economic growth, fuel prices, and changes in travel behavior. However, it is also possible that VMT could experience a rebound or decline depending on the overall economic and transportation landscape.;Based on the current trend, it is likely that VMT will continue to stabilize or experience small changes in the short-term future (next 1-3 months). This could be influenced by seasonal factors, such as summer travel and vacation patterns.",report,2009-04-01,2009-04-30,0.0,31
258276,2009-05-01,2009-05-01,2009-05-01,2009-05-31,"In Vineland, New Jersey, the traffic volume drops to 100 trips per hour and comprises more than 40% of the street's traffic volumes.","In the long-term, there may be a shift towards more sustainable transportation options and infrastructure development to accommodate growing traffic demands and reduce environmental impacts.Here is the summarized information:;In the short-term, cities may focus on optimizing traffic signal timing and intersection volumes to reduce congestion and improve traffic flow.",search,2009-05-25,2009-05-31,0.0,31
258395,2009-06-01,2009-06-01,2009-06-01,2009-06-30,"Monthly United States nationwide vehicle miles traveled (VMT) in June 2009 is 256.7 billion vehicle miles, a 2.0% decrease (4.9 billion vehicle miles) compared to June 2008. Cumulative Travel for 2009 changed by -0.4% (-6.1 billion vehicle miles).","In the long-term future (next 4-18 months), I predict a gradual increase in VMT as the economy recovers and travel demand increases. However, this growth may be slow and influenced by factors such as fuel prices and transportation infrastructure development.;Based on the current trend, I predict a continued slow recovery in VMT for the next 1-3 months, with possible slight increases or decreases in certain regions.",report,2009-06-01,2009-06-30,0.0,31
264472,2009-07-01,2009-07-01,2009-07-01,2009-07-31,"Travel on all roads and streets in the US changed by 2.3% (5.8 billion vehicle miles) in July 2009 compared to July 2008, with an estimated 263.4 billion vehicle miles traveled. Cumulative travel for 2009 changed by 0.0% (-0.6 billion vehicle miles), with an estimated 1,709.2 billion vehicle miles of travel.","In the long-term future (next 4-18 months), it is possible that the economy will continue to recover, leading to an increase in vehicle miles traveled. However, this will depend on various factors such as fuel prices, infrastructure development, and changes in transportation habits.;Based on the current trend, it is likely that the short-term future (next 1-3 months) will see a continued stabilization of vehicle miles traveled, with possible slight increases or decreases depending on external factors.",report,2009-07-01,2009-07-31,0.0,31
260297,2009-08-01,2009-08-01,2009-08-01,2009-08-31,"The total travel for August 2009 is estimated to be 259.0 billion vehicle miles, a 0.7% change (1.9 billion vehicle miles) compared to August 2008. The cumulative travel for 2009 changed by 0.0% (0.9 billion vehicle miles), with an estimated total of 1,967.8 billion vehicle miles of travel.","In the long term, it is possible that travel will continue to increase as the economy recovers, but the rate of growth may be slow. The impact of changes in fuel prices, transportation policies, and demographic trends on travel patterns will need to be closely monitored to make accurate predictions.;Based on the current trend, it is likely that travel will continue to remain stable or experience a slight increase in the next 1-3 months. However, any significant changes in economic conditions or fuel prices could impact travel patterns.",report,2009-08-01,2009-08-31,0.0,31
241970,2009-09-01,2009-09-01,2009-09-01,2009-09-30,Travel on all roads and streets changed by 2.5% (5.8 billion vehicle miles) for September 2009 as compared with September 2008. The estimated travel for the month is 240.7 billion vehicle miles. Cumulative Travel for 2009 changed by 0.3% (6.7 billion vehicle miles).,"In the long-term future, it is possible that travel volume will continue to grow at a slow rate, driven by factors such as population growth and urbanization. However, this growth may be influenced by changes in travel behavior, transportation infrastructure, and government policies.;Based on the current trend, it is likely that the travel volume will remain relatively stable in the short-term future, with possible minor fluctuations due to seasonal changes or external factors.",report,2009-09-01,2009-09-30,0.0,31
252209,2009-10-01,2009-10-01,2009-10-01,2009-10-31,"The total travel on all roads and streets in October 2009 changed by -0.5% (-1.4 billion vehicle miles) compared to October 2008, with an estimated 250.8 billion vehicle miles traveled. The cumulative travel for 2009 changed by 0.2% (4.8 billion vehicle miles), with a cumulative estimate of 2,458.8 billion vehicle miles of travel.","In the long term (next 4-18 months), it is possible that the vehicle miles traveled will start to increase as the economy recovers, leading to increased travel demand. However, this will depend on various factors, including the pace of economic recovery, fuel prices, and changes in travel behavior.;Based on the current trend, it is likely that the vehicle miles traveled will continue to decline or remain stable in the short term (next 1-3 months), potentially influenced by ongoing economic conditions.",report,2009-10-01,2009-10-31,0.0,31
237264,2009-11-01,2009-11-01,2009-11-01,2009-11-30,"The total travel for November 2009 changed by 1.4% (3.2 billion vehicle miles) compared to November 2008, with an estimated 236.4 billion vehicle miles traveled. Cumulative travel for 2009 changed by 0.3% (7.6 billion vehicle miles), with an estimated total of 2,694.8 billion vehicle miles of travel.","In the long-term future, I predict that travel will continue to increase, but at a slow rate, with a possible 2-5% increase in travel for the next 4-18 months. This is due to the expected continued economic recovery and growth in population and urbanization.;Based on this data, I predict that travel will continue to increase slightly in the short-term future, with a possible 1-2% increase in travel for the next 1-3 months. This is due to the stabilizing economy and increased travel during the holiday season.",report,2009-11-01,2009-11-30,0.0,31
239593,2009-12-01,2009-12-01,2009-12-01,2009-12-31,"Travel on all roads and streets in the US changed by 0.0% (-0.1 billion vehicle miles) for December 2009 compared to December 2008, with an estimated 238.5 billion vehicle miles traveled. The cumulative travel for 2009 changed by 0.2% (6.6 billion vehicle miles), with an estimated 2,932.4 billion vehicle miles of travel.","In the long term, VMT may continue to grow at a slow rate, driven by population growth and economic recovery. However, factors such as increasing fuel efficiency, alternative modes of transportation, and changing travel behavior may influence the growth rate.;Based on the current trend, it is likely that VMT will remain stable in the short term, with minimal growth or decline in the next 1-3 months.",report,2009-12-01,2009-12-31,0.0,31
220839,2010-01-01,2010-01-01,2010-01-01,2010-01-31,"As demand increases, traffic volume increases, speed declines, and travel cost increases.","In the long term, the relationship between traffic volume and transportation capacity will continue to play a critical role in shaping travel patterns and times.;In the short term, traffic volumes are likely to remain high, leading to continued congestion and increased travel times.",search,2010-01-25,2010-01-31,0.0,31
210635,2010-02-01,2010-02-01,2010-02-01,2010-02-28,"As a nation, drivers in the United States travel slightly too fast and could improve overall life expectancy by decreasing their average speed slightly.","In the long-term, we can expect a shift towards more efficient and sustainable transportation systems, potentially incorporating new technologies and strategies to reduce traffic volume and improve travel experiences.Here is the summarized information:;In the short-term, we can expect continued efforts to improve transportation management strategies to reduce traffic congestion and improve travel experiences.",search,2010-02-22,2010-02-28,0.0,31
254238,2010-03-01,2010-03-01,2010-03-01,2010-03-31,"Travel on all roads and streets in the US changed by 2.3% (5.8 billion vehicle miles) for March 2010 as compared with March 2009, with an estimated 254.8 billion vehicle miles traveled. Cumulative travel for 2010 changed by -0.7% (-4.8 billion vehicle miles), with an estimated 689.8 billion vehicle miles of travel.","In the long-term future (next 4-18 months), I predict that the growth rate of vehicle miles traveled will slow down, potentially around 1-2% growth, as the economy reaches a plateau and people become more conscious of their carbon footprint.;Based on the current trend, I predict that the short-term future (next 1-3 months) will see a continued increase in vehicle miles traveled, potentially around 2-3% growth.",report,2010-03-01,2010-03-31,0.0,31
253936,2010-04-01,2010-04-01,2010-04-01,2010-04-30,"The total travel for April 2010 is estimated to be 255.9 billion vehicle miles, a 1.2% (3.1 billion vehicle miles) change compared to April 2009. Cumulative travel for 2010 changed by -0.2% (-1.6 billion vehicle miles), with an estimated 945.8 billion vehicle miles of travel.","In the long-term, it is expected that the travel demand will continue to recover, with a possible cumulative travel of around 1.05-1.10 trillion vehicle miles by the end of 2010, assuming a steady growth rate.;Based on the current trend, it is likely that the travel demand will continue to increase slightly in the next 1-3 months, with a possible cumulative travel of around 960-970 billion vehicle miles by the end of June 2010.",report,2010-04-01,2010-04-30,0.0,31
256927,2010-05-01,2010-05-01,2010-05-01,2010-05-31,"Travel on all roads and streets changed by 0.1% (0.3 billion vehicle miles) for May 2010 as compared with May 2009, with an estimated 260.6 billion vehicle miles of travel. Cumulative Travel for 2010 changed by -0.1% (-1.6 billion vehicle miles), with an estimated 1,206.2 billion vehicle miles of travel.","In the long-term, it is possible that VMT will continue to grow at a slow rate, driven by population growth and economic development. However, this growth may be influenced by various factors such as changes in travel behavior, fuel prices, and transportation infrastructure.;Based on the current trend, it is likely that VMT will continue to experience small fluctuations in the short-term, with possible increases or decreases of up to 1% in the next 1-3 months.",report,2010-05-01,2010-05-31,0.0,31
260083,2010-06-01,2010-06-01,2010-06-01,2010-06-30,"Travel on all roads and streets changed by 1.3% (3.4 billion vehicle miles) for June 2010 as compared with June 2009, with an estimated 263.9 billion vehicle miles of travel for the month. Cumulative travel for 2010 changed by 0.1% (1.6 billion vehicle miles), with an estimated 1,469.8 billion vehicle miles of travel for the year.","In the long-term, I predict a continued slow growth in VMT, with a potential total of around 1,500-1,550 billion vehicle miles of travel for the year, assuming a continued recovery in economic activity.;Based on the current trend, I predict a continued slight increase in VMT for the next 1-3 months, with a potential total of around 265-270 billion vehicle miles of travel.",report,2010-06-01,2010-06-30,0.0,31
265315,2010-07-01,2010-07-01,2010-07-01,2010-07-31,"Travel on all roads and streets in the US changed by 0.8% (2.2 billion vehicle miles) for July 2010 as compared with July 2009, with an estimated 270.0 billion vehicle miles traveled. Cumulative travel for 2010 changed by 0.2% (2.9 billion vehicle miles), with an estimated 1,739.2 billion vehicle miles of travel.","In the long-term, the traffic volume is likely to continue to grow, driven by population growth and urbanization, but the rate of growth may be influenced by factors such as fuel prices, economic conditions, and changes in transportation policies.;Based on the current trend, it is likely that the traffic volume will continue to increase slightly in the next 1-3 months, potentially driven by the ongoing economic recovery.",report,2010-07-01,2010-07-31,0.0,31
263837,2010-08-01,2010-08-01,2010-08-01,2010-08-31,"Travel on all roads and streets changed by 1.6% (4.3 billion vehicle miles) for August 2010 as compared with August 2009, with an estimated 267.4 billion vehicle miles of travel. Cumulative Travel for 2010 changed by 0.4% (7.3 billion vehicle miles), with an estimated 2,006.7 billion vehicle miles of travel.","In the long-term future (next 4-18 months), the VMT is expected to continue its slow growth, potentially reaching a cumulative increase of 2-5% compared to the same period last year, assuming a continued stabilization of the economy.;Based on the current trend, it is likely that the VMT will continue to experience a slow but steady growth in the short-term future (next 1-3 months), with a possible increase of 1-2% compared to the same period last year.",report,2010-08-01,2010-08-31,0.0,31
244682,2010-09-01,2010-09-01,2010-09-01,2010-09-30,"Travel on all roads and streets in the US changed by 1.5% (3.7 billion vehicle miles) in September 2010 compared to September 2009, with an estimated 247.8 billion vehicle miles traveled. Cumulative travel for 2010 changed by 0.5% (11.1 billion vehicle miles), with an estimated 2,254.5 billion vehicle miles of travel.","In the long-term future (next 4-18 months), it is possible that the growth in vehicle miles traveled will continue, with a potential increase of 2-5% compared to the same period in the previous year, assuming a continued economic recovery.;Based on the current trend, it is likely that the short-term future (next 1-3 months) will see a continued slow growth in vehicle miles traveled, with a possible increase of 1-2% compared to the same period in the previous year.",report,2010-09-01,2010-09-30,0.0,31
256395,2010-10-01,2010-10-01,2010-10-01,2010-10-31,"The National Household Travel Survey, part of the 2000 US Census, was used to derive a model for predicting traffic volume.","In the long-term, the integration of data and analytics into transportation planning may lead to more sophisticated models for predicting traffic volume and travel patterns, enabling more effective traffic management and congestion mitigation strategies.;In the short-term, traffic volume and travel patterns are likely to remain a key focus of transportation planning, with efforts to improve traffic flow and safety through strategies such as traffic-calming measures and distracted driving prevention.",search,2010-10-25,2010-10-31,0.0,31
239579,2010-11-01,2010-11-01,2010-11-01,2010-11-30,"Travel on all roads and streets in the US changed by 1.1% (2.6 billion vehicle miles) in November 2010 compared to November 2009, with an estimated 241.8 billion vehicle miles traveled. Cumulative travel for 2010 changed by 0.7% (19.0 billion vehicle miles), with an estimated 2,756.2 billion vehicle miles of travel.","In the long-term future (next 4-18 months), I predict that vehicle miles traveled will continue to increase, potentially reaching a growth rate of 2-3% per year, as the economy continues to recover and people become more confident in their travel plans.;Based on the current trend, I predict that the short-term future (next 1-3 months) will see a continued slow growth in vehicle miles traveled, with a possible increase of 1-2% compared to the same period last year.",report,2010-11-01,2010-11-30,0.0,31
240800,2010-12-01,2010-12-01,2010-12-01,2010-12-31,"The total vehicle miles traveled in December 2010 was 243.4 billion, a 0.6% increase (1.4 billion vehicle miles) compared to December 2009. The cumulative travel for 2010 changed by 0.7% (20.5 billion vehicle miles) compared to 2009, with a total of 2,999.6 billion vehicle miles of travel.","In the long-term future, it is possible that vehicle miles traveled will continue to grow at a slow rate, potentially reaching 3,100-3,200 billion vehicle miles of travel by the end of 2012. This growth may be driven by continued economic recovery and demographic changes.;Based on the current trend, it is likely that vehicle miles traveled will continue to increase in the short-term future, with a possible growth rate of 0.5-1.0% in the next 1-3 months.",report,2010-12-01,2010-12-31,0.0,31
223790,2011-01-01,2011-01-01,2011-01-01,2011-01-31,"The total vehicle miles traveled in January 2011 was 223.5 billion, a 0.2% increase (0.5 billion vehicle miles) compared to January 2010.","In the long term, vehicle miles traveled are likely to continue to grow, driven by population growth, urbanization, and economic expansion, although the rate of growth may be influenced by factors such as fuel prices, transportation policy, and technological advancements.;Based on the current trend, it is likely that vehicle miles traveled will continue to increase slightly in the short term, potentially driven by improving economic conditions and seasonal travel patterns.",report,2011-01-01,2011-01-31,0.0,31
213463,2011-02-01,2011-02-01,2011-02-01,2011-02-28,"Travel on all roads and streets in the US changed by 0.9% (2.0 billion vehicle miles) in February 2011 compared to February 2010, with an estimated 214.8 billion vehicle miles of travel. Cumulative travel for 2011 changed by 0.6% (2.8 billion vehicle miles), with an estimated 438.6 billion vehicle miles of travel.","In the long term, the traffic volume is expected to continue its gradual growth, potentially reaching 450-460 billion vehicle miles of travel by the end of 2011, assuming a steady economic recovery.;Based on the current trend, it's likely that the traffic volume will continue to increase slightly in the next 1-3 months, potentially reaching 220-225 billion vehicle miles of travel.",report,2011-02-01,2011-02-28,0.0,31
253124,2011-03-01,2011-03-01,2011-03-01,2011-03-31,"Travel on all roads and streets in the US changed by -1.4% (-3.5 billion vehicle miles) in March 2011 compared to March 2010, with an estimated 250.4 billion vehicle miles traveled. Cumulative travel for 2011 changed by -0.1% (-0.8 billion vehicle miles), with an estimated 688.9 billion vehicle miles traveled.","In the long-term, it is possible that vehicle miles traveled will continue to experience slow growth or stabilization, influenced by factors such as changes in fuel prices, economic conditions, and demographic shifts.;Based on the current trend, it is likely that vehicle miles traveled will remain stable or experience a slight decline in the next 1-3 months, potentially influenced by seasonal factors and economic conditions.",report,2011-03-01,2011-03-31,0.0,31
249578,2011-04-01,2011-04-01,2011-04-01,2011-04-30,"The total vehicle miles traveled (VMT) in April 2011 decreased by 2.4% (-6.1 billion vehicle miles) compared to April 2010, with an estimated 250.5 billion vehicle miles traveled. The cumulative VMT for 2011 decreased by 0.8% (-7.1 billion vehicle miles) compared to the same period in 2010, with an estimated 939.2 billion vehicle miles traveled.","In the long term (next 4-18 months), VMT may recover or stabilize as economic conditions improve and fuel prices stabilize. However, it is also possible that VMT may continue to decline due to changes in transportation habits, increased fuel efficiency, or shifts towards alternative modes of transportation.;Based on the current trend, it is likely that VMT will continue to decline or remain stable in the short term (next 1-3 months), potentially influenced by factors such as fuel prices, seasonal variations, and economic conditions.",report,2011-04-01,2011-04-30,0.0,31
254083,2011-05-01,2011-05-01,2011-05-01,2011-05-31,"The total travel on all roads and streets in May 2011 changed by -1.9% (-5.0 billion vehicle miles) compared to May 2010, with an estimated 254.0 billion vehicle miles traveled.","In the long-term future (next 4-18 months), it is possible that vehicle miles traveled will increase as economic conditions improve, leading to increased travel demand.;Based on the current trend, it is likely that vehicle miles traveled will continue to decline or remain stagnant in the short-term future (next 1-3 months).",report,2011-05-01,2011-05-31,0.0,31
258350,2011-06-01,2011-06-01,2011-06-01,2011-06-30,"The total travel on all roads and streets in the US for June 2011 decreased by 1.4% (-3.8 billion vehicle miles) compared to June 2010, with an estimated 259.1 billion vehicle miles traveled. Cumulative travel for 2011 decreased by 1.1% (-15.5 billion vehicle miles), with an estimated 1,452.7 billion vehicle miles of travel.","In the long-term future (next 4-18 months), the vehicle miles traveled may experience a gradual increase as the economy recovers and travel behaviors adapt to changing conditions. However, this prediction is uncertain and depends on various factors such as fuel prices, economic growth, and technological advancements.;Based on the current trend, it is likely that the vehicle miles traveled will continue to decline or remain stagnant in the short-term future (next 1-3 months), potentially influenced by ongoing economic conditions and seasonal patterns.",report,2011-06-01,2011-06-30,0.0,31
260175,2011-07-01,2011-07-01,2011-07-01,2011-07-31,Pavement markings are used to delineate state roadways as a function of traffic volume.,"In the long-term, there may be a shift towards more sustainable and efficient transportation systems, incorporating advanced technologies and strategies to manage traffic flow and reduce congestion. Here is the summarized information, filtered to focus on Traffic and Transportation:;In the short-term, transportation projects will likely prioritize safety and congestion relief measures, such as pavement markings and dedicated turn lanes, to address growing traffic volumes.",search,2011-07-25,2011-07-31,0.0,31
260526,2011-08-01,2011-08-01,2011-08-01,2011-08-31,"Travel on all roads and streets changed by -1.7% (-4.6 billion vehicle miles) for August 2011 as compared with August 2010, with an estimated 263.0 billion vehicle miles of travel.","In the long-term, the travel volume may experience a gradual increase as the economy recovers and travel behavior adapts to changing circumstances, potentially leading to an increase in vehicle miles traveled.;Based on the current trend, it is likely that the travel volume will continue to decline or remain stagnant in the short-term, potentially influenced by ongoing economic conditions and fuel prices.",report,2011-08-01,2011-08-31,0.0,31
242062,2011-09-01,2011-09-01,2011-09-01,2011-09-30,"Travel on all roads and streets changed by -1.5% (-3.7 billion vehicle miles) for September 2011 as compared with September 2010. The estimated travel for the month is 244.2 billion vehicle miles. Cumulative Travel for 2011 changed by -1.3% (-29.8 billion vehicle miles), with an estimated cumulative total of 2,222.5 billion vehicle miles of travel.","In the long-term future (next 4-18 months), the vehicle miles traveled may start to increase as the economy recovers, or alternative modes of transportation become more popular, leading to a shift in travel behavior.;Based on the current trend, it is likely that the vehicle miles traveled will continue to decrease or remain stagnant in the short-term future (next 1-3 months).",report,2011-09-01,2011-09-30,0.0,31
251906,2011-10-01,2011-10-01,2011-10-01,2011-10-31,"Travel on all roads and streets changed by -2.3% (-6.0 billion vehicle miles) for October 2011 as compared with October 2010, with an estimated 254.0 billion vehicle miles of travel. Cumulative Travel for 2011 changed by -1.4% (-36.0 billion vehicle miles), with a cumulative estimate of 2,476.4 billion vehicle miles of travel.","In the long-term, the trend may reverse as the economy recovers, and travel demand increases. However, it is also possible that changes in travel behavior, such as increased adoption of alternative modes of transportation, could continue to influence vehicle miles traveled.;Based on the current trend, it is likely that the decline in vehicle miles traveled will continue in the short-term, potentially influenced by factors such as fuel prices, economic conditions, and seasonal travel patterns.",report,2011-10-01,2011-10-31,0.0,31
238535,2011-11-01,2011-11-01,2011-11-01,2011-11-30,"Travel on all roads and streets in the US changed by -0.9% (-2.1 billion vehicle miles) for November 2011 compared to November 2010, with an estimated 240.9 billion vehicle miles traveled. Cumulative travel for 2011 changed by -1.4% (-38.3 billion vehicle miles), with an estimated 2,717.1 billion vehicle miles of travel.","In the long-term future (next 4-18 months), it is possible that the travel volume will recover and return to its growth trend, driven by factors such as economic growth and increased mobility. However, it is essential to continue monitoring the data and adjusting predictions accordingly.;Based on the current trend, it is likely that the travel volume will continue to decline or remain stagnant in the short-term future (next 1-3 months). However, it is crucial to monitor the data closely to account for any unexpected changes.",report,2011-11-01,2011-11-30,0.0,31
244810,2011-12-01,2011-12-01,2011-12-01,2011-12-31,"Travel on all roads and streets in the US changed by 1.3% (3.2 billion vehicle miles) in December 2011 compared to December 2010, with an estimated 246.4 billion vehicle miles traveled. Cumulative travel for 2011 changed by -1.2% (-35.7 billion vehicle miles) with an estimated 2,962.9 billion vehicle miles traveled.","In the long-term, it is likely that vehicle miles traveled will continue to increase as the economy recovers, possibly returning to pre-recession levels within the next 12-18 months.;Based on the current trend, it is likely that vehicle miles traveled will continue to increase slightly in the short-term, possibly by 1-2% in the next 1-3 months.",report,2011-12-01,2011-12-31,0.0,31
227527,2012-01-01,2012-01-01,2012-01-01,2012-01-31,"Travel on all roads and streets changed by 1.6% (3.5 billion vehicle miles) for January 2012 as compared with January 2011, with an estimated 224.8 billion vehicle miles of travel for the month.","In the long-term, I predict a sustained growth in VMT, potentially around 2-3% annual growth, driven by economic recovery and increased mobility.;Based on this trend, I predict a continued increase in VMT for the next 1-3 months, potentially around 1-2% growth.",report,2012-01-01,2012-01-31,0.0,31
218196,2012-02-01,2012-02-01,2012-02-01,2012-02-29,"Travel on all roads and streets changed by 1.8% (3.9 billion vehicle miles) for February 2012 as compared with February 2011, with an estimated 216.1 billion vehicle miles of travel. Cumulative Travel for 2012 changed by 1.7% (7.4 billion vehicle miles), with an estimated 440.9 billion vehicle miles of travel.","In the long-term, the growth in vehicle miles traveled is expected to continue, driven by population growth, urbanization, and economic expansion. However, the rate of growth may slow down due to increasing fuel efficiency, alternative modes of transportation, and changing consumer behavior.;Based on the current trend, it is likely that the vehicle miles traveled will continue to grow at a moderate pace in the next 1-3 months, with an estimated increase of 1-2% compared to the same period in the previous year.",report,2012-02-01,2012-02-29,0.0,31
256166,2012-03-01,2012-03-01,2012-03-01,2012-03-31,"Travel on all roads and streets in the US changed by 0.9% (2.3 billion vehicle miles) in March 2012 compared to March 2011, with an estimated 251.5 billion vehicle miles traveled. Cumulative travel for 2012 changed by 1.4% (9.7 billion vehicle miles), with an estimated 692.3 billion vehicle miles of travel.","In the long-term, the travel volume is expected to continue growing, driven by economic growth and population increase. However, the growth rate may slow down or stabilize as the economy reaches a plateau.;Based on the current trend, it is likely that the travel volume will continue to grow moderately in the next 1-3 months, with a possible increase of 1-2% compared to the same period last year.",report,2012-03-01,2012-03-31,0.0,31
249394,2012-04-01,2012-04-01,2012-04-01,2012-04-30,Travel on all roads and streets changed by -0.4% (-1.0 billion vehicle miles) for April 2012 as compared with April 2011. The estimated travel for the month is 247.2 billion vehicle miles. Cumulative Travel for 2012 changed by 0.9% (8.6 billion vehicle miles).,"In the long-term future (next 4-18 months), it is possible that traffic volume will continue to grow at a slow rate, driven by population growth and economic recovery, but potentially offset by increased fuel efficiency and changes in consumer behavior.;Based on the current trend, it is likely that the short-term future (next 1-3 months) will see a continued stable or slightly declining traffic volume, with possible fluctuations due to seasonal or economic factors.",report,2012-04-01,2012-04-30,0.0,31
260774,2012-05-01,2012-05-01,2012-05-01,2012-05-31,Travel on all roads and streets changed by 2.3% (5.7 billion vehicle miles) for May 2012 as compared with May 2011. Travel for the month is estimated to be 258.4 billion vehicle miles. Cumulative Travel for 2012 changed by 1.2% (14.5 billion vehicle miles).,"In the long-term, I predict a sustained growth in vehicle miles traveled, with a possible increase of 2-5% in travel volume over the next 4-18 months, driven by continued economic growth and increased mobility.;Based on the current trend, I predict a continued moderate growth in vehicle miles traveled for the next 1-3 months, with a possible increase of 1-2% in travel volume.",report,2012-05-01,2012-05-31,0.0,31
260376,2012-06-01,2012-06-01,2012-06-01,2012-06-30,"The total travel for June 2012 is estimated to be 257.6 billion vehicle miles, with a 0.4% change (1.1 billion vehicle miles) compared to June 2011. Cumulative travel for 2012 changed by 1.1% (15.6 billion vehicle miles), with an estimated total of 1,455.7 billion vehicle miles of travel.","In the long-term, it is possible that the travel volume may continue to increase gradually, driven by factors such as population growth, urbanization, and economic development. However, this will depend on various factors, including changes in travel behavior, fuel prices, and transportation infrastructure development.;Based on the current trend, it is likely that the travel volume will continue to remain stable in the short-term, with possible small increases or decreases in travel demand. However, it is difficult to predict any significant changes in travel behavior in the next 1-3 months.",report,2012-06-01,2012-06-30,0.0,31
260244,2012-07-01,2012-07-01,2012-07-01,2012-07-31,Objective facts about the Monthly United States nationwide vehicle miles traveled (VMT) situation: Travel on all roads and streets changed by -0.3% (-0.8 billion vehicle miles) for July 2012 as compared with July 2011. Estimated travel for the month is 258.3 billion vehicle miles. Cumulative Travel for 2012 changed by 0.9% (14.8 billion vehicle miles).,"Long-term predictions (next 4-18 months): It is difficult to predict long-term trends based on a single month's data. However, if the current trend continues, it is possible that travel volume may experience a gradual decline or remain stable in the long term.;Short-term predictions (next 1-3 months): Based on the current trend, it is likely that travel volume will continue to experience a slight decline or remain stable in the short term.",report,2012-07-01,2012-07-31,0.0,31
264379,2012-08-01,2012-08-01,2012-08-01,2012-08-31,"Travel on all roads and streets in the US changed by 1.2% (3.0 billion vehicle miles) for August 2012 compared to August 2011, with an estimated total of 262.4 billion vehicle miles. Cumulative travel for 2012 changed by 0.9% (17.8 billion vehicle miles), with an estimated total of 1,976.4 billion vehicle miles.","In the long-term future, the vehicle miles traveled may be influenced by factors such as changes in transportation infrastructure, population growth, and shifts in transportation modes, which could lead to a more significant increase or decrease in travel volume.;Based on the current trend, it is likely that the vehicle miles traveled will continue to increase moderately in the short-term future, possibly influenced by the upcoming holiday season.",report,2012-08-01,2012-08-31,0.0,31
238867,2012-09-01,2012-09-01,2012-09-01,2012-09-30,"In the United States, the Transportation Security Administration (TSA) is responsible for ensuring the security of transportation systems.","In the long-term, the US transportation sector is likely to see increased investment in high-speed rail and other alternative modes of transportation, as seen in China's plans to build more high-speed railways. Here is the summarized output:;In the short-term, traffic volume is likely to remain a concern, particularly during peak travel periods such as holidays and rush hour.",search,2012-09-24,2012-09-30,0.0,31
253574,2012-10-01,2012-10-01,2012-10-01,2012-10-31,"Travel on all roads and streets changed by 0.3% (0.9 billion vehicle miles) for October 2012 as compared with October 2011, with an estimated 251.5 billion vehicle miles of travel. Cumulative Travel for 2012 changed by 0.6% (14.9 billion vehicle miles), with an estimated 2,464.5 billion vehicle miles of travel.","In the long-term future (next 4-18 months), I predict that the growth in vehicle miles traveled will continue to be slow, but may pick up pace as the economy recovers and people become more confident in their travel plans.;Based on the current trend, I predict that the short-term future (next 1-3 months) will see a continued slow growth in vehicle miles traveled, with a possible slight increase in travel during the holiday season.",report,2012-10-01,2012-10-31,0.0,31
240361,2012-11-01,2012-11-01,2012-11-01,2012-11-30,"Travel on all roads and streets in the US changed by 0.8% (1.9 billion vehicle miles) in November 2012 compared to November 2011, with an estimated 238.8 billion vehicle miles traveled. Cumulative travel for 2012 changed by 0.6% (16.7 billion vehicle miles), with an estimated 2,702.9 billion vehicle miles of travel.","In the long term, I predict that the vehicle miles traveled will continue to grow at a slow rate, around 1-2% per year, driven by population growth, urbanization, and economic growth. However, this growth may be offset by factors such as increasing fuel efficiency, alternative modes of transportation, and changing travel behaviors.;Based on the current trend, I predict that the vehicle miles traveled in the next 1-3 months will continue to increase at a slow rate, around 0.5-1.0% compared to the same period last year. This is assuming that the economy will continue to recover slowly and fuel prices will remain relatively stable.",report,2012-11-01,2012-11-30,0.0,31
238709,2012-12-01,2012-12-01,2012-12-01,2012-12-31,"Travel on all roads and streets in the US changed by -2.9% (-7.0 billion vehicle miles) in December 2012 compared to December 2011, with an estimated 236.3 billion vehicle miles traveled. Cumulative travel for 2012 changed by 0.3% (9.1 billion vehicle miles), with a total of 2,938.5 billion vehicle miles of travel.","In the long term (next 4-18 months), it is possible that travel volume will recover as the economy grows, but it will depend on various factors such as fuel prices, economic growth, and demographic changes. The regional variations in travel volume could also lead to changes in transportation infrastructure investments and policy decisions.;Based on the current trend, it is likely that travel volume will continue to decline or remain flat in the short term (next 1-3 months). This could be due to ongoing economic uncertainty or seasonal factors.",report,2012-12-01,2012-12-31,0.0,31
229419,2013-01-01,2013-01-01,2013-01-01,2013-01-31,"Travel on all roads and streets in the US changed by 0.5% (1.2 billion vehicle miles) in January 2013 compared to January 2012, with an estimated 226.9 billion vehicle miles traveled. Cumulative travel for 2013 changed by 0.5% (1.2 billion vehicle miles), with an estimated 226.9 billion vehicle miles traveled.","In the long-term future (next 4-18 months), it is possible that the trend will continue, with potential influences from factors such as changes in fuel prices, economic growth, and infrastructure development. However, more data is needed to make a more accurate prediction.;Based on the current trend, it is likely that the short-term future (next 1-3 months) will see a continued stable or slightly growing trend in vehicle miles traveled, with potential fluctuations due to seasonal changes and other factors.",report,2013-01-01,2013-01-31,0.0,31
215803,2013-02-01,2013-02-01,2013-02-01,2013-02-28,"Travel on all roads and streets in the US changed by -1.4% (-3.1 billion vehicle miles) for February 2013 compared to February 2012, with an estimated 214.6 billion vehicle miles of travel for the month. Cumulative travel for 2013 changed by -0.4% (-1.8 billion vehicle miles), with an estimated 441.6 billion vehicle miles of travel for the year.","If the underlying factors contributing to the decline in travel volume persist, it is possible that vehicle miles traveled will continue to decline or experience slow growth in the long-term future (next 4-18 months).;Based on the current trend, it is likely that vehicle miles traveled will continue to decline or remain stagnant in the short-term future (next 1-3 months).",report,2013-02-01,2013-02-28,0.0,31
253026,2013-03-01,2013-03-01,2013-03-01,2013-03-31,The United States Department of Transportation (USDOT) is involved in various initiatives related to traffic volume and transportation.,"In the long-term, initiatives such as NextGen and SESAR may help to increase efficiency in air traffic management and reduce congestion, leading to potential reductions in air pollution and health risks. Here is the summarized output:;In the short-term, traffic volume is likely to remain a concern, especially during peak travel hours.",search,2013-03-25,2013-03-31,0.0,31
252064,2013-04-01,2013-04-01,2013-04-01,2013-04-30,"Travel on all roads and streets in the US changed by 1.2% (2.9 billion vehicle miles) for April 2013 compared to April 2012, with an estimated 251.1 billion vehicle miles of travel. Cumulative travel for 2013 changed by -0.3% (-2.7 billion vehicle miles), with an estimated 941.4 billion vehicle miles of travel.","In the long-term, it is possible that the travel volume will continue to grow, driven by factors such as population growth, urbanization, and economic development. However, there may also be challenges such as infrastructure constraints, environmental concerns, and changes in transportation modes that could impact the growth of travel volume.;Based on the current trend, it is likely that the travel volume will continue to increase slightly in the short-term, potentially driven by the ongoing economic recovery. However, other factors such as weather, fuel prices, and holidays may also influence the travel volume.",report,2013-04-01,2013-04-30,0.0,31
263406,2013-05-01,2013-05-01,2013-05-01,2013-05-31,"Travel on all roads and streets changed by -1.5% (-3.7 billion vehicle miles) for March 2013 as compared with March 2012, with an estimated 248.8 billion vehicle miles of travel. Cumulative travel for 2013 changed by -0.8% (-5.6 billion vehicle miles), with an estimated 690.3 billion vehicle miles of travel.","In the long-term future (next 4-18 months), it is possible that the travel volume will start to increase as the economy recovers and fuel prices stabilize. However, this will depend on various factors such as government policies, technological advancements, and demographic changes.;Based on the current trend, it is likely that the travel volume will continue to decline or remain stagnant in the short-term future (next 1-3 months).",report,2013-05-01,2013-05-31,0.0,31
259980,2013-06-01,2013-06-01,2013-06-01,2013-06-30,"The Western Boulevard serves as a gateway to downtown Raleigh and the central spine of North Carolina State, carrying a significant traffic volume.","In the long-term, there may be a need for increased investment in transportation infrastructure to manage growing traffic volume and improve travel times. Here is the filtered and summarized information, divided into 5 parts:;In the short-term, it is likely that traffic volume will continue to be a concern, especially during peak travel times.",search,2013-06-24,2013-06-30,0.0,31
263946,2013-07-01,2013-07-01,2013-07-01,2013-07-31,"Travel on all roads and streets in the US changed by 1.6% (4.2 billion vehicle miles) for July 2013 compared to July 2012, with an estimated 263.6 billion vehicle miles of travel. Cumulative travel for 2013 changed by 0.2% (2.7 billion vehicle miles), with an estimated 1725.3 billion vehicle miles of travel.","In the long term, vehicle miles traveled may continue to grow at a slow pace, potentially reaching 1.5-2.5% annual growth rate, driven by factors such as population growth, urbanization, and economic expansion.;Based on the current trend, it is likely that vehicle miles traveled will continue to increase in the short term, potentially by 1-2% in the next 1-3 months.",report,2013-07-01,2013-07-31,0.0,31
268061,2013-08-01,2013-08-01,2013-08-01,2013-08-31,"Travel on all roads and streets changed by 1.3% (3.4 billion vehicle miles) for August 2013 as compared with August 2012. The estimated travel for the month is 267.0 billion vehicle miles. Cumulative Travel for 2013 changed by 0.3% (6.1 billion vehicle miles), with an estimated total of 1992.3 billion vehicle miles of travel.","In the long-term, the growth rate of vehicle miles traveled may slow down due to factors such as increased fuel efficiency, congestion, and changing transportation habits. However, a continued growth of 0.5-1.5% per year is possible over the next 4-18 months.;Based on the current trend, it is likely that vehicle miles traveled will continue to increase in the short-term, with a possible growth rate of 1-2% in the next 1-3 months.",report,2013-08-01,2013-08-31,0.0,31
242536,2013-09-01,2013-09-01,2013-09-01,2013-09-30,"Travel on all roads and streets changed by 1.5% (3.7 billion vehicle miles) for September 2013 as compared with September 2012. The estimated travel for the month is 241.7 billion vehicle miles. Cumulative Travel for 2013 changed by 0.4% (9.8 billion vehicle miles), with an estimated total of 2233.9 billion vehicle miles of travel.","In the long-term, the vehicle miles traveled are likely to continue growing, driven by population growth and economic development. However, the rate of growth may slow down due to increasing fuel efficiency and alternative transportation options.;Based on the current trend, it is likely that the vehicle miles traveled will continue to increase slightly in the next 1-3 months, with a possible increase of around 1-2% compared to the same period in the previous year.",report,2013-09-01,2013-09-30,0.0,31
258748,2013-10-01,2013-10-01,2013-10-01,2013-10-31,"Travel on all roads and streets changed by 2.3% (5.8 billion vehicle miles) for October 2013 as compared with October 2012, with an estimated 258.7 billion vehicle miles of travel. Cumulative Travel for 2013 changed by 0.6% (15.6 billion vehicle miles), with an estimated 2492.6 billion vehicle miles of travel.","In the long-term future, VMT is likely to continue growing, but at a slower rate, driven by factors such as increased fuel efficiency, changes in transportation modes, and shifts in consumer behavior. It is possible that VMT could increase by 5-10% in the next 4-18 months, depending on various factors such as economic growth and government policies.;Based on the current trend, it is likely that VMT will continue to increase in the short-term future, with a possible increase of 1-2% in the next 1-3 months. This could be driven by continued economic growth and increased demand for transportation.",report,2013-10-01,2013-10-31,0.0,31
240055,2013-11-01,2013-11-01,2013-11-01,2013-11-30,"Travel on all roads and streets in the United States changed by -0.1% (-0.2 billion vehicle miles) in November 2013 compared to November 2012, with an estimated 239.5 billion vehicle miles of travel. Cumulative travel for 2013 changed by 0.6% (15.4 billion vehicle miles), with an estimated 2732.2 billion vehicle miles of travel.","In the long term (next 4-18 months), vehicle miles traveled may experience a slight increase, driven by factors such as economic growth, population growth, and infrastructure development. However, this growth may be influenced by changes in travel behavior, fuel prices, and government policies.;Based on the current trend, it is likely that vehicle miles traveled will continue to remain relatively stable or experience a slight decline in the short term (next 1-3 months), influenced by seasonal changes and fuel prices.",report,2013-11-01,2013-11-30,0.0,31
241237,2013-12-01,2013-12-01,2013-12-01,2013-12-31,"Travel on all roads and streets changed by 1.1% (2.7 billion vehicle miles) for December 2013 as compared with December 2012, with an estimated 240.3 billion vehicle miles of travel. Cumulative Travel for 2013 changed by 0.6% (18.1 billion vehicle miles), with an estimated 2972.3 billion vehicle miles of travel for the year.","In the long term, VMT growth may be influenced by factors such as changes in transportation policies, advancements in alternative modes of transportation, and shifts in demographic trends. It is possible that VMT growth may slow down or plateau as cities become more densely populated and alternative modes of transportation become more prevalent.;Based on the current trend, it is likely that VMT will continue to grow at a moderate pace in the short term, with possible fluctuations due to seasonal factors such as weather and holidays.",report,2013-12-01,2013-12-31,0.0,31
226413,2014-01-01,2014-01-01,2014-01-01,2014-01-31,"Travel on all roads and streets in the United States changed by -1.3% (-2.9 billion vehicle miles) for January 2014 as compared with January 2013, with an estimated 223.8 billion vehicle miles of travel.","In the long-term future (next 4-18 months), the vehicle miles traveled may start to increase as the economy recovers and fuel prices stabilize, but this will depend on various factors such as government policies, technological advancements, and changes in consumer behavior.;Based on the current trend, it is likely that the vehicle miles traveled will continue to decline or remain stagnant in the short-term future (next 1-3 months).",report,2014-01-01,2014-01-31,0.0,31
213949,2014-02-01,2014-02-01,2014-02-01,2014-02-28,"Travel on all roads and streets in the US changed by -0.9% (-1.9 billion vehicle miles) in February 2014 compared to February 2013, with an estimated 212.6 billion vehicle miles traveled. Cumulative travel for 2014 changed by -1.1% (-4.8 billion vehicle miles), with an estimated 436.3 billion vehicle miles traveled.","However, it is difficult to predict the long-term trend (next 4-18 months) without considering other factors that may influence vehicle miles traveled, such as changes in fuel prices, economic conditions, or transportation infrastructure development.;Based on the current trend, it is likely that the vehicle miles traveled will continue to decline or remain stable in the short-term future (next 1-3 months).",report,2014-02-01,2014-02-28,0.0,31
253424,2014-03-01,2014-03-01,2014-03-01,2014-03-31,"Travel on all roads and streets changed by 0.2% (0.5 billion vehicle miles) for March 2014 as compared with March 2013. The estimated travel for the month is 249.1 billion vehicle miles. Cumulative Travel for 2014 changed by -0.6% (-4.2 billion vehicle miles), with an estimated total of 685.5 billion vehicle miles of travel.","In the long-term, I predict that the vehicle miles traveled will continue to grow, albeit slowly, driven by population growth and economic activity. However, the growth rate may be influenced by factors such as changes in fuel prices, transportation policies, and technological advancements.;Based on the current trend, I predict that the vehicle miles traveled in the next 1-3 months will continue to show small increases or remain stable, with a possibility of seasonal fluctuations.",report,2014-03-01,2014-03-31,0.0,31
256736,2014-04-01,2014-04-01,2014-04-01,2014-04-30,"Travel on all roads and streets in the US changed by 1.8% (4.6 billion vehicle miles) for April 2014 compared to April 2013, with an estimated 254.9 billion vehicle miles traveled. Cumulative travel for 2014 changed by 0.0% (0.3 billion vehicle miles), with an estimated 940.3 billion vehicle miles of travel.","In the long-term future (next 4-18 months), it is possible that the vehicle miles traveled will continue to grow at a slow rate, driven by economic growth and demographic changes. However, potential factors such as changes in fuel prices, transportation infrastructure development, or shifts in transportation modes could influence the trend.;Based on the current trend, it is likely that the short-term future (next 1-3 months) will see a continued stable pace of vehicle miles traveled, with possible minor fluctuations due to seasonal or regional factors.",report,2014-04-01,2014-04-30,0.0,31
266237,2014-05-01,2014-05-01,2014-05-01,2014-05-31,"Travel on all roads and streets in the US changed by 0.9% (2.4 billion vehicle miles) in May 2014 compared to May 2013, with an estimated 264.2 billion vehicle miles traveled. Cumulative travel for 2014 changed by 0.2% (2.9 billion vehicle miles), with an estimated 1204.5 billion vehicle miles of travel.","In the long-term, it is possible that the vehicle miles traveled will continue to grow at a slow pace, potentially reaching 1220-1250 billion vehicle miles by the end of 2014, assuming a continued economic recovery and stable fuel prices.;Based on the current trend, it is likely that the vehicle miles traveled will continue to increase slightly in the next 1-3 months, potentially reaching 265-267 billion vehicle miles.",report,2014-05-01,2014-05-31,0.0,31
263459,2014-06-01,2014-06-01,2014-06-01,2014-06-30,"Travel on all roads and streets in the US changed by 1.4% (3.7 billion vehicle miles) for June 2014 compared to June 2013, with an estimated 261.7 billion vehicle miles traveled. Cumulative travel for 2014 changed by 0.4% (6.5 billion vehicle miles), with an estimated 1466.0 billion vehicle miles of travel.","In the long-term, the growth in vehicle miles traveled is likely to continue, driven by factors such as population growth, urbanization, and economic growth. However, the rate of growth may slow down due to increasing fuel efficiency and alternative modes of transportation.;Based on the current trend, it is likely that the vehicle miles traveled will continue to increase at a moderate rate in the next 1-3 months, with a possible slight increase in rural areas.",report,2014-06-01,2014-06-30,0.0,31
270053,2014-07-01,2014-07-01,2014-07-01,2014-07-31,"Travel on all roads and streets in the US changed by 1.5% (4.0 billion vehicle miles) for July 2014 compared to July 2013, with an estimated 266.8 billion vehicle miles of travel for the month. Cumulative travel for 2014 changed by 0.6% (10.1 billion vehicle miles), with an estimated 1732.4 billion vehicle miles of travel for the year.","In the long-term future, it is possible that the vehicle miles traveled will continue to grow at a moderate pace, driven by population growth, urbanization, and economic development. However, this growth may be influenced by factors such as increasing fuel efficiency, alternative modes of transportation, and shifts in travel behavior.;Based on the current trend, it is likely that the vehicle miles traveled will continue to increase moderately in the short-term future, with a possible slight uptick during the summer months.",report,2014-07-01,2014-07-31,0.0,31
268831,2014-08-01,2014-08-01,2014-08-01,2014-08-31,"As of 2014, the United States has a network of highways, railroads, waterways, and airways that facilitate passenger travel, with a recent decline in passenger miles.","In the long-term, there may be a continued decline in passenger miles, potentially due to increased fuel efficiency, changes in travel behavior, or other factors. Additionally, there may be a focus on designing residential streets that discourage through traffic and prioritize local access. Here is the summarized information, filtered to focus on Traffic and Transportation:;In the short-term, traffic volumes are expected to increase during Labor Day travel, with estimates suggesting a high number of people traveling.",search,2014-08-25,2014-08-31,0.0,31
247688,2014-09-01,2014-09-01,2014-09-01,2014-09-30,"Travel on all roads and streets in the US changed by 2.3% (5.6 billion vehicle miles) in September 2014 compared to September 2013, with an estimated 246.6 billion vehicle miles traveled. Cumulative travel for 2014 changed by 0.7% (16.7 billion vehicle miles), with an estimated 2246.7 billion vehicle miles traveled.","In the long term, VMT may continue to grow at a moderate pace, potentially by 2-5% in the next 4-18 months, depending on factors such as economic growth, fuel prices, and seasonal variations.;Based on the current trend, it is likely that VMT will continue to increase in the short term, potentially by 1-2% in the next 1-3 months.",report,2014-09-01,2014-09-30,0.0,31
265144,2014-10-01,2014-10-01,2014-10-01,2014-10-31,"Travel on all roads and streets in the US changed by 2.6% (6.6 billion vehicle miles) in October 2014 compared to October 2013, with an estimated 264.2 billion vehicle miles traveled. Cumulative travel for 2014 changed by 0.9% (23.2 billion vehicle miles).","In the long term, the growth in vehicle miles traveled may slow down as cities invest in alternative transportation modes, such as public transportation and ride-sharing, and as fuel efficiency standards continue to improve.;Based on the current trend, it is likely that the vehicle miles traveled will continue to increase in the next 1-3 months, potentially driven by the upcoming holiday season and continued economic growth.",report,2014-10-01,2014-10-31,0.0,31
241451,2014-11-01,2014-11-01,2014-11-01,2014-11-30,The peak hour volume in the peak direction is a measure of traffic volume.,"In the long-term, we can expect to see a shift towards more sustainable and pedestrian-friendly transportation infrastructure, with a greater emphasis on reducing traffic volumes and promoting alternative modes of transportation. Here is the summarized output:;In the short-term, we can expect to see continued implementation of traffic calming measures and road diets to address safety concerns and reduce traffic congestion.",search,2014-11-24,2014-11-30,0.0,31
252271,2014-12-01,2014-12-01,2014-12-01,2014-12-31,"The total vehicle miles traveled (VMT) in December 2014 was 251.4 billion, a 5.0% increase (11.9 billion vehicle miles) compared to December 2013. The cumulative VMT for 2014 was 3015.6 billion, a 1.7% increase (50.0 billion vehicle miles) compared to 2013.","In the long term, VMT may continue to grow at a moderate rate, potentially by 5-7% in the next 4-18 months, driven by factors such as population growth, urbanization, and economic development.;Based on the current trend, it is likely that VMT will continue to increase in the short term, possibly by 2-4% in the next 1-3 months.",report,2014-12-01,2014-12-31,0.0,31
233498,2015-01-01,2015-01-01,2015-01-01,2015-01-31,"Travel on all roads and streets changed by 4.9% (11.1 billion vehicle miles) for January 2015 as compared with January 2014. The estimated travel for the month is 237.4 billion vehicle miles. The seasonally adjusted vehicle miles traveled for January 2015 is 257.9 billion miles, a 5.1% (12.5 billion vehicle miles) increase over January 2014.","In the long-term, the travel volume is expected to continue its upward trend, driven by factors such as population growth, urbanization, and economic development. However, it may be influenced by changes in fuel prices, transportation policies, and technological advancements.;Based on the current trend, it is likely that the travel volume will continue to increase in the short-term, possibly with a slight slowdown due to seasonal changes.",report,2015-01-01,2015-01-31,0.0,31
217220,2015-02-01,2015-02-01,2015-02-01,2015-02-28,"Travel on all roads and streets in the US changed by 2.8% (6.1 billion vehicle miles) for February 2015 compared to February 2014, with an estimated 221.1 billion vehicle miles traveled. The cumulative travel for 2015 changed by 3.9% (17.1 billion vehicle miles), with an estimated 458.5 billion vehicle miles of travel.","In the long-term, the growth in vehicle miles traveled is expected to continue, driven by factors such as population growth, urbanization, and economic growth. However, it is also likely that there will be fluctuations in the growth rate due to factors such as changes in fuel prices and government policies.;Based on the current trend, it is likely that the vehicle miles traveled will continue to increase in the short-term, potentially reaching 230-240 billion vehicle miles in the next 1-3 months.",report,2015-02-01,2015-02-28,0.0,31
258017,2015-03-01,2015-03-01,2015-03-01,2015-03-31,"Travel on all roads and streets changed by 3.9% (9.8 billion vehicle miles) for March 2015 as compared with March 2014, with an estimated 261.7 billion vehicle miles traveled. The seasonally adjusted vehicle miles traveled for March 2015 is 258.9 billion miles, a 3.4% (8.5 billion vehicle miles) increase over March 2014.","In the long-term future, the growth in vehicle miles traveled is likely to continue, driven by factors such as population growth, urbanization, and economic growth. However, the rate of growth may slow down or stabilize as transportation infrastructure and policies adapt to changing travel demands.;Based on the current trend, it is likely that vehicle miles traveled will continue to increase in the short-term future, potentially by 3-5% in the next 1-3 months.",report,2015-03-01,2015-03-31,0.0,31
262817,2015-04-01,2015-04-01,2015-04-01,2015-04-30,"Travel on all roads and streets in the US changed by 3.9% (10.2 billion vehicle miles) for April 2015 compared to April 2014, with an estimated 267.9 billion vehicle miles traveled. The seasonally adjusted vehicle miles traveled for April 2015 is 262.4 billion miles, a 3.7% (9.5 billion vehicle miles) increase over April 2014.","In the long-term, the growth in vehicle miles traveled is expected to continue, driven by factors such as population growth, urbanization, and economic growth. A predicted 4-6% growth in vehicle miles traveled is expected over the next 4-18 months.;Based on the current trend, it is likely that vehicle miles traveled will continue to increase in the short-term, with a predicted 3-4% growth in the next 1-3 months.",report,2015-04-01,2015-04-30,0.0,31
270839,2015-05-01,2015-05-01,2015-05-01,2015-05-31,"The Division Street corridor has a traffic volume of about 15,000 vehicles.","In the long-term, the projected increase in population will likely lead to increased traffic volume, and innovative solutions such as road diets and TDM actions will be necessary to mitigate congestion. Here is the summarized information:;In the short-term, traffic volume is expected to decrease during peak travel times on I-70 with the implementation of the 2022 TDM plan.",search,2015-05-25,2015-05-31,0.0,31
270574,2015-06-01,2015-06-01,2015-06-01,2015-06-30,"The total vehicle miles traveled in June 2015 is estimated to be 275.1 billion vehicle miles, a 3.9% (10.3 billion vehicle miles) increase compared to June 2014. The seasonally adjusted vehicle miles traveled for June 2015 is 261.9 billion miles, a 3.4% (8.7 billion vehicle miles) increase over June 2014.","In the long-term future, the growth rate of vehicle miles traveled may slow down as the urban boundaries continue to expand, and the demand for transportation infrastructure increases. Additionally, factors such as fuel prices, economic growth, and changes in transportation modes may also influence the growth rate of vehicle miles traveled.;Based on the current trend, it is likely that the vehicle miles traveled will continue to increase in the short-term future, with a possible growth rate of around 3-4% in the next 1-3 months.",report,2015-06-01,2015-06-30,0.0,31
278372,2015-07-01,2015-07-01,2015-07-01,2015-07-31,"Travel on all roads and streets in the US changed by 4.2% (11.4 billion vehicle miles) in July 2015 compared to July 2014, with an estimated 283.7 billion vehicle miles traveled. The seasonally adjusted vehicle miles traveled for July 2015 is 264.4 billion miles, a 3.9% (9.9 billion vehicle miles) increase over July 2014.","In the long-term future, vehicle miles traveled may continue to grow at a steady rate, potentially reaching 1900-2000 billion vehicle miles by the end of 2015, assuming continued economic growth and stable fuel prices.;Based on the current trend, it is likely that vehicle miles traveled will continue to increase in the short-term future, potentially by 3-5% in the next 1-3 months.",report,2015-07-01,2015-07-31,0.0,31
272209,2015-08-01,2015-08-01,2015-08-01,2015-08-31,"The total travel for August 2015 is estimated to be 277.3 billion vehicle miles, a 2.3% (6.3 billion vehicle miles) increase compared to August 2014. The seasonally adjusted vehicle miles traveled for August 2015 is 263.3 billion miles, a 3.6% (9.1 billion vehicle miles) increase over August 2014.","In the long-term, the growth in vehicle miles traveled is expected to continue, driven by factors such as population growth, urbanization, and economic development, potentially leading to a 5-7% increase in the next 4-18 months.;Based on the current trend, it is likely that the vehicle miles traveled will continue to increase in the short-term, possibly by 2-4% in the next 1-3 months.",report,2015-08-01,2015-08-31,0.0,31
255090,2015-09-01,2015-09-01,2015-09-01,2015-09-30,"Travel on all roads and streets changed by 4.3% (10.8 billion vehicle miles) for September 2015 as compared with September 2014, with an estimated 259.9 billion vehicle miles traveled. The seasonally adjusted vehicle miles traveled for September 2015 is 264.0 billion miles, a 3.4% (8.7 billion vehicle miles) increase over September 2014.","In the long term, the trend is likely to continue, with vehicle miles traveled potentially increasing by 3-5% over the next 4-18 months, driven by ongoing economic growth and demographic changes.;Based on the current trend, it is likely that vehicle miles traveled will continue to increase in the short term, potentially by 2-4% in the next 1-3 months.",report,2015-09-01,2015-09-30,0.0,31
268469,2015-10-01,2015-10-01,2015-10-01,2015-10-31,"Travel on all roads and streets in the US changed by 2.4% (6.4 billion vehicle miles) for October 2015 compared to October 2014, with an estimated 273.5 billion vehicle miles traveled. The seasonally adjusted vehicle miles traveled for October 2015 is 264.2 billion miles, a 3.0% (7.7 billion vehicle miles) increase over October 2014. Cumulative travel for 2015 changed by 3.4% (86.5 billion vehicle miles), with an estimated 2,630.7 billion vehicle miles of travel.","In the long-term, the growth rate of vehicle miles traveled may slow down due to factors such as increased fuel efficiency, changes in transportation modes, and potential economic downturns. However, it is likely that the overall trend will remain positive, with a possible growth rate of 2-3% in the next 4-18 months.;Based on the current trend, it is likely that the vehicle miles traveled will continue to increase in the short-term, with a possible growth rate of 2-4% in the next 1-3 months.",report,2015-10-01,2015-10-31,0.0,31
248843,2015-11-01,2015-11-01,2015-11-01,2015-11-30,"Travel on all roads and streets in the US changed by 4.3% (10.4 billion vehicle miles) in November 2015 compared to November 2014, with an estimated 253.2 billion vehicle miles traveled. The seasonally adjusted vehicle miles traveled for November 2015 was 264.0 billion miles, a 3.4% (8.8 billion vehicle miles) increase over November 2014. Cumulative travel for 2015 changed by 3.5% (96.8 billion vehicle miles).","In the long-term future, the growth in vehicle miles traveled may slow down due to factors such as increasing fuel efficiency, changes in transportation habits, and potential economic fluctuations. However, it is likely that the overall trend will remain positive, with an estimated 4-6% increase in vehicle miles traveled over the next 4-18 months.;Based on the current trend, it is likely that vehicle miles traveled will continue to increase in the short-term future, potentially by 3-5% in the next 1-3 months.",report,2015-11-01,2015-11-30,0.0,31
259424,2015-12-01,2015-12-01,2015-12-01,2015-12-31,"Travel on all roads and streets in the US changed by 4.2% (10.6 billion vehicle miles) for December 2015 compared to December 2014, with an estimated 264.2 billion vehicle miles traveled. The seasonally adjusted vehicle miles traveled for December 2015 is 268.5 billion miles, a 4.0% (10.4 billion vehicle miles) increase over December 2014. Cumulative travel for 2015 changed by 3.5% (107.2 billion vehicle miles) with an estimated 3,147.8 billion vehicle miles of travel.","In the long term, it is expected that vehicle miles traveled will continue to grow, driven by factors such as population growth, urbanization, and economic development. However, the growth rate may slow down due to increased focus on sustainable transportation and alternative modes of transportation.;Based on the current trend, it is likely that vehicle miles traveled will continue to increase in the short term, with a possible growth rate of 3-5% in the next 1-3 months.",report,2015-12-01,2015-12-31,0.0,31
239679,2016-01-01,2016-01-01,2016-01-01,2016-01-31,"The demand for air travel is predicted to increase, with PricewaterhouseCoopers predicting an increase in traffic volume.","In the long-term, we can expect to see the development of more efficient traffic management systems, including the use of technology and infrastructure upgrades, to address the growing demand for air travel and traffic volume.Here is the summarized output:;In the short-term, we can expect to see increased traffic volumes and congestion at airports and border crossings, leading to potential delays and travel disruptions.",search,2016-01-25,2016-01-31,0.0,31
223011,2016-02-01,2016-02-01,2016-02-01,2016-02-29,"Travel on all roads and streets in the US changed by 5.6% (12.4 billion vehicle miles) in February 2016 compared to February 2015, with an estimated total of 232.2 billion vehicle miles. The seasonally adjusted vehicle miles traveled for February 2016 was 266.1 billion miles, a 5.1% (12.8 billion vehicle miles) increase over February 2015. Cumulative travel for 2016 changed by 3.7% (17.0 billion vehicle miles), with an estimated total of 472.8 billion vehicle miles.","In the long-term, the increase in vehicle miles traveled may continue, potentially driven by factors such as population growth, urbanization, and changes in transportation habits. However, it is also possible that the growth rate may slow down or plateau due to factors such as increased fuel efficiency, alternative modes of transportation, and changing demographics.;Based on the current trend, it is likely that vehicle miles traveled will continue to increase in the short-term, possibly by 4-6% in the next 1-3 months.",report,2016-02-01,2016-02-29,0.0,31
265147,2016-03-01,2016-03-01,2016-03-01,2016-03-31,"Travel on all roads and streets changed by 5.0% (13.0 billion vehicle miles) for March 2016 as compared with March 2015, with an estimated 273.4 billion vehicle miles traveled. The seasonally adjusted vehicle miles traveled for March 2016 is 268.2 billion miles, a 4.0% (10.3 billion vehicle miles) increase over March 2015.","In the long-term, the growth rate may slow down due to factors such as increased fuel efficiency, changes in transportation modes, and potential economic downturns, but it is likely to remain positive, with a possible growth rate of 2-4% in the next 4-18 months.;Based on the current trend, it is likely that the vehicle miles traveled will continue to increase in the short-term, with a possible growth rate of 3-5% in the next 1-3 months.",report,2016-03-01,2016-03-31,0.0,31
269653,2016-04-01,2016-04-01,2016-04-01,2016-04-30,"Travel on all roads and streets in the US changed by 2.6% (6.8 billion vehicle miles) in April 2016 compared to April 2015, with an estimated 272.8 billion vehicle miles traveled. The seasonally adjusted vehicle miles traveled for April 2016 is 267.3 billion miles, a 2.8% (7.3 billion vehicle miles) increase over April 2015.","In the long-term, the growth in vehicle miles traveled is expected to continue, driven by factors such as population growth, urbanization, and economic growth. It is possible that vehicle miles traveled could reach 1.1 trillion miles by the end of 2016.;Based on the current trend, it is likely that vehicle miles traveled will continue to increase in the next 1-3 months, potentially exceeding 275 billion vehicle miles.",report,2016-04-01,2016-04-30,0.0,31
277972,2016-05-01,2016-05-01,2016-05-01,2016-05-31,"Travel on all roads and streets changed by 2.0% (5.5 billion vehicle miles) for May 2016 as compared with May 2015. The seasonally adjusted vehicle miles traveled for May 2016 is 266.6 billion miles, a 2.1% (5.6 billion vehicle miles) increase over May 2015. Cumulative Travel for 2016 changed by 3.3% (41.8 billion vehicle miles).","In the long term, VMT growth may slow down as cities become more congested and alternative modes of transportation become more popular. However, with continued economic growth and urbanization, VMT is likely to continue growing, albeit at a slower rate, over the next 4-18 months.;Based on the current trend, it is likely that VMT will continue to grow in the short term, potentially by 2-3% in the next 1-3 months. This growth may be driven by increased economic activity and urbanization.",report,2016-05-01,2016-05-31,0.0,31
276991,2016-06-01,2016-06-01,2016-06-01,2016-06-30,Travel on all roads and streets changed by 3.2% (8.6 billion vehicle miles) for June 2016 as compared with June 2015. The estimated travel for the month is 282.3 billion vehicle miles. Cumulative travel for 2016 changed by 3.3% (50.5 billion vehicle miles).,"In the long-term future (next 4-18 months), VMT is expected to continue growing, but at a slower rate, potentially around 1-2% per year, as the economy and other factors continue to influence travel behavior.;Based on the current trend, it is likely that VMT will continue to increase in the short-term future (next 1-3 months), with a possible increase of 2-4% compared to the same period last year.",report,2016-06-01,2016-06-30,0.0,31
285160,2016-07-01,2016-07-01,2016-07-01,2016-07-31,"The average volume of vehicles per direction of travel is displayed on the map in Gilbert, Arizona.","In the long-term future, we can expect infrastructure improvements and road safety measures to be implemented based on traffic volume data, leading to reduced accidents and improved travel times. Note: There was limited relevant information in the search results, so some parts may be brief or marked as ""NA"".Here is the summarized output:;In the short-term future, we can expect continued monitoring of traffic volumes to identify areas of high traffic and potential safety risks.",search,2016-07-25,2016-07-31,0.0,31
279213,2016-08-01,2016-08-01,2016-08-01,2016-08-31,"Travel on all roads and streets in the US changed by 3.4% (9.3 billion vehicle miles) for August 2016 compared to August 2015, with an estimated 284.9 billion vehicle miles traveled. The seasonally adjusted vehicle miles traveled for August 2016 is 268.6 billion miles, a 2.5% (6.5 billion vehicle miles) increase over August 2015.","In the long-term future, it is possible that vehicle miles traveled will continue to grow, potentially by 3-5% in the next 4-18 months, driven by factors such as economic growth and changes in transportation infrastructure.;Based on the current trend, it is likely that vehicle miles traveled will continue to increase in the short-term future, potentially by 2-4% in the next 1-3 months.",report,2016-08-01,2016-08-31,0.0,31
262039,2016-09-01,2016-09-01,2016-09-01,2016-09-30,"Travel on all roads and streets changed by 2.9% (7.5 billion vehicle miles) for September 2016 as compared with September 2015. The estimated travel for the month is 265.5 billion vehicle miles. The cumulative estimate for the year is 2,415.2 billion vehicle miles of travel.","In the long-term future, the growth rate may slow down due to factors such as increased fuel prices, changes in transportation modes, and government policies aimed at reducing traffic congestion and emissions. However, it is likely that the vehicle miles traveled will continue to increase, possibly by 2-4% in the next 4-18 months.;Based on the current trend, it is likely that the vehicle miles traveled will continue to increase in the short-term future, possibly by 2-3% in the next 1-3 months.",report,2016-09-01,2016-09-30,0.0,31
275610,2016-10-01,2016-10-01,2016-10-01,2016-10-31,"The total travel on all roads and streets in the US for October 2016 changed by 1.6% (4.4 billion vehicle miles) compared to October 2015, with an estimated 276.0 billion vehicle miles traveled. The seasonally adjusted vehicle miles traveled for October 2016 is 270.4 billion miles, a 2.9% (7.7 billion vehicle miles) increase over October 2015.","In the long-term future, the growth rate of vehicle miles traveled is expected to slow down, but still maintain an upward trend, with a possible increase of 1-2% in the next 4-18 months.;Based on the current trend, it is likely that the vehicle miles traveled will continue to increase in the short-term future, with a possible increase of 2-3% in the next 1-3 months.",report,2016-10-01,2016-10-31,0.0,31
255154,2016-11-01,2016-11-01,2016-11-01,2016-11-30,Travel on all roads and streets changed by 4.3% (10.8 billion vehicle miles) for November 2016 as compared with November 2015. The estimated travel for the month is 262.2 billion vehicle miles. Cumulative travel for 2016 changed by 3.0% (85.0 billion vehicle miles).,"In the long-term future (next 4-18 months), it is possible that the growth rate may slow down or stabilize as the effects of urban expansion and low fuel prices are absorbed. However, a continued increase in vehicle miles traveled is still likely, potentially around 2-4% annually.;Based on the current trend, it is likely that the short-term future (next 1-3 months) will see a continued increase in vehicle miles traveled, possibly around 3-5%.",report,2016-11-01,2016-11-30,0.0,31
264778,2016-12-01,2016-12-01,2016-12-01,2016-12-31,"Travel on all roads and streets in the US changed by 0.5% (1.3 billion vehicle miles) in December 2016 compared to December 2015, with an estimated 263.6 billion vehicle miles traveled. The cumulative travel for 2016 changed by 2.8% (87.5 billion vehicle miles), with a total of 3,218.0 billion vehicle miles of travel.","In the long-term, the travel volume is expected to continue growing, driven by factors such as population growth, urbanization, and economic development. However, the rate of growth may be influenced by factors such as changes in fuel prices, transportation policies, and technological advancements.;Based on the current trend, it is likely that the travel volume will continue to increase slightly in the next 1-3 months, potentially influenced by seasonal factors such as weather and holidays.",report,2016-12-01,2016-12-31,0.0,31
242600,2017-01-01,2017-01-01,2017-01-01,2017-01-31,"Travel on all roads and streets changed by 2.2% (5.2 billion vehicle miles) for January 2017 as compared with January 2016. The estimated travel for the month is 242.3 billion vehicle miles. The seasonally adjusted vehicle miles traveled for January 2017 is 266.1 billion miles, a 2.2% (5.8 billion vehicle miles) increase over January 2016.","In the long-term future (next 4-18 months), VMT may continue to grow, driven by factors such as economic growth, changes in transportation infrastructure, and shifts in travel behavior. However, it's essential to monitor the data for any changes in trends or patterns.;Based on the current trend, it's likely that VMT will continue to increase in the short-term future (next 1-3 months), with a possible slight slowdown due to seasonal adjustments.",report,2017-01-01,2017-01-31,0.0,31
225644,2017-02-01,2017-02-01,2017-02-01,2017-02-28,"Travel on all roads and streets changed by 1.9% (4.4 billion vehicle miles) for February 2017 as compared with February 2016. The estimated travel for the month is 233.4 billion vehicle miles. The seasonally adjusted vehicle miles traveled for February 2017 is 267.2 billion miles, a 1.6% (4.2 billion vehicle miles) increase over February 2016.","In the long-term future, the growth rate of vehicle miles traveled may slow down due to factors such as increased fuel efficiency, alternative modes of transportation, and changing demographics. However, it is likely that the overall trend of increasing vehicle miles traveled will continue, with a possible growth rate of around 1-3% in the next 4-18 months.;Based on the current trend, it is likely that the vehicle miles traveled will continue to increase in the short-term future, with a possible growth rate of around 1-2% in the next 1-3 months.",report,2017-02-01,2017-02-28,0.0,31
268343,2017-03-01,2017-03-01,2017-03-01,2017-03-31,"Travel on all roads and streets changed by 0.8% (2.2 billion vehicle miles) for March 2017 as compared with March 2016, with an estimated 272.0 billion vehicle miles traveled. The seasonally adjusted vehicle miles traveled for March 2017 is 265.2 billion miles, a 0.5% (1.3 billion vehicle miles) increase over March 2016. Cumulative Travel for 2017 changed by 1.5% (11.4 billion vehicle miles), with an estimated 747.2 billion vehicle miles of travel.","In the long-term, travel volume may continue to grow, potentially driven by population growth, urbanization, and increased mobility. However, factors such as changes in fuel prices, transportation policies, and technological advancements could impact travel volume. A potential growth rate of 1.0-2.0% per annum could be expected over the next 4-18 months.;Based on the current trend, it is likely that travel volume will continue to increase in the short-term, potentially by 0.5-1.0% in the next 1-3 months. This could be driven by continued economic growth and increased mobility.",report,2017-03-01,2017-03-31,0.0,31
272864,2017-04-01,2017-04-01,2017-04-01,2017-04-30,"Approximately 81% of commuting workers in Bozeman, Montana drive alone to work.","In the long-term, there may be increased investment in infrastructure development and air pollution reduction strategies, potentially leading to improved traffic flow and reduced exposure to traffic emissions.Here is the summarized information in 5 parts:;In the short-term, traffic volumes are likely to remain high, leading to continued delays and air pollution. Border delays may also persist due to inadequate infrastructure and security measures.",search,2017-04-24,2017-04-30,0.0,31
281264,2017-05-01,2017-05-01,2017-05-01,2017-05-31,"Travel on all roads and streets changed by 2.2% (5.9 billion vehicle miles) for May 2017 as compared with May 2016. The estimated travel for the month is 281.2 billion vehicle miles. The cumulative estimate for the year is 1,300.1 billion vehicle miles of travel.","In the long-term, vehicle miles traveled may continue to grow at a moderate rate, potentially by 2-4% in the next 4-18 months, driven by factors such as population growth, urbanization, and economic expansion. However, this growth may be influenced by changes in transportation policies, fuel prices, and consumer behavior.;Based on the current trend, it is likely that vehicle miles traveled will continue to increase in the short-term, potentially by 1-2% in the next 1-3 months, driven by the ongoing growth in demand for transportation.",report,2017-05-01,2017-05-31,0.0,31
280290,2017-06-01,2017-06-01,2017-06-01,2017-06-30,Travel on all roads and streets changed by 1.2% (3.4 billion vehicle miles) for June 2017 as compared with June 2016. The estimated travel for the month is 280.9 billion vehicle miles. Cumulative Travel for 2017 changed by 1.6% (24.6 billion vehicle miles).,"In the long-term future, it is likely that the vehicle miles traveled will continue to increase, driven by factors such as population growth, urbanization, and economic growth. However, this growth may be influenced by factors such as changes in transportation infrastructure, fuel prices, and technological advancements.;Based on the current trend, it is likely that the vehicle miles traveled will continue to grow at a moderate rate in the short-term future, with possible fluctuations due to seasonal changes.",report,2017-06-01,2017-06-30,0.0,31
288566,2017-07-01,2017-07-01,2017-07-01,2017-07-31,Travel on all roads and streets changed by 0.8% (2.2 billion vehicle miles) for July 2017 as compared with July 2016. The estimated travel for the month is 283.6 billion vehicle miles. The cumulative travel for 2017 changed by 1.5% (26.8 billion vehicle miles).,"In the long-term, I predict a sustained growth in vehicle miles traveled, driven by factors such as population growth, urbanization, and economic growth. This could result in an increase of 3-5% in vehicle miles traveled over the next 4-18 months.;Based on the current trend, I predict a continued moderate growth in vehicle miles traveled for the next 1-3 months, with a possible increase of 1-2% compared to the same period last year.",report,2017-07-01,2017-07-31,0.0,31
282558,2017-08-01,2017-08-01,2017-08-01,2017-08-31,"Travel on all roads and streets changed by 1.4% (3.9 billion vehicle miles) for August 2017 as compared with August 2016, with an estimated 283.3 billion vehicle miles traveled. The cumulative estimate for the year is 2,147.8 billion vehicle miles of travel, a 1.4% increase.","In the long-term, it is possible that vehicle miles traveled will continue to grow at a steady rate, potentially by 1-3% in the next 4-18 months, assuming consistent economic growth and travel patterns.;Based on the current trend, it is likely that vehicle miles traveled will continue to increase in the short-term, potentially by 1-2% in the next 1-3 months.",report,2017-08-01,2017-08-31,0.0,31
265212,2017-09-01,2017-09-01,2017-09-01,2017-09-30,"Travel on all roads and streets in the US changed by 0.3% (0.8 billion vehicle miles) in September 2017 compared to September 2016, with an estimated 262.5 billion vehicle miles traveled. The seasonally adjusted vehicle miles traveled for September 2017 was 267.4 billion miles, a 0.9% (2.3 billion vehicle miles) increase over September 2016. Cumulative travel for 2017 changed by 1.3% (31.4 billion vehicle miles).","In the long-term future, it is possible that vehicle miles traveled will continue to grow, driven by factors such as population growth, urbanization, and economic development. However, the growth rate may slow down due to increasing concerns about traffic congestion, air pollution, and climate change, which may lead to a shift towards more sustainable transportation modes.;Based on the current trend, it is likely that vehicle miles traveled will continue to grow at a slow pace in the short-term future, with an expected increase of around 1-2% in the next 1-3 months.",report,2017-09-01,2017-09-30,0.0,31
278888,2017-10-01,2017-10-01,2017-10-01,2017-10-31,"The total travel on all roads and streets in the US for October 2017 changed by 1.2% (3.3 billion vehicle miles) compared to October 2016, with an estimated 275.0 billion vehicle miles traveled. The seasonally adjusted vehicle miles traveled for October 2017 is 268 billion miles, a 0.8% (2.2 billion vehicle miles) increase over October 2016.","In the long term, the growth in vehicle miles traveled is expected to continue, driven by factors such as population growth, urbanization, and economic expansion. However, the rate of growth may slow down due to increasing fuel efficiency, alternative modes of transportation, and changing transportation habits.;Based on the current trend, it is likely that the vehicle miles traveled will continue to increase in the next 1-3 months, with a possible acceleration in growth during the holiday season.",report,2017-10-01,2017-10-31,0.0,31
258159,2017-11-01,2017-11-01,2017-11-01,2017-11-30,"The total travel for November 2017 is estimated to be 261.4 billion vehicle miles, a 1.1% (2.8 billion vehicle miles) increase compared to November 2016. The seasonally adjusted vehicle miles traveled for November 2017 is 269.2 billion miles, a 0.9% (2.3 billion vehicle miles) increase over November 2016.","In the long-term future, the vehicle miles traveled are expected to continue growing, driven by factors such as population growth, urbanization, and economic development. However, the growth rate may slow down or stabilize as the transportation infrastructure reaches its capacity limits.;Based on the current trend, it is likely that the vehicle miles traveled will continue to increase in the short-term future, possibly by 1-2% in the next 1-3 months.",report,2017-11-01,2017-11-30,0.0,31
267958,2017-12-01,2017-12-01,2017-12-01,2017-12-31,"The US 101 Jct at SR 112 to SR 104 Jct at SR 3 Corridor has high mainline traffic traveling through 14 signal systems, with mainline through volumes at signals within.","In the long-term, traffic volumes are likely to increase, and there will be a need for more significant investments in infrastructure and traffic management to accommodate growing traffic demands and reduce congestion. Here is the summarized information:;In the short-term, traffic volumes are likely to remain steady, but there may be increased congestion during peak hours due to holiday traffic.",search,2017-12-25,2017-12-31,0.0,31
243483,2018-01-01,2018-01-01,2018-01-01,2018-01-31,"Travel on all roads and streets in the US changed by 0.4% (0.9 billion vehicle miles) in January 2018 compared to January 2017, with an estimated 245.5 billion vehicle miles traveled. The seasonally adjusted vehicle miles traveled for January 2018 is 267 billion miles, a -0.1% decline from January 2017.","In the long-term, the traffic volume is likely to continue to grow, driven by population growth, urbanization, and economic development. However, factors such as increased fuel efficiency, alternative modes of transportation, and infrastructure development may slow down this growth.;Based on the current trend, it is likely that the traffic volume will continue to increase slightly in the next 1-3 months, possibly due to the approaching spring season and increased travel for holidays and vacations.",report,2018-01-01,2018-01-31,0.0,31
225146,2018-02-01,2018-02-01,2018-02-01,2018-02-28,Travel on all roads and streets changed by -0.1% (-0.2 billion vehicle miles) for February 2018 as compared with February 2017. The estimated travel for the month is 226.7 billion vehicle miles. The cumulative estimate for the year is 472.4 billion vehicle miles of travel.,"In the long-term future (next 4-18 months), it is predicted that the vehicle miles traveled will continue to grow at a slow rate, driven by factors such as population growth and urbanization.;Based on the current trend, it is predicted that the short-term future (next 1-3 months) will see a slight increase in vehicle miles traveled, as the seasonally adjusted data suggests.",report,2018-02-01,2018-02-28,0.0,31
269229,2018-03-01,2018-03-01,2018-03-01,2018-03-31,"Travel on all roads and streets in the US changed by 0.5% (1.4 billion vehicle miles) for March 2018 compared to March 2017, with an estimated 268.7 billion vehicle miles traveled. The seasonally adjusted vehicle miles traveled for March 2018 is 266.9 billion miles, a 1.2% (3.1 billion vehicle miles) increase over March 2017.","In the long-term, the growth rate of vehicle miles traveled may slow down due to factors such as increased fuel efficiency, alternative modes of transportation, and changing demographics. However, with continued economic growth and urbanization, it is likely that the vehicle miles traveled will continue to increase, with a possible growth rate of 1-3% in the next 4-18 months.;Based on the current trend, it is likely that the vehicle miles traveled will continue to increase in the short-term, with a possible growth rate of 0.5-1.5% in the next 1-3 months.",report,2018-03-01,2018-03-31,0.0,31
272444,2018-04-01,2018-04-01,2018-04-01,2018-04-30,"Travel on all roads and streets changed by -0.2% (-0.5 billion vehicle miles) for April 2018 as compared with April 2017. The estimated travel for the month is 272.4 billion vehicle miles. The cumulative estimate for the year is 1,013.8 billion vehicle miles of travel.","In the long-term future (next 4-18 months), it is possible that the vehicle miles traveled will continue to experience minor fluctuations, potentially influenced by factors such as changes in fuel prices, economic conditions, or infrastructure development.;Based on the current trend, it is likely that the vehicle miles traveled will remain relatively stable or experience a slight increase in the short-term future (next 1-3 months).",report,2018-04-01,2018-04-30,0.0,31
283417,2018-05-01,2018-05-01,2018-05-01,2018-05-31,"Travel on all roads and streets changed by 0.8% (2.2 billion vehicle miles) for May 2018 as compared with May 2017, with an estimated 286.2 billion vehicle miles traveled. The seasonally adjusted vehicle miles traveled for May 2018 is 269.1 billion miles, a 0.4% (1.1 billion vehicle miles) increase over May 2017.","In the long-term, the growth rate of vehicle miles traveled is expected to remain steady, with a predicted growth rate of 1.0-2.0% for the next 4-18 months, driven by continued economic growth and increasing mobility demands.;Based on the current trend, it is likely that vehicle miles traveled will continue to increase in the short-term, with a predicted growth rate of 0.5-1.0% for the next 1-3 months.",report,2018-05-01,2018-05-31,0.0,31
280583,2018-06-01,2018-06-01,2018-06-01,2018-06-30,"Objective facts about the Monthly United States nationwide vehicle miles traveled (VMT) situation: Travel on all roads and streets changed by 0.3% (0.9 billion vehicle miles) for June 2018 as compared with June 2017, with an estimated 281.4 billion vehicle miles traveled.","Predictions you can make for the long-term future (next 4-18 months): As the economy continues to grow, it is likely that travel will continue to increase, with possible spikes during peak travel seasons such as holidays and summer vacations. However, factors such as fuel prices, weather, and economic downturns could impact travel patterns.;Predictions you can make for the short-term future (next 1-3 months): Based on the current trend, it is likely that travel will continue to increase at a slow pace, with a possible slight increase in travel during the summer months.",report,2018-06-01,2018-06-30,0.0,31
289390,2018-07-01,2018-07-01,2018-07-01,2018-07-31,"Travel on all roads and streets changed by 0.3% (0.8 billion vehicle miles) for July 2018 as compared with July 2017, with an estimated 288.1 billion vehicle miles traveled. The cumulative estimate for the year is 1,868.7 billion vehicle miles of travel.","In the long-term future (next 4-18 months), it is possible that the vehicle miles traveled will continue to grow at a slow pace, potentially reaching 1,900-2,000 billion vehicle miles by the end of 2019.;Based on the current trend, it is likely that the vehicle miles traveled will continue to increase slightly in the next 1-3 months, potentially reaching 290-293 billion vehicle miles.",report,2018-07-01,2018-07-31,0.0,31
285979,2018-08-01,2018-08-01,2018-08-01,2018-08-31,"The total vehicle miles traveled for August 2018 is estimated to be 286.7 billion vehicle miles, a 1.2% (3.5 billion vehicle miles) increase compared to August 2017. The seasonally adjusted vehicle miles traveled for August 2018 is 269.7 billion miles, a 0.8% (2.1 billion vehicle miles) increase over August 2017.","In the long-term future, vehicle miles traveled may continue to grow at a slow pace, potentially by 1-3% in the next 4-18 months, driven by factors such as population growth, urbanization, and economic development.;Based on the current trend, it's likely that vehicle miles traveled will continue to increase in the short-term future, possibly by 0.5-1.5% in the next 1-3 months.",report,2018-08-01,2018-08-31,0.0,31
263175,2018-09-01,2018-09-01,2018-09-01,2018-09-30,"Objective facts about the Traffic and Transportation situation: High-quality traffic volume data and traffic count data are available, providing insights into the number of typical vehicles by time of day and day of the week. Annual Average Daily Traffic (AADT) is a measure of total vehicle traffic on a highway or road segment divided by 365 days. Traffic volume data is used to project traffic volumes 10 years into the future. Traffic counts are used to evaluate intersection control and delay.","Predictions you can make for the long-term future (next few months): Increased investment in traffic volume data collection and analysis is likely, driven by the need to improve transportation infrastructure and reduce congestion. Here is the summarized information, filtered to focus on predicting Traffic and Transportation:;Predictions you can make for the short-term future (next 1-4 weeks): NA",search,2018-09-24,2018-09-30,0.0,31
282230,2018-10-01,2018-10-01,2018-10-01,2018-10-31,"Travel on all roads and streets changed by 1.2% (3.2 billion vehicle miles) for October 2018 as compared with October 2017, with an estimated 282.2 billion vehicle miles traveled. The seasonally adjusted vehicle miles traveled for October 2018 is 269.8 billion miles, a 0.6% (1.7 billion vehicle miles) increase over October 2017.","In the long-term future, I predict that the vehicle miles traveled will continue to grow, driven by factors such as population growth, urbanization, and economic development. However, the growth rate may slow down due to increasing concerns about traffic congestion, air pollution, and climate change, which may lead to a shift towards more sustainable transportation modes.;Based on the current trend, I predict that the vehicle miles traveled will continue to grow at a moderate rate in the short-term future, with a possible increase of 0.5-1.0% in the next 1-3 months.",report,2018-10-01,2018-10-31,0.0,31
258574,2018-11-01,2018-11-01,2018-11-01,2018-11-30,"The estimated travel for November 2018 is 258.5 billion vehicle miles, a 0.3% (0.8 billion vehicle miles) increase compared to November 2017. The seasonally adjusted vehicle miles traveled for November 2018 is 268.2 billion miles, a 0.01% (14 million vehicle miles) increase over November 2017. The cumulative estimate for the year is 2,956.4 billion vehicle miles of travel, a 0.3% (10.3 billion vehicle miles) increase.","In the long-term future, it is possible that vehicle miles traveled will continue to grow, driven by population growth, urbanization, and changes in travel behavior. However, factors such as increasing fuel efficiency, alternative modes of transportation, and shifts in travel patterns may also impact vehicle miles traveled.;Based on the current trends, it is likely that vehicle miles traveled will continue to increase slightly in the short-term future, potentially driven by continued economic growth and stable travel patterns.",report,2018-11-01,2018-11-30,0.0,31
269706,2018-12-01,2018-12-01,2018-12-01,2018-12-31,"Travel on all roads and streets in the US changed by 0.7% (1.9 billion vehicle miles) for December 2018 compared to December 2017, with an estimated 268.4 billion vehicle miles traveled. The seasonally adjusted vehicle miles traveled for December 2018 is 271.3 billion miles, a 1.1% (2.9 billion vehicle miles) increase over December 2017. Cumulative travel for 2018 changed by 0.4% (12.2 billion vehicle miles), with a total of 3,224.9 billion vehicle miles of travel.","In the long-term future (next 4-18 months), VMT may continue to grow at a slow rate, potentially influenced by factors such as changes in transportation infrastructure, shifts in travel behavior, and economic conditions. However, it is also possible that VMT may plateau or decline if there are significant changes in these factors.;Based on the current trend, it is likely that VMT will continue to grow at a slow rate in the short-term future (next 1-3 months), potentially influenced by seasonal changes and economic conditions.",report,2018-12-01,2018-12-31,0.0,31
247149,2019-01-01,2019-01-01,2019-01-01,2019-01-31,"Travel on all roads and streets changed by 1.8% (4.5 billion vehicle miles) for January 2019 as compared with January 2018, with an estimated 250.1 billion vehicle miles traveled. The seasonally adjusted vehicle miles traveled for January 2019 is 270.9 billion miles, a 1.5% (3.9 billion vehicle miles) increase over January 2018.","In the long-term future, VMT is likely to continue growing, driven by factors such as population growth, urbanization, and economic growth. However, there may be fluctuations due to changes in fuel prices, transportation policies, and technological advancements.;Based on the current trend, it is likely that VMT will continue to grow in the short-term future, with a possible increase of 1-2% in the next 1-3 months.",report,2019-01-01,2019-01-31,0.0,31
224137,2019-02-01,2019-02-01,2019-02-01,2019-02-28,"Travel on all roads and streets changed by -0.4% (-0.8 billion vehicle miles) for February 2019 as compared with February 2018. The estimated travel for the month is 225.5 billion vehicle miles. The seasonally adjusted vehicle miles traveled for February 2019 is 266.7 billion miles, a -0.1% (-0.4 billion vehicle miles) decline from February 2018.","In the long term, the trend is expected to continue, with a possible increase in vehicle miles traveled as the economy continues to grow and more people take to the roads. However, factors such as changes in fuel prices, government policies, and advancements in transportation technology could influence the trend.;Based on the current trend, it is likely that the vehicle miles traveled will continue to fluctuate in the short term, but the overall trend is expected to remain positive. A slight increase in vehicle miles traveled is predicted for the next 1-3 months.",report,2019-02-01,2019-02-28,0.0,31
270177,2019-03-01,2019-03-01,2019-03-01,2019-03-31,"The Parker Road Corridor Plan in Parker, Colorado analyzed the corridor's existing configuration with current traffic volumes and year 2040 projected traffic volumes from the Denver Regional Council of Governments.","In the long-term, the implementation of adaptive signal control technologies and efficient traffic management systems may lead to improved traffic flow and reduced congestion, especially in corridors with high projected traffic volumes. Here is the summarized output:;In the short-term, traffic volumes are expected to remain high, with potential congestion and delays during peak travel periods.",search,2019-03-25,2019-03-31,0.0,31
279148,2019-04-01,2019-04-01,2019-04-01,2019-04-30,"Travel on all roads and streets changed by 2.5% (6.8 billion vehicle miles) for April 2019 as compared with April 2018, with an estimated 279.3 billion vehicle miles traveled. The seasonally adjusted vehicle miles traveled for April 2019 is 272.3 billion miles, a 2% (5.4 billion vehicle miles) increase over April 2018. Cumulative Travel for 2019 changed by 1.0% (10.4 billion vehicle miles).","In the long term, vehicle miles traveled are likely to continue growing, driven by demographic trends, urbanization, and economic growth. However, the rate of growth may slow down as the economy approaches full capacity and transportation infrastructure constraints become more binding.;Based on the current trend, it is likely that vehicle miles traveled will continue to increase in the short term, potentially at a rate of 2-3% per month. This could be driven by continued economic growth and seasonal factors.",report,2019-04-01,2019-04-30,0.0,31
286395,2019-05-01,2019-05-01,2019-05-01,2019-05-31,"Travel on all roads and streets in the US changed by 1.0% (3.0 billion vehicle miles) for May 2019 compared to May 2018, with an estimated 286.4 billion vehicle miles traveled. The seasonally adjusted vehicle miles traveled for May 2019 is 270.5 billion miles, a 0.7% (2 billion vehicle miles) increase over May 2018.","In the long-term, the growth in vehicle miles traveled is expected to continue, potentially driven by factors such as population growth, urbanization, and economic development. However, this growth may be influenced by changes in transportation policies, technological advancements, and shifts in travel behavior.;Based on the current trend, it is likely that vehicle miles traveled will continue to increase in the short-term, potentially by 0.5-1.5% in the next 1-3 months.",report,2019-05-01,2019-05-31,0.0,31
279690,2019-06-01,2019-06-01,2019-06-01,2019-06-30,Peak hour traffic volumes are estimated at all points on the state highway system in California.,"In the long-term, there may be a shift towards more sustainable transportation modes, such as bike boulevards and alternative routes, as cities and governments prioritize reducing traffic congestion and emissions. Here is the summarized information:;In the short-term, traffic volumes are likely to increase in areas with ongoing construction projects, such as the US 285 Lane Closures and Traffic Delays.",search,2019-06-24,2019-06-30,0.0,31
294328,2019-07-01,2019-07-01,2019-07-01,2019-07-31,"Travel on all roads and streets in the US changed by 1.7% (4.9 billion vehicle miles) for July 2019 compared to July 2018, with an estimated 294.3 billion vehicle miles traveled. The seasonally adjusted vehicle miles traveled for July 2019 was 272.4 billion miles, a 1.2% increase over July 2018.","In the long-term, vehicle miles traveled may continue to grow at a steady rate, driven by factors such as population growth, urbanization, and economic development. However, potential disruptions such as changes in fuel prices, economic downturns, or shifts in transportation modes could impact this growth.;Based on the current trend, it is likely that vehicle miles traveled will continue to increase in the short-term, potentially by 1-2% in the next 1-3 months.",report,2019-07-01,2019-07-31,0.0,31
288116,2019-08-01,2019-08-01,2019-08-01,2019-08-31,"Travel on all roads and streets in the US changed by 0.7% (2.1 billion vehicle miles) for August 2019 compared to August 2018. The estimated travel for the month is 288.1 billion vehicle miles. Cumulative travel for 2019 changed by 0.9% (19.5 billion vehicle miles), with an estimated total of 2,169.1 billion vehicle miles of travel.","In the long-term future (next 4-18 months), it is possible that the growth trend will continue, driven by factors such as urbanization and population growth. However, other factors such as changes in fuel prices, economic conditions, and transportation policies may also influence the trend.;Based on the current trend, it is likely that the short-term future (next 1-3 months) will see a continued growth in vehicle miles traveled, with a possible slight increase or stabilization.",report,2019-08-01,2019-08-31,0.0,31
267747,2019-09-01,2019-09-01,2019-09-01,2019-09-30,"Travel on all roads and streets in the US changed by 1.7% (4.6 billion vehicle miles) in September 2019 compared to September 2018, with an estimated 267.7 billion vehicle miles traveled. The cumulative travel for 2019 changed by 1.0% (24.0 billion vehicle miles), with an estimated 2,436.9 billion vehicle miles of travel.","In the long term (next 4-18 months), the vehicle miles traveled may continue to grow at a moderate pace, driven by factors such as population growth, urbanization, and economic development. However, it is also possible that changes in transportation policies, fuel prices, or technological advancements could influence the trend.;Based on the current trend, it is likely that the vehicle miles traveled will continue to increase in the next 1-3 months, with a possible slight slowdown during the winter months.",report,2019-09-01,2019-09-30,0.0,31
283961,2019-10-01,2019-10-01,2019-10-01,2019-10-31,Travel on all roads and streets changed by 1.0% (2.9 billion vehicle miles) for October 2019 as compared with October 2018. The estimated travel for the month is 285.1 billion vehicle miles. The cumulative travel for 2019 changed by 1.0% (27.0 billion vehicle miles).,"In the long-term future (next 4-18 months), it is possible that VMT will continue to grow, driven by factors such as population growth, urbanization, and economic development. However, this growth may be influenced by emerging trends such as increased adoption of electric and autonomous vehicles, changes in transportation policies, and shifts in consumer behavior.;Based on the current trend, it is likely that VMT will continue to grow at a moderate pace in the short-term future (next 1-3 months), with possible fluctuations due to seasonal changes and external factors.",report,2019-10-01,2019-10-31,0.0,31
260326,2019-11-01,2019-11-01,2019-11-01,2019-11-30,Travel on all roads and streets changed by -0.1% (-0.1 billion vehicle miles) for November 2019 as compared with November 2018. The estimated travel for the month is 260.3 billion vehicle miles. The cumulative travel for 2019 changed by 0.9% (25.3 billion vehicle miles).,"In the long-term, it is possible that the growth in vehicle miles traveled will continue, driven by population growth and economic expansion. However, factors such as changes in consumer behavior, technological advancements, and government policies may influence the trend.;Based on the current trend, it is likely that the vehicle miles traveled will remain stable or experience a slight decline in the next 1-3 months.",report,2019-11-01,2019-11-30,0.0,31
261757,2019-12-01,2019-12-01,2019-12-01,2019-12-31,"Travel on all roads and streets changed by 1.3% (3.5 billion vehicle miles) for December 2019 as compared with December 2018. The estimated travel for the month is 273.8 billion vehicle miles. Cumulative Travel for 2019 changed by 0.9% (28.8 billion vehicle miles), with a total of 3,269.1 billion vehicle miles of travel.","In the long-term future, it is predicted that the vehicle miles traveled will continue to grow, driven by factors such as population growth, urbanization, and economic development. However, the growth rate may slow down due to increasing concerns about traffic congestion, environmental sustainability, and transportation infrastructure capacity.;Based on the current trend, it is likely that the vehicle miles traveled will continue to increase in the short-term future, with a possible growth rate of 1-2% in the next 1-3 months.",report,2019-12-01,2019-12-31,0.0,31
260847,2020-01-01,2020-01-01,2020-01-01,2020-01-31,"Travel on all roads and streets changed by 2.1% (5.3 billion vehicle miles) for January 2020 as compared with January 2019, with an estimated 253.7 billion vehicle miles of travel. The seasonally adjusted vehicle miles traveled for January 2020 is 274.8 billion miles, a 1.6% (4.3 billion vehicle miles) increase over January 2019.","In the long-term, the growth in VMT is likely to continue, driven by factors such as urbanization and population growth. However, it is also possible that changes in transportation habits, such as increased adoption of electric or autonomous vehicles, could impact VMT growth in the future.;Based on the current trend, it is likely that VMT will continue to grow at a moderate pace in the short-term, with a possible increase of 1-2% in the next 1-3 months.",report,2020-01-01,2020-01-31,0.0,31
242695,2020-02-01,2020-02-01,2020-02-01,2020-02-29,"Travel on all roads and streets changed by 2.2% (4.9 billion vehicle miles) for February 2020 as compared with February 2019, with an estimated 231.7 billion vehicle miles traveled. The seasonally adjusted vehicle miles traveled for February 2020 is 274.3 billion miles, a 2.3% (6.1 billion vehicle miles) increase over February 2019.","In the long-term, I predict that vehicle miles traveled will continue to increase, driven by factors such as population growth, urbanization, and economic growth. However, this growth may be influenced by emerging trends such as increased adoption of electric and autonomous vehicles, and shifting transportation habits.;Based on the current trend, I predict a continued growth in vehicle miles traveled for the next 1-3 months, with a possible slight decline in the summer months due to seasonal changes.",report,2020-02-01,2020-02-29,0.0,31
226638,2020-03-01,2020-03-01,2020-03-01,2020-03-31,Travel on all roads and streets changed by -18.6% (-50.6 billion vehicle miles) for March 2020 as compared with March 2019. The estimated travel for the month is 221.0 billion vehicle miles.,"In the long-term future (next 4-18 months), vehicle miles traveled may recover as the pandemic subsides and travel restrictions are lifted, but the recovery rate will depend on various factors, including the effectiveness of public health measures and the resilience of the economy.;Based on the current trend, it is likely that vehicle miles traveled will continue to decline in the short-term future (next 1-3 months) as the pandemic continues to affect travel behavior.",report,2020-03-01,2020-03-31,0.0,31
167617,2020-04-01,2020-04-01,2020-04-01,2020-04-30,"The total vehicle miles traveled in April 2020 decreased by 39.8% (-112.0 billion vehicle miles) compared to April 2019, with an estimated 169.6 billion vehicle miles traveled. The seasonally adjusted vehicle miles traveled for April 2020 decreased by 41.2% (-112.9 billion vehicle miles) compared to April 2019.","In the long-term future (next 4-18 months), I predict that vehicle miles traveled will eventually return to pre-pandemic levels as the economy recovers and people become more comfortable with traveling again. However, there may be a shift in travel patterns, with more people opting for alternative modes of transportation or changing their travel habits in response to the pandemic.;In the short-term future (next 1-3 months), I predict that vehicle miles traveled will continue to be lower than usual due to the ongoing pandemic and travel restrictions. However, as states begin to reopen and restrictions are lifted, we may see a gradual increase in travel.",report,2020-04-01,2020-04-30,0.0,31
221006,2020-05-01,2020-05-01,2020-05-01,2020-05-31,"The vehicle miles traveled (VMT) for all vehicles on all interstate highways for Week 22 (May 25-31, 2020) increased 1% compared to the previous week, but represented a decrease of 25% (4.2 billion vehicle miles) compared to the same week of 2019. Passenger vehicle miles traveled decreased 27% and truck vehicle miles traveled decreased 17% compared to the same week of 2019.","In the long-term future (next 4-18 months), I predict that VMT will continue to recover, but it may take several months or even years to return to pre-pandemic levels. The recovery will depend on various factors, including the effectiveness of pandemic mitigation measures, the pace of economic recovery, and changes in travel behavior.;In the short-term future (next 1-3 months), I predict that VMT will continue to increase gradually as states and businesses continue to reopen, but it will still be lower than pre-pandemic levels. The rate of increase will depend on the pace of reopening and the effectiveness of pandemic mitigation measures.",report,2020-05-25,2020-05-31,0.0,31
250330,2020-06-01,2020-06-01,2020-06-01,2020-06-30,"The total vehicle miles traveled in June 2020 decreased by 13.0% (-36.5 billion vehicle miles) compared to June 2019, with an estimated 244.7 billion vehicle miles traveled. The seasonally adjusted vehicle miles traveled for June 2020 was 231.3 billion miles, a 14.5% decline from June 2019.","In the long term (next 4-18 months), vehicle miles traveled may gradually increase as the pandemic subsides and travel restrictions are lifted, but it may take some time for travel patterns to return to pre-pandemic levels.;Based on the current trend, it is likely that vehicle miles traveled will continue to be lower than usual in the short term (next 1-3 months), as the pandemic continues to affect travel behavior.",report,2020-06-01,2020-06-30,0.0,31
265550,2020-07-01,2020-07-01,2020-07-01,2020-07-31,"The total vehicle miles traveled in July 2020 decreased by 11.2% (-33.2 billion vehicle miles) compared to July 2019, with an estimated 262.4 billion vehicle miles traveled. The seasonally adjusted vehicle miles traveled for July 2020 is 239.7 billion miles, a decrease of 9.2 billion vehicle miles compared to June 2020.","In the long-term future (next 4-18 months), it is possible that vehicle miles traveled will gradually return to pre-pandemic levels as travel restrictions are lifted and people become more comfortable with traveling again. However, this will depend on the effectiveness of pandemic mitigation strategies and the development of new travel habits.;Based on the current trend, it is likely that the vehicle miles traveled will continue to decrease in the short-term future (next 1-3 months), potentially with a slower rate of decline as the pandemic's impact on travel behavior begins to stabilize.",report,2020-07-01,2020-07-31,0.0,31
265060,2020-08-01,2020-08-01,2020-08-01,2020-08-31,"Travel on all roads and streets in the US changed by -12.3% (-35.3 billion vehicle miles) for August 2020 compared to August 2019, with an estimated 251.3 billion vehicle miles traveled. The seasonally adjusted vehicle miles traveled for August 2020 is 239.7 billion miles, a -11.8% (-32.2 billion vehicle miles) decline from August 2019.","In the long-term, I predict a gradual recovery in vehicle miles traveled as the pandemic subsides and travel restrictions are lifted, potentially returning to pre-pandemic levels within the next 4-18 months.;Based on the current trend, I predict a continued decline in vehicle miles traveled for the next 1-3 months, potentially with a slight increase in travel during the upcoming holiday season.",report,2020-08-01,2020-08-31,0.0,31
257531,2020-09-01,2020-09-01,2020-09-01,2020-09-30,"Objective facts about the Monthly United States nationwide vehicle miles traveled (VMT) situation: The total travel on all roads and streets changed by -8.6% (-23.4 billion vehicle miles) for September 2020 compared to September 2019, with an estimated 248.3 billion vehicle miles traveled. The seasonally adjusted vehicle miles traveled for September 2020 is 247.2 billion miles, a -9.7% (-26.7 billion vehicle miles) decline from September 2019.","Predictions you can make for the long-term future (next 4-18 months): As the pandemic situation evolves and urban boundaries continue to change, vehicle miles traveled may stabilize or even increase, potentially returning to pre-pandemic levels. However, this will depend on various factors, including the effectiveness of pandemic mitigation measures and changes in transportation habits.;Predictions you can make for the short-term future (next 1-3 months): Based on the current trend, it is likely that vehicle miles traveled will continue to decline in the short term, potentially by a similar percentage (-8% to -10%) compared to the same period in the previous year.",report,2020-09-01,2020-09-30,0.0,31
266596,2020-10-01,2020-10-01,2020-10-01,2020-10-31,"The total travel on all roads and streets in the US changed by -8.8% (-25.0 billion vehicle miles) in October 2020 compared to October 2019, with an estimated 259.0 billion vehicle miles traveled. The seasonally adjusted vehicle miles traveled for October 2020 is 246.8 billion miles, a -9.2% decline from October 2019.","In the long term, it is difficult to predict exactly when travel will return to pre-pandemic levels. However, as vaccination rates increase and restrictions are lifted, it is likely that travel will gradually recover. It may take 4-12 months for travel to return to normal, but this will depend on various factors, including the effectiveness of vaccines and the pace of economic recovery.;Based on the current trend, it is likely that vehicle miles traveled will continue to decline in the short term, potentially by 5-10% in the next 1-3 months. This is due to the ongoing pandemic and the associated restrictions and precautions.",report,2020-10-01,2020-10-31,0.0,31
238300,2020-11-01,2020-11-01,2020-11-01,2020-11-30,"Travel on all roads and streets changed by -11.1% (-28.9 billion vehicle miles) for November 2020 as compared with November 2019, resulting in estimated travel for the month at 231.6 billion vehicle-miles. The seasonally adjusted vehicle miles traveled for November 2020 is 244.8 billion miles, a -10.3% (-28.2 billion vehicle miles) decline from November 2019.","In the long-term future (next 4-18 months), vehicle miles traveled may start to recover as the pandemic subsides, and economic activity returns to normal. However, the pace of recovery will depend on various factors, including the effectiveness of vaccination efforts, changes in commuting patterns, and government policies.;Based on the current trend, it is likely that vehicle miles traveled will continue to decline or remain stagnant in the short-term future (next 1-3 months), as the pandemic is expected to continue affecting travel behavior.",report,2020-11-01,2020-11-30,0.0,31
241451,2020-12-01,2020-12-01,2020-12-01,2020-12-31,"Travel on all roads and streets in the US decreased by 10.3% (-28.1 billion vehicle miles) in December 2020 compared to December 2019, with an estimated 244.1 billion vehicle miles traveled. The seasonally adjusted vehicle miles traveled for December 2020 is 244.5 billion miles, a 10.6% decline from December 2019.","In the long-term future (next 4-18 months), it is possible that vehicle miles traveled will gradually recover as the pandemic subsides and travel restrictions are lifted. However, the recovery may be slow and influenced by changes in travel behavior and preferences.;Based on the current trend, it is likely that vehicle miles traveled will continue to decline in the short-term future (next 1-3 months), potentially influenced by ongoing pandemic-related restrictions and travel advisories.",report,2020-12-01,2020-12-31,0.0,31
224959,2021-01-01,2021-01-01,2021-01-01,2021-01-31,"The total vehicle miles traveled (VMT) for interstate highways for Week 4 (January 25-31, 2021) is estimated to be 13.4 billion vehicle miles, an increase of 2% from the previous week, and a decrease of 5% compared to the same week of 2019.","In the long term, the total VMT for interstate highways may return to pre-2019 levels, driven by economic growth and changes in transportation patterns. However, this will depend on various factors such as government policies, technological advancements, and shifts in consumer behavior.;Based on the current trend, it is likely that the total VMT for interstate highways will continue to fluctuate in the short term, potentially influenced by seasonal changes and economic conditions. A slight increase or decrease in VMT is possible in the next 1-3 months.",report,2021-01-25,2021-01-31,0.0,31
207160,2021-02-01,2021-02-01,2021-02-01,2021-02-28,"The total vehicle miles traveled on all interstate highways for Week 8 (February 22-28, 2021) is estimated to be 13.2 billion vehicle miles, an increase of 10% from the previous week, and a decrease of 7% compared to the same week of 2019.","In the long term, VMT is likely to continue to grow, driven by population growth, economic activity, and changes in travel patterns. However, the rate of growth may be influenced by factors such as infrastructure development, technological advancements, and shifts in transportation modes.;Based on the current trend, it is likely that VMT will continue to increase in the short term, potentially driven by the ongoing economic recovery and changes in travel patterns. However, the rate of growth may be influenced by factors such as weather, fuel prices, and pandemic-related restrictions.",report,2021-02-22,2021-02-28,0.0,31
262065,2021-03-01,2021-03-01,2021-03-01,2021-03-31,"The total vehicle miles traveled in March 2021 is 263.0 billion, a 19.0% (42.0 billion vehicle miles) increase compared to March 2020. The seasonally adjusted vehicle miles traveled for March 2021 is 261.1 billion miles, an 18.5% (40.7 billion vehicle miles) increase over March 2020.","As the economy continues to recover and vaccination rates increase, it is likely that vehicle miles traveled will continue to rise, potentially exceeding pre-pandemic levels in the long term.;Based on the current trend, it is likely that vehicle miles traveled will continue to increase in the short term, potentially reaching pre-pandemic levels.",report,2021-03-01,2021-03-31,0.0,31
252218,2021-04-01,2021-04-01,2021-04-01,2021-04-30,"The total travel on all roads and streets in the US for April 2021 changed by 54.6% (90.6 billion vehicle miles) compared to April 2020, resulting in an estimated 256.5 billion vehicle miles. The seasonally adjusted vehicle miles traveled for April 2021 is 248.6 billion miles, a 56.5% increase over April 2020.","In the long term (next 4-18 months), vehicle miles traveled may continue to grow, driven by factors such as economic recovery, increasing vaccination rates, and the potential for more permanent changes in travel behavior. However, the pace of growth may slow down as travel demand approaches pre-pandemic levels.;Based on the current trend, it is likely that vehicle miles traveled will continue to increase in the short term (next 1-3 months), potentially driven by the ongoing relaxation of pandemic-related restrictions and the approaching summer travel season.",report,2021-04-01,2021-04-30,0.0,31
276639,2021-05-01,2021-05-01,2021-05-01,2021-05-31,"Travel on all roads and streets changed by 28.7% (61.2 billion vehicle miles) for May 2021 as compared with May 2020, with an estimated 273.9 billion vehicle miles traveled. The seasonally adjusted vehicle miles traveled for May 2021 is 259.7 billion miles, a 31.1% (61.6 billion vehicle miles) increase over May 2020.","In the long term, it is expected that travel volume will continue to grow, potentially reaching pre-pandemic levels, driven by increased economic activity, urbanization, and demographic changes. However, this growth may be influenced by factors such as fuel prices, transportation infrastructure development, and shifts towards alternative modes of transportation.;Based on the current trend, it is likely that travel volume will continue to increase in the short term, potentially exceeding 280 billion vehicle miles traveled in the next 1-3 months.",report,2021-05-01,2021-05-31,0.0,31
279209,2021-06-01,2021-06-01,2021-06-01,2021-06-30,"Travel on all roads and streets changed by 14.5% (35.7 billion vehicle miles) for June 2021 compared to June 2020, with an estimated 282.5 billion vehicle miles traveled. The seasonally adjusted vehicle miles traveled for June 2021 is 267 billion miles, a 14.9% (34.7 billion vehicle miles) increase over June 2020.","In the long-term future (next 4-18 months), I predict that the growth rate of vehicle miles traveled will stabilize, potentially influenced by factors such as fuel prices, economic conditions, and the development of alternative transportation modes. However, the overall trend is likely to remain positive, driven by increasing travel demand and economic growth.;Based on the current trend, I predict that the short-term future (next 1-3 months) will continue to see an increase in vehicle miles traveled, potentially driven by summer travel and vacation plans. This could lead to further congestion on roads and highways.",report,2021-06-01,2021-06-30,0.0,31
288443,2021-07-01,2021-07-01,2021-07-01,2021-07-31,"Travel on all roads and streets changed by 11.5% (30.0 billion vehicle miles) for July 2021 as compared with July 2020. The estimated travel for the month is 290.1 billion vehicle miles. The seasonally adjusted vehicle miles traveled for July 2021 is 267.6 billion miles, a 13.1% (31 billion vehicle miles) increase over July 2020.","In the long-term, vehicle miles traveled are likely to continue growing, driven by factors such as population growth, urbanization, and economic expansion. However, the growth rate may moderate as the market approaches pre-pandemic levels. A growth rate of around 5-7% is expected for the next 4-18 months.;Based on the current trend, it is likely that vehicle miles traveled will continue to increase in the short-term, driven by the ongoing economic recovery and increased mobility. A growth rate of around 10-12% is expected for the next 1-3 months.",report,2021-07-01,2021-07-31,0.0,31
279596,2021-08-01,2021-08-01,2021-08-01,2021-08-31,"Travel on all roads and streets changed by 8.3% (21.0 billion vehicle miles) for August 2021 as compared with August 2020, with an estimated 273.8 billion vehicle miles traveled. The seasonally adjusted vehicle miles traveled for August 2021 is 261.1 billion miles, an 8.5% increase over August 2020.","In the long term, the growth in vehicle miles traveled may slow down as the economy and travel patterns adjust to the new normal, but it is likely to remain above pre-pandemic levels.;Based on the current trend, it is likely that vehicle miles traveled will continue to increase in the short term, potentially reaching pre-pandemic levels.",report,2021-08-01,2021-08-31,0.0,31
270461,2021-09-01,2021-09-01,2021-09-01,2021-09-30,"Objective facts about the Monthly United States nationwide vehicle miles traveled (VMT) situation: The total travel on all roads and streets in the nation changed by 7.9% (19.5 billion vehicle miles) in September 2021 compared to September 2020, resulting in an estimated 266.7 billion vehicle miles of travel.","Predictions you can make for the long-term future (next 4-18 months): Given the steady increase in vehicle miles traveled, it is possible that the total travel for 2022 will exceed 2,400 billion vehicle miles, with a continued growth rate of around 10-12% compared to the previous year.;Predictions you can make for the short-term future (next 1-3 months): Based on the current trend, it is likely that the vehicle miles traveled will continue to increase in the short term, potentially reaching 270-280 billion vehicle miles in the next few months.",report,2021-09-01,2021-09-30,0.0,31
277877,2021-10-01,2021-10-01,2021-10-01,2021-10-31,"Vehicle miles traveled by all vehicles on all interstate highways for Week 43 (October 25-31, 2021) are estimated to be 16.3 billion vehicle miles, 0.5% lower than the previous week and 1% higher than the same week of 2019. Passenger vehicle miles traveled are 2% lower than the same week of 2019, while truck vehicle miles traveled are 13% higher than the same week of 2019.","In the long term, it is possible that VMT will continue to increase as the economy recovers and travel restrictions are lifted. However, this will depend on various factors such as changes in consumer behavior, government policies, and technological advancements in transportation.;Based on the current trend, it is likely that VMT will continue to fluctuate in the short term, with potential increases in truck VMT driven by economic activity. However, it is uncertain whether overall VMT will continue to decrease or stabilize.",report,2021-10-25,2021-10-31,0.0,31
260433,2021-11-01,2021-11-01,2021-11-01,2021-11-30,"Travel on all roads and streets in the US changed by +12.3% (+29.2 billion vehicle miles) in November 2021 compared to November 2020, with an estimated 267.5 billion vehicle miles traveled. The seasonally adjusted vehicle miles traveled for November 2021 is 279.4 billion miles, a +11.3% increase over November 2020.","In the long-term future, it is possible that vehicle miles traveled will continue to grow, potentially reaching 3,200-3,500 billion miles by the end of 2022, driven by factors such as population growth, urbanization, and economic development.;Based on the current trend, it is likely that vehicle miles traveled will continue to increase in the short-term future, potentially reaching 280-290 billion miles in the next 1-3 months.",report,2021-11-01,2021-11-30,0.0,31
261028,2021-12-01,2021-12-01,2021-12-01,2021-12-31,"The total vehicle miles traveled in December 2021 was 268.4 billion, a 11.2% increase (+26.9 billion vehicle miles) compared to December 2020. The cumulative travel for 2021 was 3,228.8 billion vehicle miles, a 11.2% increase (+325.2 billion vehicle miles) compared to 2020.","In the long-term, the growth in vehicle miles traveled may slow down as urbanization and population growth stabilize, but it is likely to remain steady, potentially increasing by 5-7% in the next 4-18 months.;Based on the current trend, it is likely that vehicle miles traveled will continue to increase in the short-term, potentially by 5-10% in the next 1-3 months.",report,2021-12-01,2021-12-31,0.0,31
236055,2022-01-01,2022-01-01,2022-01-01,2022-01-31,"Travel on all roads and streets in the United States changed by +4.1% (+9.5 billion vehicle miles) in January 2022 compared to January 2021, with an estimated 240.6 billion vehicle miles of travel. The seasonally adjusted vehicle miles traveled for January 2022 is 274.4 billion miles, a 4.7% change over January 2021.","In the long term, I predict a continued growth in vehicle miles traveled, potentially reaching 250-260 billion vehicle miles by the end of 2022, assuming steady economic growth and no significant disruptions to the transportation system.;Based on the current trend, I predict a continued increase in vehicle miles traveled for the next 1-3 months, with a possible slight decrease due to seasonal variations.",report,2022-01-01,2022-01-31,0.0,31
231137,2022-02-01,2022-02-01,2022-02-01,2022-02-28,"Objective facts about the Monthly United States nationwide vehicle miles traveled (VMT) situation: The total travel on all roads and streets in the US changed by +10.6% (+22.6 billion vehicle miles) in February 2022 compared to February 2021, with an estimated 235.7 billion vehicle miles traveled. The seasonally adjusted vehicle miles traveled for February 2022 is 276.4 billion miles, a 9% increase over February 2021. Cumulative travel for 2022 changed by +7.2% (+32.1 billion vehicle miles), with an estimated 476.2 billion vehicle miles of travel.","Predictions you can make for the long-term future (next 4-18 months): The long-term trend suggests a continued growth in vehicle miles traveled, potentially driven by factors such as urbanization, economic growth, and changes in transportation habits. However, it is essential to monitor the data for any signs of slowing down or reversal of this trend.;Predictions you can make for the short-term future (next 1-3 months): Based on the current trend, it is likely that the vehicle miles traveled will continue to increase in the short term, potentially exceeding the 10% growth rate seen in February 2022.",report,2022-02-01,2022-02-28,0.0,31
271869,2022-03-01,2022-03-01,2022-03-01,2022-03-31,"In March 2022, travel on all roads and streets changed by +2.9% (+7.9 billion vehicle miles) compared to March 2021, with an estimated 277.4 billion vehicle miles of travel. The seasonally adjusted vehicle miles traveled for March 2022 is 274.8 billion miles, a 2.80% change over March 2021.","In the long-term future (next 4-18 months), VMT growth may slow down or stabilize as the economy reaches a plateau, and concerns about sustainability and environmental impact may lead to increased adoption of alternative modes of transportation.;Based on the current trend, it is likely that VMT will continue to grow in the short-term future (next 1-3 months), potentially driven by the ongoing economic recovery and increased mobility.",report,2022-03-01,2022-03-31,0.0,31
258001,2022-04-01,2022-04-01,2022-04-01,2022-04-30,"Travel on all roads and streets changed by +1.5% (+3.9 billion vehicle miles) for April 2022 as compared with April 2021, with an estimated 263.1 billion vehicle miles traveled. The seasonally adjusted vehicle miles traveled for April 2022 is 270.7 billion miles, a 2.50% change over April 2021.","In the long-term, VMT is expected to continue growing, driven by population growth, urbanization, and economic expansion. However, factors such as changes in transportation modes, fuel efficiency, and government policies may impact this growth.;Based on the current trend, it is likely that VMT will continue to grow in the short-term, potentially at a rate of +1-2% per month. However, factors such as summer travel season, holidays, and fuel prices may influence this growth.",report,2022-04-01,2022-04-30,0.0,31
282678,2022-05-01,2022-05-01,2022-05-01,2022-05-31,"Travel on all roads and streets changed by +1.3% (+3.6 billion vehicle miles) for May 2022 as compared with May 2021, with an estimated 288.0 billion vehicle miles traveled. The cumulative travel for 2022 changed by +3.8% (+47.8 billion vehicle miles), with an estimated 1,304.8 billion vehicle miles of travel.","In the long term, VMT is expected to continue growing, driven by population growth, urbanization, and economic development. However, the growth rate may be influenced by factors such as changes in travel behavior, fuel efficiency, and the adoption of alternative modes of transportation.;Based on the current trend, it is likely that VMT will continue to grow at a moderate rate in the short term, possibly around 1-2% per month. However, this growth rate may be influenced by seasonal factors, such as summer vacations and holidays.",report,2022-05-01,2022-05-31,0.0,31
277059,2022-06-01,2022-06-01,2022-06-01,2022-06-30,"The total vehicle miles traveled in June 2022 decreased by 1.7% (-4.8 billion vehicle miles) compared to June 2021, with an estimated 282.1 billion vehicle miles traveled.","In the long-term future (next 4-18 months), the vehicle miles traveled may increase as the economy recovers and fuel prices stabilize, leading to an increase in travel demand.;Based on the current trend, it is predicted that the vehicle miles traveled will continue to decrease or remain stable in the short-term future (next 1-3 months).",report,2022-06-01,2022-06-30,0.0,31
281976,2022-07-01,2022-07-01,2022-07-01,2022-07-31,The volume of traffic has increased with the recovery of work and production during the pandemic.,"In the next few months, there may be a need for increased investment in transportation infrastructure to accommodate the growing traffic volumes and reduce congestion.;In the next 1-4 weeks, traffic volumes are likely to continue to increase, leading to potential congestion and travel delays.",search,2022-07-25,2022-07-31,0.0,31
284347,2022-08-01,2022-08-01,2022-08-01,2022-08-31,"The total vehicle miles traveled (VMT) in August 2022 increased by 0.7% (+1.9 billion vehicle miles) compared to August 2021, with an estimated 289.3 billion vehicle miles traveled. The seasonally adjusted VMT for August 2022 was 271.7 billion miles, a 0.10% change over August 2021.","In the long term, it is possible that VMT growth will continue, driven by factors such as population growth, urbanization, and economic development. However, there may be a shift towards more sustainable modes of transportation, which could impact VMT growth rates.;Based on the current trend, it is likely that VMT will continue to increase in the short term, but at a slow rate. The next 1-3 months may see a growth rate similar to August 2022, around 0.7-1.0%.",report,2022-08-01,2022-08-31,0.0,31
275638,2022-09-01,2022-09-01,2022-09-01,2022-09-30,"Objective facts about the Monthly United States nationwide vehicle miles traveled (VMT) situation: The total travel on all roads and streets in the US changed by +1.0% (+2.8 billion vehicle miles) in September 2022 compared to September 2021, with an estimated 280.8 billion vehicle miles traveled. The cumulative travel for 2022 changed by +1.6% (+39.0 billion vehicle miles), with a total of 2,444.7 billion vehicle miles of travel.","Predictions you can make for the long-term future (next 4-18 months): In the long term, the growth in vehicle miles traveled may continue, driven by factors such as population growth, urbanization, and economic development. However, it is also possible that growth may slow down due to increasing concerns about climate change, traffic congestion, and transportation infrastructure constraints.;Predictions you can make for the short-term future (next 1-3 months): Based on the current trend, it is likely that the vehicle miles traveled will continue to grow at a moderate pace, potentially around 1-2% increase, in the short term.",report,2022-09-01,2022-09-30,0.0,31
280673,2022-10-01,2022-10-01,2022-10-01,2022-10-31,"The total travel on all roads and streets in the US for October 2022 changed by +0.1% (+0.3 billion vehicle miles) compared to October 2021, with an estimated 286.0 billion vehicle miles traveled. The cumulative travel for 2022 changed by +1.5% (+39.3 billion vehicle miles), with an estimated 2,730.6 billion vehicle miles traveled.","In the long term, it is possible that the travel volume will continue to grow at a slow rate, with a possible increase of 1-2% in the next 4-18 months. However, this will depend on various factors such as economic conditions, fuel prices, and changes in travel behavior.;Based on the current trend, it is likely that the travel volume will continue to grow at a slow rate in the short term, with a possible increase of 0.2-0.5% in the next 1-3 months.",report,2022-10-01,2022-10-31,0.0,31
258728,2022-11-01,2022-11-01,2022-11-01,2022-11-30,"The total travel on all roads and streets in the US for November 2022 changed by -1.3% (-3.5 billion vehicle miles) compared to November 2021, with an estimated 264.2 billion vehicle miles traveled. The cumulative travel for 2022 changed by +1.2% (+35.8 billion vehicle miles), with an estimated 2,994.8 billion vehicle miles of travel.","In the long term (next 4-18 months), it is possible that the travel volume will continue to grow, driven by factors such as economic growth, population growth, and infrastructure development. However, this growth may be influenced by factors such as changes in travel behavior, fuel prices, and government policies.;Based on the current trend, it is likely that the travel volume will continue to experience a slight decline or remain stable in the short term (next 1-3 months). However, this could be influenced by factors such as holiday travel, weather conditions, and fuel prices.",report,2022-11-01,2022-11-30,0.0,31
258030,2022-12-01,2022-12-01,2022-12-01,2022-12-31,"The total vehicle miles traveled (VMT) in December 2022 decreased by 1.8% (-4.6 billion vehicle miles) compared to December 2021, with an estimated 256.4 billion vehicle miles traveled. The cumulative VMT for 2022 increased by 0.9% (+29.3 billion vehicle miles) compared to 2021, with an estimated 3,169.4 billion vehicle miles traveled.","In the long term, it is expected that VMT will continue to grow, driven by population growth, economic growth, and increased mobility. However, the rate of growth may be influenced by factors such as fuel prices, transportation infrastructure development, and shifts in travel behavior.;Based on the current trend, it is likely that VMT will continue to decrease or remain steady in the next 1-3 months, potentially due to seasonal changes and economic uncertainty.",report,2022-12-01,2022-12-31,0.0,31
249207,2023-01-01,2023-01-01,2023-01-01,2023-01-31,"The total vehicle miles traveled in January 2023 increased by 5.6% (+13.2 billion vehicle miles) compared to January 2022, with an estimated 247.3 billion vehicle miles traveled. The seasonally adjusted vehicle miles traveled for January 2023 is 272.5 billion miles, a 4.5% change over January 2022.","In the long term (next 4-18 months), the growth in vehicle miles traveled may slow down or stabilize as infrastructure development and traffic management strategies are implemented to address congestion and environmental concerns. Additionally, changes in travel behavior and mode shifts towards alternative transportation modes could also impact the growth rate.;Based on the current trend, it is likely that the vehicle miles traveled will continue to increase in the short term (next 1-3 months), potentially driven by continued economic growth and improved weather conditions.",report,2023-01-01,2023-01-31,0.0,31
235447,2023-02-01,2023-02-01,2023-02-01,2023-02-28,"Monthly United States nationwide vehicle miles traveled (VMT) increased by 1.9% (+4.5 billion vehicle miles) in February 2023 compared to February 2022, with an estimated 233.7 billion vehicle miles traveled. The seasonally adjusted VMT is 270.5 billion miles, a 1.50% change over February 2022.","In the long-term future (next 4-18 months), VMT may continue to grow, but at a slower rate, as the economy and travel behavior stabilize. Additionally, there may be changes in travel patterns due to external factors such as fuel prices, transportation infrastructure developments, and shifts in urban planning.;Based on the current trend, it is likely that VMT will continue to increase in the short-term future (next 1-3 months), potentially driven by the ongoing economic growth and seasonal changes in travel patterns.",report,2023-02-01,2023-02-28,0.0,31
273712,2023-03-01,2023-03-01,2023-03-01,2023-03-31,"The total vehicle miles traveled in March 2023 was 271.2 billion, a 0.6% increase (+1.7 billion vehicle miles) compared to March 2022. The seasonally adjusted vehicle miles traveled for March 2023 was 266.8 billion miles, a 0.3% change (+0.9 billion vehicle miles) over March 2022.","In the long term (next 4-18 months), vehicle miles traveled may continue to grow, but at a slower rate, as the market reaches saturation and factors such as increased fuel efficiency, alternative modes of transportation, and changing travel patterns come into play.;Based on the current trend, it is likely that vehicle miles traveled will continue to increase in the short term (next 1-3 months), potentially driven by the ongoing economic growth and seasonal factors.",report,2023-03-01,2023-03-31,0.0,31
258225,2023-04-01,2023-04-01,2023-04-01,2023-04-30,"In April 2023, U.S. airlines carried 77.5 million system-wide scheduled service passengers, a 7.8% increase from the same month in 2022.","In the next few months, cruise tourism is expected to continue its strong recovery, with passenger volumes reaching 106% of 2019 levels. Here is the summarized information:;In the next 1-4 weeks, air travel volumes are likely to remain high, with the TSA expecting a busy summer travel season.",search,2023-04-24,2023-04-30,0.0,31
289639,2023-05-01,2023-05-01,2023-05-01,2023-05-31,"The estimated travel on all roads and streets in the US for May 2023 changed by +2.5% (+7.1 billion vehicle miles) compared to May 2022, resulting in an estimated 287.3 billion vehicle miles. The seasonally adjusted vehicle miles traveled for May 2023 is 269.3 billion miles, a 2.30% change over May 2022.","In the long-term future (next 4-18 months), it is possible that the growth in vehicle miles traveled will continue, driven by factors such as population growth, urbanization, and changes in transportation modes. However, this growth may be influenced by factors such as fuel prices, economic conditions, and government policies.;Based on the current trend, it is likely that the short-term future (next 1-3 months) will continue to see an increase in vehicle miles traveled, potentially driven by summer travel and vacation season.",report,2023-05-01,2023-05-31,0.0,31
285604,2023-06-01,2023-06-01,2023-06-01,2023-06-30,"The total vehicle miles traveled (VMT) for June 2023 is estimated to be 283.0 billion vehicle miles, a 3.1% increase (+8.4 billion vehicle miles) compared to June 2022.","In the long term, VMT is likely to continue growing, driven by population growth, urbanization, and economic development. However, there may be fluctuations due to changes in travel behavior, fuel prices, or government policies.;Based on the current trend, it is likely that VMT will continue to increase in the short term, with a possible slowdown during the summer months due to seasonal factors.",report,2023-06-01,2023-06-30,0.0,31
289796,2023-07-01,2023-07-01,2023-07-01,2023-07-31,"The total travel on all roads and streets in the US for July 2023 changed by +2.9% (+8.0 billion vehicle miles) compared to July 2022, with an estimated 287.3 billion vehicle miles traveled. The seasonally adjusted vehicle miles traveled for July 2023 is 270.1 billion miles, a 3.60% change over July 2022.","In the long-term future (next 4-18 months), the growth in travel volume may slow down or stabilize as the transportation sector reaches a new equilibrium. Factors such as changes in fuel prices, transportation policies, and technological advancements may influence the long-term trend.;Based on the current trend, it is likely that the short-term future (next 1-3 months) will see a continued moderate growth in travel volume, potentially driven by the ongoing recovery in the transportation sector.",report,2023-07-01,2023-07-31,0.0,31
290916,2023-08-01,2023-08-01,2023-08-01,2023-08-31,"The total travel on all roads and streets in the US for August 2023 changed by +2.4% (+6.8 billion vehicle miles) compared to August 2022, with an estimated 288.4 billion vehicle miles traveled. The seasonally adjusted vehicle miles traveled for August 2023 is 271.2 billion miles, a 2.40% change over August 2022.","In the long term, the growth in vehicle miles traveled may slow down as alternative modes of transportation, such as public transit and ride-sharing, become more popular. Additionally, increasing concerns about climate change and air pollution may lead to policies that encourage more sustainable transportation options, which could impact the growth of vehicle miles traveled.;Based on the current trend, it is likely that vehicle miles traveled will continue to increase in the short term, potentially by 2-3% in the next 1-3 months.",report,2023-08-01,2023-08-31,0.0,31
278035,2023-09-01,2023-09-01,2023-09-01,2023-09-30,"The total vehicle miles traveled in September 2023 is 275.6 billion, a 0.9% increase compared to September 2022, with a seasonal adjustment of 1.3% (3.5 billion vehicle miles) change over September 2022.","In the long term, the growth rate of vehicle miles traveled is expected to continue, potentially reaching a 3-5% increase in the next 4-18 months, driven by factors such as economic growth and increased mobility.;Based on the current trend, it is likely that the vehicle miles traveled will continue to increase in the short term, potentially by 1-2% in the next 1-3 months.",report,2023-09-01,2023-09-30,0.0,31
284049,2023-10-01,2023-10-01,2023-10-01,2023-10-31,"The total travel on all roads and streets in the US changed by +1.3% (+3.5 billion vehicle miles) in October 2023 compared to October 2022, with an estimated 281.6 billion vehicle miles traveled. The seasonally adjusted vehicle miles traveled for October 2023 is 269.5 billion miles, a +0.8% change over October 2022.","In the long-term, vehicle miles traveled may continue to grow at a moderate pace, potentially reaching 2,800-3,000 billion vehicle miles by the end of 2024, driven by economic growth and increasing mobility.;Based on the current trend, it is likely that vehicle miles traveled will continue to increase in the next 1-3 months, potentially by 0.5-1.5%.",report,2023-10-01,2023-10-31,0.0,31
265139,2023-11-01,2023-11-01,2023-11-01,2023-11-30,"The estimated travel for November 2023 is 263.6 billion vehicle miles, a 2.5% increase (+6.5 billion vehicle miles) compared to November 2022. The seasonally adjusted vehicle miles traveled for November 2023 is 271.0 billion miles, a 2.4% increase (+6.3 billion vehicle miles) compared to November 2022.","In the long-term future, the growth rate of vehicle miles traveled may slow down due to factors such as increased fuel efficiency, changes in transportation modes, and potential economic downturns. However, it is still likely that vehicle miles traveled will continue to grow, with a possible growth rate of 1-2% in the next 4-18 months.;Based on the current trend, it is likely that vehicle miles traveled will continue to increase in the short-term future, with a possible growth rate of 2-3% in the next 1-3 months.",report,2023-11-01,2023-11-30,0.0,31
263587,2023-12-01,2023-12-01,2023-12-01,2023-12-31,"MTA Bridges and Tunnels is on track to record its highest traffic volume in 87 years of operation, making it the busiest bridge and tunnel agency in the United States.","In the long-term, there may be an increased focus on infrastructure development and investment to accommodate growing transportation demands, potentially leading to improved travel experiences and reduced congestion. Here is the summarized information:;In the short-term, it is likely that traffic congestion and flight delays will continue, especially during peak travel periods.",search,2023-12-25,2023-12-31,0.0,31
247061,2024-01-01,2024-01-01,2024-01-01,2024-01-31,"Travel on all roads and streets in the US changed by -0.8% (-2.1 billion vehicle miles) in January 2024 compared to January 2023, with an estimated 247.1 billion vehicle miles traveled. The seasonally adjusted vehicle miles traveled for January 2024 is 272.4 billion miles, a -1.2% change over January 2023.","In the long term (next 4-18 months), it is possible that the vehicle miles traveled will rebound or stabilize as the economy and consumer behavior adjust to changing circumstances.;Based on the current trend, it is likely that the vehicle miles traveled will continue to decline or remain stable in the short term (next 1-3 months).",report,2024-01-01,2024-01-31,0.0,31
240257,2024-02-01,2024-02-01,2024-02-01,2024-02-29,"The estimated travel for February 2024 is 240.2 billion vehicle miles, a 2.0% (+4.8 billion vehicle miles) change compared to February 2023. The seasonally adjusted vehicle miles traveled for February 2024 is 274.8 billion miles, a 1.4% (+3.9 billion vehicle miles) change over February 2023.","In the long-term, the growth in vehicle miles traveled may slow down or plateau as the transportation sector continues to evolve with emerging trends such as electric vehicles, autonomous vehicles, and shared mobility. However, it is difficult to predict the exact trajectory without more data.;Based on the current trend, it is likely that vehicle miles traveled will continue to increase in the short-term, potentially reaching 245-250 billion vehicle miles in the next 1-3 months.",report,2024-02-01,2024-02-29,0.0,31
275496,2024-03-01,2024-03-01,2024-03-01,2024-03-31,The U.S. Department of Transportation has convened an interagency working group to develop timely supply chain and freight indicators.,"In the long-term, the development of more accurate traffic assignment models and the collection of granular traffic data can help improve transportation planning and management.;In the short-term, flight disruptions are likely to continue in central and south Florida due to high air traffic volume.",search,2024-03-25,2024-03-31,0.0,31
