date,value_1,value_2,value_3,value_4,value_5,value_6,value_7,value_8,value_9,value_10,OT
1997-09-29,1.10148,179.0,0.0,157.0,205.0,0.0,29.0,570.0,192.0,46842.0,1.21686
1997-10-06,1.20007,199.0,0.0,151.0,242.0,0.0,23.0,615.0,191.0,48023.0,1.28064
1997-10-13,1.37876,228.0,0.0,153.0,266.0,0.0,34.0,681.0,219.0,54961.0,1.23906
1997-10-20,1.1992,188.0,0.0,193.0,236.0,0.0,36.0,653.0,213.0,57044.0,1.14473
1997-10-27,1.65618,217.0,0.0,162.0,280.0,0.0,41.0,700.0,213.0,55506.0,1.26112
1997-11-03,1.41326,178.0,0.0,148.0,281.0,0.0,48.0,655.0,195.0,51062.0,1.28275
1997-11-10,1.9868,294.0,0.0,240.0,328.0,0.0,70.0,932.0,248.0,64463.0,1.44579
1997-11-17,2.44749,288.0,0.0,293.0,456.0,0.0,63.0,1100.0,256.0,66749.0,1.64796
1997-11-24,1.73901,268.0,0.0,206.0,343.0,0.0,69.0,886.0,252.0,52890.0,1.67517
1997-12-01,1.93919,299.0,0.0,282.0,415.0,0.0,102.0,1098.0,253.0,67887.0,1.61739
1997-12-08,2.28166,346.0,0.0,268.0,388.0,0.0,81.0,1083.0,242.0,61314.0,1.76632
1997-12-15,2.50761,348.0,0.0,235.0,362.0,0.0,59.0,1004.0,190.0,47719.0,2.10398
1997-12-22,4.11352,510.0,0.0,404.0,492.0,0.0,113.0,1519.0,251.0,48429.0,3.13655
1997-12-29,4.99885,609.0,0.0,671.5,693.0,0.0,207.0,2180.5,252.0,59780.5,3.6553750000000003
1998-01-05,4.19434,690.0,0.0,654.0,1121.0,0.0,148.0,2613.0,255.0,70828.0,3.68922
1998-01-12,5.42123,856.0,0.0,679.0,1440.0,0.0,151.0,3126.0,245.0,67898.0,4.60396
1998-01-19,5.66137,824.0,0.0,817.0,1600.0,0.0,196.0,3437.0,245.0,69999.0,4.91007
1998-01-26,5.97802,881.0,0.0,769.0,1471.0,0.0,233.0,3354.0,239.0,69486.0,4.82687
1998-02-02,4.7358,699.0,0.0,671.0,1101.0,0.0,146.0,2617.0,234.0,66322.0,3.9459
1998-02-09,3.44581,457.0,0.0,523.0,849.0,0.0,119.0,1948.0,223.0,62675.0,3.1081
1998-02-16,2.47799,313.0,0.0,330.0,534.0,0.0,112.0,1289.0,217.0,60247.0,2.13953
1998-02-23,1.65732,241.0,0.0,214.0,308.0,0.0,64.0,827.0,211.0,57449.0,1.43954
1998-03-02,1.96952,201.0,0.0,183.0,305.0,0.0,59.0,748.0,208.0,50582.0,1.47879
1998-03-09,1.58545,162.0,0.0,123.0,249.0,0.0,51.0,585.0,200.0,53889.0,1.08556
1998-03-16,1.80474,156.0,0.0,93.0,196.0,0.0,41.0,486.0,177.0,48699.0,0.997967
1998-03-23,1.04624,90.0,0.0,92.0,144.0,0.0,32.0,358.0,182.0,48105.0,0.744205
1998-03-30,1.4004,82.0,0.0,93.0,152.0,0.0,41.0,368.0,170.0,42959.0,0.856631
1998-04-06,0.79687,64.0,0.0,73.0,106.0,0.0,19.0,262.0,156.0,42140.0,0.621737
1998-04-13,0.717097,82.0,0.0,68.0,100.0,0.0,15.0,265.0,155.0,39496.0,0.670954
1998-04-20,1.00238,58.0,0.0,61.0,120.0,0.0,27.0,266.0,148.0,38324.0,0.694082
1998-04-27,0.908403,39.0,0.0,64.0,93.0,0.0,13.0,209.0,136.0,35821.0,0.583457
1998-05-04,0.443014,79.0,0.0,37.0,61.0,0.0,9.0,186.0,131.0,32200.0,0.57764
1998-05-11,0.638986,54.0,0.0,40.0,52.0,0.0,19.0,165.0,120.0,27263.0,0.605216
1998-05-18,0.0,0.0,0.0,0.0,0.0,0.0,0.0,0.0,0.0,0.0,0.0
1998-05-25,0.0,0.0,0.0,0.0,0.0,0.0,0.0,0.0,0.0,0.0,0.0
1998-06-01,0.0,0.0,0.0,0.0,0.0,0.0,0.0,0.0,0.0,0.0,0.0
1998-06-08,0.0,0.0,0.0,0.0,0.0,0.0,0.0,0.0,0.0,0.0,0.0
1998-06-15,0.0,0.0,0.0,0.0,0.0,0.0,0.0,0.0,0.0,0.0,0.0
1998-06-22,0.0,0.0,0.0,0.0,0.0,0.0,0.0,0.0,0.0,0.0,0.0
1998-06-29,0.0,0.0,0.0,0.0,0.0,0.0,0.0,0.0,0.0,0.0,0.0
1998-07-06,0.0,0.0,0.0,0.0,0.0,0.0,0.0,0.0,0.0,0.0,0.0
1998-07-13,0.0,0.0,0.0,0.0,0.0,0.0,0.0,0.0,0.0,0.0,0.0
1998-07-20,0.0,0.0,0.0,0.0,0.0,0.0,0.0,0.0,0.0,0.0,0.0
1998-07-27,0.0,0.0,0.0,0.0,0.0,0.0,0.0,0.0,0.0,0.0,0.0
1998-08-03,0.0,0.0,0.0,0.0,0.0,0.0,0.0,0.0,0.0,0.0,0.0
1998-08-10,0.0,0.0,0.0,0.0,0.0,0.0,0.0,0.0,0.0,0.0,0.0
1998-08-17,0.0,0.0,0.0,0.0,0.0,0.0,0.0,0.0,0.0,0.0,0.0
1998-08-24,0.0,0.0,0.0,0.0,0.0,0.0,0.0,0.0,0.0,0.0,0.0
1998-08-31,0.0,0.0,0.0,0.0,0.0,0.0,0.0,0.0,0.0,0.0,0.0
1998-09-07,0.0,0.0,0.0,0.0,0.0,0.0,0.0,0.0,0.0,0.0,0.0
1998-09-14,0.0,0.0,0.0,0.0,0.0,0.0,0.0,0.0,0.0,0.0,0.0
1998-09-21,0.0,0.0,0.0,0.0,0.0,0.0,0.0,0.0,0.0,0.0,0.0
1998-09-28,1.57733,115.0,0.0,139.0,210.0,0.0,26.0,490.0,304.0,70272.0,0.697291
1998-10-05,1.3088,133.0,0.0,174.0,262.0,0.0,36.0,605.0,328.0,77092.0,0.784777
1998-10-12,1.41744,217.0,0.0,225.0,287.0,0.0,54.0,783.0,350.0,86720.0,0.902906
1998-10-19,1.18272,278.0,0.0,226.0,530.0,0.0,52.0,1086.0,377.0,95437.0,1.13792
1998-10-26,2.33432,298.0,0.0,262.0,414.0,0.0,60.0,1034.0,388.0,101821.0,1.01551
1998-11-02,1.81577,258.0,0.0,292.0,402.0,0.0,70.0,1022.0,400.0,102108.0,1.0009
1998-11-09,2.17975,355.0,0.0,281.0,478.0,0.0,64.0,1178.0,372.0,103429.0,1.13895
1998-11-16,2.1124,291.0,0.0,322.0,512.0,0.0,83.0,1208.0,403.0,83346.0,1.44938
1998-11-23,2.04854,319.0,0.0,310.0,453.0,0.0,94.0,1176.0,392.0,103241.0,1.13908
1998-11-30,1.93248,353.0,0.0,303.0,461.0,0.0,85.0,1202.0,399.0,103600.0,1.16023
1998-12-07,1.90468,312.0,0.0,320.0,426.0,0.0,83.0,1141.0,396.0,97416.0,1.17127
1998-12-14,2.55983,335.0,0.0,296.0,359.0,0.0,74.0,1064.0,384.0,71380.0,1.49061
1998-12-21,3.99108,418.0,0.0,466.0,377.0,0.0,162.0,1423.0,382.0,77216.0,1.84288
1998-12-28,3.08581,439.0,0.0,659.0,548.0,0.0,134.0,1780.0,396.0,97593.0,1.8239
1999-01-04,4.16383,431.0,0.0,962.0,874.0,0.0,140.0,2407.0,396.0,94632.0,2.54354
1999-01-11,5.58049,801.0,0.0,1168.0,1689.0,0.0,206.0,3864.0,399.0,106864.0,3.61581
1999-01-18,5.25328,755.0,0.0,1419.0,2185.0,0.0,186.0,4545.0,397.0,111421.0,4.07912
1999-01-25,6.74667,970.0,0.0,1562.0,2919.0,0.0,219.0,5670.0,397.0,111667.0,5.0776
1999-02-01,7.57188,1029.0,0.0,1591.0,2911.0,0.0,237.0,5768.0,379.0,114244.0,5.04884
1999-02-08,6.87287,822.0,0.0,1599.0,2275.0,0.0,224.0,4920.0,376.0,104830.0,4.69331
1999-02-15,6.35098,800.0,0.0,1520.0,1932.0,0.0,234.0,4486.0,352.0,105946.0,4.23423
1999-02-22,5.41099,769.0,0.0,1357.0,1543.0,0.0,241.0,3910.0,359.0,97176.0,4.02363
1999-03-01,4.55008,539.0,0.0,1041.0,1140.0,0.0,202.0,2922.0,351.0,97612.0,2.99348
1999-03-08,3.85915,458.0,0.0,704.0,778.0,0.0,130.0,2070.0,339.0,87063.0,2.37759
1999-03-15,2.99601,378.0,0.0,548.0,641.0,0.0,129.0,1696.0,321.0,84079.0,2.01715
1999-03-22,1.97814,243.0,0.0,382.0,397.0,0.0,69.0,1091.0,313.0,79237.0,1.37688
1999-03-29,1.16887,127.0,0.0,202.0,265.0,0.0,38.0,632.0,277.0,71588.0,0.88283
1999-04-05,1.09302,102.0,0.0,102.0,175.0,0.0,17.0,396.0,268.0,64515.0,0.613811
1999-04-12,0.633169,59.0,0.0,66.0,133.0,0.0,13.0,271.0,258.0,64253.0,0.42177
1999-04-19,0.639561,111.0,0.0,118.0,150.0,0.0,20.0,399.0,255.0,64824.0,0.615513
1999-04-26,1.55531,35.0,0.0,50.0,84.0,0.0,11.0,180.0,237.0,59546.0,0.302287
1999-05-03,0.80802,102.0,0.0,88.0,86.0,0.0,16.0,292.0,227.0,55872.0,0.522623
1999-05-10,1.33997,100.0,0.0,68.0,100.0,0.0,15.0,283.0,222.0,53444.0,0.529526
1999-05-17,0.0,0.0,0.0,0.0,0.0,0.0,0.0,0.0,0.0,0.0,0.0
1999-05-24,0.0,0.0,0.0,0.0,0.0,0.0,0.0,0.0,0.0,0.0,0.0
1999-05-31,0.0,0.0,0.0,0.0,0.0,0.0,0.0,0.0,0.0,0.0,0.0
1999-06-07,0.0,0.0,0.0,0.0,0.0,0.0,0.0,0.0,0.0,0.0,0.0
1999-06-14,0.0,0.0,0.0,0.0,0.0,0.0,0.0,0.0,0.0,0.0,0.0
1999-06-21,0.0,0.0,0.0,0.0,0.0,0.0,0.0,0.0,0.0,0.0,0.0
1999-06-28,0.0,0.0,0.0,0.0,0.0,0.0,0.0,0.0,0.0,0.0,0.0
1999-07-05,0.0,0.0,0.0,0.0,0.0,0.0,0.0,0.0,0.0,0.0,0.0
1999-07-12,0.0,0.0,0.0,0.0,0.0,0.0,0.0,0.0,0.0,0.0,0.0
1999-07-19,0.0,0.0,0.0,0.0,0.0,0.0,0.0,0.0,0.0,0.0,0.0
1999-07-26,0.0,0.0,0.0,0.0,0.0,0.0,0.0,0.0,0.0,0.0,0.0
1999-08-02,0.0,0.0,0.0,0.0,0.0,0.0,0.0,0.0,0.0,0.0,0.0
1999-08-09,0.0,0.0,0.0,0.0,0.0,0.0,0.0,0.0,0.0,0.0,0.0
1999-08-16,0.0,0.0,0.0,0.0,0.0,0.0,0.0,0.0,0.0,0.0,0.0
1999-08-23,0.0,0.0,0.0,0.0,0.0,0.0,0.0,0.0,0.0,0.0,0.0
1999-08-30,0.0,0.0,0.0,0.0,0.0,0.0,0.0,0.0,0.0,0.0,0.0
1999-09-06,0.0,0.0,0.0,0.0,0.0,0.0,0.0,0.0,0.0,0.0,0.0
1999-09-13,0.0,0.0,0.0,0.0,0.0,0.0,0.0,0.0,0.0,0.0,0.0
1999-09-20,0.0,0.0,0.0,0.0,0.0,0.0,0.0,0.0,0.0,0.0,0.0
1999-09-27,0.831219,264.0,0.0,228.0,273.0,0.0,26.0,791.0,316.0,80941.0,0.977255
1999-10-04,1.40445,292.0,0.0,297.0,351.0,0.0,57.0,997.0,361.0,93434.0,1.06706
1999-10-11,1.31721,346.0,0.0,293.0,371.0,0.0,57.0,1067.0,386.0,113187.0,0.942688
1999-10-18,1.38161,371.0,0.0,289.0,367.0,0.0,62.0,1089.0,355.0,107163.0,1.01621
1999-10-25,1.41607,438.0,0.0,434.0,607.0,0.0,91.0,1570.0,449.0,131448.0,1.19439
1999-11-01,1.48438,473.0,0.0,461.0,535.0,0.0,101.0,1570.0,456.0,126461.0,1.24149
1999-11-08,1.52614,443.0,0.0,544.0,622.0,0.0,92.0,1701.0,459.0,132304.0,1.28568
1999-11-15,1.85336,483.0,0.0,714.0,504.0,0.0,132.0,1833.0,455.0,108377.0,1.69132
1999-11-22,2.32907,518.0,0.0,994.0,835.0,0.0,137.0,2484.0,469.0,142980.0,1.73731
1999-11-29,2.70254,643.0,0.0,1316.0,1124.0,0.0,181.0,3264.0,480.0,139657.0,2.33715
1999-12-06,3.50454,828.0,0.0,1676.0,1405.0,0.0,299.0,4208.0,475.0,143607.0,2.93022
1999-12-13,5.40799,1130.0,0.0,2189.0,1399.0,0.0,450.0,5168.0,472.0,116927.0,4.41985
1999-12-20,7.04228,1339.0,0.0,3146.0,1697.0,0.0,664.0,6846.0,471.0,121233.0,5.64698
1999-12-27,6.76846,1314.0,0.0,3250.0,2043.0,0.0,665.0,7272.0,482.0,141197.0,5.15025
2000-01-03,5.52808,1011.0,0.0,2251.0,1746.0,0.0,462.0,5470.0,467.0,140143.0,3.90316
2000-01-10,3.80508,851.0,0.0,1357.0,1334.0,0.0,315.0,3857.0,450.0,132462.0,2.91178
2000-01-17,3.41177,722.0,0.0,962.0,1048.0,0.0,169.0,2901.0,433.0,134511.0,2.1567
2000-01-24,2.4,633.0,0.0,786.0,914.0,0.0,145.0,2478.0,441.0,136683.0,1.81295
2000-01-31,1.8912,599.0,0.0,646.0,862.0,0.0,116.0,2223.0,437.0,137511.0,1.6166
2000-02-07,1.35503,539.0,0.0,447.0,610.0,0.0,72.0,1668.0,413.0,131648.0,1.26702
2000-02-14,1.33212,452.0,0.0,328.0,481.0,0.0,64.0,1325.0,382.0,116119.0,1.14107
2000-02-21,1.49127,499.0,0.0,360.0,477.0,0.0,49.0,1385.0,370.0,112138.0,1.23509
2000-02-28,1.26826,381.0,0.0,256.0,394.0,0.0,57.0,1088.0,363.0,106737.0,1.01933
2000-03-06,1.05854,342.0,0.0,206.0,342.0,0.0,44.0,934.0,338.0,100814.0,0.926459
2000-03-13,0.92201,305.0,0.0,229.0,346.0,0.0,37.0,917.0,326.0,100658.0,0.911006
2000-03-20,0.892334,282.0,0.0,206.0,320.0,0.0,29.0,837.0,320.0,101612.0,0.823722
2000-03-27,0.929201,186.0,0.0,171.0,286.0,0.0,23.0,666.0,295.0,91806.0,0.725443
2000-04-03,0.655592,178.0,0.0,127.0,196.0,0.0,21.0,522.0,289.0,90035.0,0.579775
2000-04-10,0.607002,107.0,0.0,96.0,120.0,0.0,24.0,347.0,280.0,76910.0,0.451177
2000-04-17,0.600003,112.0,0.0,80.0,141.0,0.0,14.0,347.0,274.0,79100.0,0.438685
2000-04-24,0.547247,93.0,0.0,77.0,147.0,0.0,7.0,324.0,257.0,73550.0,0.440517
2000-05-01,0.476417,67.0,0.0,77.0,85.0,0.0,10.0,239.0,248.0,67962.0,0.351667
2000-05-08,0.445917,79.0,0.0,64.0,65.0,0.0,11.0,219.0,233.0,59761.0,0.36646
2000-05-15,0.0,0.0,0.0,0.0,0.0,0.0,0.0,0.0,0.0,0.0,0.0
2000-05-22,0.0,0.0,0.0,0.0,0.0,0.0,0.0,0.0,0.0,0.0,0.0
2000-05-29,0.0,0.0,0.0,0.0,0.0,0.0,0.0,0.0,0.0,0.0,0.0
2000-06-05,0.0,0.0,0.0,0.0,0.0,0.0,0.0,0.0,0.0,0.0,0.0
2000-06-12,0.0,0.0,0.0,0.0,0.0,0.0,0.0,0.0,0.0,0.0,0.0
2000-06-19,0.0,0.0,0.0,0.0,0.0,0.0,0.0,0.0,0.0,0.0,0.0
2000-06-26,0.0,0.0,0.0,0.0,0.0,0.0,0.0,0.0,0.0,0.0,0.0
2000-07-03,0.0,0.0,0.0,0.0,0.0,0.0,0.0,0.0,0.0,0.0,0.0
2000-07-10,0.0,0.0,0.0,0.0,0.0,0.0,0.0,0.0,0.0,0.0,0.0
2000-07-17,0.0,0.0,0.0,0.0,0.0,0.0,0.0,0.0,0.0,0.0,0.0
2000-07-24,0.0,0.0,0.0,0.0,0.0,0.0,0.0,0.0,0.0,0.0,0.0
2000-07-31,0.0,0.0,0.0,0.0,0.0,0.0,0.0,0.0,0.0,0.0,0.0
2000-08-07,0.0,0.0,0.0,0.0,0.0,0.0,0.0,0.0,0.0,0.0,0.0
2000-08-14,0.0,0.0,0.0,0.0,0.0,0.0,0.0,0.0,0.0,0.0,0.0
2000-08-21,0.0,0.0,0.0,0.0,0.0,0.0,0.0,0.0,0.0,0.0,0.0
2000-08-28,0.0,0.0,0.0,0.0,0.0,0.0,0.0,0.0,0.0,0.0,0.0
2000-09-04,0.0,0.0,0.0,0.0,0.0,0.0,0.0,0.0,0.0,0.0,0.0
2000-09-11,0.0,0.0,0.0,0.0,0.0,0.0,0.0,0.0,0.0,0.0,0.0
2000-09-18,0.0,0.0,0.0,0.0,0.0,0.0,0.0,0.0,0.0,0.0,0.0
2000-09-25,1.04113,206.0,0.0,322.0,443.0,0.0,70.0,1041.0,337.0,84727.0,1.22865
2000-10-02,1.2871,270.0,0.0,389.0,489.0,0.0,86.0,1234.0,451.0,116917.0,1.05545
2000-10-09,1.28299,390.0,0.0,458.0,617.0,0.0,96.0,1561.0,487.0,134587.0,1.15984
2000-10-16,1.34081,411.0,0.0,564.0,683.0,0.0,123.0,1781.0,507.0,145165.0,1.22688
2000-10-23,1.0555,465.0,0.0,564.0,703.0,0.0,138.0,1870.0,526.0,150676.0,1.24107
2000-10-30,1.14136,564.0,0.0,635.0,849.0,0.0,181.0,2229.0,545.0,155700.0,1.4316
2000-11-06,1.44111,572.0,0.0,736.0,979.0,0.0,162.0,2449.0,571.0,163893.0,1.49427
2000-11-13,1.95735,704.0,0.0,646.0,913.0,0.0,154.0,2417.0,569.0,131168.0,1.84268
2000-11-20,1.61928,673.0,0.0,900.0,1085.0,0.0,196.0,2854.0,581.0,178641.0,1.59762
2000-11-27,1.7844,710.0,0.0,916.0,1232.0,0.0,239.0,3097.0,595.0,178529.0,1.73473
2000-12-04,2.34423,677.0,0.0,1077.0,1455.0,0.0,185.0,3394.0,600.0,165935.0,2.04538
2000-12-11,2.69528,767.0,0.0,1052.0,1337.0,0.0,205.0,3361.0,585.0,139431.0,2.41051
2000-12-18,3.8618,1059.0,0.0,1496.0,1335.0,0.0,262.0,4152.0,587.0,122719.0,3.38334
2001-01-01,3.505,1049.0,0.0,1855.0,1571.0,0.0,321.0,4796.0,591.0,148538.0,3.2288
2001-01-08,3.43804,1081.0,0.0,1722.0,2423.0,0.0,318.0,5544.0,611.0,177720.0,3.11951
2001-01-15,4.3928,1395.0,0.0,1806.0,3223.0,0.0,293.0,6717.0,617.0,176566.0,3.80424
2001-01-22,4.21339,1542.0,0.0,1991.0,4057.0,0.0,318.0,7908.0,626.0,188879.0,4.18681
2001-01-29,4.35364,1329.0,0.0,1958.0,3705.0,0.0,295.0,7287.0,578.0,182792.0,3.9865
2001-02-05,3.69969,1370.0,0.0,1731.0,3017.0,0.0,358.0,6476.0,566.0,179586.0,3.60607
2001-02-12,2.81921,1059.0,0.0,1393.0,2126.0,0.0,254.0,4832.0,566.0,171948.0,2.81015
2001-02-19,2.55294,834.0,0.0,1278.0,1566.0,0.0,245.0,3923.0,540.0,162402.0,2.41561
2001-02-26,1.90167,683.0,0.0,752.0,1008.0,0.0,163.0,2606.0,511.0,150399.0,1.73272
2001-03-05,1.68033,622.0,0.0,854.0,934.0,0.0,152.0,2562.0,510.0,155916.0,1.64319
2001-03-12,1.6254,524.0,0.0,522.0,762.0,0.0,135.0,1943.0,472.0,143075.0,1.35803
2001-03-19,1.45957,485.0,0.0,507.0,751.0,0.0,136.0,1879.0,460.0,135154.0,1.39027
2001-03-26,1.32376,465.0,0.0,419.0,575.0,0.0,131.0,1590.0,442.0,129934.0,1.2237
2001-04-02,0.920073,288.0,0.0,421.0,421.0,0.0,126.0,1256.0,371.0,112235.0,1.11908
2001-04-09,0.779257,219.0,0.0,305.0,344.0,0.0,82.0,950.0,349.0,101175.0,0.938967
2001-04-16,0.991303,234.0,0.0,344.0,331.0,0.0,88.0,997.0,342.0,105580.0,0.944308
2001-04-23,0.82693,198.0,0.0,253.0,274.0,0.0,46.0,771.0,334.0,103824.0,0.742603
2001-04-30,0.588952,173.0,0.0,225.0,265.0,0.0,71.0,734.0,322.0,99802.0,0.735456
2001-05-07,0.605586,165.0,0.0,196.0,250.0,0.0,60.0,671.0,293.0,92532.0,0.725155
2001-05-14,0.49434,94.0,0.0,159.0,179.0,0.0,38.0,470.0,262.0,70113.0,0.670346
2001-05-21,0.0,0.0,0.0,0.0,0.0,0.0,0.0,0.0,0.0,0.0,0.0
2001-05-28,0.0,0.0,0.0,0.0,0.0,0.0,0.0,0.0,0.0,0.0,0.0
2001-06-04,0.0,0.0,0.0,0.0,0.0,0.0,0.0,0.0,0.0,0.0,0.0
2001-06-11,0.0,0.0,0.0,0.0,0.0,0.0,0.0,0.0,0.0,0.0,0.0
2001-06-18,0.0,0.0,0.0,0.0,0.0,0.0,0.0,0.0,0.0,0.0,0.0
2001-06-25,0.0,0.0,0.0,0.0,0.0,0.0,0.0,0.0,0.0,0.0,0.0
2001-07-02,0.0,0.0,0.0,0.0,0.0,0.0,0.0,0.0,0.0,0.0,0.0
2001-07-09,0.0,0.0,0.0,0.0,0.0,0.0,0.0,0.0,0.0,0.0,0.0
2001-07-16,0.0,0.0,0.0,0.0,0.0,0.0,0.0,0.0,0.0,0.0,0.0
2001-07-23,0.0,0.0,0.0,0.0,0.0,0.0,0.0,0.0,0.0,0.0,0.0
2001-07-30,0.0,0.0,0.0,0.0,0.0,0.0,0.0,0.0,0.0,0.0,0.0
2001-08-06,0.0,0.0,0.0,0.0,0.0,0.0,0.0,0.0,0.0,0.0,0.0
2001-08-13,0.0,0.0,0.0,0.0,0.0,0.0,0.0,0.0,0.0,0.0,0.0
2001-08-20,0.0,0.0,0.0,0.0,0.0,0.0,0.0,0.0,0.0,0.0,0.0
2001-08-27,0.0,0.0,0.0,0.0,0.0,0.0,0.0,0.0,0.0,0.0,0.0
2001-09-03,0.0,0.0,0.0,0.0,0.0,0.0,0.0,0.0,0.0,0.0,0.0
2001-09-10,0.0,0.0,0.0,0.0,0.0,0.0,0.0,0.0,0.0,0.0,0.0
2001-09-17,0.0,0.0,0.0,0.0,0.0,0.0,0.0,0.0,0.0,0.0,0.0
2001-09-24,0.0,0.0,0.0,0.0,0.0,0.0,0.0,0.0,0.0,0.0,0.0
2001-10-01,1.41046,429.0,0.0,372.0,485.0,0.0,82.0,1368.0,607.0,137156.0,0.997404
2001-10-08,1.77019,479.0,0.0,526.0,628.0,0.0,114.0,1747.0,646.0,159264.0,1.09692
2001-10-15,1.61904,562.0,0.0,560.0,697.0,0.0,113.0,1932.0,690.0,165425.0,1.1679
2001-10-22,1.77065,567.0,0.0,643.0,876.0,0.0,118.0,2204.0,710.0,174566.0,1.26256
2001-10-29,1.93891,655.0,0.0,665.0,883.0,0.0,168.0,2371.0,746.0,182365.0,1.30014
2001-11-05,1.63439,626.0,0.0,687.0,865.0,0.0,149.0,2327.0,758.0,190992.0,1.21838
2001-11-12,1.90363,693.0,0.0,811.0,862.0,0.0,142.0,2508.0,770.0,187174.0,1.33993
2001-11-19,1.80556,602.0,0.0,698.0,643.0,0.0,147.0,2090.0,764.0,141523.0,1.47679
2001-11-26,1.75506,638.0,0.0,877.0,866.0,0.0,185.0,2566.0,728.0,181932.0,1.41042
2001-12-03,1.53023,602.0,0.0,676.0,848.0,0.0,149.0,2275.0,762.0,180095.0,1.26322
2001-12-10,1.46161,666.0,0.0,570.0,780.0,0.0,153.0,2169.0,756.0,170971.0,1.26864
2001-12-17,1.96048,707.0,0.0,684.0,725.0,0.0,162.0,2278.0,696.0,148450.0,1.53452
2001-12-24,2.20435,719.0,0.0,718.0,656.0,0.0,172.0,2265.0,691.0,106451.0,2.12774
2001-12-31,2.1348,785.0,0.0,808.0,752.0,0.0,223.0,2568.0,728.0,132274.0,1.94142
2002-01-07,1.89441,837.0,0.0,869.0,969.0,0.0,200.0,2875.0,742.0,171747.0,1.67397
2002-01-14,2.83109,1067.0,0.0,948.0,1533.0,0.0,195.0,3743.0,749.0,180969.0,2.06831
2002-01-21,3.30481,1460.0,0.0,1156.0,2004.0,0.0,177.0,4797.0,728.0,166968.0,2.87301
2002-01-28,3.61063,1556.0,0.0,1415.0,2351.0,0.0,235.0,5557.0,729.0,188431.0,2.94909
2002-02-04,3.42799,1542.0,0.0,1478.0,2330.0,0.0,274.0,5624.0,728.0,192039.0,2.92857
2002-02-11,3.76715,1557.0,0.0,1573.0,2436.0,0.0,358.0,5924.0,712.0,187242.0,3.16382
2002-02-18,3.60018,1509.0,0.0,1544.0,2359.0,0.0,348.0,5760.0,708.0,184544.0,3.12121
2002-02-25,3.20024,1208.0,0.0,1529.0,1997.0,0.0,370.0,5104.0,707.0,186608.0,2.73515
2002-03-04,2.92633,848.0,0.0,1007.0,1558.0,0.0,218.0,3631.0,674.0,168647.0,2.15302
2002-03-11,2.85857,731.0,0.0,832.0,1252.0,0.0,162.0,2977.0,652.0,154942.0,1.92136
2002-03-18,2.34745,567.0,0.0,607.0,1092.0,0.0,151.0,2417.0,617.0,148527.0,1.62731
2002-03-25,2.23498,547.0,0.0,488.0,913.0,0.0,131.0,2079.0,582.0,142223.0,1.46179
2002-04-01,1.99355,397.0,0.0,449.0,692.0,0.0,117.0,1655.0,575.0,138645.0,1.1937
2002-04-08,1.37168,327.0,0.0,292.0,467.0,0.0,83.0,1169.0,551.0,130554.0,0.895415
2002-04-15,1.27033,247.0,0.0,262.0,442.0,0.0,67.0,1018.0,523.0,124465.0,0.817901
2002-04-22,0.999331,235.0,0.0,155.0,389.0,0.0,51.0,830.0,504.0,117581.0,0.705896
2002-04-29,1.172,209.0,0.0,147.0,269.0,0.0,47.0,672.0,475.0,109945.0,0.611215
2002-05-06,1.03472,169.0,0.0,156.0,302.0,0.0,46.0,673.0,458.0,106720.0,0.630622
2002-05-13,0.703599,159.0,0.0,142.0,236.0,0.0,39.0,576.0,449.0,100422.0,0.573579
2002-05-20,0.0,0.0,0.0,0.0,0.0,0.0,0.0,0.0,0.0,0.0,0.0
2002-05-27,0.0,0.0,0.0,0.0,0.0,0.0,0.0,0.0,0.0,0.0,0.0
2002-06-03,0.0,0.0,0.0,0.0,0.0,0.0,0.0,0.0,0.0,0.0,0.0
2002-06-10,0.0,0.0,0.0,0.0,0.0,0.0,0.0,0.0,0.0,0.0,0.0
2002-06-17,0.0,0.0,0.0,0.0,0.0,0.0,0.0,0.0,0.0,0.0,0.0
2002-06-24,0.0,0.0,0.0,0.0,0.0,0.0,0.0,0.0,0.0,0.0,0.0
2002-07-01,0.0,0.0,0.0,0.0,0.0,0.0,0.0,0.0,0.0,0.0,0.0
2002-07-08,0.0,0.0,0.0,0.0,0.0,0.0,0.0,0.0,0.0,0.0,0.0
2002-07-15,0.0,0.0,0.0,0.0,0.0,0.0,0.0,0.0,0.0,0.0,0.0
2002-07-22,0.0,0.0,0.0,0.0,0.0,0.0,0.0,0.0,0.0,0.0,0.0
2002-07-29,0.0,0.0,0.0,0.0,0.0,0.0,0.0,0.0,0.0,0.0,0.0
2002-08-05,0.0,0.0,0.0,0.0,0.0,0.0,0.0,0.0,0.0,0.0,0.0
2002-08-12,0.0,0.0,0.0,0.0,0.0,0.0,0.0,0.0,0.0,0.0,0.0
2002-08-19,0.0,0.0,0.0,0.0,0.0,0.0,0.0,0.0,0.0,0.0,0.0
2002-08-26,0.0,0.0,0.0,0.0,0.0,0.0,0.0,0.0,0.0,0.0,0.0
2002-09-02,0.0,0.0,0.0,0.0,0.0,0.0,0.0,0.0,0.0,0.0,0.0
2002-09-09,0.0,0.0,0.0,0.0,0.0,0.0,0.0,0.0,0.0,0.0,0.0
2002-09-16,0.0,0.0,0.0,0.0,0.0,0.0,0.0,0.0,0.0,0.0,0.0
2002-09-23,0.0,0.0,0.0,0.0,0.0,0.0,0.0,0.0,0.0,0.0,0.0
2002-09-30,1.22262,582.0,23.435616438356163,524.0,805.0,6.178082191780822,149.0,2060.0,754.0,176569.0,1.16668
2002-10-07,1.33344,683.0,46.87123287671233,585.0,872.0,12.356164383561644,127.0,2267.0,785.0,186355.0,1.2165
2002-10-14,1.31929,642.0,70.30684931506849,543.0,878.0,18.534246575342465,113.0,2176.0,831.0,192469.0,1.13057
2002-10-21,1.49484,728.0,93.74246575342465,672.0,1045.0,24.71232876712329,154.0,2599.0,863.0,207512.0,1.25246
2002-10-28,1.47195,823.0,117.17808219178082,741.0,1189.0,30.890410958904113,154.0,2907.0,909.0,223208.0,1.30237
2002-11-04,1.58094,887.0,140.61369863013698,886.0,1272.0,37.06849315068493,180.0,3225.0,930.0,229454.0,1.40551
2002-11-11,1.49426,851.0,164.04931506849314,898.0,1173.0,43.24657534246575,175.0,3097.0,923.0,223712.0,1.38437
2002-11-18,1.40569,802.0,187.4849315068493,817.0,1166.0,49.42465753424658,182.0,2967.0,922.0,223818.0,1.32563
2002-11-25,1.6141,834.0,210.92054794520547,711.0,978.0,55.6027397260274,186.0,2709.0,918.0,188814.0,1.43475
2002-12-02,1.45967,857.0,234.35616438356163,869.0,1117.0,61.780821917808225,206.0,3049.0,937.0,243078.0,1.25433
2002-12-09,1.59896,804.0,257.79178082191777,792.0,1179.0,67.95890410958904,182.0,2957.0,928.0,235136.0,1.25757
2002-12-16,2.16697,951.0,281.22739726027396,849.0,1404.0,74.13698630136986,212.0,3416.0,908.0,216179.0,1.58017
2002-12-23,2.57842,915.0,304.66301369863015,828.0,937.0,80.31506849315069,177.0,2857.0,865.0,144287.0,1.98008
2002-12-30,2.38636,1028.0,328.0986301369863,962.0,1019.0,86.4931506849315,251.0,3260.0,879.0,171193.0,1.90428
2003-01-06,1.73621,1068.0,351.5342465753424,1091.0,1296.0,92.67123287671234,274.0,3729.0,926.0,234513.0,1.5901
2003-01-13,2.06296,1154.0,374.9698630136986,1011.0,1798.0,98.84931506849315,241.0,4204.0,902.0,231550.0,1.81559
2003-01-20,2.58113,1373.0,398.4054794520548,1104.0,2998.0,105.02739726027397,221.0,5696.0,927.0,235566.0,2.41801
2003-01-27,2.93909,1411.0,421.84109589041094,1322.0,4064.0,111.2054794520548,282.0,7079.0,884.0,246969.0,2.86635
2003-02-03,3.22539,1606.0,445.2767123287671,1421.0,4447.0,117.38356164383562,308.0,7782.0,889.0,245751.0,3.16662
2003-02-10,3.06982,1568.0,468.71232876712327,1566.0,4224.0,123.56164383561645,291.0,7649.0,903.0,253656.0,3.0155
2003-02-17,3.20044,1694.0,492.14794520547946,1537.0,3689.0,129.73972602739727,308.0,7228.0,871.0,241110.0,2.9978
2003-02-24,2.44888,1336.0,515.5835616438355,1400.0,2583.0,135.91780821917808,287.0,5606.0,857.0,241683.0,2.31957
2003-03-03,2.1344,1015.0,539.0191780821917,1085.0,2103.0,142.0958904109589,247.0,4450.0,839.0,228549.0,1.94707
2003-03-10,1.99866,880.0,562.4547945205479,987.0,1669.0,148.27397260273972,274.0,3810.0,835.0,220250.0,1.72985
2003-03-17,1.93849,737.0,585.8904109589041,773.0,1321.0,154.45205479452056,156.0,2987.0,795.0,196724.0,1.51837
2003-03-24,1.41293,624.0,609.3260273972603,640.0,1016.0,160.63013698630138,159.0,2439.0,775.0,198913.0,1.22616
2003-03-31,1.23472,506.0,632.7616438356164,541.0,846.0,166.8082191780822,135.0,2028.0,741.0,192349.0,1.05433
2003-04-07,1.20005,569.0,656.1972602739726,551.0,799.0,172.986301369863,163.0,2082.0,735.0,194383.0,1.07108
2003-04-14,0.910135,440.0,679.6328767123288,382.0,539.0,179.16438356164383,106.0,1467.0,669.0,177577.0,0.82612
2003-04-21,0.932265,429.0,703.0684931506848,394.0,508.0,185.34246575342468,114.0,1445.0,682.0,176111.0,0.820505
2003-04-28,0.692175,275.0,726.504109589041,272.0,444.0,191.5205479452055,84.0,1075.0,655.0,170406.0,0.630846
2003-05-05,0.669406,215.0,749.9397260273972,245.0,471.0,197.6986301369863,74.0,1005.0,613.0,157191.0,0.63935
2003-05-12,0.727705,248.0,773.3753424657534,235.0,283.0,203.87671232876713,70.0,836.0,547.0,142514.0,0.586609
2003-05-19,0.717701,264.0,796.8109589041096,169.0,262.0,210.05479452054794,45.0,740.0,406.0,95728.0,0.773024
2003-05-26,0.789394,213.0,820.2465753424657,179.0,205.0,216.2328767123288,44.0,641.0,393.0,81063.0,0.790743
2003-06-02,0.722129,201.0,843.6821917808219,133.0,195.0,222.4109589041096,34.0,563.0,344.0,79090.0,0.711847
2003-06-09,0.591326,198.0,867.1178082191781,180.0,187.0,228.58904109589042,55.0,620.0,341.0,78023.0,0.794637
2003-06-16,0.52307,139.0,890.5534246575342,127.0,123.0,234.76712328767124,34.0,423.0,322.0,72110.0,0.586604
2003-06-23,0.450236,122.0,913.9890410958903,163.0,124.0,240.94520547945206,32.0,441.0,322.0,71593.0,0.615982
2003-06-30,0.397421,109.0,937.4246575342465,94.0,91.0,247.1232876712329,24.0,318.0,310.0,64699.0,0.491507
2003-07-07,0.448002,137.0,960.8602739726027,120.0,141.0,253.30136986301372,43.0,441.0,308.0,72972.0,0.604341
2003-07-14,0.474767,98.0,984.2958904109589,116.0,98.0,259.47945205479454,53.0,365.0,301.0,69593.0,0.524478
2003-07-21,0.453251,112.0,1007.731506849315,121.0,139.0,265.6575342465754,48.0,420.0,302.0,71103.0,0.590692
2003-07-28,0.352158,100.0,1031.167123287671,102.0,120.0,271.83561643835617,39.0,361.0,290.0,71466.0,0.505135
2003-08-04,0.525322,136.0,1054.6027397260273,136.0,125.0,278.013698630137,46.0,443.0,295.0,69844.0,0.634271
2003-08-11,0.492991,120.0,1078.0383561643835,133.0,131.0,284.1917808219178,37.0,421.0,283.0,69003.0,0.610118
2003-08-18,0.542728,159.0,1101.4739726027397,120.0,144.0,290.36986301369865,27.0,450.0,277.0,70178.0,0.641227
2003-08-25,0.490347,166.0,1124.9095890410958,112.0,155.0,296.54794520547944,30.0,463.0,276.0,70000.0,0.661429
2003-09-01,0.735914,177.0,1148.345205479452,124.0,182.0,302.7260273972603,36.0,519.0,271.0,65474.0,0.792681
2003-09-08,0.581771,145.0,1171.7808219178082,122.0,184.0,308.9041095890411,24.0,475.0,267.0,74328.0,0.639059
2003-09-15,0.654162,136.0,1195.2164383561644,116.0,183.0,315.0821917808219,26.0,461.0,264.0,72401.0,0.636732
2003-09-22,0.749504,135.0,1218.6520547945206,143.0,221.0,321.26027397260276,34.0,533.0,268.0,71273.0,0.747829
2003-09-29,0.884021,808.0,1242.0876712328766,607.0,881.0,327.43835616438355,146.0,2442.0,830.0,254144.0,0.960873
2003-10-06,1.02773,913.0,1265.5232876712328,696.0,1132.0,333.6164383561644,191.0,2932.0,931.0,281045.0,1.04325
2003-10-13,1.28296,878.0,1288.958904109589,811.0,1147.0,339.79452054794524,195.0,3031.0,974.0,287436.0,1.0545
2003-10-20,1.32661,1006.0,1312.3945205479451,884.0,1369.0,345.972602739726,216.0,3475.0,1007.0,312412.0,1.11231
2003-10-27,1.77304,1207.0,1335.8301369863013,1127.0,2080.0,352.1506849315069,276.0,4690.0,1074.0,331980.0,1.41274
2003-11-03,2.43814,1542.0,1359.2657534246575,1249.0,2735.0,358.32876712328766,264.0,5790.0,1111.0,335258.0,1.72703
2003-11-10,2.72605,2185.0,1382.7013698630137,1757.0,4133.0,364.5068493150685,310.0,8385.0,1141.0,348359.0,2.407
2003-11-17,3.73192,2561.0,1406.1369863013697,2425.0,5684.0,370.68493150684935,471.0,11141.0,1129.0,358275.0,3.10962
2003-11-24,4.54894,3247.0,1429.5726027397259,2890.0,4933.0,376.86301369863014,672.0,11742.0,1118.0,272576.0,4.30779
2003-12-01,5.39906,4734.0,1453.008219178082,5330.0,7817.0,383.041095890411,1067.0,18948.0,1189.0,392274.0,4.8303
2003-12-08,7.38735,6620.0,1476.4438356164383,5573.0,11550.0,389.2191780821918,1219.0,24962.0,1173.0,388269.0,6.42905
2003-12-15,7.48097,6434.0,1499.8794520547945,5906.0,9851.0,395.3972602739726,1508.0,23699.0,1148.0,345097.0,6.86734
2003-12-22,7.62797,5336.0,1523.3150684931506,4517.0,5231.0,401.57534246575347,1331.0,16415.0,1122.0,232344.0,7.06496
2003-12-29,4.0159,2660.5,1546.7506849315068,3216.0,2596.5,407.75342465753425,994.0,9467.0,1149.5,281670.5,3.48474
2004-01-05,2.10429,1679.0,1570.186301369863,1586.0,1857.0,413.9315068493151,461.0,5583.0,1141.0,308614.0,1.80906
2004-01-12,1.88696,1721.0,1593.6219178082192,1276.0,1604.0,420.1095890410959,360.0,4961.0,1084.0,289774.0,1.71202
2004-01-19,1.7766,1487.0,1617.0575342465752,1067.0,1543.0,426.28767123287673,339.0,4436.0,1071.0,287586.0,1.5425
2004-01-26,1.46001,1454.0,1640.4931506849314,1047.0,1448.0,432.4657534246576,302.0,4251.0,1054.0,295646.0,1.43787
2004-02-02,1.37787,1420.0,1663.9287671232876,889.0,1297.0,438.64383561643837,218.0,3824.0,986.0,288762.0,1.32427
2004-02-09,1.30532,1301.0,1687.3643835616438,876.0,1255.0,444.8219178082192,259.0,3691.0,1004.0,282347.0,1.30726
2004-02-16,1.08691,956.0,1710.8,719.0,1038.0,451.0,203.0,2916.0,948.0,281202.0,1.03698
2004-02-23,0.991888,925.0,1734.2356164383561,682.0,910.0,457.17808219178085,227.0,2744.0,894.0,271597.0,1.01032
2004-03-01,1.02765,878.0,1757.6712328767123,764.0,888.0,463.3561643835617,178.0,2708.0,897.0,257294.0,1.05249
2004-03-08,1.0579,730.0,1781.1068493150683,756.0,826.0,469.5342465753425,175.0,2487.0,849.0,243802.0,1.02009
2004-03-15,0.849361,760.0,1804.5424657534245,628.0,733.0,475.7123287671233,179.0,2300.0,859.0,248805.0,0.924419
2004-03-22,0.747127,610.0,1827.9780821917807,495.0,611.0,481.8904109589041,142.0,1858.0,828.0,234998.0,0.790645
2004-03-29,0.661708,583.0,1851.4136986301369,440.0,566.0,488.06849315068496,116.0,1705.0,774.0,212432.0,0.80261
2004-04-05,0.679514,545.0,1874.849315068493,500.0,573.0,494.2465753424658,131.0,1749.0,755.0,209178.0,0.83613
2004-04-12,0.633071,501.0,1898.2849315068493,461.0,511.0,500.4246575342466,142.0,1615.0,679.0,203802.0,0.792436
2004-04-19,0.569894,470.0,1921.7205479452055,349.0,404.0,506.60273972602744,108.0,1331.0,658.0,194708.0,0.683588
2004-04-26,0.591357,435.0,1945.1561643835616,383.0,491.0,512.7808219178082,85.0,1394.0,629.0,184038.0,0.757452
2004-05-03,0.589044,449.0,1968.5917808219178,361.0,443.0,518.9589041095891,74.0,1327.0,599.0,168276.0,0.788585
2004-05-10,0.67864,451.0,1992.0273972602738,337.0,380.0,525.1369863013699,94.0,1262.0,553.0,155386.0,0.812171
2004-05-17,0.637558,375.0,2015.46301369863,280.0,349.0,531.3150684931508,66.0,1070.0,463.0,133008.0,0.804463
2004-05-24,0.813309,391.0,2038.8986301369862,289.0,308.0,537.4931506849315,73.0,1061.0,452.0,120884.0,0.877701
2004-05-31,0.834551,355.0,2062.334246575342,257.0,309.0,543.6712328767123,66.0,987.0,443.0,133117.0,0.741453
2004-06-07,0.616174,307.0,2085.7698630136983,258.0,240.0,549.8493150684932,46.0,851.0,426.0,128740.0,0.661022
2004-06-14,0.513286,277.0,2109.2054794520545,245.0,284.0,556.027397260274,81.0,887.0,423.0,124037.0,0.715109
2004-06-21,0.351881,238.0,2132.6410958904107,215.0,183.0,562.2054794520549,62.0,698.0,408.0,124146.0,0.562241
2004-06-28,0.542621,233.0,2156.076712328767,210.0,205.0,568.3835616438356,62.0,710.0,381.0,90238.0,0.786808
2004-07-05,0.581036,249.0,2179.512328767123,227.0,280.0,574.5616438356165,80.0,836.0,378.0,97135.0,0.860658
2004-07-12,0.495486,259.0,2202.9479452054793,162.0,200.0,580.7397260273973,38.0,659.0,370.0,95515.0,0.689944
2004-07-19,0.61209,260.0,2226.3835616438355,189.0,230.0,586.9178082191781,40.0,719.0,363.0,92216.0,0.779691
2004-07-26,0.531491,213.0,2249.8191780821917,225.0,235.0,593.0958904109589,60.0,733.0,345.0,116693.0,0.628144
2004-08-02,0.519987,243.0,2273.254794520548,247.0,256.0,599.2739726027397,63.0,809.0,334.0,89644.0,0.902459
2004-08-09,0.574476,256.0,2296.690410958904,200.0,256.0,605.4520547945206,58.0,770.0,335.0,95481.0,0.806443
2004-08-16,0.663175,259.0,2320.1260273972603,231.0,265.0,611.6301369863014,44.0,799.0,333.0,91326.0,0.874888
2004-08-23,0.614691,279.0,2343.5616438356165,252.0,358.0,617.8082191780823,71.0,960.0,326.0,96656.0,0.993213
2004-08-30,0.656823,281.0,2366.9972602739726,263.0,309.0,623.986301369863,60.0,913.0,337.0,104207.0,0.876141
2004-09-06,0.723016,342.0,2390.432876712329,299.0,413.0,630.1643835616438,68.0,1122.0,341.0,118343.0,0.948092
2004-09-13,0.691857,322.0,2413.868493150685,268.0,416.0,636.3424657534247,83.0,1089.0,336.0,117483.0,0.926943
2004-09-20,0.782758,333.0,2437.304109589041,319.0,382.0,642.5205479452055,82.0,1116.0,364.0,114857.0,0.971643
2004-09-27,0.982275,877.0,2460.739726027397,853.0,1256.0,648.6986301369864,185.0,3171.0,1176.0,353449.0,0.897159
2004-10-04,1.01821,1071.0,2484.175342465753,971.0,1373.0,654.8767123287671,216.0,3631.0,1187.0,355116.0,1.02248
2004-10-11,1.1768,1240.0,2507.6109589041093,1019.0,1534.0,661.054794520548,226.0,4019.0,1267.0,378094.0,1.06296
2004-10-18,1.30121,1190.0,2531.0465753424655,1223.0,1671.0,667.2328767123288,285.0,4369.0,1293.0,380921.0,1.14696
2004-10-25,1.27746,1327.0,2554.4821917808217,1215.0,1718.0,673.4109589041096,291.0,4551.0,1302.0,377692.0,1.20495
2004-11-01,1.40387,1497.0,2577.917808219178,1279.0,1874.0,679.5890410958905,319.0,4969.0,1344.0,380718.0,1.30517
2004-11-08,1.40301,1531.0,2601.353424657534,1279.0,1874.0,685.7671232876712,299.0,4983.0,1336.0,387182.0,1.28699
2004-11-15,1.73975,1490.0,2624.7890410958903,1274.0,1678.0,691.945205479452,271.0,4713.0,1341.0,295546.0,1.59468
2004-11-22,1.56894,1538.0,2648.2246575342465,1434.0,2059.0,698.1232876712329,376.0,5407.0,1369.0,387004.0,1.39714
2004-11-29,1.65927,1551.0,2671.6602739726027,1450.0,2052.0,704.3013698630137,375.0,5428.0,1346.0,374356.0,1.44996
2004-12-06,1.81341,1670.0,2695.095890410959,1643.0,2071.0,710.4794520547946,371.0,5755.0,1379.0,355806.0,1.61745
2004-12-13,2.37626,1856.0,2718.531506849315,1608.0,1807.0,716.6575342465753,418.0,5689.0,1288.0,259639.0,2.19112
2004-12-20,2.77052,2252.0,2741.9671232876713,2413.0,1993.0,722.8356164383562,621.0,7279.0,1332.0,283617.0,2.56649
2004-12-27,2.40064,2010.0,2765.4027397260274,2869.0,2450.0,729.013698630137,712.0,8041.0,1383.0,369455.0,2.17645
2005-01-03,2.54155,2188.0,2788.8383561643836,2542.0,2982.0,735.1917808219179,611.0,8323.0,1342.0,378024.0,2.20171
2005-01-10,2.85871,2199.0,2812.2739726027394,2839.0,3682.0,741.3698630136987,608.0,9328.0,1348.0,368678.0,2.53012
2005-01-17,3.55011,2747.0,2835.7095890410956,3586.0,5364.0,747.5479452054794,725.0,12422.0,1334.0,405254.0,3.06524
2005-01-24,4.58591,3086.0,2859.1452054794518,4498.0,7650.0,753.7260273972603,958.0,16192.0,1303.0,406772.0,3.98061
2005-01-31,5.05809,3626.0,2882.580821917808,5757.0,8854.0,759.9041095890411,1132.0,19369.0,1324.0,421461.0,4.59568
2005-02-07,5.44151,3834.0,2906.016438356164,6515.0,8400.0,766.082191780822,1182.0,19931.0,1330.0,419426.0,4.75197
2005-02-14,4.4729,3720.0,2929.4520547945203,5125.0,6759.0,772.2602739726028,1026.0,16630.0,1280.0,397883.0,4.17962
2005-02-21,3.6752,2997.0,2952.8876712328765,4058.0,5343.0,778.4383561643835,836.0,13234.0,1268.0,383196.0,3.45359
2005-02-28,3.3353,2728.0,2976.3232876712327,3634.0,4494.0,784.6164383561644,745.0,11601.0,1227.0,367292.0,3.15852
2005-03-07,2.76224,2416.0,2999.758904109589,2969.0,3513.0,790.7945205479452,604.0,9502.0,1185.0,355454.0,2.6732
2005-03-14,2.46844,2145.0,3023.194520547945,2434.0,2771.0,796.9726027397261,550.0,7900.0,1148.0,335940.0,2.35161
2005-03-21,2.00081,1827.0,3046.6301369863013,1979.0,2133.0,803.1506849315069,390.0,6329.0,1103.0,334438.0,1.89243
2005-03-28,1.54319,1422.0,3070.0657534246575,1327.0,1737.0,809.3287671232877,330.0,4816.0,1048.0,315823.0,1.5249
2005-04-04,1.50195,1356.0,3093.5013698630137,1169.0,1603.0,815.5068493150685,317.0,4445.0,1000.0,314948.0,1.41134
2005-04-11,1.22918,1096.0,3116.93698630137,954.0,1469.0,821.6849315068494,306.0,3825.0,978.0,305833.0,1.25068
2005-04-18,1.21854,1117.0,3140.372602739726,894.0,1411.0,827.8630136986302,224.0,3646.0,971.0,302065.0,1.20702
2005-04-25,1.15832,903.0,3163.8082191780823,762.0,1136.0,834.041095890411,189.0,2990.0,923.0,277120.0,1.07895
2005-05-02,1.249,979.0,3187.2438356164384,710.0,1115.0,840.2191780821918,208.0,3012.0,878.0,263009.0,1.14521
2005-05-09,1.16888,805.0,3210.679452054794,600.0,926.0,846.3972602739726,200.0,2531.0,825.0,238494.0,1.06124
2005-05-16,1.07888,687.0,3234.1150684931504,518.0,695.0,852.5753424657535,156.0,2056.0,687.0,194550.0,1.0568
2005-05-23,1.23059,693.0,3257.5506849315066,568.0,678.0,858.7534246575343,160.0,2099.0,637.0,167661.0,1.25193
2005-05-30,1.14747,548.0,3280.9863013698628,462.0,594.0,864.9315068493152,140.0,1744.0,603.0,171960.0,1.01419
2005-06-06,1.00254,573.0,3304.421917808219,409.0,507.0,871.1095890410959,125.0,1614.0,582.0,154899.0,1.04197
2005-06-13,0.957569,580.0,3327.857534246575,431.0,507.0,877.2876712328767,110.0,1628.0,587.0,170645.0,0.954027
2005-06-20,0.894837,497.0,3351.2931506849313,326.0,452.0,883.4657534246576,84.0,1359.0,550.0,160216.0,0.84823
2005-06-27,0.798205,426.0,3374.7287671232875,313.0,390.0,889.6438356164384,69.0,1198.0,533.0,142302.0,0.841872
2005-07-04,0.757812,389.0,3398.1643835616437,323.0,361.0,895.8219178082193,75.0,1148.0,524.0,157068.0,0.730894
2005-07-11,0.825963,333.0,3421.6,303.0,364.0,902.0,68.0,1068.0,507.0,149699.0,0.713432
2005-07-18,0.744927,328.0,3445.035616438356,279.0,327.0,908.1780821917808,56.0,990.0,492.0,147612.0,0.670677
2005-07-25,0.787049,331.0,3468.4712328767123,267.0,326.0,914.3561643835617,58.0,982.0,488.0,142468.0,0.689278
2005-08-01,0.684724,319.0,3491.9068493150685,297.0,350.0,920.5342465753425,57.0,1023.0,479.0,145121.0,0.704929
2005-08-08,0.747361,330.0,3515.3424657534247,225.0,326.0,926.7123287671234,47.0,928.0,480.0,150673.0,0.615903
2005-08-15,0.673974,292.0,3538.778082191781,265.0,311.0,932.8904109589041,54.0,922.0,428.0,151290.0,0.609426
2005-08-22,0.869662,342.0,3562.2136986301366,273.0,367.0,939.068493150685,51.0,1033.0,420.0,151854.0,0.680259
2005-08-29,0.899529,338.0,3585.649315068493,264.0,396.0,945.2465753424658,63.0,1061.0,416.0,136817.0,0.775488
2005-09-05,0.854635,302.0,3609.084931506849,289.0,383.0,951.4246575342466,52.0,1026.0,408.0,150127.0,0.683421
2005-09-12,1.01123,368.0,3632.520547945205,285.0,516.0,957.6027397260275,50.0,1219.0,419.0,156067.0,0.781075
2005-09-19,0.977808,381.0,3655.9561643835614,276.0,484.0,963.7808219178082,63.0,1204.0,447.0,149205.0,0.806943
2005-09-26,1.17778,1172.0,3679.3917808219176,924.0,1256.0,969.9589041095891,234.0,3586.0,1113.0,333164.0,1.07635
2005-10-03,1.21947,1285.0,3702.8273972602738,853.0,1247.0,976.1369863013699,197.0,3582.0,1160.0,338343.0,1.05869
2005-10-10,1.3069,1393.0,3726.26301369863,992.0,1525.0,982.3150684931508,212.0,4122.0,1216.0,369609.0,1.11523
2005-10-17,1.33931,1439.0,3749.698630136986,997.0,1599.0,988.4931506849316,213.0,4248.0,1237.0,377999.0,1.12381
2005-10-24,1.58374,1639.0,3773.1342465753423,1190.0,1894.0,994.6712328767123,282.0,5005.0,1280.0,398840.0,1.25489
2005-10-31,1.47072,1563.0,3796.5698630136985,1251.0,1929.0,1000.8493150684932,295.0,5038.0,1272.0,376924.0,1.33661
2005-11-07,1.6112,1679.0,3820.0054794520547,1331.0,1951.0,1007.027397260274,315.0,5276.0,1277.0,382697.0,1.37864
2005-11-14,1.82699,1666.0,3843.441095890411,1249.0,1593.0,1013.2054794520549,294.0,4802.0,1301.0,298578.0,1.60829
2005-11-21,1.77482,1858.0,3866.876712328767,1583.0,2176.0,1019.3835616438356,349.0,5966.0,1325.0,402264.0,1.48311
2005-11-28,1.94451,1987.0,3890.3123287671233,1534.0,2463.0,1025.5616438356165,387.0,6371.0,1328.0,385248.0,1.65374
2005-12-05,2.35512,2241.0,3913.7479452054795,1997.0,3063.0,1031.7397260273974,396.0,7697.0,1318.0,383548.0,2.00679
2005-12-12,3.10878,2696.0,3937.1835616438357,2293.0,3058.0,1037.9178082191781,530.0,8577.0,1287.0,333921.0,2.56857
2005-12-19,3.28238,2678.0,3960.6191780821914,2882.0,2561.0,1044.0958904109589,721.0,8842.0,1273.0,289638.0,3.05278
2005-12-26,2.62914,2422.0,3984.0547945205476,2817.0,2366.0,1050.2739726027398,734.0,8339.0,1319.0,343871.0,2.42504
2006-01-02,2.2515,2272.0,4007.490410958904,2155.0,2921.0,1056.4520547945206,534.0,7882.0,1339.0,393716.0,2.00195
2006-01-09,2.35858,2249.0,4030.92602739726,1999.0,3150.0,1062.6301369863015,460.0,7858.0,1297.0,381699.0,2.05869
2006-01-16,2.41881,2643.0,4054.361643835616,2281.0,3646.0,1068.8082191780823,544.0,9114.0,1331.0,411882.0,2.21277
2006-01-23,2.52752,2612.0,4077.7972602739724,2288.0,4153.0,1074.986301369863,498.0,9551.0,1320.0,411291.0,2.3222
2006-01-30,2.64954,2754.0,4101.232876712329,2543.0,4593.0,1081.164383561644,537.0,10427.0,1311.0,418286.0,2.49279
2006-02-06,3.12935,2624.0,4124.668493150684,2992.0,4979.0,1087.3424657534247,631.0,11226.0,1288.0,401661.0,2.79489
2006-02-13,3.12442,2753.0,4148.1041095890405,3073.0,5284.0,1093.5205479452056,791.0,11901.0,1288.0,400827.0,2.96911
2006-02-20,3.13099,2579.0,4171.539726027397,2989.0,5008.0,1099.6986301369864,767.0,11343.0,1275.0,399459.0,2.83959
2006-02-27,3.08261,2564.0,4194.975342465753,2913.0,5106.0,1105.876712328767,678.0,11261.0,1257.0,405365.0,2.77799
2006-03-06,2.64431,2330.0,4218.410958904109,2231.0,4154.0,1112.054794520548,607.0,9322.0,1241.0,376971.0,2.47287
2006-03-13,2.42295,1895.0,4241.846575342465,1919.0,3709.0,1118.2328767123288,541.0,8064.0,1217.0,369804.0,2.18061
2006-03-20,2.31141,1697.0,4265.282191780821,1745.0,3393.0,1124.4109589041097,478.0,7313.0,1165.0,362605.0,2.0168
2006-03-27,1.86383,1437.0,4288.717808219178,1299.0,2660.0,1130.5890410958905,342.0,5738.0,1133.0,349662.0,1.64101
2006-04-03,1.44943,1181.0,4312.153424657534,1067.0,2014.0,1136.7671232876712,285.0,4547.0,1087.0,334760.0,1.35829
2006-04-10,1.30227,959.0,4335.58904109589,873.0,1479.0,1142.9452054794522,239.0,3550.0,1045.0,310641.0,1.1428
2006-04-17,1.13459,836.0,4359.024657534246,779.0,1382.0,1149.123287671233,180.0,3177.0,1017.0,305389.0,1.04031
2006-04-24,1.06255,745.0,4382.460273972602,637.0,1208.0,1155.3013698630139,190.0,2780.0,958.0,288278.0,0.964347
2006-05-01,1.03428,745.0,4405.895890410959,621.0,1039.0,1161.4794520547946,187.0,2592.0,919.0,276338.0,0.937982
2006-05-08,1.01791,715.0,4429.331506849315,582.0,969.0,1167.6575342465753,162.0,2428.0,877.0,256267.0,0.947449
2006-05-15,0.918151,699.0,4452.767123287671,452.0,764.0,1173.8356164383563,146.0,2061.0,783.0,231075.0,0.891918
2006-05-22,0.93099,572.0,4476.202739726027,404.0,561.0,1180.013698630137,108.0,1645.0,649.0,190252.0,0.864643
2006-05-29,0.857294,754.0,4499.638356164383,564.0,626.0,1186.1917808219177,131.0,2075.0,635.0,213847.0,0.97032
2006-06-05,0.786294,514.0,4523.07397260274,388.0,447.0,1192.3698630136987,81.0,1430.0,615.0,169353.0,0.84439
2006-06-12,0.719426,463.0,4546.509589041096,328.0,409.0,1198.5479452054794,100.0,1300.0,610.0,167770.0,0.77487
2006-06-19,0.718868,466.0,4569.945205479452,323.0,390.0,1204.7260273972604,92.0,1271.0,572.0,154741.0,0.821372
2006-06-26,0.774807,437.0,4593.380821917808,305.0,402.0,1210.9041095890411,71.0,1215.0,565.0,139216.0,0.872745
2006-07-03,0.76598,549.0,4616.816438356164,449.0,511.0,1217.0821917808219,108.0,1617.0,577.0,175259.0,0.922635
2006-07-10,0.642809,541.0,4640.2520547945205,460.0,440.0,1223.2602739726028,112.0,1553.0,564.0,172654.0,0.899487
2006-07-17,0.622033,502.0,4663.687671232877,422.0,403.0,1229.4383561643835,128.0,1455.0,564.0,172581.0,0.843082
2006-07-24,0.616326,508.0,4687.123287671233,402.0,430.0,1235.6164383561645,88.0,1428.0,551.0,161937.0,0.881824
2006-07-31,0.685694,473.0,4710.558904109589,383.0,435.0,1241.7945205479452,82.0,1373.0,547.0,168024.0,0.817145
2006-08-07,0.622697,510.0,4733.994520547945,390.0,466.0,1247.972602739726,91.0,1457.0,536.0,167183.0,0.8715
2006-08-14,0.611817,404.0,4757.4301369863015,279.0,379.0,1254.150684931507,76.0,1138.0,503.0,154071.0,0.738621
2006-08-21,0.638831,398.0,4780.865753424658,292.0,457.0,1260.3287671232877,77.0,1224.0,488.0,153390.0,0.797966
2006-08-28,0.806627,492.0,4804.301369863014,396.0,506.0,1266.5068493150686,69.0,1463.0,491.0,144289.0,1.01394
2006-09-04,0.762448,446.0,4827.73698630137,361.0,521.0,1272.6849315068494,78.0,1406.0,487.0,159603.0,0.880936
2006-09-11,0.813406,511.0,4851.172602739726,362.0,534.0,1278.86301369863,80.0,1487.0,455.0,157627.0,0.943366
2006-09-18,0.807934,476.0,4874.608219178082,364.0,512.0,1285.041095890411,81.0,1433.0,469.0,160732.0,0.891546
2006-09-25,1.15384,1434.0,4898.043835616438,1116.0,1699.0,1291.2191780821918,264.0,4513.0,1323.0,375076.0,1.20322
2006-10-02,1.14819,1278.0,4921.479452054794,992.0,1602.0,1297.3972602739727,200.0,4072.0,1361.0,384920.0,1.05788
2006-10-09,1.22736,1543.0,4944.91506849315,1099.0,1830.0,1303.5753424657535,265.0,4737.0,1425.0,419005.0,1.13054
2006-10-16,1.21744,1582.0,4968.350684931506,1086.0,1996.0,1309.7534246575342,224.0,4888.0,1445.0,434287.0,1.12552
2006-10-23,1.32813,1672.0,4991.7863013698625,1157.0,2270.0,1315.9315068493152,281.0,5380.0,1473.0,445334.0,1.20808
2006-10-30,1.47754,2112.0,5015.221917808219,1320.0,2393.0,1322.109589041096,314.0,6139.0,1497.0,454901.0,1.34952
2006-11-06,1.5339,2355.0,5038.657534246575,1342.0,2681.0,1328.2876712328768,290.0,6668.0,1474.0,453945.0,1.4689
2006-11-13,1.91269,2188.0,5062.093150684931,1409.0,2202.0,1334.4657534246576,357.0,6156.0,1488.0,336822.0,1.82767
2006-11-20,1.838,2573.0,5085.528767123287,1774.0,2792.0,1340.6438356164383,391.0,7530.0,1486.0,452089.0,1.6656
2006-11-27,1.95376,2643.0,5108.964383561643,1804.0,3244.0,1346.8219178082193,431.0,8122.0,1493.0,436741.0,1.85968
2006-12-04,2.40407,3270.0,5132.4,2177.0,4470.0,1353.0,479.0,10396.0,1492.0,435177.0,2.38891
2006-12-11,2.87453,3387.0,5155.835616438356,2237.0,4065.0,1359.178082191781,503.0,10192.0,1435.0,365334.0,2.78978
2006-12-18,3.02597,3243.0,5179.271232876712,2216.0,2868.0,1365.3561643835617,586.0,8913.0,1359.0,286087.0,3.11549
2007-01-01,2.37817,2927.0,5202.706849315068,2394.0,2481.0,1371.5342465753424,584.0,8386.0,1490.0,369521.0,2.26942
2007-01-08,2.09232,2507.0,5226.142465753424,2018.0,2756.0,1377.7123287671234,480.0,7761.0,1467.0,416464.0,1.86355
2007-01-15,2.29396,2548.0,5249.578082191781,1701.0,3248.0,1383.890410958904,412.0,7909.0,1470.0,395477.0,1.99986
2007-01-22,2.74501,3410.0,5273.013698630137,2257.0,4684.0,1390.068493150685,537.0,10888.0,1495.0,446119.0,2.4406
2007-01-29,3.04434,3456.0,5296.449315068493,2559.0,5648.0,1396.2465753424658,457.0,12120.0,1472.0,428241.0,2.83018
2007-02-05,3.49999,3840.0,5319.884931506849,2910.0,6995.0,1402.4246575342465,452.0,14197.0,1484.0,454533.0,3.12343
2007-02-12,3.57851,3879.0,5343.320547945205,2955.0,6668.0,1408.6027397260275,529.0,14031.0,1461.0,429057.0,3.27019
2007-02-19,3.28979,3728.0,5366.756164383562,3175.0,6537.0,1414.7808219178082,608.0,14048.0,1460.0,442099.0,3.17757
2007-02-26,2.89149,3016.0,5390.191780821918,2778.0,5429.0,1420.9589041095892,578.0,11801.0,1428.0,433281.0,2.72364
2007-03-05,2.62075,2798.0,5413.627397260274,2533.0,4937.0,1427.13698630137,447.0,10715.0,1408.0,428255.0,2.50201
2007-03-12,2.53387,2668.0,5437.06301369863,2426.0,4031.0,1433.3150684931506,472.0,9597.0,1361.0,395394.0,2.4272
2007-03-19,2.07251,2049.0,5460.498630136986,1857.0,3307.0,1439.4931506849316,349.0,7562.0,1333.0,385735.0,1.96041
2007-03-26,1.87084,1664.0,5483.9342465753425,1625.0,2508.0,1445.6712328767123,351.0,6148.0,1303.0,386327.0,1.5914
2007-04-02,1.40042,1445.0,5507.369863013699,1379.0,1803.0,1451.8493150684933,331.0,4958.0,1284.0,361955.0,1.36978
2007-04-09,1.46887,1429.0,5530.805479452055,1274.0,1821.0,1458.027397260274,345.0,4869.0,1240.0,357183.0,1.36317
2007-04-16,1.15514,1257.0,5554.241095890411,1112.0,1523.0,1464.2054794520548,287.0,4179.0,1206.0,356055.0,1.1737
2007-04-23,1.07901,1152.0,5577.676712328767,937.0,1386.0,1470.3835616438357,220.0,3695.0,1152.0,347413.0,1.06358
2007-04-30,0.98492,969.0,5601.1123287671235,755.0,1143.0,1476.5616438356165,210.0,3077.0,1119.0,317311.0,0.969711
2007-05-07,1.03325,917.0,5624.547945205479,713.0,1055.0,1482.7397260273974,175.0,2860.0,1057.0,296262.0,0.965362
2007-05-14,0.926649,815.0,5647.983561643835,590.0,861.0,1488.9178082191781,176.0,2442.0,1025.0,285031.0,0.856749
2007-05-21,0.9201,761.0,5671.419178082191,561.0,785.0,1495.0958904109589,136.0,2243.0,925.0,259803.0,0.863346
2007-05-28,0.954094,722.0,5694.854794520547,554.0,652.0,1501.2739726027398,130.0,2058.0,831.0,220020.0,0.93537
2007-06-04,0.763278,628.0,5718.2904109589035,422.0,510.0,1507.4520547945206,119.0,1679.0,796.0,225197.0,0.745569
2007-06-11,0.81722,598.0,5741.72602739726,413.0,469.0,1513.6301369863015,134.0,1614.0,771.0,217982.0,0.740428
2007-06-18,0.764586,521.0,5765.161643835616,394.0,441.0,1519.8082191780823,100.0,1456.0,749.0,216378.0,0.672897
2007-06-25,0.793127,514.0,5788.597260273972,431.0,408.0,1525.986301369863,102.0,1455.0,742.0,218376.0,0.666282
2007-07-02,0.66909,394.0,5812.032876712328,313.0,360.0,1532.164383561644,102.0,1169.0,711.0,176387.0,0.662747
2007-07-09,0.62115,366.0,5835.4684931506845,296.0,372.0,1538.3424657534247,52.0,1086.0,697.0,199040.0,0.545619
2007-07-16,0.603659,446.0,5858.904109589041,335.0,345.0,1544.5205479452056,85.0,1211.0,698.0,206574.0,0.586231
2007-07-23,0.649058,477.0,5882.339726027397,391.0,392.0,1550.6986301369864,96.0,1356.0,691.0,205241.0,0.660687
2007-07-30,0.568338,321.0,5905.775342465753,344.0,311.0,1556.876712328767,61.0,1037.0,677.0,194161.0,0.534093
2007-08-06,0.651546,389.0,5929.210958904109,320.0,385.0,1563.054794520548,78.0,1172.0,667.0,200154.0,0.585549
2007-08-13,0.652176,439.0,5952.646575342465,338.0,411.0,1569.2328767123288,95.0,1283.0,666.0,207580.0,0.618075
2007-08-20,0.803849,495.0,5976.082191780822,408.0,457.0,1575.4109589041097,88.0,1448.0,671.0,210629.0,0.687465
2007-08-27,0.787458,502.0,5999.517808219178,416.0,500.0,1581.5890410958905,108.0,1526.0,652.0,213219.0,0.715696
2007-09-03,0.943263,519.0,6022.953424657534,417.0,545.0,1587.7671232876712,73.0,1554.0,641.0,187384.0,0.829313
2007-09-10,0.946932,496.0,6046.38904109589,417.0,682.0,1593.9452054794522,99.0,1694.0,638.0,211509.0,0.800912
2007-09-17,0.987146,609.0,6069.824657534246,502.0,681.0,1600.123287671233,121.0,1913.0,632.0,208278.0,0.918484
2007-09-24,1.05206,729.0,6093.260273972603,583.0,788.0,1606.3013698630139,128.0,2228.0,703.0,273623.0,0.814259
2007-10-01,0.995184,2187.0,6116.695890410959,1167.0,1997.0,1612.4794520547946,290.0,5641.0,1373.0,526227.0,1.07197
2007-10-08,1.22003,2387.0,6140.131506849315,1321.0,2433.0,1618.6575342465753,303.0,6444.0,1429.0,529126.0,1.21786
2007-10-15,1.28548,2583.0,6163.567123287671,1455.0,2551.0,1624.8356164383563,352.0,6941.0,1449.0,557172.0,1.24576
2007-10-22,1.3775,2871.0,6187.002739726027,1400.0,2788.0,1631.013698630137,375.0,7434.0,1477.0,546680.0,1.35984
2007-10-29,1.46725,3074.0,6210.438356164384,1475.0,2998.0,1637.191780821918,368.0,7915.0,1485.0,547104.0,1.44671
2007-11-05,1.55841,3398.0,6233.87397260274,1609.0,3303.0,1643.3698630136987,377.0,8687.0,1539.0,566717.0,1.53286
2007-11-12,1.61958,3563.0,6257.309589041096,1780.0,3290.0,1649.5479452054794,471.0,9104.0,1516.0,546284.0,1.66653
2007-11-19,1.8112,3651.0,6280.745205479452,1812.0,2631.0,1655.7260273972604,476.0,8570.0,1523.0,433951.0,1.97488
2007-11-26,1.61865,3679.0,6304.180821917808,1921.0,3158.0,1661.9041095890411,413.0,9171.0,1513.0,548159.0,1.67305
2007-12-03,1.62124,3365.0,6327.6164383561645,1772.0,2907.0,1668.082191780822,392.0,8436.0,1487.0,516263.0,1.63405
2007-12-10,1.67351,3298.0,6351.052054794521,1697.0,2694.0,1674.2602739726028,402.0,8091.0,1453.0,463416.0,1.74595
2007-12-17,1.95096,3580.0,6374.487671232877,1987.0,2724.0,1680.4383561643835,459.0,8750.0,1420.0,451862.0,1.93643
2007-12-24,2.50019,3848.0,6397.923287671232,2184.0,2348.0,1686.6164383561645,522.0,8902.0,1426.0,357646.0,2.48905
2007-12-31,2.43939,3737.0,6421.358904109588,2731.0,2568.0,1692.7945205479452,670.0,9706.0,1486.0,430603.0,2.25405
2008-01-07,2.29319,3393.0,6444.794520547945,3262.0,3644.0,1698.9726027397262,816.0,11115.0,1509.0,531444.0,2.09147
2008-01-14,2.62907,3664.0,6468.230136986301,3038.0,4900.0,1705.150684931507,595.0,12197.0,1511.0,516966.0,2.35934
2008-01-21,3.92966,4289.0,6491.665753424657,4499.0,7661.0,1711.3287671232877,722.0,17171.0,1508.0,516683.0,3.32331
2008-01-28,4.99202,5222.0,6515.101369863013,6595.0,11974.0,1717.5068493150686,1021.0,24812.0,1514.0,559609.0,4.43381
2008-02-04,5.7776,6059.0,6538.536986301369,9212.0,15323.0,1723.6849315068494,1302.0,31896.0,1526.0,596692.0,5.34547
2008-02-11,5.98318,6244.0,6561.9726027397255,9487.0,14336.0,1729.8630136986303,1558.0,31625.0,1518.0,583210.0,5.42258
2008-02-18,5.61677,5922.0,6585.408219178082,9812.0,12783.0,1736.041095890411,1728.0,30245.0,1497.0,570334.0,5.30303
2008-02-25,4.53234,4978.0,6608.843835616438,8583.0,9958.0,1742.2191780821918,1508.0,25027.0,1453.0,589626.0,4.24456
2008-03-03,3.83249,4420.0,6632.279452054794,6781.0,7849.0,1748.3972602739727,1204.0,20254.0,1445.0,558269.0,3.628
2008-03-10,3.21522,3878.0,6655.71506849315,5676.0,6112.0,1754.5753424657535,1048.0,16714.0,1412.0,550776.0,3.03463
2008-03-17,2.69245,3153.0,6679.1506849315065,4520.0,4493.0,1760.7534246575344,874.0,13040.0,1395.0,514205.0,2.53595
2008-03-24,2.03366,2689.0,6702.586301369863,3496.0,3395.0,1766.9315068493152,796.0,10376.0,1379.0,504350.0,2.0573
2008-03-31,1.65275,2372.0,6726.021917808219,2872.0,2697.0,1773.109589041096,642.0,8583.0,1327.0,492850.0,1.7415
2008-04-07,1.3113,2045.0,6749.457534246575,2160.0,2354.0,1779.2876712328768,486.0,7045.0,1318.0,500881.0,1.40652
2008-04-14,1.1652,1857.0,6772.893150684931,1802.0,2013.0,1785.4657534246576,407.0,6079.0,1288.0,479187.0,1.26861
2008-04-21,1.02035,1572.0,6796.328767123287,1345.0,1713.0,1791.6438356164385,323.0,4953.0,1208.0,459808.0,1.07719
2008-04-28,0.877607,1466.0,6819.764383561644,1107.0,1416.0,1797.8219178082193,235.0,4224.0,1147.0,425187.0,0.993445
2008-05-05,0.825107,1356.0,6843.2,1066.0,1381.0,1804.0,208.0,4011.0,1098.0,440183.0,0.911212
2008-05-12,0.787315,1439.0,6866.635616438356,980.0,1274.0,1810.178082191781,211.0,3904.0,1074.0,401601.0,0.972109
2008-05-19,0.805439,1393.0,6890.071232876712,926.0,1116.0,1816.3561643835617,211.0,3646.0,945.0,367075.0,0.993258
2008-05-26,0.886061,1473.0,6913.506849315068,1004.0,1083.0,1822.5342465753426,243.0,3803.0,869.0,348477.0,1.09132
2008-06-02,0.743743,1159.0,6936.942465753425,729.0,906.0,1828.7123287671234,139.0,2933.0,789.0,330127.0,0.888446
2008-06-09,0.706842,1113.0,6960.378082191781,720.0,886.0,1834.890410958904,187.0,2906.0,764.0,327366.0,0.887691
2008-06-16,0.655943,1115.0,6983.813698630137,712.0,855.0,1841.068493150685,160.0,2842.0,755.0,321789.0,0.883187
2008-06-23,0.633492,937.0,7007.249315068493,654.0,810.0,1847.2465753424658,133.0,2534.0,730.0,306499.0,0.826756
2008-06-30,0.571837,913.0,7030.684931506849,575.0,762.0,1853.4246575342468,155.0,2405.0,713.0,307073.0,0.783201
2008-07-07,0.558278,881.0,7054.1205479452055,669.0,749.0,1859.6027397260275,132.0,2431.0,710.0,311423.0,0.78061
2008-07-14,0.597893,826.0,7077.556164383562,619.0,703.0,1865.7808219178082,171.0,2319.0,696.0,301532.0,0.769073
2008-07-21,0.577222,779.0,7100.991780821918,552.0,704.0,1871.9589041095892,131.0,2166.0,694.0,300292.0,0.721298
2008-07-28,0.596987,788.0,7124.427397260273,599.0,763.0,1878.13698630137,139.0,2289.0,676.0,304175.0,0.752527
2008-08-04,0.564653,679.0,7147.863013698629,619.0,706.0,1884.3150684931509,216.0,2220.0,668.0,294930.0,0.752721
2008-08-11,0.585682,789.0,7171.298630136986,650.0,745.0,1890.4931506849316,184.0,2368.0,657.0,298701.0,0.792766
2008-08-18,0.503985,730.0,7194.734246575342,619.0,754.0,1896.6712328767123,134.0,2237.0,657.0,300714.0,0.743896
2008-08-25,0.468139,794.0,7218.169863013698,616.0,892.0,1902.8493150684933,127.0,2429.0,636.0,298342.0,0.814166
2008-09-01,0.576455,774.0,7241.605479452054,663.0,880.0,1909.027397260274,144.0,2461.0,666.0,293535.0,0.838401
2008-09-08,0.681361,859.0,7265.04109589041,758.0,994.0,1915.205479452055,177.0,2788.0,685.0,327567.0,0.851124
2008-09-15,0.794764,1062.0,7288.476712328767,958.0,1527.0,1921.3835616438357,188.0,3735.0,679.0,336560.0,1.10976
2008-09-22,0.868116,983.0,7311.912328767123,932.0,1306.0,1927.5616438356165,179.0,3400.0,716.0,329731.0,1.03114
2008-09-29,1.06828,1535.0,7335.347945205479,1476.0,2352.0,1933.7397260273974,324.0,5687.0,1435.0,555999.0,1.02284
2008-10-06,1.00756,1861.0,7358.783561643835,1485.0,2291.0,1939.9178082191781,322.0,5959.0,1500.0,578446.0,1.03017
2008-10-13,0.979399,1869.0,7382.219178082191,1467.0,2219.0,1946.095890410959,341.0,5896.0,1525.0,582351.0,1.01245
2008-10-20,1.04943,1976.0,7405.6547945205475,1668.0,2474.0,1952.2739726027398,367.0,6485.0,1527.0,598473.0,1.08359
2008-10-27,1.13218,2119.0,7429.090410958904,1869.0,2547.0,1958.4520547945206,452.0,6987.0,1545.0,599343.0,1.16578
2008-11-03,1.13156,2276.0,7452.52602739726,1981.0,2668.0,1964.6301369863015,372.0,7297.0,1555.0,612526.0,1.1913
2008-11-10,1.15469,2512.0,7475.961643835616,1889.0,2854.0,1970.8082191780823,412.0,7667.0,1555.0,598635.0,1.28075
2008-11-17,1.20448,2600.0,7499.397260273972,1893.0,2828.0,1976.9863013698632,412.0,7733.0,1563.0,608646.0,1.27053
2008-11-24,1.36081,3024.0,7522.8328767123285,1741.0,2412.0,1983.164383561644,457.0,7634.0,1523.0,478386.0,1.59578
2008-12-01,1.30322,3114.0,7546.268493150685,2212.0,2913.0,1989.3424657534247,469.0,8708.0,1551.0,597052.0,1.4585
2008-12-08,1.30204,3252.0,7569.704109589041,1974.0,3024.0,1995.5205479452056,439.0,8689.0,1543.0,579573.0,1.49921
2008-12-15,1.45109,3137.0,7593.139726027397,1640.0,2579.0,2001.6986301369864,456.0,7812.0,1416.0,479318.0,1.62982
2008-12-22,1.79927,3897.0,7616.575342465753,1947.0,2367.0,2007.876712328767,495.0,8706.0,1484.0,403876.0,2.15561
2008-12-29,1.79636,3529.5,7640.010958904109,2384.5,2295.0,2014.054794520548,570.5,8779.5,1514.5,502604.0,1.7830949999999999
2009-01-05,1.61555,3142.0,7663.446575342466,2329.0,3345.0,2020.2328767123288,473.0,9289.0,1512.0,565631.0,1.64224
2009-01-12,1.95333,3602.0,7686.882191780822,2821.0,4597.0,2026.4109589041097,436.0,11456.0,1566.0,582932.0,1.96524
2009-01-19,2.42907,4039.0,7710.317808219178,3215.0,6602.0,2032.5890410958905,468.0,14324.0,1554.0,611176.0,2.34368
2009-01-26,2.96686,4606.0,7733.753424657534,4240.0,8882.0,2038.7671232876712,540.0,18268.0,1580.0,638613.0,2.86057
2009-02-02,3.57354,5064.0,7757.18904109589,4636.0,11215.0,2044.9452054794522,752.0,21667.0,1569.0,648304.0,3.3421
2009-02-09,3.36653,4848.0,7780.624657534247,4685.0,9851.0,2051.123287671233,638.0,20022.0,1543.0,624583.0,3.20566
2009-02-16,3.2962,4694.0,7804.060273972603,5007.0,10092.0,2057.301369863014,657.0,20450.0,1544.0,659573.0,3.10049
2009-02-23,3.17227,4420.0,7827.495890410959,4272.0,9116.0,2063.479452054795,633.0,18441.0,1534.0,623389.0,2.95819
2009-03-02,2.5804,4046.0,7850.931506849315,3601.0,7446.0,2069.6575342465753,618.0,15711.0,1524.0,637672.0,2.46381
2009-03-09,2.42922,3657.0,7874.367123287671,3002.0,6036.0,2075.8356164383563,582.0,13277.0,1494.0,605503.0,2.19272
2009-03-16,1.99028,3237.0,7897.802739726027,2661.0,5052.0,2082.0136986301372,450.0,11400.0,1470.0,608342.0,1.87395
2009-03-23,1.72423,2829.0,7921.238356164383,2158.0,4283.0,2088.1917808219177,399.0,9669.0,1440.0,586651.0,1.64817
2009-03-30,1.60355,2577.0,7944.673972602739,2085.0,3407.0,2094.3698630136987,391.0,8460.0,1422.0,564460.0,1.49878
2009-04-06,1.28418,2371.0,7968.109589041095,1727.0,2761.0,2100.5479452054797,363.0,7222.0,1415.0,558837.0,1.29233
2009-04-13,1.2932,2353.0,7991.545205479451,1743.0,2855.0,2106.72602739726,397.0,7348.0,1445.0,577836.0,1.27164
2009-04-20,2.74012,4821.0,8014.980821917808,5093.0,8043.0,2112.904109589041,670.0,18627.0,1405.0,624734.0,2.98159
2009-04-27,2.22391,3920.0,8038.416438356164,3875.0,6221.0,2119.082191780822,562.0,14578.0,1422.0,598189.0,2.43702
2009-05-04,1.76657,3236.0,8061.85205479452,3018.0,5888.0,2125.260273972603,412.0,12554.0,1372.0,550300.0,2.2813
2009-05-11,1.92171,4188.0,8085.287671232876,4136.0,12026.0,2131.4383561643835,424.0,20774.0,1331.0,544432.0,3.81572
2009-05-18,1.8611,4496.0,8108.723287671232,4950.0,12461.0,2137.6164383561645,487.0,22394.0,1314.0,531526.0,4.21315
2009-05-25,1.68423,3865.0,8132.158904109589,4213.0,8615.0,2143.7945205479455,412.0,17105.0,1305.0,538177.0,3.17832
2009-06-01,1.7393,3072.0,8155.594520547945,3276.0,5660.0,2149.972602739726,384.0,12392.0,1296.0,493761.0,2.50972
2009-06-08,1.83001,2623.0,8179.030136986301,3084.0,4740.0,2156.150684931507,333.0,10780.0,1280.0,521701.0,2.06632
2009-06-15,1.58128,2299.0,8202.465753424658,2476.0,3700.0,2162.328767123288,326.0,8801.0,1279.0,512268.0,1.71805
2009-06-22,1.49172,2145.0,8225.901369863013,2023.0,2893.0,2168.5068493150684,361.0,7422.0,1237.0,475877.0,1.55965
2009-06-29,1.389,1701.0,8249.336986301369,1815.0,2481.0,2174.6849315068494,293.0,6290.0,1246.0,480680.0,1.30856
2009-07-06,1.34702,1581.0,8272.772602739726,1708.0,2437.0,2180.8630136986303,238.0,5964.0,1248.0,502466.0,1.18695
2009-07-13,1.16056,1608.0,8296.208219178081,1611.0,2285.0,2187.0410958904113,231.0,5735.0,1248.0,503971.0,1.13796
2009-07-20,1.2085,1519.0,8319.643835616438,1575.0,2199.0,2193.219178082192,294.0,5587.0,1254.0,485804.0,1.15005
2009-07-27,1.15544,1651.0,8343.079452054793,1530.0,2082.0,2199.3972602739727,263.0,5526.0,1230.0,496666.0,1.11262
2009-08-03,1.14518,1645.0,8366.51506849315,1646.0,2321.0,2205.5753424657537,265.0,5877.0,1234.0,506019.0,1.16142
2009-08-10,1.4664,2167.0,8389.950684931506,2168.0,4210.0,2211.753424657534,396.0,8941.0,1286.0,544827.0,1.64107
2009-08-17,2.38017,2883.0,8413.386301369863,2977.0,8253.0,2217.931506849315,443.0,14556.0,1320.0,588916.0,2.47166
2009-08-24,3.44681,3713.0,8436.821917808218,3982.0,13114.0,2224.109589041096,541.0,21350.0,1358.0,573972.0,3.71969
2009-08-31,4.05315,4087.0,8460.257534246575,4547.0,13407.0,2230.2876712328766,520.0,22561.0,1367.0,571201.0,3.94975
2009-09-07,4.26621,4445.0,8483.69315068493,5668.0,15326.0,2236.4657534246576,652.0,26091.0,1380.0,638302.0,4.08756
2009-09-14,4.21579,4462.0,8507.128767123288,5252.0,14152.0,2242.6438356164385,588.0,24454.0,1313.0,608464.0,4.01897
2009-09-21,4.8861,4974.0,8530.564383561643,6090.0,16291.0,2248.8219178082195,564.0,27919.0,1331.0,606458.0,4.60362
2009-09-28,6.06923,9302.0,8554.0,6090.0,27406.0,2255.0,903.0,48420.0,2056.0,855346.0,5.66087
2009-10-05,7.09467,11527.0,10271.0,6090.0,32585.0,2800.0,1013.0,58196.0,2134.0,853912.0,6.81522
2009-10-12,7.7151,13187.0,12399.0,6090.0,39364.0,3048.0,1070.0,69068.0,2162.0,906536.0,7.61889
2009-10-19,7.55134,13174.0,12166.0,6090.0,36860.0,3083.0,1128.0,66411.0,2167.0,898860.0,7.38836
2009-10-26,6.67118,12161.0,10250.0,6090.0,30860.0,2672.0,1074.0,57017.0,2197.0,899425.0,6.33927
2009-11-02,5.20633,10151.0,8174.0,6090.0,21112.0,2314.0,978.0,42729.0,2191.0,864348.0,4.94349
2009-11-09,4.04477,8979.0,6163.0,6090.0,14652.0,1843.0,883.0,32520.0,2157.0,853552.0,3.80996
2009-11-16,3.49722,7716.0,4378.0,6090.0,8237.0,1406.0,771.0,22508.0,2146.0,654101.0,3.44106
2009-11-23,2.69023,7195.0,4259.0,6090.0,7988.0,1470.0,818.0,21730.0,2122.0,814550.0,2.66773
2009-11-30,2.47119,6490.0,3588.0,6090.0,7218.0,1314.0,715.0,19325.0,2093.0,781811.0,2.47183
2009-12-07,2.44773,6275.0,3249.0,6090.0,5785.0,1113.0,659.0,17081.0,2014.0,728401.0,2.345
2009-12-14,2.64594,6078.0,2677.0,6090.0,4127.0,1049.0,644.0,14575.0,1934.0,536961.0,2.71435
2009-12-21,2.61567,6598.0,3202.0,6090.0,3726.0,1284.0,803.0,15613.0,1937.0,583299.0,2.67667
2009-12-28,1.90712,4998.0,3333.0,6090.0,3961.0,1244.0,763.0,14299.0,1996.0,721138.0,1.98284
2010-01-04,1.86738,4877.0,2793.0,6090.0,4614.0,1182.0,622.0,14088.0,2016.0,770895.0,1.82749
2010-01-11,1.88072,5399.0,2693.0,6090.0,5079.0,1008.0,578.0,14757.0,2053.0,766177.0,1.92606
2010-01-18,1.96908,5333.0,2560.0,6090.0,5655.0,1046.0,528.0,15122.0,2026.0,785580.0,1.92495
2010-01-25,2.11387,5816.0,2581.0,6090.0,6142.0,948.0,550.0,16037.0,1996.0,767773.0,2.08877
2010-02-01,2.09695,5496.0,2644.0,6090.0,5577.0,1006.0,658.0,15381.0,1977.0,756068.0,2.03434
2010-02-08,1.90294,5388.0,2649.0,6090.0,5536.0,994.0,498.0,15065.0,1954.0,762208.0,1.97649
2010-02-15,1.96951,5040.0,2943.0,6090.0,6207.0,1218.0,679.0,16087.0,1990.0,806925.0,1.99362
2010-02-22,1.92331,4281.0,2763.0,6090.0,5685.0,1085.0,672.0,14486.0,1953.0,781411.0,1.85383
2010-03-01,1.89659,4612.0,2660.0,6090.0,5270.0,1112.0,700.0,14354.0,1946.0,768702.0,1.8673
2010-03-08,1.75181,4063.0,2468.0,6090.0,4466.0,976.0,628.0,12601.0,1933.0,741293.0,1.69987
2010-03-15,1.52632,3625.0,2097.0,6090.0,4108.0,827.0,534.0,11191.0,1917.0,747358.0,1.49741
2010-03-22,1.49572,3408.0,1954.0,6090.0,3733.0,736.0,528.0,10359.0,1875.0,713863.0,1.45112
2010-03-29,1.22313,3090.0,1718.0,6090.0,2933.0,644.0,428.0,8813.0,1850.0,730068.0,1.20715
2010-04-05,1.17754,3117.0,1572.0,6090.0,3110.0,598.0,404.0,8801.0,1831.0,749563.0,1.17415
2010-04-12,1.09112,2921.0,1461.0,6090.0,3044.0,522.0,414.0,8362.0,1765.0,719580.0,1.16207
2010-04-19,1.11958,3081.0,1435.0,6090.0,2972.0,557.0,395.0,8440.0,1755.0,720054.0,1.17213
2010-04-26,1.08169,2781.0,1385.0,6090.0,2901.0,482.0,365.0,7914.0,1710.0,705551.0,1.12168
2010-05-03,1.12497,2851.0,1363.0,6090.0,2645.0,491.0,347.0,7697.0,1664.0,669414.0,1.14981
2010-05-10,1.06197,2816.0,1364.0,6090.0,2553.0,498.0,372.0,7603.0,1624.0,670887.0,1.13328
2010-05-17,1.08909,2636.0,1235.0,6090.0,2188.0,445.0,349.0,6853.0,1497.0,633532.0,1.08171
2010-05-24,1.1776,2413.0,1212.0,6090.0,2172.0,463.0,335.0,6595.0,1421.0,549773.0,1.19959
2010-05-31,0.97493,2147.0,1081.0,6090.0,1831.0,374.0,322.0,5755.0,1435.0,604004.0,0.952808
2010-06-07,0.987132,1975.0,978.0,6090.0,1784.0,339.0,240.0,5316.0,1405.0,580329.0,0.916032
2010-06-14,0.995991,2027.0,882.0,6090.0,1779.0,397.0,249.0,5334.0,1384.0,575664.0,0.926582
2010-06-21,0.904726,1754.0,862.0,6090.0,1541.0,323.0,238.0,4718.0,1347.0,542536.0,0.86962
2010-06-28,0.941927,1753.0,816.0,6090.0,1566.0,334.0,222.0,4691.0,1353.0,519414.0,0.903133
2010-07-05,0.880415,1458.0,819.0,6090.0,1450.0,298.0,209.0,4234.0,1284.0,547187.0,0.773776
2010-07-12,0.842615,1323.0,759.0,6090.0,1335.0,335.0,198.0,3950.0,1265.0,531790.0,0.742774
2010-07-19,0.858382,1290.0,805.0,6090.0,1279.0,302.0,174.0,3850.0,1250.0,526723.0,0.730934
2010-07-26,0.83383,1381.0,839.0,6090.0,1357.0,291.0,209.0,4077.0,1241.0,518121.0,0.786882
2010-08-02,0.847437,1378.0,809.0,6090.0,1307.0,300.0,214.0,4008.0,1212.0,525260.0,0.763051
2010-08-09,0.888273,1485.0,883.0,6090.0,1592.0,360.0,198.0,4518.0,1225.0,537190.0,0.841043
2010-08-16,0.765372,1520.0,811.0,6090.0,1592.0,295.0,202.0,4420.0,1235.0,558382.0,0.791573
2010-08-23,0.91858,1564.0,1019.0,6090.0,1866.0,354.0,204.0,5007.0,1170.0,548573.0,0.912732
2010-08-30,1.01432,1850.0,1076.0,6090.0,1959.0,374.0,234.0,5493.0,1198.0,531250.0,1.03398
2010-09-06,1.01233,1720.0,1061.0,6090.0,2118.0,358.0,253.0,5510.0,1210.0,589930.0,0.934009
2010-09-13,1.11803,2134.0,1291.0,6090.0,2510.0,480.0,326.0,6741.0,1206.0,623077.0,1.08189
2010-09-20,1.11806,1995.0,1269.0,6090.0,2383.0,446.0,294.0,6387.0,1254.0,599366.0,1.06563
2010-09-27,1.10939,2627.0,1677.0,6090.0,3142.0,627.0,400.0,8473.0,1838.0,746485.0,1.13505
2010-10-04,1.24341,2953.0,1779.0,6090.0,3522.0,649.0,444.0,9347.0,1875.0,746230.0,1.25256
2010-10-11,1.25726,3044.0,1898.0,6090.0,3641.0,690.0,411.0,9684.0,1907.0,777397.0,1.2457
2010-10-18,1.25734,3226.0,1754.0,6090.0,3822.0,682.0,420.0,9904.0,1929.0,781234.0,1.26774
2010-10-25,1.43414,3451.0,1981.0,6090.0,4397.0,736.0,455.0,11020.0,1947.0,766753.0,1.43723
2010-11-01,1.51838,3927.0,1956.0,6090.0,4679.0,734.0,511.0,11807.0,1940.0,769982.0,1.53341
2010-11-08,1.61617,4416.0,2327.0,6090.0,5322.0,774.0,497.0,13336.0,1921.0,787038.0,1.69445
2010-11-15,1.84378,4598.0,2043.0,6090.0,4145.0,743.0,550.0,12079.0,1938.0,606527.0,1.9915
2010-11-22,1.72535,5045.0,2440.0,6090.0,4978.0,915.0,619.0,13997.0,1964.0,772016.0,1.81305
2010-11-29,1.87923,5060.0,2511.0,6090.0,5867.0,893.0,627.0,14958.0,1936.0,742606.0,2.01426
2010-12-06,2.3371,6300.0,2847.0,6090.0,7194.0,1031.0,650.0,18022.0,1916.0,704923.0,2.55659
2010-12-13,3.03533,7295.0,3433.0,6090.0,7071.0,1262.0,838.0,19899.0,1840.0,588406.0,3.38185
2010-12-20,3.136,7478.0,4455.0,6090.0,5764.0,1581.0,1068.0,20346.0,1887.0,592880.0,3.43172
2010-12-27,2.53336,6584.0,4455.0,6090.0,6342.0,1586.0,1059.0,20026.0,1923.0,744043.0,2.69151
2011-01-03,2.91288,6238.0,4220.0,6090.0,7773.0,1537.0,953.0,20721.0,1921.0,711908.0,2.91063
2011-01-10,3.44497,7247.0,5095.0,6090.0,11243.0,1734.0,938.0,26257.0,1964.0,751850.0,3.49232
2011-01-17,4.16185,8007.0,5952.0,6090.0,15291.0,1794.0,931.0,31975.0,1947.0,798637.0,4.0037
2011-01-24,4.55159,8195.0,6536.0,6090.0,16366.0,1990.0,1197.0,34284.0,1970.0,772974.0,4.43534
2011-01-31,4.46504,8036.0,6812.0,6090.0,16516.0,1996.0,1096.0,34456.0,1961.0,812230.0,4.24215
2011-02-07,4.55124,8172.0,7257.0,6090.0,17493.0,2352.0,1293.0,36567.0,1910.0,831600.0,4.39719
2011-02-14,4.0822,7839.0,6425.0,6090.0,13718.0,2028.0,1267.0,31277.0,1908.0,801449.0,3.90256
2011-02-21,3.38812,6376.0,4869.0,6090.0,10496.0,1740.0,1146.0,24627.0,1860.0,781629.0,3.15073
2011-02-28,2.99142,5691.0,3939.0,6090.0,8427.0,1421.0,899.0,20377.0,1829.0,747993.0,2.72422
2011-03-07,2.61542,5363.0,3265.0,6090.0,6702.0,1175.0,804.0,17309.0,1823.0,741807.0,2.33336
2011-03-14,2.09065,4400.0,2551.0,6090.0,5489.0,978.0,613.0,14031.0,1790.0,728883.0,1.925
2011-03-21,1.86146,4189.0,2244.0,6090.0,5025.0,877.0,622.0,12957.0,1770.0,739375.0,1.75243
2011-03-28,1.61377,3701.0,1985.0,6090.0,4557.0,747.0,508.0,11498.0,1723.0,729089.0,1.57704
2011-04-04,1.42199,3164.0,1574.0,6090.0,3562.0,641.0,450.0,9391.0,1681.0,691707.0,1.35766
2011-04-11,1.3382,3139.0,1505.0,6090.0,3064.0,559.0,428.0,8695.0,1651.0,662612.0,1.31223
2011-04-18,1.19995,2895.0,1324.0,6090.0,2673.0,555.0,383.0,7830.0,1612.0,681240.0,1.14937
2011-04-25,1.14889,2532.0,1305.0,6090.0,2553.0,524.0,393.0,7307.0,1585.0,655627.0,1.11451
2011-05-02,1.12194,2551.0,1254.0,6090.0,2595.0,485.0,351.0,7236.0,1556.0,651983.0,1.10984
2011-05-09,1.06712,2353.0,1131.0,6090.0,2280.0,461.0,305.0,6530.0,1516.0,620485.0,1.0524
2011-05-16,1.05058,2213.0,1045.0,6090.0,2110.0,405.0,299.0,6072.0,1381.0,586460.0,1.03536
2011-05-23,1.15203,2249.0,1013.0,6090.0,1980.0,397.0,307.0,5946.0,1357.0,531954.0,1.11777
2011-05-30,0.970975,2040.0,1037.0,6090.0,1760.0,432.0,278.0,5547.0,1296.0,564322.0,0.982949
2011-06-06,0.894683,1812.0,911.0,6090.0,1599.0,405.0,262.0,4989.0,1279.0,539238.0,0.925194
2011-06-13,0.843568,1604.0,870.0,6090.0,1422.0,308.0,244.0,4448.0,1251.0,532356.0,0.835531
2011-06-20,0.815409,1472.0,750.0,6090.0,1462.0,324.0,210.0,4218.0,1225.0,506732.0,0.832393
2011-06-27,0.823052,1423.0,823.0,6090.0,1269.0,270.0,224.0,4009.0,1211.0,468565.0,0.855591
2011-07-04,0.674635,1255.0,756.0,6090.0,1206.0,316.0,188.0,3721.0,1220.0,526346.0,0.706949
2011-07-11,0.631883,1243.0,733.0,6090.0,1184.0,259.0,178.0,3597.0,1203.0,518011.0,0.694387
2011-07-18,0.641513,1251.0,667.0,6090.0,1188.0,263.0,169.0,3538.0,1179.0,514262.0,0.687976
2011-07-25,0.529813,1088.0,635.0,6090.0,1125.0,203.0,151.0,3202.0,1175.0,496632.0,0.644743
2011-08-01,0.644089,1207.0,704.0,6090.0,1223.0,231.0,158.0,3523.0,1175.0,521671.0,0.67533
2011-08-08,0.667718,1342.0,767.0,6090.0,1358.0,241.0,166.0,3874.0,1191.0,531975.0,0.72823
2011-08-15,0.705668,1505.0,814.0,6090.0,1600.0,305.0,220.0,4444.0,1195.0,551005.0,0.806526
2011-08-22,0.804155,1528.0,887.0,6090.0,1781.0,308.0,213.0,4717.0,1200.0,548228.0,0.860408
2011-08-29,0.907804,1622.0,904.0,6090.0,1809.0,293.0,185.0,4813.0,1184.0,514168.0,0.936075
2011-09-05,1.00555,1788.0,1022.0,6090.0,2206.0,346.0,205.0,5567.0,1196.0,575887.0,0.966683
2011-09-12,1.03601,1816.0,1126.0,6090.0,2264.0,374.0,242.0,5822.0,1201.0,584534.0,0.996007
2011-09-19,1.07583,2248.0,1253.0,6090.0,2514.0,449.0,244.0,6708.0,1213.0,605162.0,1.10846
2011-09-26,1.16092,3106.0,1765.0,6090.0,3485.0,632.0,377.0,9365.0,1850.0,778182.0,1.20345
2011-10-03,1.19785,3317.0,1777.0,6090.0,3667.0,672.0,370.0,9803.0,1883.0,791987.0,1.23777
2011-10-10,1.27926,3324.0,1763.0,6090.0,3837.0,655.0,379.0,9958.0,1905.0,794995.0,1.25259
2011-10-17,1.29194,3453.0,1773.0,6090.0,4035.0,657.0,380.0,10298.0,1900.0,788840.0,1.30546
2011-10-24,1.42824,3634.0,1957.0,6090.0,4658.0,760.0,387.0,11396.0,1925.0,784334.0,1.45295
2011-10-31,1.39803,3949.0,2072.0,6090.0,4348.0,671.0,456.0,11496.0,1946.0,797839.0,1.44089
2011-11-07,1.45831,3923.0,2166.0,6090.0,4361.0,797.0,474.0,11721.0,1900.0,801594.0,1.46221
2011-11-14,1.56548,4125.0,1803.0,6090.0,3340.0,679.0,430.0,10377.0,1918.0,626731.0,1.65573
2011-11-21,1.34313,4237.0,2059.0,6090.0,3955.0,815.0,413.0,11479.0,1904.0,782984.0,1.46606
2011-11-28,1.48139,3995.0,1938.0,6090.0,4040.0,772.0,442.0,11187.0,1898.0,736905.0,1.51811
2011-12-05,1.63398,4579.0,2077.0,6090.0,4097.0,838.0,546.0,12137.0,1872.0,729258.0,1.66429
2011-12-12,1.83126,5016.0,2068.0,6090.0,3535.0,818.0,521.0,11958.0,1851.0,645424.0,1.85274
2011-12-19,2.10451,5243.0,2315.0,6090.0,3184.0,946.0,668.0,12356.0,1821.0,581697.0,2.12413
2011-12-26,1.73625,4514.0,2342.0,6090.0,3393.0,1028.0,715.0,11992.0,1891.0,678631.0,1.76709
2012-01-02,1.55066,4059.0,2319.0,6090.0,3636.0,918.0,611.0,11543.0,1883.0,747894.0,1.5434
2012-01-09,1.62891,4364.0,2247.0,6090.0,4030.0,800.0,498.0,11939.0,1887.0,724623.0,1.64762
2012-01-16,1.76038,4766.0,2303.0,6090.0,4802.0,825.0,513.0,13209.0,1891.0,784244.0,1.6843
2012-01-23,1.92728,5218.0,2415.0,6090.0,5336.0,915.0,564.0,14448.0,1885.0,775298.0,1.86354
2012-01-30,1.91994,5028.0,2582.0,6090.0,5555.0,894.0,565.0,14624.0,1875.0,784516.0,1.86408
2012-02-06,2.09951,5277.0,2937.0,6090.0,5994.0,1054.0,667.0,15929.0,1884.0,789193.0,2.01839
2012-02-13,2.23973,5246.0,3009.0,6090.0,5990.0,1131.0,761.0,16137.0,1853.0,767022.0,2.10385
2012-02-20,2.21921,5219.0,3141.0,6090.0,6239.0,1153.0,766.0,16518.0,1826.0,788242.0,2.09555
2012-02-27,2.16693,4811.0,2832.0,6090.0,6493.0,998.0,629.0,15763.0,1816.0,749198.0,2.10398
2012-03-05,2.38913,5175.0,3321.0,6090.0,6768.0,1185.0,701.0,17150.0,1819.0,747570.0,2.2941
2012-03-12,1.96466,4422.0,2822.0,6090.0,5683.0,988.0,609.0,14524.0,1780.0,755579.0,1.92223
2012-03-19,1.84229,3807.0,2485.0,6090.0,5256.0,920.0,549.0,13017.0,1753.0,747079.0,1.74239
2012-03-26,1.68674,3582.0,2306.0,6090.0,4631.0,839.0,572.0,11930.0,1729.0,711808.0,1.67601
2012-04-02,1.53136,3253.0,2109.0,6090.0,4059.0,767.0,544.0,10732.0,1707.0,717202.0,1.49637
2012-04-09,1.37912,3001.0,1990.0,6090.0,4020.0,719.0,393.0,10123.0,1699.0,732480.0,1.38202
2012-04-16,1.29515,2638.0,1831.0,6090.0,3802.0,664.0,435.0,9370.0,1675.0,726772.0,1.28926
2012-04-23,1.39521,2509.0,1728.0,6090.0,3671.0,636.0,455.0,8999.0,1564.0,662649.0,1.35803
2012-04-30,1.32522,2524.0,1559.0,6090.0,3468.0,606.0,419.0,8576.0,1546.0,655492.0,1.30833
2012-05-07,1.23059,2465.0,1547.0,6090.0,3087.0,588.0,375.0,8062.0,1503.0,636347.0,1.26692
2012-05-14,1.23028,2545.0,1461.0,6090.0,3011.0,483.0,378.0,7878.0,1415.0,616765.0,1.27731
2012-05-21,1.26877,2480.0,1276.0,6090.0,2601.0,446.0,350.0,7153.0,1409.0,550614.0,1.2991
2012-05-28,1.10782,2336.0,1281.0,6090.0,2352.0,458.0,338.0,6765.0,1365.0,581700.0,1.16297
2012-06-04,1.09559,2231.0,1150.0,6090.0,2024.0,428.0,300.0,6133.0,1289.0,564670.0,1.08612
2012-06-11,1.11031,2259.0,1119.0,6090.0,1974.0,411.0,285.0,6048.0,1295.0,572296.0,1.0568
2012-06-18,1.10616,2168.0,1058.0,6090.0,1850.0,422.0,288.0,5786.0,1260.0,536380.0,1.07871
2012-06-25,1.10816,1911.0,1013.0,6090.0,1706.0,388.0,273.0,5291.0,1271.0,505533.0,1.04662
2012-07-02,0.999444,1913.0,964.0,6090.0,1751.0,337.0,220.0,5185.0,1240.0,558637.0,0.928152
2012-07-09,0.924199,1818.0,914.0,6090.0,1640.0,318.0,241.0,4931.0,1223.0,546713.0,0.901936
2012-07-16,0.949257,1752.0,975.0,6090.0,1721.0,372.0,283.0,5103.0,1250.0,557488.0,0.915356
2012-07-23,0.978903,1728.0,1050.0,6090.0,1706.0,408.0,267.0,5159.0,1240.0,541600.0,0.952548
2012-07-30,0.925024,1660.0,989.0,6090.0,1718.0,375.0,284.0,5026.0,1248.0,548294.0,0.916661
2012-08-06,0.848456,1721.0,986.0,6090.0,1755.0,357.0,232.0,5051.0,1238.0,560110.0,0.901787
2012-08-13,1.04451,2098.0,1194.0,6090.0,2128.0,425.0,296.0,6141.0,1238.0,594395.0,1.03315
2012-08-20,1.0986,1958.0,1305.0,6090.0,2335.0,443.0,277.0,6318.0,1238.0,600354.0,1.05238
2012-08-27,1.22071,1886.0,1317.0,6090.0,2294.0,481.0,318.0,6296.0,1242.0,558585.0,1.12713
2012-09-03,1.24976,2176.0,1408.0,6090.0,2870.0,513.0,415.0,7382.0,1252.0,622114.0,1.1866
2012-09-10,1.22892,2295.0,1530.0,6090.0,2972.0,511.0,348.0,7656.0,1268.0,630563.0,1.21415
2012-09-17,1.29393,2421.0,1546.0,6090.0,2867.0,575.0,398.0,7807.0,1248.0,623572.0,1.25198
2012-09-24,1.23034,2773.0,1814.0,6090.0,3691.0,702.0,415.0,9395.0,1932.0,779285.0,1.20559
2012-10-01,1.3278,2960.0,1957.0,6090.0,4007.0,745.0,489.0,10158.0,1940.0,769959.0,1.31929
2012-10-08,1.33995,3202.0,1902.0,6090.0,4233.0,760.0,488.0,10585.0,1968.0,797444.0,1.32737
2012-10-15,1.37842,3346.0,2012.0,6090.0,4268.0,771.0,516.0,10913.0,1958.0,798388.0,1.36688
2012-10-22,1.50085,3326.0,2032.0,6090.0,4422.0,797.0,484.0,11061.0,1929.0,734781.0,1.50535
2012-10-29,1.65163,3733.0,2330.0,6090.0,5145.0,925.0,541.0,12674.0,1974.0,785871.0,1.61273
2012-11-05,1.76746,4034.0,2569.0,6090.0,5526.0,897.0,597.0,13623.0,1966.0,777534.0,1.75208
2012-11-12,2.30609,4651.0,2824.0,6090.0,5387.0,1105.0,683.0,14650.0,1968.0,627772.0,2.33365
2012-11-19,2.16324,5102.0,3950.0,6090.0,7018.0,1498.0,953.0,18521.0,2006.0,831730.0,2.2268
2012-11-26,2.83038,6486.0,4672.0,6090.0,10857.0,1791.0,1071.0,24877.0,2006.0,835762.0,2.97657
2012-12-03,3.43761,7446.0,5692.0,6090.0,12945.0,2087.0,1262.0,29432.0,1977.0,811800.0,3.62552
2012-12-10,4.30554,8546.0,7437.0,6090.0,13971.0,2730.0,1648.0,34332.0,1908.0,754019.0,4.5532
2012-12-17,6.06082,9709.0,9295.0,6090.0,11391.0,3639.0,2554.0,36588.0,1905.0,607171.0,6.02598
2012-12-31,4.64931,8444.0,9679.0,6090.0,9108.0,4080.0,2792.0,34103.0,1982.0,687051.0,4.96368
2013-01-07,4.32584,8297.0,10877.0,6090.0,13424.0,4502.0,2796.0,39896.0,1995.0,850531.0,4.69072
2013-01-14,4.51113,8633.0,8977.0,6090.0,15992.0,3523.0,2316.0,39441.0,2008.0,838326.0,4.70473
2013-01-21,4.2171,7441.0,7021.0,6090.0,13439.0,2760.0,1765.0,32426.0,1978.0,778610.0,4.1646
2013-01-28,3.78956,6609.0,6421.0,6090.0,12653.0,2551.0,1574.0,29808.0,1963.0,806640.0,3.69533
2013-02-04,3.29206,5757.0,5236.0,6090.0,10816.0,1971.0,1207.0,24987.0,1931.0,772086.0,3.2363
2013-02-11,3.0197,5289.0,4698.0,6090.0,9395.0,1894.0,1045.0,22321.0,1926.0,771229.0,2.89421
2013-02-18,2.71499,5099.0,4357.0,6090.0,8415.0,1625.0,1023.0,20519.0,1940.0,755092.0,2.71742
2013-02-25,2.4845,4633.0,4030.0,6090.0,7981.0,1619.0,968.0,19231.0,1893.0,762238.0,2.52297
2013-03-04,2.57808,4791.0,3935.0,6090.0,7709.0,1536.0,858.0,18829.0,1884.0,737736.0,2.55227
2013-03-11,2.39237,4480.0,3606.0,6090.0,7065.0,1352.0,889.0,17392.0,1846.0,715059.0,2.43225
2013-03-18,2.06778,3957.0,3191.0,6090.0,6095.0,1270.0,741.0,15254.0,1825.0,723449.0,2.10851
2013-03-25,1.90281,3830.0,2924.0,6090.0,5204.0,1124.0,632.0,13714.0,1811.0,704276.0,1.94725
2013-04-01,1.65902,3516.0,2677.0,6090.0,4299.0,1106.0,675.0,12273.0,1769.0,701881.0,1.74859
2013-04-08,1.43006,3110.0,2219.0,6090.0,3929.0,957.0,603.0,10818.0,1742.0,722583.0,1.49713
2013-04-15,1.27757,2707.0,1757.0,6090.0,3509.0,724.0,491.0,9188.0,1732.0,694415.0,1.32313
2013-04-22,1.19009,2588.0,1630.0,6090.0,3364.0,582.0,425.0,8589.0,1711.0,700300.0,1.22647
2013-04-29,1.09556,2439.0,1470.0,6090.0,3142.0,565.0,370.0,7986.0,1675.0,667648.0,1.19614
2013-05-06,1.08589,2422.0,1474.0,6090.0,2877.0,570.0,361.0,7704.0,1630.0,647130.0,1.19049
2013-05-13,1.07343,2431.0,1345.0,6090.0,2583.0,565.0,393.0,7317.0,1582.0,623114.0,1.17426
2013-05-20,1.01677,2230.0,1279.0,6090.0,2219.0,493.0,368.0,6589.0,1489.0,581338.0,1.13342
2013-05-27,1.04847,2109.0,1147.0,6090.0,2094.0,483.0,357.0,6190.0,1486.0,541528.0,1.14306
2013-06-03,0.920349,1983.0,1086.0,6090.0,1779.0,460.0,330.0,5638.0,1421.0,558875.0,1.00881
2013-06-10,0.920779,1969.0,1112.0,6090.0,1713.0,468.0,277.0,5539.0,1419.0,541138.0,1.02358
2013-06-17,0.904333,1877.0,1040.0,6090.0,1766.0,489.0,302.0,5474.0,1405.0,546643.0,1.00138
2013-06-24,0.83057,1703.0,947.0,6090.0,1581.0,399.0,285.0,4915.0,1389.0,540408.0,0.909498
2013-07-01,0.862837,1594.0,851.0,6090.0,1489.0,321.0,251.0,4506.0,1357.0,474295.0,0.950042
2013-07-08,0.732182,1576.0,862.0,6090.0,1491.0,362.0,219.0,4510.0,1362.0,543833.0,0.829299
2013-07-15,0.724558,1432.0,849.0,6090.0,1405.0,315.0,185.0,4186.0,1341.0,521874.0,0.802109
2013-07-22,0.740848,1416.0,800.0,6090.0,1464.0,332.0,221.0,4233.0,1325.0,524969.0,0.806333
2013-07-29,0.726037,1216.0,852.0,6090.0,1284.0,350.0,184.0,3886.0,1290.0,487617.0,0.796937
2013-08-05,0.755639,1367.0,870.0,6090.0,1338.0,302.0,198.0,4075.0,1299.0,523015.0,0.779136
2013-08-12,0.761847,1364.0,919.0,6090.0,1366.0,331.0,188.0,4168.0,1276.0,522533.0,0.797653
2013-08-19,0.779896,1331.0,892.0,6090.0,1561.0,301.0,232.0,4317.0,1265.0,522965.0,0.825485
2013-08-26,0.899138,1499.0,1014.0,6090.0,1814.0,410.0,316.0,5053.0,1260.0,540157.0,0.935469
2013-09-02,0.999524,1681.0,1137.0,6090.0,2035.0,462.0,311.0,5626.0,1317.0,539175.0,1.04345
2013-09-09,1.0558,1926.0,1217.0,6090.0,2437.0,440.0,354.0,6374.0,1307.0,584196.0,1.09107
2013-09-16,1.0967,2175.0,1350.0,6090.0,2683.0,537.0,365.0,7110.0,1290.0,591969.0,1.20108
2013-09-23,1.24709,2393.0,1500.0,6090.0,2963.0,648.0,459.0,7963.0,1364.0,631088.0,1.26179
2013-09-30,1.15746,2974.0,1840.0,6090.0,3769.0,638.0,456.0,9677.0,1960.0,854487.0,1.13249
2013-10-07,1.27184,3276.0,1924.0,6090.0,3925.0,762.0,533.0,10420.0,1990.0,860298.0,1.21121
2013-10-14,1.31623,3483.0,2010.0,6090.0,3880.0,785.0,500.0,10658.0,2018.0,848016.0,1.25682
2013-10-21,1.37444,3930.0,2292.0,6090.0,4484.0,816.0,514.0,12036.0,2027.0,877917.0,1.37097
2013-10-28,1.46781,4045.0,2354.0,6090.0,4642.0,930.0,531.0,12502.0,2028.0,874537.0,1.42956
2013-11-04,1.5834,4434.0,2511.0,6090.0,5062.0,953.0,538.0,13498.0,2017.0,878845.0,1.53588
2013-11-11,1.60253,4643.0,2716.0,6090.0,5000.0,990.0,578.0,13927.0,2054.0,868987.0,1.60267
2013-11-18,1.72344,4835.0,3088.0,6090.0,5579.0,1083.0,583.0,15168.0,2012.0,875411.0,1.73267
2013-11-25,2.11076,4937.0,3027.0,6090.0,4313.0,1059.0,639.0,13975.0,2042.0,665926.0,2.09858
2013-12-02,2.1708,5549.0,4375.0,6090.0,6579.0,1552.0,865.0,18920.0,2055.0,854664.0,2.21374
2013-12-09,2.36971,5501.0,4458.0,6090.0,7046.0,1591.0,802.0,19398.0,2054.0,802651.0,2.41674
2013-12-16,3.15997,6555.0,6525.0,6090.0,8406.0,2272.0,939.0,24697.0,2009.0,814891.0,3.03071
2013-12-23,4.59053,7814.0,7499.0,6090.0,7485.0,2874.0,1316.0,26988.0,2007.0,615148.0,4.38724
2013-12-30,4.28195,7488.0,9135.0,6090.0,6726.0,3555.0,1750.0,28654.0,2033.0,680424.0,4.2112
2014-01-06,3.56288,6233.0,8846.0,6090.0,7881.0,3565.0,1622.0,28147.0,2059.0,812343.0,3.46492
2014-01-13,3.36378,6007.0,8091.0,6090.0,9517.0,3149.0,1606.0,28370.0,2049.0,855297.0,3.31698
2014-01-20,3.39659,5878.0,6818.0,6090.0,8858.0,2616.0,1332.0,25502.0,2062.0,786928.0,3.2407
2014-01-27,3.11922,5133.0,6031.0,6090.0,8714.0,2403.0,1203.0,23484.0,2051.0,813726.0,2.88598
2014-02-03,2.83572,4729.0,5278.0,6090.0,7711.0,2242.0,1125.0,21085.0,2051.0,804244.0,2.62172
2014-02-10,2.48484,4210.0,4470.0,6090.0,6717.0,1829.0,969.0,18195.0,2018.0,777340.0,2.34067
2014-02-17,2.2741,4250.0,4306.0,6090.0,6121.0,1684.0,873.0,17234.0,2025.0,812700.0,2.12059
2014-02-24,2.07244,3953.0,3691.0,6090.0,5875.0,1505.0,890.0,15914.0,1978.0,832786.0,1.91094
2014-03-03,1.98207,3775.0,3472.0,6090.0,5575.0,1430.0,792.0,15044.0,1944.0,790831.0,1.9023
2014-03-10,1.82441,3616.0,3210.0,6090.0,5022.0,1360.0,816.0,14024.0,1904.0,794024.0,1.76619
2014-03-17,1.82036,3798.0,3285.0,6090.0,5611.0,1422.0,810.0,14926.0,1922.0,803374.0,1.85791
2014-03-24,1.75391,3523.0,3256.0,6090.0,5812.0,1298.0,772.0,14661.0,1887.0,805133.0,1.82094
2014-03-31,1.74542,3582.0,3153.0,6090.0,5659.0,1436.0,807.0,14637.0,1866.0,797863.0,1.83453
2014-04-07,1.67236,3574.0,2943.0,6090.0,5587.0,1316.0,786.0,14206.0,1845.0,809707.0,1.75446
2014-04-14,1.51659,3130.0,2516.0,6090.0,4279.0,1088.0,710.0,11723.0,1810.0,773101.0,1.51636
2014-04-21,1.44778,2846.0,2504.0,6090.0,3770.0,1036.0,658.0,10814.0,1771.0,770592.0,1.40334
2014-04-28,1.29028,2501.0,2084.0,6090.0,3591.0,913.0,559.0,9648.0,1746.0,766139.0,1.2593
2014-05-05,1.37388,2789.0,2009.0,6090.0,3615.0,834.0,528.0,9775.0,1714.0,737834.0,1.32482
2014-05-12,1.34208,2544.0,1876.0,6090.0,3256.0,825.0,532.0,9033.0,1660.0,708049.0,1.27576
2014-05-19,1.34563,2733.0,1742.0,6090.0,3068.0,771.0,483.0,8797.0,1570.0,679395.0,1.29483
2014-05-26,1.21291,2528.0,1542.0,6090.0,2459.0,625.0,504.0,7658.0,1554.0,624582.0,1.2261
2014-06-02,1.19291,2383.0,1492.0,6090.0,2349.0,607.0,398.0,7229.0,1461.0,631143.0,1.14538
2014-06-09,1.14146,2227.0,1413.0,6090.0,2181.0,561.0,401.0,6783.0,1461.0,635233.0,1.0678
2014-06-16,1.06503,2159.0,1285.0,6090.0,2009.0,528.0,388.0,6369.0,1392.0,593740.0,1.07269
2014-06-23,1.12669,2049.0,1235.0,6090.0,1917.0,509.0,328.0,6038.0,1411.0,596063.0,1.01298
2014-06-30,0.947353,1865.0,1075.0,6090.0,1688.0,416.0,308.0,5352.0,1388.0,538049.0,0.994705
2014-07-07,0.944187,1758.0,1122.0,6090.0,1623.0,441.0,351.0,5295.0,1394.0,601116.0,0.880862
2014-07-14,0.934822,1582.0,1116.0,6090.0,1621.0,403.0,361.0,5083.0,1376.0,592305.0,0.858173
2014-07-21,0.81736,1455.0,1128.0,6090.0,1450.0,398.0,334.0,4765.0,1372.0,591814.0,0.805152
2014-07-28,0.852792,1450.0,1094.0,6090.0,1655.0,417.0,326.0,4942.0,1378.0,603580.0,0.818781
2014-08-04,0.746994,1460.0,1074.0,6090.0,1528.0,409.0,273.0,4744.0,1382.0,605307.0,0.783735
2014-08-11,0.761098,1528.0,1107.0,6090.0,1631.0,403.0,311.0,4980.0,1369.0,586778.0,0.848703
2014-08-18,0.767627,1569.0,1196.0,6090.0,1813.0,412.0,315.0,5305.0,1371.0,635980.0,0.834146
2014-08-25,0.862176,1684.0,1223.0,6090.0,2184.0,401.0,307.0,5799.0,1353.0,640080.0,0.905981
2014-09-01,0.984907,1753.0,1284.0,6090.0,2258.0,453.0,302.0,6050.0,1352.0,578913.0,1.04506
2014-09-08,1.16287,2300.0,1550.0,6090.0,3316.0,568.0,396.0,8130.0,1401.0,695966.0,1.16816
2014-09-15,1.22731,2535.0,1705.0,6090.0,3650.0,605.0,393.0,8888.0,1405.0,696282.0,1.27649
2014-09-22,1.2071,2522.0,1820.0,6090.0,3447.0,657.0,428.0,8874.0,1407.0,683887.0,1.29758
2014-09-29,1.16191,2958.0,1959.0,6090.0,3994.0,712.0,527.0,10150.0,1937.0,841540.0,1.20612
2014-10-06,1.30905,3055.0,2116.0,6090.0,4437.0,821.0,548.0,10977.0,1960.0,828544.0,1.32485
2014-10-13,1.37072,3442.0,2321.0,6090.0,4728.0,870.0,580.0,11941.0,2000.0,845727.0,1.41192
2014-10-20,1.43373,3455.0,2459.0,6090.0,4955.0,892.0,531.0,12292.0,2008.0,862314.0,1.42547
2014-10-27,1.42791,3632.0,2242.0,6090.0,5102.0,807.0,530.0,12313.0,2053.0,855608.0,1.43909
2014-11-03,1.61605,4277.0,2349.0,6090.0,5799.0,863.0,565.0,13853.0,2058.0,857601.0,1.61532
2014-11-10,1.65976,4424.0,2323.0,6090.0,5816.0,911.0,588.0,14062.0,1997.0,844700.0,1.66473
2014-11-17,2.05459,4740.0,2921.0,6090.0,7322.0,1049.0,642.0,16674.0,2058.0,831289.0,2.0058
2014-11-24,2.53541,5432.0,3277.0,6090.0,6848.0,1165.0,880.0,17602.0,2067.0,671251.0,2.62227
2014-12-01,2.54253,6185.0,4623.0,6090.0,9106.0,1767.0,1224.0,22905.0,2097.0,878430.0,2.60749
2014-12-08,3.60563,7424.0,5287.0,6090.0,13050.0,1970.0,1441.0,29172.0,2069.0,853532.0,3.4178
2014-12-15,4.90976,9270.0,6920.0,6090.0,16418.0,2671.0,2103.0,37382.0,2016.0,837119.0,4.46555
2014-12-22,5.98221,10363.0,8982.0,6090.0,13951.0,3718.0,3519.0,40533.0,1984.0,662849.0,6.11497
2014-12-29,4.843975,8446.0,8710.0,6090.0,9497.5,3951.0,3582.5,34187.0,1970.5,733304.0,4.694385
2015-01-05,4.21022,7044.0,6946.0,6090.0,11966.0,2909.0,2339.0,31204.0,1971.0,792459.0,3.93762
2015-01-12,4.25968,7840.0,6451.0,6090.0,13949.0,2951.0,2030.0,33221.0,1966.0,800359.0,4.15076
2015-01-19,3.97761,7118.0,5844.0,6090.0,13159.0,2585.0,1915.0,30621.0,1955.0,789407.0,3.87899
2015-01-26,3.63443,6656.0,5380.0,6090.0,12093.0,2368.0,1654.0,28151.0,1950.0,814097.0,3.45794
2015-02-02,3.26527,6429.0,4884.0,6090.0,10328.0,2072.0,1505.0,25218.0,1917.0,823153.0,3.06359
2015-02-09,2.93083,5537.0,4295.0,6090.0,8164.0,1842.0,1271.0,21109.0,1907.0,746836.0,2.82646
2015-02-16,2.54474,4823.0,4061.0,6090.0,7280.0,1765.0,1249.0,19178.0,1934.0,812660.0,2.3599
2015-02-23,2.47227,4639.0,3914.0,6090.0,7116.0,1696.0,1076.0,18441.0,1912.0,789858.0,2.33472
2015-03-02,2.35665,4710.0,3654.0,6090.0,6748.0,1654.0,1067.0,17833.0,1907.0,805881.0,2.21286
2015-03-09,2.17008,4559.0,3482.0,6090.0,6084.0,1573.0,997.0,16695.0,1883.0,804117.0,2.07619
2015-03-16,2.04297,4418.0,3284.0,6090.0,6003.0,1486.0,931.0,16122.0,1848.0,801027.0,2.01267
2015-03-23,1.954,4174.0,2968.0,6090.0,5623.0,1321.0,889.0,14975.0,1819.0,771143.0,1.94192
2015-03-30,1.72287,3903.0,2931.0,6090.0,4634.0,1387.0,878.0,13733.0,1820.0,785602.0,1.74809
2015-04-06,1.53694,3448.0,2448.0,6090.0,4214.0,1160.0,774.0,12044.0,1813.0,800974.0,1.50367
2015-04-13,1.38283,3182.0,2052.0,6090.0,4011.0,975.0,640.0,10860.0,1768.0,756827.0,1.43494
2015-04-20,1.46265,3203.0,2122.0,6090.0,4280.0,888.0,602.0,11095.0,1753.0,761638.0,1.45673
2015-04-27,1.38934,3106.0,2074.0,6090.0,4079.0,846.0,589.0,10694.0,1735.0,748690.0,1.42836
2015-05-04,1.3468,2805.0,1810.0,6090.0,3641.0,813.0,602.0,9671.0,1688.0,714799.0,1.35297
2015-05-11,1.25452,2754.0,1768.0,6090.0,3296.0,736.0,470.0,9024.0,1622.0,678023.0,1.33093
2015-05-18,1.21636,2593.0,1461.0,6090.0,2714.0,652.0,493.0,7913.0,1579.0,616171.0,1.28422
2015-05-25,1.16734,2211.0,1334.0,6090.0,2345.0,594.0,462.0,6946.0,1505.0,609891.0,1.13889
2015-06-01,1.04654,2109.0,1320.0,6090.0,2284.0,575.0,456.0,6744.0,1455.0,611184.0,1.10343
2015-06-08,0.943661,1734.0,1167.0,6090.0,2046.0,495.0,408.0,5850.0,1459.0,602628.0,0.970748
2015-06-15,0.935046,1897.0,1170.0,6090.0,1921.0,496.0,429.0,5913.0,1445.0,592081.0,0.998681
2015-06-22,0.934726,1678.0,1043.0,6090.0,1701.0,430.0,380.0,5232.0,1417.0,534938.0,0.978057
2015-06-29,0.864118,1546.0,1081.0,6090.0,1675.0,443.0,371.0,5116.0,1428.0,590468.0,0.866431
2015-07-06,0.806535,1487.0,1028.0,6090.0,1609.0,405.0,341.0,4870.0,1411.0,588337.0,0.827757
2015-07-13,0.742747,1383.0,1011.0,6090.0,1498.0,413.0,321.0,4626.0,1401.0,580010.0,0.797572
2015-07-20,0.737859,1415.0,999.0,6090.0,1459.0,432.0,300.0,4605.0,1352.0,567663.0,0.811221
2015-07-27,0.743224,1392.0,1026.0,6090.0,1590.0,420.0,325.0,4753.0,1364.0,578812.0,0.821165
2015-08-03,0.805251,1330.0,1062.0,6090.0,1667.0,400.0,291.0,4750.0,1340.0,579668.0,0.819435
2015-08-10,0.816943,1429.0,1134.0,6090.0,1815.0,436.0,359.0,5173.0,1356.0,609994.0,0.848041
2015-08-17,0.814518,1687.0,1151.0,6090.0,2033.0,423.0,354.0,5648.0,1362.0,635661.0,0.888524
2015-08-24,0.86067,1636.0,1230.0,6090.0,2292.0,481.0,324.0,5963.0,1354.0,619323.0,0.962826
2015-08-31,0.886704,1714.0,1297.0,6090.0,2169.0,461.0,329.0,5970.0,1349.0,583853.0,1.02252
2015-09-07,1.00845,1993.0,1392.0,6090.0,2744.0,536.0,397.0,7062.0,1369.0,651524.0,1.08392
2015-09-14,1.06625,2178.0,1520.0,6090.0,2947.0,627.0,432.0,7704.0,1367.0,654414.0,1.17724
2015-09-21,1.05995,2170.0,1654.0,6090.0,2746.0,652.0,404.0,7626.0,1332.0,650904.0,1.1716
2015-09-28,1.22559,2849.0,2015.0,6090.0,3693.0,871.0,621.0,10049.0,1963.0,808287.0,1.24325
2015-10-05,1.31066,3016.0,2102.0,6090.0,4007.0,912.0,678.0,10715.0,1976.0,809660.0,1.3234
2015-10-12,1.3711,3263.0,2357.0,6090.0,4360.0,951.0,653.0,11584.0,1995.0,825079.0,1.40399
2015-10-19,1.39171,3141.0,2254.0,6090.0,4148.0,927.0,694.0,11164.0,1999.0,811165.0,1.37629
2015-10-26,1.43712,3563.0,2450.0,6090.0,4783.0,935.0,692.0,12423.0,2048.0,845875.0,1.46866
2015-11-02,1.50165,3746.0,2517.0,6090.0,4725.0,943.0,745.0,12676.0,2028.0,826877.0,1.533
2015-11-09,1.59805,3960.0,2656.0,6090.0,5076.0,1026.0,766.0,13484.0,2023.0,838344.0,1.60841
2015-11-16,1.89668,3974.0,2427.0,6090.0,4073.0,981.0,703.0,12158.0,2000.0,639738.0,1.90047
2015-11-23,1.67728,4469.0,3011.0,6090.0,5076.0,1232.0,829.0,14617.0,2040.0,841777.0,1.73645
2015-11-30,1.78296,4575.0,2902.0,6090.0,5384.0,1252.0,873.0,14986.0,2020.0,823657.0,1.81945
2015-12-07,1.87336,5135.0,2963.0,6090.0,5105.0,1250.0,943.0,15396.0,2000.0,783227.0,1.96571
2015-12-14,2.32148,5377.0,2876.0,6090.0,4317.0,1256.0,1013.0,14839.0,1978.0,613128.0,2.42021
2015-12-21,2.40991,5700.0,3264.0,6090.0,4011.0,1524.0,1180.0,15679.0,1949.0,650356.0,2.41083
2015-12-28,1.94328,4775.0,3597.0,6090.0,4494.0,1631.0,1157.0,15654.0,2004.0,787192.0,1.98859
2016-01-04,1.99796,4574.0,3180.0,6090.0,5362.0,1380.0,1021.0,15517.0,2005.0,779809.0,1.98985
2016-01-11,2.11829,4804.0,3226.0,6090.0,5380.0,1297.0,954.0,15661.0,2008.0,743249.0,2.1071
2016-01-18,2.25112,5088.0,3615.0,6090.0,6882.0,1551.0,1007.0,18143.0,2026.0,827482.0,2.19256
2016-01-25,2.37116,5135.0,3759.0,6090.0,7353.0,1625.0,1072.0,18944.0,2007.0,823602.0,2.30014
2016-02-01,2.80035,5645.0,4600.0,6090.0,8434.0,1916.0,1179.0,21774.0,2000.0,813755.0,2.67574
2016-02-08,3.16475,5997.0,5642.0,6090.0,9325.0,2347.0,1370.0,24681.0,1993.0,816098.0,3.02427
2016-02-15,3.15183,6299.0,6001.0,6090.0,10127.0,2606.0,1390.0,26423.0,1956.0,848718.0,3.11328
2016-02-22,3.3321,6619.0,6395.0,6090.0,11415.0,2599.0,1440.0,28468.0,1952.0,855439.0,3.32788
2016-02-29,3.56024,6660.0,7358.0,6090.0,11856.0,2977.0,1630.0,30481.0,1922.0,848628.0,3.5918
2016-03-07,3.05479,5574.0,6026.0,6090.0,9334.0,2489.0,1471.0,24894.0,1898.0,804948.0,3.09262
2016-03-14,2.76732,5187.0,4982.0,6090.0,8489.0,2000.0,1282.0,21940.0,1900.0,786936.0,2.78803
2016-03-21,2.44161,4581.0,4476.0,6090.0,7392.0,1953.0,1201.0,19603.0,1832.0,776752.0,2.52371
2016-03-28,2.03348,3707.0,3869.0,6090.0,6403.0,1660.0,1130.0,16769.0,1813.0,787543.0,2.12928
2016-04-04,1.98593,3572.0,3530.0,6090.0,6595.0,1533.0,1031.0,16261.0,1805.0,792672.0,2.05142
2016-04-11,1.91514,3515.0,3247.0,6090.0,6357.0,1373.0,945.0,15437.0,1774.0,775895.0,1.98957
2016-04-18,1.69968,3157.0,2986.0,6090.0,5557.0,1235.0,901.0,13836.0,1759.0,774777.0,1.7858
2016-04-25,1.57635,2772.0,2586.0,6090.0,4729.0,1037.0,746.0,11870.0,1742.0,741210.0,1.60144
2016-05-02,1.3935,2871.0,2276.0,6090.0,4046.0,849.0,665.0,10707.0,1690.0,726244.0,1.4743
2016-05-09,1.29941,2688.0,1998.0,6090.0,3630.0,839.0,643.0,9798.0,1626.0,688612.0,1.42286
2016-05-16,1.18379,2612.0,1714.0,6090.0,3126.0,717.0,618.0,8787.0,1439.0,635835.0,1.38196
2016-05-23,1.13723,2545.0,1637.0,6090.0,2620.0,663.0,532.0,7997.0,1482.0,598077.0,1.33712
2016-05-30,1.04118,2293.0,1460.0,6090.0,2313.0,617.0,518.0,7201.0,1446.0,632252.0,1.13894
2016-06-06,0.971814,2189.0,1354.0,6090.0,2171.0,588.0,466.0,6768.0,1440.0,617287.0,1.09641
2016-06-13,0.863306,2062.0,1178.0,6090.0,1905.0,493.0,386.0,6024.0,1402.0,602666.0,0.999559
2016-06-20,0.833797,1873.0,1146.0,6090.0,1810.0,473.0,384.0,5686.0,1382.0,573793.0,0.99095
2016-06-27,0.784516,1646.0,985.0,6090.0,1641.0,463.0,383.0,5118.0,1379.0,549582.0,0.931253
2016-07-04,0.734327,1610.0,1064.0,6090.0,1599.0,422.0,383.0,5078.0,1392.0,602288.0,0.843118
2016-07-11,0.698845,1670.0,994.0,6090.0,1621.0,384.0,375.0,5044.0,1388.0,600272.0,0.840286
2016-07-18,0.723099,1580.0,1036.0,6090.0,1624.0,362.0,323.0,4925.0,1393.0,593327.0,0.830065
2016-07-25,0.663501,1455.0,971.0,6090.0,1496.0,359.0,315.0,4596.0,1360.0,581457.0,0.790428
2016-08-01,0.69276,1512.0,1016.0,6090.0,1639.0,382.0,319.0,4868.0,1329.0,585923.0,0.830826
2016-08-08,0.710029,1644.0,1028.0,6090.0,1914.0,373.0,306.0,5265.0,1345.0,614499.0,0.856796
2016-08-15,0.834232,1848.0,1234.0,6090.0,2364.0,465.0,349.0,6260.0,1356.0,621362.0,1.00746
2016-08-22,0.992621,1815.0,1242.0,6090.0,2651.0,455.0,341.0,6504.0,1354.0,614349.0,1.05868
2016-08-29,1.01605,1883.0,1284.0,6090.0,2604.0,471.0,381.0,6623.0,1347.0,601938.0,1.10028
2016-09-05,1.07169,2026.0,1509.0,6090.0,3073.0,579.0,452.0,7639.0,1365.0,666755.0,1.1457
2016-09-12,1.10163,2341.0,1539.0,6090.0,3298.0,613.0,438.0,8229.0,1363.0,675119.0,1.2189
2016-09-19,1.18841,2413.0,1645.0,6090.0,3334.0,630.0,483.0,8505.0,1389.0,648678.0,1.31113
2016-09-26,1.2019,3110.0,2114.0,6090.0,4169.0,828.0,643.0,10864.0,1946.0,852842.0,1.27386
2016-10-03,1.23108,3207.0,2155.0,6090.0,4078.0,879.0,678.0,10997.0,1973.0,850228.0,1.29342
2016-10-10,1.26796,3564.0,2234.0,6090.0,4452.0,981.0,695.0,11926.0,1983.0,896035.0,1.33097
2016-10-17,1.36298,3786.0,2406.0,6090.0,4769.0,987.0,700.0,12648.0,2006.0,886570.0,1.42662
2016-10-24,1.48535,4314.0,2444.0,6090.0,5287.0,1030.0,715.0,13790.0,1999.0,877947.0,1.57071
2016-10-31,1.55954,4703.0,2549.0,6090.0,5193.0,1055.0,758.0,14258.0,1990.0,863356.0,1.65146
2016-11-07,1.64783,4979.0,2659.0,6090.0,5610.0,1083.0,829.0,15160.0,2000.0,874739.0,1.73309
2016-11-14,1.91275,5032.0,2634.0,6090.0,4567.0,1108.0,867.0,14208.0,2011.0,698566.0,2.03388
2016-11-21,1.81725,5209.0,3326.0,6090.0,5655.0,1359.0,1056.0,16605.0,2001.0,881694.0,1.88331
2016-11-28,1.91433,5501.0,3188.0,6090.0,5812.0,1413.0,1047.0,16961.0,2013.0,846813.0,2.00292
2016-12-05,2.21003,5744.0,3491.0,6090.0,6724.0,1485.0,1019.0,18463.0,2000.0,810736.0,2.27731
2016-12-12,2.73568,6653.0,4099.0,6090.0,7469.0,1923.0,1421.0,21565.0,1977.0,739882.0,2.91465
2016-12-19,3.36832,7712.0,5247.0,6090.0,7144.0,2652.0,2145.0,24900.0,1928.0,701569.0,3.54919
2016-12-26,3.09689,6716.0,5673.0,6090.0,6786.0,2773.0,2230.0,24178.0,2024.0,784740.0,3.08102
2017-01-02,3.07346,6020.0,5313.0,6090.0,8843.0,2639.0,2082.0,24897.0,1997.0,824746.0,3.01875
2017-01-09,3.51643,6399.0,5588.0,6090.0,12147.0,2717.0,1930.0,28781.0,2029.0,845391.0,3.40446
2017-01-16,3.8027,6958.0,5788.0,6090.0,14073.0,2623.0,1823.0,31265.0,2021.0,886023.0,3.52869
2017-01-23,4.50313,7452.0,6522.0,6090.0,17482.0,2968.0,2093.0,36517.0,2024.0,889216.0,4.10665
2017-01-30,5.06308,8110.0,8235.0,6090.0,20150.0,3749.0,2646.0,42890.0,2027.0,901978.0,4.7551
2017-02-06,4.86009,7726.0,8328.0,6090.0,18692.0,3652.0,2637.0,41035.0,1967.0,882163.0,4.65163
2017-02-13,4.57916,7649.0,8560.0,6090.0,17300.0,3807.0,2808.0,40124.0,1987.0,877892.0,4.57049
2017-02-20,3.55674,6129.0,6496.0,6090.0,12394.0,2983.0,2181.0,30183.0,1995.0,873547.0,3.45522
2017-02-27,3.50417,5854.0,5970.0,6090.0,11552.0,2766.0,1918.0,28060.0,1971.0,851580.0,3.29505
2017-03-06,3.21511,5503.0,5535.0,6090.0,10084.0,2582.0,1780.0,25484.0,1958.0,805370.0,3.16426
2017-03-13,3.10088,5514.0,5858.0,6090.0,11503.0,2641.0,1838.0,27354.0,1940.0,869946.0,3.14433
2017-03-20,2.79056,5145.0,5070.0,6090.0,10149.0,2354.0,1624.0,24342.0,1899.0,845397.0,2.87936
2017-03-27,2.38547,4488.0,3918.0,6090.0,8178.0,1760.0,1333.0,19677.0,1906.0,830332.0,2.36977
2017-04-03,1.9703,3909.0,3151.0,6090.0,5847.0,1470.0,1171.0,15548.0,1861.0,802052.0,1.93853
2017-04-10,1.73442,3306.0,2766.0,6090.0,4683.0,1258.0,993.0,13006.0,1845.0,792740.0,1.64064
2017-04-17,1.56303,2997.0,2391.0,6090.0,4497.0,1111.0,928.0,11924.0,1846.0,808298.0,1.4752
2017-04-24,1.4128,2890.0,2039.0,6090.0,4105.0,1011.0,717.0,10762.0,1795.0,781240.0,1.37755
2017-05-01,1.27492,2751.0,2037.0,6090.0,3831.0,862.0,721.0,10202.0,1767.0,762648.0,1.33771
2017-05-08,1.2834,2685.0,2011.0,6090.0,3518.0,886.0,709.0,9809.0,1746.0,728288.0,1.34686
2017-05-15,1.16663,2341.0,1745.0,6090.0,3060.0,771.0,647.0,8564.0,1614.0,676574.0,1.26579
2017-05-22,1.10977,2311.0,1577.0,6090.0,2575.0,710.0,583.0,7756.0,1569.0,617021.0,1.25701
2017-05-29,1.04333,2412.0,1459.0,6090.0,2377.0,671.0,591.0,7510.0,1493.0,647145.0,1.16048
2017-06-05,0.905151,2049.0,1346.0,6090.0,2099.0,595.0,547.0,6636.0,1470.0,633003.0,1.04834
2017-06-12,0.902718,1930.0,1282.0,6090.0,1971.0,559.0,498.0,6240.0,1469.0,628582.0,0.992711
2017-06-19,0.859531,1771.0,1121.0,6090.0,1748.0,489.0,467.0,5596.0,1422.0,581945.0,0.961603
2017-06-26,0.818998,1728.0,1111.0,6090.0,1564.0,505.0,418.0,5326.0,1456.0,557219.0,0.955818
2017-07-03,0.752505,1545.0,1004.0,6090.0,1578.0,462.0,372.0,4961.0,1405.0,599446.0,0.827597
2017-07-10,0.731146,1549.0,908.0,6090.0,1421.0,450.0,419.0,4747.0,1384.0,584688.0,0.811886
2017-07-17,0.733295,1576.0,953.0,6090.0,1515.0,459.0,376.0,4879.0,1377.0,596071.0,0.818527
2017-07-24,0.73102,1529.0,1037.0,6090.0,1485.0,415.0,433.0,4899.0,1390.0,590413.0,0.829758
2017-07-31,0.68834,1559.0,1044.0,6090.0,1481.0,441.0,390.0,4915.0,1386.0,593239.0,0.828503
2017-08-07,0.732049,1603.0,1097.0,6090.0,1691.0,427.0,412.0,5230.0,1350.0,590363.0,0.885896
2017-08-14,0.911188,1964.0,1256.0,6090.0,2549.0,473.0,411.0,6653.0,1379.0,631507.0,1.05351
2017-08-21,1.02105,2076.0,1302.0,6090.0,2726.0,526.0,503.0,7133.0,1370.0,638196.0,1.11768
2017-08-28,1.09495,2073.0,1369.0,6090.0,2488.0,587.0,555.0,7072.0,1384.0,620201.0,1.14028
2017-09-04,1.09475,2372.0,1656.0,6090.0,2942.0,706.0,628.0,8304.0,1485.0,732755.0,1.13326
2017-09-11,1.09775,2544.0,1625.0,6090.0,3075.0,664.0,655.0,8563.0,1484.0,728214.0,1.17589
2017-09-18,1.18882,2840.0,1652.0,6090.0,3201.0,746.0,640.0,9079.0,1468.0,733077.0,1.23848
2017-09-25,1.26682,3844.0,2486.0,6090.0,4553.0,1072.0,875.0,12830.0,2205.0,1000168.0,1.28278
2017-10-02,1.30662,4120.0,2676.0,6090.0,4453.0,1073.0,947.0,13269.0,2233.0,994535.0,1.33419
2017-10-09,1.34866,4409.0,2804.0,6090.0,4993.0,1139.0,974.0,14319.0,2254.0,1013427.0,1.41293
2017-10-16,1.51871,5003.0,2921.0,6090.0,5529.0,1324.0,1049.0,15826.0,2251.0,1002381.0,1.57884
2017-10-23,1.74793,5219.0,3289.0,6090.0,6133.0,1365.0,1062.0,17068.0,2213.0,999750.0,1.70723
2017-10-30,1.87047,6108.0,3609.0,6090.0,6625.0,1523.0,1129.0,18994.0,2278.0,1019146.0,1.86372
2017-11-06,2.06674,6805.0,4200.0,6090.0,7478.0,1778.0,1354.0,21615.0,2281.0,1030631.0,2.09726
2017-11-13,2.28188,6945.0,3844.0,6090.0,5876.0,1707.0,1445.0,19817.0,2264.0,845535.0,2.34372
2017-11-20,2.28528,7008.0,5235.0,6090.0,7476.0,2206.0,1830.0,23755.0,2274.0,1056270.0,2.24895
2017-11-27,2.5848,7230.0,5050.0,6090.0,8491.0,2338.0,1870.0,24979.0,2263.0,999753.0,2.49852
2017-12-04,3.36711,8297.0,6671.0,6090.0,11277.0,2955.0,2333.0,31533.0,2255.0,984043.0,3.20443
2017-12-11,4.71836,10464.0,9836.0,6090.0,14164.0,4578.0,3622.0,42664.0,2204.0,962961.0,4.4305
2017-12-18,5.72036,11301.0,11373.0,6090.0,11509.0,5723.0,5080.0,44986.0,2122.0,823244.0,5.46448
2018-01-01,5.77543,9426.0,13370.0,6090.0,11748.0,6868.0,5870.0,47282.0,2235.0,879802.0,5.37416
2018-01-08,5.9083,10082.0,15400.0,6090.0,17403.0,7791.0,6246.0,56922.0,2251.0,1026852.0,5.54335
2018-01-15,6.49095,12004.0,15973.0,6090.0,21873.0,7536.0,5551.0,62937.0,2277.0,992379.0,6.34203
2018-01-22,7.17799,13432.0,18349.0,6090.0,30671.0,8925.0,6091.0,77468.0,2279.0,1098998.0,7.04897
2018-01-29,7.52851,14854.0,19095.0,6090.0,37252.0,8929.0,5965.0,86095.0,2265.0,1104089.0,7.79783
2018-02-05,7.38424,15192.0,19505.0,6090.0,38457.0,8621.0,5871.0,87646.0,2290.0,1125265.0,7.78892
2018-02-12,6.46068,13340.0,17163.0,6090.0,31984.0,8070.0,5430.0,75987.0,2215.0,1111598.0,6.83583
2018-02-19,4.95341,10142.0,12428.0,6090.0,20394.0,5808.0,4189.0,52961.0,2259.0,1023689.0,5.17354
2018-02-26,3.67274,7190.0,8445.0,6090.0,13370.0,4081.0,2846.0,35932.0,2194.0,1011645.0,3.55184
2018-03-05,3.2037,6357.0,6483.0,6090.0,10841.0,3139.0,2289.0,29109.0,2203.0,965961.0,3.01348
2018-03-12,2.78869,5590.0,5925.0,6090.0,9479.0,2813.0,2121.0,25928.0,2188.0,946753.0,2.73862
2018-03-19,2.50234,5212.0,5406.0,6090.0,8635.0,2563.0,1969.0,23785.0,2168.0,957380.0,2.48438
2018-03-26,2.41065,4722.0,4720.0,6090.0,7216.0,2295.0,1743.0,20696.0,2131.0,874750.0,2.36593
2018-04-02,2.07542,4550.0,4452.0,6090.0,6211.0,2158.0,1696.0,19067.0,2117.0,937849.0,2.03306
2018-04-09,1.78234,4148.0,3749.0,6090.0,5508.0,1818.0,1449.0,16672.0,2076.0,923041.0,1.8062
2018-04-16,1.61608,3859.0,3216.0,6090.0,5269.0,1432.0,1116.0,14892.0,2103.0,936850.0,1.58958
2018-04-23,1.53992,3725.0,3030.0,6090.0,5343.0,1373.0,1101.0,14572.0,2079.0,945759.0,1.54077
2018-04-30,1.53115,3656.0,2600.0,6090.0,4810.0,1215.0,992.0,13273.0,2005.0,913326.0,1.45326
2018-05-07,1.29599,3443.0,2205.0,6090.0,4132.0,935.0,902.0,11617.0,1922.0,905868.0,1.28242
2018-05-14,1.18904,3359.0,2238.0,6090.0,3766.0,905.0,799.0,11067.0,1966.0,903948.0,1.2243
2018-05-21,1.24941,3384.0,2082.0,6090.0,3429.0,885.0,866.0,10646.0,1883.0,862825.0,1.23385
2018-05-28,1.14134,3222.0,1824.0,6090.0,2982.0,846.0,734.0,9608.0,1789.0,785022.0,1.22391
2018-06-04,0.988567,2845.0,1836.0,6090.0,2551.0,802.0,654.0,8688.0,1783.0,828488.0,1.04866
2018-06-11,0.895433,2375.0,1596.0,6090.0,2242.0,699.0,658.0,7570.0,1738.0,772937.0,0.979381
2018-06-18,0.892227,2313.0,1554.0,6090.0,2161.0,730.0,616.0,7374.0,1759.0,777692.0,0.94819
2018-06-25,0.877636,2201.0,1530.0,6090.0,1906.0,669.0,626.0,6932.0,1720.0,798856.0,0.867741
2018-07-02,0.77502,2000.0,1299.0,6090.0,1862.0,539.0,549.0,6249.0,1764.0,759335.0,0.822957
2018-07-09,0.725956,1945.0,1443.0,6090.0,1900.0,627.0,587.0,6502.0,1769.0,841809.0,0.772384
2018-07-16,0.68266,1741.0,1290.0,6090.0,1720.0,566.0,469.0,5786.0,1732.0,817849.0,0.707466
2018-07-23,0.640527,1665.0,1202.0,6090.0,1643.0,523.0,463.0,5496.0,1728.0,800573.0,0.686508
2018-07-30,0.64106,1620.0,1246.0,6090.0,1772.0,525.0,454.0,5617.0,1708.0,815725.0,0.68859
2018-08-06,0.706465,1727.0,1334.0,6090.0,1786.0,541.0,476.0,5864.0,1670.0,796639.0,0.736093
2018-08-13,0.708668,1989.0,1387.0,6090.0,2172.0,516.0,478.0,6542.0,1705.0,811337.0,0.806323
2018-08-20,0.825743,2237.0,1488.0,6090.0,2467.0,602.0,515.0,7309.0,1601.0,765973.0,0.954211
2018-08-27,0.864409,2447.0,1637.0,6090.0,2836.0,655.0,542.0,8117.0,1661.0,843545.0,0.962249
2018-09-03,1.10114,2817.0,1985.0,6090.0,3346.0,767.0,621.0,9536.0,1693.0,835370.0,1.14153
2018-09-10,1.15244,2774.0,2112.0,6090.0,3659.0,829.0,689.0,10063.0,1689.0,877135.0,1.14726
2018-09-17,1.20257,3242.0,2347.0,6090.0,3950.0,922.0,729.0,11190.0,1666.0,852916.0,1.31197
2018-09-24,1.25033,3471.0,2464.0,6090.0,4185.0,925.0,669.0,11714.0,1694.0,850685.0,1.37701
2018-10-01,1.41846,4857.0,3839.0,6090.0,6300.0,1553.0,1290.0,17839.0,2565.0,1252483.0,1.42429
2018-10-08,1.40418,5307.0,4026.0,6090.0,6250.0,1657.0,1321.0,18561.0,2609.0,1252846.0,1.48151
2018-10-15,1.47401,5582.0,4399.0,6090.0,6799.0,1752.0,1398.0,19930.0,2586.0,1249933.0,1.59449
2018-10-22,1.64257,6242.0,4617.0,6090.0,7478.0,1835.0,1444.0,21616.0,2646.0,1251776.0,1.72683
2018-10-29,1.79275,6864.0,4730.0,6090.0,8285.0,1825.0,1450.0,23154.0,2633.0,1254812.0,1.84522
2018-11-05,1.87043,7504.0,4831.0,6090.0,8448.0,1840.0,1450.0,24073.0,2645.0,1246860.0,1.93069
2018-11-12,1.98387,7805.0,5017.0,6090.0,8050.0,1995.0,1480.0,24347.0,2631.0,1164292.0,2.09114
2018-11-19,2.24169,8598.0,5011.0,6090.0,7193.0,2111.0,1699.0,24612.0,2586.0,1020898.0,2.41082
2018-11-26,2.14883,8885.0,6576.0,6090.0,8787.0,2756.0,2076.0,29080.0,2640.0,1292335.0,2.25019
2018-12-03,2.25531,8803.0,5969.0,6090.0,9269.0,2454.0,1861.0,28356.0,2633.0,1230419.0,2.30458
2018-12-10,2.64571,10150.0,6819.0,6090.0,11373.0,2776.0,1980.0,33098.0,2622.0,1209022.0,2.73758
2018-12-17,3.14075,11507.0,8119.0,6090.0,12811.0,3320.0,2479.0,38236.0,2571.0,1177786.0,3.24643
2018-12-24,3.97127,13586.0,10315.0,6090.0,12026.0,4454.0,3523.0,43904.0,2545.0,1047161.0,4.19267
2018-12-31,3.46125,11675.0,11402.0,6090.0,9557.0,5200.0,4260.0,42094.0,2609.0,1158023.0,3.63499
2019-01-07,3.07707,9344.0,10401.0,6090.0,10744.0,4820.0,3443.0,38752.0,2629.0,1233836.0,3.14077
2019-01-14,3.32915,9668.0,10024.0,6090.0,14248.0,4226.0,2943.0,41109.0,2633.0,1221478.0,3.36551
2019-01-21,3.81999,10728.0,11164.0,6090.0,16925.0,4443.0,2853.0,46113.0,2614.0,1184495.0,3.89305
2019-01-28,4.3419,11606.0,13032.0,6090.0,22188.0,5110.0,3251.0,55187.0,2639.0,1219521.0,4.5253
2019-02-04,4.88288,13828.0,15708.0,6090.0,29688.0,6134.0,4084.0,69442.0,2644.0,1331519.0,5.21525
2019-02-11,5.04211,14224.0,15928.0,6090.0,29223.0,6329.0,4274.0,69978.0,2628.0,1288318.0,5.43173
2019-02-18,4.88596,13612.0,15684.0,6090.0,26456.0,6115.0,4478.0,66345.0,2623.0,1257106.0,5.2776
2019-02-25,4.5499,11622.0,13833.0,6090.0,23450.0,5699.0,4131.0,58735.0,2634.0,1278001.0,4.59585
2019-03-04,4.38001,11146.0,13058.0,6090.0,21736.0,5356.0,4052.0,55348.0,2614.0,1256934.0,4.40341
2019-03-11,4.2288,10975.0,12570.0,6090.0,20065.0,5347.0,4176.0,53133.0,2622.0,1285646.0,4.13279
2019-03-18,3.68449,9559.0,10484.0,6090.0,16537.0,4431.0,3775.0,44786.0,2596.0,1257449.0,3.56166
2019-03-25,3.08744,8621.0,8631.0,6090.0,13608.0,3801.0,3183.0,37844.0,2587.0,1238213.0,3.05634
2019-04-01,2.69971,7591.0,7486.0,6090.0,11757.0,3271.0,2800.0,32905.0,2597.0,1226648.0,2.68251
2019-04-08,2.28549,6739.0,6198.0,6090.0,9988.0,2561.0,2317.0,27803.0,2542.0,1226170.0,2.26747
2019-04-15,2.01443,6319.0,4930.0,6090.0,7894.0,2105.0,1874.0,23122.0,2517.0,1174114.0,1.96931
2019-04-22,1.7141,5689.0,4545.0,6090.0,6617.0,1997.0,1735.0,20583.0,2490.0,1194101.0,1.72372
2019-04-29,1.56927,5362.0,4080.0,6090.0,6203.0,1666.0,1537.0,18848.0,2459.0,1195232.0,1.57693
2019-05-06,1.49991,4785.0,3572.0,6090.0,5903.0,1479.0,1357.0,17096.0,2415.0,1170273.0,1.46086
2019-05-13,1.50211,4614.0,3458.0,6090.0,5488.0,1433.0,1356.0,16349.0,2302.0,1084443.0,1.50759
2019-05-20,1.42357,4597.0,3211.0,6090.0,5227.0,1345.0,1367.0,15747.0,2205.0,1121166.0,1.40452
2019-05-27,1.39457,4437.0,3094.0,6090.0,4659.0,1279.0,1301.0,14770.0,2179.0,1050372.0,1.40617
2019-06-03,1.21776,3930.0,2948.0,6090.0,4110.0,1240.0,1205.0,13433.0,2235.0,1083994.0,1.23921
2019-06-10,1.11351,3350.0,2606.0,6090.0,3607.0,1007.0,1048.0,11618.0,2139.0,1050239.0,1.10622
2019-06-17,0.992293,3046.0,2424.0,6090.0,3282.0,998.0,928.0,10678.0,2141.0,1053569.0,1.01351
2019-06-24,0.947072,2940.0,2175.0,6090.0,3106.0,906.0,859.0,9986.0,2063.0,1040288.0,0.959926
2019-07-01,0.876088,2433.0,1884.0,6090.0,2676.0,788.0,768.0,8549.0,2111.0,978443.0,0.873735
2019-07-08,0.809956,2344.0,1882.0,6090.0,2660.0,799.0,737.0,8422.0,2090.0,1058265.0,0.795831
2019-07-15,0.755431,2219.0,1861.0,6090.0,2570.0,757.0,704.0,8111.0,2132.0,1054954.0,0.768849
2019-07-22,0.73346,2128.0,1800.0,6090.0,2451.0,761.0,615.0,7755.0,2117.0,1036508.0,0.748185
2019-07-29,0.72729,2348.0,1829.0,6090.0,2436.0,658.0,603.0,7874.0,2128.0,1038168.0,0.758451
2019-08-05,0.754637,2089.0,2041.0,6090.0,2384.0,766.0,758.0,8038.0,2146.0,1043747.0,0.77011
2019-08-12,0.730938,2630.0,2047.0,6090.0,2828.0,788.0,694.0,8987.0,2178.0,1076513.0,0.834825
2019-08-19,0.840615,2907.0,2210.0,6090.0,3501.0,762.0,716.0,10096.0,2147.0,1071703.0,0.942052
2019-08-26,0.989217,3394.0,2539.0,6090.0,4220.0,894.0,770.0,11817.0,2169.0,1095230.0,1.07895
2019-09-02,1.14059,3801.0,2924.0,6090.0,4535.0,1030.0,868.0,13158.0,2189.0,1090741.0,1.20634
2019-09-09,1.23272,3905.0,3296.0,6090.0,5499.0,1172.0,959.0,14831.0,2221.0,1162580.0,1.2757
2019-09-16,1.24529,4463.0,3567.0,6090.0,5673.0,1249.0,1025.0,15977.0,2198.0,1148137.0,1.39156
2019-09-23,1.33771,4970.0,3875.0,6090.0,6104.0,1365.0,1100.0,17414.0,2180.0,1163278.0,1.49698
2019-09-30,1.49064,6218.0,4827.0,6090.0,7658.0,1764.0,1448.0,21915.0,2896.0,1456967.0,1.50415
2019-10-07,1.59269,6550.0,5147.0,6090.0,7638.0,2015.0,1603.0,22953.0,2924.0,1436150.0,1.59823
2019-10-14,1.72517,7273.0,5548.0,6090.0,8277.0,2110.0,1649.0,24857.0,2950.0,1429897.0,1.73838
2019-10-21,1.83428,7892.0,6080.0,6090.0,9349.0,2305.0,1793.0,27419.0,2980.0,1473740.0,1.8605
2019-10-28,2.04049,8658.0,6143.0,6090.0,10068.0,2279.0,1762.0,28910.0,2989.0,1435277.0,2.01425
2019-11-04,2.39351,10557.0,7182.0,6090.0,12551.0,2453.0,1843.0,34586.0,3007.0,1463253.0,2.36364
2019-11-11,2.63245,11446.0,7904.0,6090.0,13671.0,2739.0,1968.0,37728.0,2976.0,1426760.0,2.64431
2019-11-18,2.91944,12714.0,9138.0,6090.0,17049.0,3099.0,2148.0,44148.0,2971.0,1483729.0,2.97548
2019-11-25,3.41066,14389.0,9159.0,6090.0,14717.0,3186.0,2366.0,43817.0,2971.0,1270842.0,3.44787
2019-12-02,3.2622,13839.0,11943.0,6090.0,16389.0,3929.0,2777.0,48877.0,2977.0,1474075.0,3.31577
2019-12-09,3.94308,14728.0,12822.0,6090.0,21877.0,4114.0,2903.0,56444.0,2947.0,1458774.0,3.86928
2019-12-16,5.06529,17999.0,16225.0,6090.0,29177.0,4834.0,3349.0,71584.0,2913.0,1423829.0,5.02757
2019-12-23,7.06161,24097.0,24617.0,6090.0,34004.0,7638.0,5401.0,95757.0,2905.0,1338669.0,7.15315
2019-12-30,5.91974,21564.0,27650.0,6090.0,23383.0,9208.0,6876.0,88681.0,2957.0,1423620.0,6.22926
2020-01-06,4.94176,15547.0,23631.0,6090.0,22747.0,8196.0,5464.0,75585.0,2987.0,1490905.0,5.06974
2020-01-13,5.33174,16587.0,21395.0,6090.0,29657.0,7379.0,4728.0,79746.0,2983.0,1488404.0,5.35782
2020-01-20,6.08106,18558.0,23657.0,6090.0,35216.0,7971.0,4670.0,90072.0,2984.0,1494697.0,6.0261
2020-01-27,6.74724,20299.0,28889.0,6090.0,44117.0,9527.0,5475.0,108307.0,2984.0,1575900.0,6.87271
2020-02-03,6.7998,20270.0,29790.0,6090.0,45491.0,10036.0,5702.0,111289.0,2994.0,1571300.0,7.08261
2020-02-10,6.11292,17393.0,26428.0,6090.0,36909.0,9231.0,5457.0,95418.0,2958.0,1533883.0,6.22068
2020-02-17,5.55671,15233.0,22908.0,6090.0,28328.0,8221.0,5142.0,79832.0,2909.0,1420123.0,5.62148
2020-02-24,5.12279,13817.0,22125.0,6090.0,25487.0,8273.0,5107.0,74809.0,2934.0,1466192.0,5.10226
2020-03-02,5.26652,13888.0,23906.0,6090.0,26396.0,8891.0,5698.0,78779.0,2901.0,1489410.0,5.28928
2020-03-09,5.67081,14149.0,29657.0,6090.0,27752.0,11327.0,6686.0,89571.0,2836.0,1423503.0,6.29229
2020-03-16,6.38029,10790.0,30818.0,6090.0,17512.0,12478.0,6986.0,78584.0,2798.0,1068755.0,7.35285
2020-03-23,4.91692,5129.0,22408.0,6090.0,8322.0,10825.0,6458.0,53142.0,2727.0,853431.0,6.22687
2020-03-30,3.78625,2359.0,14964.0,6090.0,4852.0,8696.0,5380.0,36251.0,2684.0,750546.0,4.82995
2020-04-06,2.80122,1496.0,9995.0,6090.0,3426.0,6043.0,4014.0,24974.0,2686.0,718953.0,3.47366
2020-04-13,2.12879,1068.0,7423.0,6090.0,2666.0,4182.0,2926.0,18265.0,2666.0,709645.0,2.57382
2020-04-20,1.73315,926.0,6339.0,6090.0,2317.0,3289.0,2293.0,15164.0,2652.0,750576.0,2.02032
2020-04-27,1.40932,864.0,5291.0,6090.0,2098.0,2668.0,1896.0,12817.0,2624.0,790715.0,1.62094
2020-05-04,1.18336,729.0,4585.0,6090.0,1889.0,2241.0,1622.0,11066.0,2611.0,818113.0,1.35262
2020-05-11,1.11451,788.0,4112.0,6090.0,1960.0,2171.0,1449.0,10480.0,2601.0,846400.0,1.23819
2020-05-18,1.00534,1224.0,4375.0,6090.0,2402.0,2148.0,1586.0,11735.0,2971.0,1090638.0,1.07598
2020-05-25,0.88827,805.0,3572.0,6090.0,1898.0,1878.0,1461.0,9614.0,2950.0,1085294.0,0.885843
2020-06-01,0.814062,802.0,3440.0,6090.0,1969.0,1705.0,1409.0,9325.0,2931.0,1137295.0,0.819928
2020-06-08,0.836751,881.0,3454.0,6090.0,2141.0,1726.0,1378.0,9580.0,2902.0,1176074.0,0.814575
2020-06-15,0.928456,1006.0,4709.0,6090.0,2679.0,2001.0,1471.0,11866.0,2935.0,1247767.0,0.950979
2020-06-22,1.14217,1216.0,6241.0,6090.0,3491.0,2649.0,1902.0,15499.0,2896.0,1288294.0,1.20306
2020-06-29,1.27401,1395.0,7032.0,6090.0,3970.0,3223.0,2223.0,17843.0,2897.0,1289006.0,1.38424
2020-07-06,1.34951,1545.0,8010.0,6090.0,4094.0,3765.0,2632.0,20046.0,2918.0,1360798.0,1.47311
2020-07-13,1.34471,1658.0,7526.0,6090.0,4075.0,3565.0,2436.0,19260.0,2894.0,1339726.0,1.43761
2020-07-20,1.22153,1634.0,6105.0,6090.0,3560.0,3089.0,2145.0,16533.0,2953.0,1356301.0,1.21898
2020-07-27,1.15258,1609.0,5709.0,6090.0,3497.0,2595.0,2114.0,15524.0,2992.0,1349125.0,1.15067
2020-08-03,1.0626,1570.0,4977.0,6090.0,3271.0,2361.0,1938.0,14117.0,2956.0,1336052.0,1.05662
2020-08-10,0.979884,1592.0,4502.0,6090.0,3167.0,2174.0,1758.0,13193.0,2978.0,1343895.0,0.981699
2020-08-17,0.969202,1804.0,4305.0,6090.0,3283.0,1894.0,1666.0,12952.0,2930.0,1346595.0,0.961833
2020-08-24,1.00022,1866.0,4032.0,6090.0,3951.0,1821.0,1489.0,13159.0,2967.0,1355839.0,0.970543
2020-08-31,0.920817,1759.0,3773.0,6090.0,3609.0,1696.0,1479.0,12316.0,2921.0,1340149.0,0.919002
2020-09-07,1.0355,1999.0,3975.0,6090.0,3822.0,1793.0,1446.0,13035.0,2915.0,1332779.0,0.978032
2020-09-14,0.974333,2070.0,4070.0,6090.0,3628.0,1794.0,1487.0,13049.0,2943.0,1365420.0,0.955677
2020-09-21,1.06462,2286.0,4412.0,6090.0,4366.0,1944.0,1578.0,14586.0,2941.0,1404590.0,1.03845
2020-09-28,1.09211,2454.0,5091.0,6090.0,4715.0,2362.0,1844.0,16466.0,3246.0,1524289.0,1.08024
2020-10-05,1.21201,2558.0,6023.0,6090.0,5239.0,3004.0,2320.0,19144.0,3318.0,1602667.0,1.19451
2020-10-12,1.11151,2313.0,5661.0,6090.0,4613.0,2547.0,2101.0,17235.0,3301.0,1569727.0,1.09796
2020-10-19,1.18662,2454.0,5850.0,6090.0,4834.0,2821.0,2174.0,18133.0,3330.0,1571417.0,1.15393
2020-10-26,1.25262,2512.0,6082.0,6090.0,4916.0,2752.0,2292.0,18554.0,3421.0,1560158.0,1.18924
2020-11-02,1.44427,2726.0,7084.0,6090.0,5825.0,3282.0,2453.0,21370.0,3425.0,1597645.0,1.33759
2020-11-09,1.48969,2776.0,7677.0,6090.0,5544.0,3728.0,2873.0,22598.0,3391.0,1639379.0,1.37845
2020-11-16,1.56064,2692.0,7824.0,6090.0,5342.0,3956.0,2895.0,22709.0,3334.0,1585429.0,1.43236
2020-11-23,1.61944,2484.0,7091.0,6090.0,4584.0,3962.0,3192.0,21313.0,3333.0,1421255.0,1.49959
2020-11-30,1.57347,2597.0,7682.0,6090.0,4861.0,3976.0,3135.0,22251.0,3339.0,1534905.0,1.44967
2020-12-07,1.51939,2504.0,7519.0,6090.0,4692.0,4067.0,3321.0,22103.0,3358.0,1549810.0,1.42617
2020-12-14,1.50599,2482.0,7124.0,6090.0,4282.0,3841.0,3145.0,20874.0,3299.0,1493163.0,1.39797
2020-12-21,1.55485,2323.0,6627.0,6090.0,3564.0,3918.0,3404.0,19836.0,3301.0,1361197.0,1.45725
2020-12-28,1.5321099999999999,2498.5,7849.5,6090.0,4241.0,4437.5,3540.5,22567.0,3298.0,1520491.5,1.486305
2021-01-04,1.28752,2297.0,6396.0,6090.0,3975.0,3520.0,2830.0,19018.0,3278.0,1508647.0,1.2606
2021-01-11,1.25172,2566.0,5876.0,6090.0,4056.0,3310.0,2542.0,18350.0,3315.0,1515305.0,1.21098
2021-01-18,1.10177,2558.0,5345.0,6090.0,3953.0,2803.0,2237.0,16896.0,3324.0,1504764.0,1.12283
2021-01-25,1.16565,2636.0,4995.0,6090.0,4015.0,2525.0,1927.0,16098.0,3295.0,1487296.0,1.08237
2021-02-01,1.00609,2552.0,4096.0,6090.0,3730.0,2129.0,1572.0,14079.0,3246.0,1443873.0,0.975086
2021-02-08,0.986101,2318.0,3708.0,6090.0,3144.0,1918.0,1503.0,12591.0,3256.0,1387354.0,0.907555
2021-02-15,0.864388,2543.0,3839.0,6090.0,3541.0,1900.0,1521.0,13344.0,3276.0,1550083.0,0.860857
2021-02-22,0.828056,2771.0,3532.0,6090.0,3540.0,1810.0,1347.0,13000.0,3278.0,1543291.0,0.842356
2021-03-01,0.882103,3218.0,3781.0,6090.0,3806.0,1901.0,1371.0,14077.0,3284.0,1559093.0,0.902897
2021-03-08,0.908033,3514.0,3936.0,6090.0,3856.0,1909.0,1359.0,14574.0,3227.0,1551445.0,0.939382
2021-03-15,0.947577,3817.0,4214.0,6090.0,3915.0,2054.0,1354.0,15354.0,3201.0,1599192.0,0.96011
2021-03-22,0.975225,4116.0,4394.0,6090.0,4089.0,2129.0,1265.0,15993.0,3257.0,1602279.0,0.998141
2021-03-29,1.06101,4731.0,5048.0,6090.0,4685.0,2281.0,1355.0,18100.0,3277.0,1679101.0,1.07796
2021-04-05,1.08091,5227.0,5290.0,6090.0,4907.0,2358.0,1383.0,19165.0,3282.0,1728295.0,1.1089
2021-04-12,1.10326,5763.0,4858.0,6090.0,5093.0,2140.0,1451.0,19305.0,3248.0,1678407.0,1.1502
2021-04-19,1.13361,6326.0,4810.0,6090.0,5503.0,2042.0,1418.0,20099.0,3256.0,1698411.0,1.1834
2021-04-26,1.14992,6822.0,4617.0,6090.0,5401.0,1802.0,1288.0,19930.0,3227.0,1648268.0,1.20915
2021-05-03,1.19092,7365.0,4362.0,6090.0,5491.0,1841.0,1308.0,20367.0,3214.0,1623366.0,1.25462
2021-05-10,1.24677,8352.0,4421.0,6090.0,5414.0,1742.0,1333.0,21262.0,3193.0,1683010.0,1.26333
2021-05-17,1.14504,7953.0,3990.0,6090.0,4967.0,1590.0,1175.0,19675.0,3141.0,1652047.0,1.19095
2021-05-24,1.18454,8502.0,3975.0,6090.0,4854.0,1572.0,1240.0,20143.0,3140.0,1609033.0,1.25187
2021-05-31,1.12943,8096.0,3692.0,6090.0,4645.0,1527.0,1222.0,19182.0,3110.0,1674977.0,1.14521
2021-06-07,1.18866,8503.0,3785.0,6090.0,4594.0,1508.0,1189.0,19579.0,3068.0,1656791.0,1.18174
2021-06-14,1.21202,8514.0,3814.0,6090.0,4609.0,1652.0,1301.0,19890.0,3057.0,1643793.0,1.21001
2021-06-21,1.21342,8369.0,4003.0,6090.0,4757.0,1672.0,1291.0,20092.0,3055.0,1656615.0,1.21283
2021-06-28,1.26676,8719.0,4859.0,6090.0,5309.0,1976.0,1508.0,22371.0,3055.0,1683237.0,1.32905
2021-07-05,1.38728,9193.0,6029.0,6090.0,5930.0,2399.0,1710.0,25261.0,3067.0,1750965.0,1.44269
2021-07-12,1.6475,10371.0,7958.0,6090.0,7170.0,2897.0,2149.0,30545.0,3067.0,1787028.0,1.70926
2021-07-19,1.80199,11132.0,9249.0,6090.0,8572.0,3614.0,2628.0,35195.0,3050.0,1842048.0,1.91065
2021-07-26,1.94952,11102.0,10544.0,6090.0,8900.0,4327.0,2883.0,37756.0,3050.0,1839909.0,2.05206
2021-08-02,2.03548,11264.0,11226.0,6090.0,10105.0,4555.0,2917.0,40067.0,3042.0,1858843.0,2.15548
2021-08-09,2.1918,11801.0,11013.0,6090.0,12275.0,4739.0,2893.0,42721.0,3029.0,1852756.0,2.30581
2021-08-16,2.23897,11982.0,10382.0,6090.0,13529.0,4339.0,2826.0,43058.0,3028.0,1865986.0,2.30752
2021-08-23,2.26643,11745.0,9557.0,6090.0,13053.0,3886.0,2623.0,40864.0,3027.0,1814136.0,2.25253
2021-08-30,2.21298,11705.0,9088.0,6090.0,12250.0,3733.0,2645.0,39421.0,3021.0,1781535.0,2.21275
2021-09-06,2.045,11248.0,7774.0,6090.0,11578.0,3289.0,2304.0,36193.0,3059.0,1805463.0,2.00464
2021-09-13,1.90124,10916.0,6853.0,6090.0,11380.0,2765.0,2062.0,33976.0,3037.0,1753523.0,1.93759
2021-09-20,1.8442,10133.0,5627.0,6090.0,10040.0,2315.0,1834.0,29949.0,2877.0,1624427.0,1.84367
2021-09-27,2.04291,13140.0,7466.0,6090.0,13154.0,3201.0,2574.0,39535.0,3501.0,2007349.0,1.96951
2021-10-04,1.94883,13072.0,7120.0,6090.0,11985.0,2975.0,2486.0,37638.0,3510.0,1973726.0,1.90695
2021-10-11,1.92689,12500.0,6458.0,6090.0,11458.0,2943.0,2355.0,35714.0,3474.0,1918176.0,1.86187
2021-10-18,1.9797,12859.0,6677.0,6090.0,11888.0,2853.0,2362.0,36639.0,3509.0,1934723.0,1.89376
2021-10-25,2.13555,13304.0,6968.0,6090.0,14454.0,2930.0,2374.0,40030.0,3515.0,1917361.0,2.08777
2021-11-01,2.26828,14565.0,7836.0,6090.0,15840.0,3192.0,2730.0,44163.0,3530.0,1980931.0,2.22941
2021-11-08,2.41203,14740.0,8523.0,6090.0,17358.0,3639.0,2816.0,47076.0,3526.0,1997393.0,2.35687
2021-11-15,2.51906,14918.0,8183.0,6090.0,13401.0,3719.0,3103.0,43324.0,3519.0,1762089.0,2.45867
2021-11-22,2.55518,15167.0,11304.0,6090.0,17353.0,4893.0,4012.0,52729.0,3545.0,2056903.0,2.56351
2021-11-29,2.73156,14971.0,11373.0,6090.0,19971.0,4863.0,3891.0,55069.0,3544.0,2025745.0,2.71846
2021-12-06,3.14637,16287.0,13615.0,6090.0,23450.0,5232.0,3961.0,62545.0,3518.0,2018736.0,3.09823
2021-12-13,4.00697,18515.0,22557.0,6090.0,25073.0,7773.0,5307.0,79225.0,3496.0,1942424.0,4.07867
2021-12-20,4.90255,24109.0,38300.0,6090.0,28952.0,13512.0,8989.0,113862.0,3455.0,2246237.0,5.06901
2021-12-27,4.32609,17044.0,31478.0,6090.0,24738.0,12063.0,7939.0,93262.0,3487.0,2178681.0,4.28066
2022-01-03,3.53446,12223.0,21830.0,6090.0,20214.0,8735.0,6181.0,69183.0,3499.0,2025389.0,3.41579
2022-01-10,2.80631,9492.0,15006.0,6090.0,13268.0,6185.0,4547.0,48498.0,3503.0,1811003.0,2.67796
2022-01-17,2.07428,7309.0,9877.0,6090.0,9526.0,4582.0,3516.0,34810.0,3485.0,1760073.0,1.97776
2022-01-24,1.68283,6082.0,6431.0,6090.0,7748.0,3018.0,2552.0,25831.0,3415.0,1654872.0,1.56091
2022-01-31,1.44399,6395.0,5170.0,6090.0,7610.0,2401.0,2155.0,23731.0,3474.0,1763832.0,1.34542
2022-02-07,1.49042,6917.0,4645.0,6090.0,8500.0,2083.0,1801.0,23946.0,3474.0,1746795.0,1.37085
2022-02-14,1.46656,7057.0,4638.0,6090.0,8330.0,1816.0,1768.0,23609.0,3472.0,1722955.0,1.37026
2022-02-21,1.58712,7423.0,5008.0,6090.0,9830.0,1864.0,1676.0,25801.0,3470.0,1813130.0,1.42301
2022-02-28,1.70414,8210.0,5060.0,6090.0,11085.0,1951.0,1771.0,28077.0,3485.0,1815133.0,1.54683
2022-03-07,1.83426,9042.0,5914.0,6090.0,12124.0,2202.0,2077.0,31359.0,3454.0,1867926.0,1.67881
2022-03-14,1.87437,9302.0,5973.0,6090.0,12648.0,2334.0,2166.0,32423.0,3449.0,1869370.0,1.73443
2022-03-21,1.97666,9613.0,6759.0,6090.0,13660.0,2384.0,2406.0,34822.0,3443.0,1877580.0,1.85462
2022-03-28,2.07192,10562.0,7272.0,6090.0,15187.0,2573.0,2550.0,38144.0,3453.0,1912899.0,1.99404
2022-04-04,2.16356,11336.0,7838.0,6090.0,16095.0,2868.0,2829.0,40966.0,3446.0,1923613.0,2.12964
2022-04-11,2.20516,11734.0,8315.0,6090.0,15748.0,3172.0,3117.0,42086.0,3457.0,1927635.0,2.1833
2022-04-18,2.30897,12070.0,8422.0,6090.0,16372.0,3274.0,3282.0,43420.0,3426.0,1960190.0,2.21509
2022-04-25,2.36195,12835.0,9402.0,6090.0,18631.0,3608.0,3323.0,47799.0,3394.0,1979830.0,2.4143
2022-05-02,2.55252,14243.0,10135.0,6090.0,19989.0,3843.0,3815.0,52025.0,3376.0,1994121.0,2.60892
2022-05-09,2.4544,15055.0,10460.0,6090.0,20746.0,3985.0,3835.0,54081.0,3414.0,2076569.0,2.60434
2022-05-16,2.39129,14561.0,10167.0,6090.0,19982.0,4010.0,3665.0,52385.0,3351.0,1963229.0,2.66831
2022-05-23,2.43334,15809.0,10584.0,6090.0,17507.0,4060.0,3903.0,51863.0,3345.0,1959711.0,2.64646
2022-05-30,2.16338,14154.0,9654.0,6090.0,13726.0,3941.0,3765.0,45240.0,3342.0,1972714.0,2.29329
2022-06-06,1.9885,12858.0,8941.0,6090.0,11205.0,3665.0,3581.0,40250.0,3302.0,1940597.0,2.0741
2022-06-13,1.87681,11865.0,8676.0,6090.0,9933.0,3736.0,3620.0,37830.0,3355.0,1972297.0,1.91807
2022-06-20,1.80431,11066.0,8004.0,6090.0,8513.0,3523.0,3460.0,34566.0,3237.0,1918113.0,1.80208
2022-06-27,1.8187,10580.0,8380.0,6090.0,8593.0,3697.0,3733.0,34983.0,3345.0,1951013.0,1.79307
2022-07-04,1.67889,9525.0,8324.0,6090.0,8111.0,3546.0,3505.0,33011.0,3313.0,1978256.0,1.66869
2022-07-11,1.66049,9361.0,8219.0,6090.0,8116.0,3483.0,3432.0,32611.0,3313.0,1977461.0,1.64913
2022-07-18,1.67087,9153.0,8056.0,6090.0,7859.0,3485.0,3487.0,32040.0,3289.0,1944189.0,1.64799
2022-07-25,1.53015,8659.0,7295.0,6090.0,7476.0,3104.0,3107.0,29641.0,3305.0,1938338.0,1.5292
2022-08-01,1.51566,8329.0,6816.0,6090.0,7813.0,2804.0,2880.0,28642.0,3198.0,1887562.0,1.51741
2022-08-08,1.60511,9479.0,6659.0,6090.0,9934.0,2819.0,2681.0,31572.0,3293.0,1949894.0,1.61916
2022-08-15,1.83833,10792.0,7079.0,6090.0,12593.0,2730.0,2593.0,35787.0,3280.0,1975601.0,1.81145
2022-08-22,1.96617,11524.0,6980.0,6090.0,13887.0,2670.0,2452.0,37513.0,3260.0,1978914.0,1.89564
2022-08-29,2.02613,12548.0,6978.0,6090.0,13475.0,2701.0,2632.0,38334.0,3290.0,1966513.0,1.94934
2022-09-05,2.04444,13405.0,6751.0,6090.0,14610.0,2618.0,2454.0,39838.0,3322.0,2017799.0,1.97433
2022-09-12,2.29157,15939.0,6924.0,6090.0,16713.0,2658.0,2492.0,44726.0,3334.0,2033022.0,2.19998
2022-09-19,2.37316,17080.0,6945.0,6090.0,16825.0,2795.0,2676.0,46321.0,3353.0,2015431.0,2.29832
2022-09-26,2.61928,18503.0,10718.0,6090.0,20141.0,4094.0,3862.0,57318.0,3684.0,2209814.0,2.59379
2022-10-03,2.97342,20623.0,11519.0,6090.0,22779.0,4394.0,4073.0,63388.0,3720.0,2223106.0,2.85133
2022-10-10,3.33747,23713.0,13719.0,6090.0,28368.0,5303.0,4512.0,75615.0,3726.0,2279700.0,3.31688
2022-10-17,4.40914,32012.0,19586.0,6090.0,45003.0,7037.0,5858.0,109496.0,3788.0,2462467.0,4.4466
2022-10-24,5.46044,37474.0,25460.0,6090.0,61015.0,8469.0,6829.0,139247.0,3776.0,2510305.0,5.54702
2022-10-31,5.77391,38651.0,26941.0,6090.0,57053.0,9791.0,7619.0,140055.0,3793.0,2468962.0,5.67263
2022-11-07,5.95367,34849.0,28672.0,6090.0,55229.0,10171.0,8498.0,137419.0,3777.0,2396019.0,5.73531
2022-11-14,7.46674,39539.0,36157.0,6090.0,62925.0,13876.0,12439.0,164936.0,3765.0,2237505.0,7.37142
2022-11-21,7.22916,38495.0,48042.0,6090.0,63623.0,18626.0,16887.0,185673.0,3767.0,2564503.0,7.24012
2022-11-28,6.83803,32316.0,40778.0,6090.0,62563.0,16557.0,15034.0,167248.0,3750.0,2448985.0,6.82928
2022-12-05,6.32716,28976.0,38007.0,6090.0,55613.0,15506.0,13570.0,151672.0,3751.0,2347026.0,6.46231
2022-12-12,5.98024,25500.0,34587.0,6090.0,41624.0,14564.0,13703.0,129978.0,3715.0,2116491.0,6.1412
2022-12-19,5.33738,22891.0,31974.0,6090.0,27251.0,14961.0,15454.0,112531.0,3703.0,2058533.0,5.46656
2022-12-26,3.94632,16651.0,27662.0,6090.0,21006.0,13549.0,13166.0,92034.0,3740.0,2257219.0,4.07732
2023-01-02,2.95379,12231.0,19912.0,6090.0,18061.0,9135.0,8381.0,67720.0,3737.0,2214718.0,3.05773
2023-01-09,2.64461,11720.0,15844.0,6090.0,16915.0,7000.0,6291.0,57770.0,3730.0,2134322.0,2.70671
2023-01-16,2.63254,12170.0,15618.0,6090.0,18680.0,6410.0,5353.0,58231.0,3716.0,2179097.0,2.67225
2023-01-23,2.58785,12686.0,15506.0,6090.0,19751.0,6113.0,5270.0,59326.0,3734.0,2208786.0,2.68591
2023-01-30,2.59797,13271.0,15921.0,6090.0,20964.0,6469.0,5633.0,62258.0,3735.0,2301891.0,2.70465
2023-02-06,2.57397,13127.0,15055.0,6090.0,19818.0,6263.0,5402.0,59665.0,3695.0,2262519.0,2.6371
2023-02-13,2.53338,13478.0,13880.0,6090.0,18410.0,6054.0,5401.0,57223.0,3719.0,2212367.0,2.58651
2023-02-20,2.41141,12693.0,13849.0,6090.0,18281.0,5769.0,5090.0,55682.0,3725.0,2278801.0,2.44348
2023-02-27,2.36135,12840.0,13379.0,6090.0,18388.0,5365.0,4714.0,54686.0,3722.0,2274369.0,2.40445
2023-03-06,2.35552,13086.0,13264.0,6090.0,17814.0,5298.0,4801.0,54263.0,3713.0,2228243.0,2.43524
2023-03-13,2.31452,13043.0,13685.0,6090.0,18685.0,5286.0,4695.0,55394.0,3665.0,2295244.0,2.41343
2023-03-20,2.26061,12413.0,13208.0,6090.0,18078.0,5005.0,4638.0,53342.0,3688.0,2270922.0,2.34891
2023-03-27,2.13495,11586.0,11976.0,6090.0,15673.0,4783.0,4337.0,48355.0,3680.0,2191695.0,2.20628
2023-04-03,2.01808,11151.0,11853.0,6090.0,14832.0,4552.0,4337.0,46725.0,3665.0,2254413.0,2.0726
2023-04-10,1.91773,9912.0,11388.0,6090.0,14788.0,4361.0,4058.0,44507.0,3680.0,2277306.0,1.95437
2023-04-17,1.91233,10041.0,11176.0,6090.0,15803.0,4133.0,3649.0,44802.0,3677.0,2270577.0,1.97315
2023-04-24,1.95706,10013.0,11224.0,6090.0,16115.0,4283.0,3947.0,45582.0,3652.0,2259439.0,2.0174
2023-05-01,1.92178,10187.0,11067.0,6090.0,16725.0,4072.0,3718.0,45769.0,3654.0,2295923.0,1.99349
2023-05-08,1.88696,9740.0,10697.0,6090.0,15517.0,3875.0,3458.0,43287.0,3653.0,2201602.0,1.96616
2023-05-15,1.83831,9389.0,10386.0,6090.0,14611.0,3640.0,3490.0,41516.0,3518.0,2169098.0,1.91398
2023-05-22,1.85243,9568.0,10413.0,6090.0,14220.0,3845.0,3543.0,41589.0,3601.0,2145684.0,1.93826
2023-05-29,1.58197,8309.0,9954.0,6090.0,11628.0,3622.0,3426.0,36939.0,3583.0,2182091.0,1.69283
2023-06-05,1.49009,7741.0,9289.0,6090.0,10223.0,3447.0,3180.0,33880.0,3589.0,2151633.0,1.57462
2023-06-12,1.36698,6998.0,8727.0,6090.0,8941.0,3236.0,2987.0,30889.0,3582.0,2139112.0,1.44401
2023-06-19,1.276,6388.0,8130.0,6090.0,8012.0,3046.0,2910.0,28486.0,3539.0,2151758.0,1.32385
2023-06-26,1.23501,5944.0,7472.0,6090.0,7475.0,2940.0,2817.0,26648.0,3569.0,2064286.0,1.29091
2023-07-03,1.16269,5608.0,7567.0,6090.0,7043.0,2925.0,2760.0,25903.0,3542.0,2155400.0,1.20177
2023-07-10,1.12962,5718.0,7476.0,6090.0,6836.0,2931.0,2841.0,25802.0,3560.0,2163359.0,1.19268
2023-07-17,1.1716,5812.0,7475.0,6090.0,7046.0,3137.0,2947.0,26417.0,3551.0,2146245.0,1.23085
2023-07-24,1.20886,5678.0,7979.0,6090.0,6966.0,3273.0,3000.0,26896.0,3542.0,2132922.0,1.26099
2023-07-31,1.28069,5982.0,8642.0,6090.0,7764.0,3560.0,3365.0,29313.0,3521.0,2156467.0,1.35931
2023-08-07,1.45906,6688.0,9791.0,6090.0,9759.0,3784.0,3641.0,33663.0,3533.0,2186399.0,1.53965
2023-08-14,1.72129,8234.0,11256.0,6090.0,13151.0,4300.0,4038.0,40979.0,3524.0,2243946.0,1.8262
2023-08-21,1.95643,8980.0,11792.0,6090.0,14664.0,4630.0,4345.0,44411.0,3537.0,2245988.0,1.97735
2023-08-28,2.02622,9546.0,11819.0,6090.0,14159.0,4621.0,4589.0,44734.0,3538.0,2209523.0,2.0246
2023-09-04,1.95721,9485.0,11798.0,6090.0,14904.0,4699.0,4401.0,45287.0,3558.0,2274050.0,1.99147
2023-09-11,2.04894,10912.0,11970.0,6090.0,16162.0,4711.0,4510.0,48265.0,3558.0,2261308.0,2.13438
2023-09-18,2.10325,11376.0,12299.0,6090.0,16110.0,4934.0,4550.0,49269.0,3552.0,2260617.0,2.17945
2023-09-25,2.29246,13511.0,13430.0,6090.0,18994.0,5290.0,5052.0,56277.0,4127.0,2491208.0,2.25902
2023-10-02,2.32301,14403.0,13938.0,6090.0,18523.0,5428.0,5088.0,57380.0,4145.0,2484565.0,2.30946
2023-10-09,2.54346,15712.0,14455.0,6090.0,20287.0,5812.0,6187.0,62453.0,4131.0,2483573.0,2.51464
2023-10-16,2.731,16971.0,15452.0,6090.0,22354.0,6072.0,6700.0,67549.0,4156.0,2521074.0,2.67937
2023-10-23,2.97132,17784.0,16573.0,6090.0,24733.0,6335.0,6687.0,72112.0,4150.0,2476504.0,2.91185
2023-10-30,3.43915,21454.0,19306.0,6090.0,29393.0,7423.0,7741.0,85317.0,4146.0,2566043.0,3.32485
2023-11-06,3.72221,22011.0,21538.0,6090.0,30763.0,8074.0,8411.0,90797.0,4149.0,2542038.0,3.57182
2023-11-13,3.96418,22379.0,20377.0,6090.0,25918.0,8365.0,8408.0,85447.0,4162.0,2255631.0,3.78816
2023-11-20,4.06554,22624.0,28320.0,6090.0,30290.0,11121.0,11193.0,103548.0,4135.0,2615381.0,3.95919
2023-11-27,4.42345,23342.0,28996.0,6090.0,38072.0,12182.0,11359.0,113951.0,4098.0,2617107.0,4.35408
2023-12-04,5.23015,26060.0,34987.0,6090.0,48218.0,13983.0,12561.0,135809.0,4112.0,2608352.0,5.2067
2023-12-11,6.29282,29750.0,45227.0,6090.0,53426.0,18090.0,16604.0,163097.0,4083.0,2584619.0,6.31029
2023-12-18,6.8564,31461.0,50010.0,6090.0,41750.0,21678.0,21694.0,166593.0,4075.0,2412825.0,6.90448
2024-01-01,5.76741,24655.0,46988.0,6090.0,32258.0,20517.0,19363.0,143781.0,4100.0,2495406.0,5.76183
2024-01-08,4.71015,18131.0,37073.0,6090.0,31354.0,16385.0,15375.0,118318.0,4099.0,2489300.0,4.75306
2024-01-15,4.37484,16144.0,30545.0,6090.0,29093.0,12622.0,11542.0,99946.0,4107.0,2297263.0,4.35066
2024-01-22,4.29014,16212.0,31772.0,6090.0,34316.0,12481.0,10636.0,105417.0,4133.0,2495647.0,4.22403
2024-01-29,4.4668,17248.0,30387.0,6090.0,38471.0,11582.0,10037.0,107725.0,4113.0,2517942.0,4.2783
2024-02-05,4.5072,17948.0,31575.0,6090.0,41690.0,11534.0,10035.0,112782.0,4117.0,2563315.0,4.39985
2024-02-12,4.39805,17382.0,30743.0,6090.0,38863.0,11232.0,9949.0,108169.0,4104.0,2495667.0,4.33427
2024-02-19,4.3728,17646.0,31224.0,6090.0,36980.0,11317.0,10161.0,107328.0,4097.0,2485595.0,4.318
2024-02-26,4.09593,17319.0,30521.0,6090.0,35834.0,11034.0,9901.0,104609.0,4093.0,2564859.0,4.07855
2024-03-04,3.74624,16477.0,26559.0,6090.0,32940.0,9683.0,8809.0,94468.0,4097.0,2534155.0,3.72779
2024-03-11,3.43295,15862.0,23666.0,6090.0,29058.0,8453.0,7730.0,84769.0,4035.0,2494435.0,3.39832
2024-03-18,3.10652,15078.0,21971.0,6090.0,26428.0,7815.0,7112.0,78404.0,4089.0,2489121.0,3.14987
2024-03-25,2.99139,14417.0,21197.0,6090.0,23461.0,7490.0,7092.0,73657.0,4082.0,2430792.0,3.03016
2024-04-01,2.78505,13904.0,20109.0,6090.0,20376.0,7137.0,6768.0,68294.0,4052.0,2414318.0,2.82871
2024-04-08,2.54455,13194.0,18194.0,6090.0,19547.0,6836.0,6368.0,64139.0,4062.0,2480775.0,2.58544
2024-04-15,2.26328,11823.0,15600.0,6090.0,18194.0,5931.0,5760.0,57308.0,4043.0,2499603.0,2.29268
2024-04-22,2.19885,11382.0,14845.0,6090.0,18014.0,5622.0,5275.0,55138.0,4012.0,2461693.0,2.23984
2024-04-29,2.11786,10909.0,14207.0,6090.0,17451.0,5333.0,5106.0,53006.0,3954.0,2474953.0,2.1417
2024-05-06,2.03031,9784.0,13088.0,6090.0,15821.0,4966.0,4792.0,48451.0,3915.0,2384601.0,2.03183
