date,value_1,value_2,value_3,value_4,value_5,value_6,value_7,value_8,OT
1993-04-05,1.04,1.068,1.068,1.023,1.061,1.064,1.093,1.152,1.068
1993-04-12,1.047,1.073,1.072,1.032,1.077,1.071,1.118,1.154,1.079
1993-04-19,1.054,1.074,1.077,1.04,1.067,1.081,1.12,1.155,1.079
1993-04-26,1.059,1.076,1.08,1.046,1.078,1.081,1.169,1.157,1.086
1993-05-03,1.062,1.08,1.084,1.05,1.073,1.084,1.161,1.161,1.086
1993-05-10,1.069,1.091,1.09,1.057,1.091,1.088,1.143,1.171,1.097
1993-05-17,1.073,1.096,1.095,1.06,1.107,1.097,1.136,1.177,1.106
1993-05-24,1.075,1.096,1.094,1.064,1.103,1.096,1.17,1.178,1.106
1993-05-31,1.078,1.097,1.099,1.065,1.102,1.096,1.164,1.186,1.107
1993-06-07,1.078,1.102,1.098,1.064,1.095,1.095,1.149,1.188,1.104
1993-06-14,1.076,1.103,1.097,1.062,1.092,1.094,1.137,1.188,1.101
1993-06-21,1.075,1.101,1.095,1.062,1.077,1.09,1.132,1.186,1.095
1993-06-28,1.072,1.1,1.095,1.057,1.068,1.087,1.12,1.182,1.089
1993-07-05,1.068,1.096,1.091,1.054,1.063,1.089,1.111,1.181,1.086
1993-07-12,1.066,1.095,1.09,1.05,1.054,1.083,1.134,1.177,1.081
1993-07-19,1.062,1.091,1.086,1.046,1.045,1.08,1.124,1.172,1.075
1993-07-26,1.059,1.089,1.083,1.043,1.036,1.075,1.114,1.168,1.069
1993-08-02,1.054,1.086,1.077,1.038,1.028,1.07,1.103,1.158,1.062
1993-08-09,1.051,1.081,1.076,1.035,1.026,1.067,1.092,1.159,1.06
1993-08-16,1.047,1.077,1.075,1.03,1.025,1.064,1.134,1.154,1.059
1993-08-23,1.045,1.072,1.074,1.028,1.043,1.067,1.129,1.155,1.065
1993-08-30,1.041,1.069,1.068,1.024,1.04,1.062,1.121,1.155,1.062
1993-09-06,1.037,1.065,1.065,1.02,1.029,1.06,1.108,1.154,1.055
1993-09-13,1.034,1.068,1.063,1.016,1.02,1.054,1.108,1.154,1.051
1993-09-20,1.028,1.063,1.059,1.009,1.009,1.05,1.093,1.165,1.045
1993-09-27,1.024,1.06,1.057,1.003,1.016,1.042,1.132,1.171,1.047
1993-10-04,1.068,1.101,1.104,1.047,1.063,1.086,1.155,1.22,1.092
1993-10-11,1.064,1.092,1.102,1.042,1.065,1.081,1.144,1.215,1.09
1993-10-18,1.063,1.093,1.1,1.041,1.078,1.078,1.149,1.209,1.093
1993-10-25,1.061,1.091,1.1,1.039,1.074,1.073,1.202,1.202,1.092
1993-11-01,1.057,1.087,1.099,1.034,1.062,1.069,1.186,1.198,1.084
1993-11-08,1.053,1.081,1.097,1.029,1.051,1.062,1.169,1.186,1.075
1993-11-15,1.048,1.081,1.09,1.025,1.034,1.052,1.158,1.176,1.064
1993-11-22,1.043,1.076,1.085,1.019,1.026,1.044,1.171,1.167,1.058
1993-11-29,1.038,1.074,1.081,1.013,1.017,1.04,1.158,1.158,1.051
1993-12-06,1.028,1.064,1.071,1.003,0.994,1.03,1.154,1.147,1.036
1993-12-13,1.015,1.055,1.064,0.986,0.969,1.014,1.135,1.134,1.018
1993-12-20,1.004,1.047,1.056,0.974,0.948,1.001,1.115,1.122,1.003
1993-12-27,0.997,1.04,1.051,0.966,0.949,0.993,1.098,1.12,0.999
1994-01-03,0.992,1.037,1.044,0.962,0.939,0.989,1.085,1.117,0.992
1994-01-10,0.989,1.036,1.041,0.958,0.956,0.984,1.065,1.111,0.995
1994-01-17,0.987,1.036,1.033,0.958,0.974,0.982,1.092,1.105,1.001
1994-01-24,0.985,1.032,1.03,0.957,0.972,0.981,1.075,1.104,0.999
1994-01-31,0.984,1.028,1.031,0.955,0.989,0.983,1.063,1.104,1.005
1994-02-07,0.989,1.028,1.035,0.962,0.989,0.986,1.056,1.105,1.007
1994-02-14,0.996,1.033,1.038,0.972,1.001,0.992,1.097,1.106,1.016
1994-02-21,0.997,1.035,1.04,0.972,0.984,0.985,1.073,1.11,1.009
1994-02-28,0.996,1.036,1.038,0.97,0.975,0.981,1.062,1.112,1.004
1994-03-07,0.994,1.041,1.036,0.968,0.988,0.978,1.042,1.108,1.007
1994-03-14,0.993,1.038,1.034,0.968,0.981,0.976,1.089,1.109,1.005
1994-03-21,0.992,1.034,1.031,0.969,0.984,0.981,1.064,1.115,1.007
1994-03-28,0.996,1.033,1.029,0.975,0.992,0.995,1.036,1.114,1.012
1994-04-04,0.996,1.032,1.027,0.976,0.989,0.999,1.027,1.115,1.011
1994-04-11,1.004,1.033,1.028,0.988,1.019,1.01,1.081,1.117,1.028
1994-04-18,1.008,1.036,1.035,0.992,1.025,1.015,1.059,1.128,1.033
1994-04-25,1.013,1.039,1.04,0.996,1.029,1.021,1.039,1.133,1.037
1994-05-02,1.017,1.043,1.049,0.998,1.029,1.024,1.039,1.14,1.04
1994-05-09,1.018,1.046,1.051,0.999,1.036,1.024,1.104,1.142,1.045
1994-05-16,1.021,1.057,1.055,1.0,1.034,1.025,1.091,1.146,1.046
1994-05-23,1.023,1.061,1.058,1.001,1.045,1.023,1.069,1.15,1.05
1994-05-30,1.028,1.066,1.069,1.003,1.053,1.028,1.076,1.152,1.056
1994-06-06,1.036,1.071,1.077,1.012,1.059,1.037,1.135,1.163,1.065
1994-06-13,1.044,1.078,1.084,1.021,1.067,1.049,1.126,1.166,1.073
1994-06-20,1.05,1.087,1.089,1.028,1.075,1.051,1.128,1.17,1.079
1994-06-27,1.062,1.096,1.1,1.04,1.097,1.067,1.156,1.179,1.095
1994-07-04,1.068,1.105,1.106,1.044,1.095,1.072,1.142,1.184,1.097
1994-07-11,1.07,1.105,1.109,1.046,1.099,1.072,1.194,1.195,1.103
1994-07-18,1.074,1.108,1.118,1.049,1.109,1.079,1.179,1.199,1.109
1994-07-25,1.079,1.112,1.123,1.054,1.119,1.081,1.163,1.205,1.114
1994-08-01,1.089,1.122,1.134,1.063,1.14,1.096,1.215,1.215,1.13
1994-08-08,1.113,1.148,1.154,1.089,1.175,1.126,1.235,1.223,1.157
1994-08-15,1.124,1.162,1.165,1.1,1.172,1.132,1.234,1.225,1.161
1994-08-22,1.127,1.166,1.167,1.103,1.179,1.134,1.23,1.227,1.165
1994-08-29,1.126,1.167,1.168,1.1,1.164,1.134,1.293,1.227,1.161
1994-09-05,1.122,1.164,1.163,1.098,1.158,1.131,1.282,1.227,1.156
1994-09-12,1.121,1.16,1.163,1.096,1.145,1.129,1.266,1.226,1.15
1994-09-19,1.116,1.152,1.157,1.091,1.128,1.123,1.249,1.225,1.14
1994-09-26,1.111,1.146,1.155,1.085,1.11,1.114,1.23,1.222,1.129
1994-10-03,1.105,1.136,1.153,1.078,1.092,1.109,1.205,1.231,1.12
1994-10-10,1.1,1.137,1.147,1.072,1.087,1.103,1.178,1.231,1.114
1994-10-17,1.098,1.138,1.146,1.069,1.073,1.096,1.16,1.229,1.106
1994-10-24,1.098,1.135,1.148,1.069,1.072,1.093,1.213,1.227,1.107
1994-10-31,1.112,1.148,1.163,1.083,1.094,1.105,1.189,1.228,1.121
1994-11-07,1.122,1.159,1.174,1.091,1.092,1.111,1.174,1.228,1.123
1994-11-14,1.121,1.161,1.177,1.088,1.087,1.105,1.209,1.233,1.122
1994-11-21,1.116,1.161,1.175,1.083,1.072,1.1,1.186,1.229,1.113
1994-11-28,1.129,1.177,1.187,1.095,1.064,1.116,1.163,1.238,1.117
1994-12-05,1.147,1.21,1.211,1.105,1.061,1.135,1.184,1.249,1.127
1994-12-12,1.158,1.225,1.223,1.114,1.054,1.147,1.191,1.257,1.131
1994-12-19,1.169,1.237,1.235,1.122,1.053,1.159,1.175,1.26,1.134
1994-12-26,1.163,1.23,1.233,1.115,1.041,1.146,1.153,1.261,1.125
1995-01-02,1.156,1.227,1.228,1.107,1.045,1.146,1.176,1.268,1.127
1995-01-09,1.155,1.225,1.226,1.106,1.066,1.146,1.159,1.268,1.134
1995-01-16,1.15,1.22,1.218,1.104,1.051,1.143,1.136,1.264,1.126
1995-01-23,1.15,1.222,1.214,1.104,1.071,1.138,1.167,1.258,1.132
1995-01-30,1.148,1.219,1.209,1.104,1.072,1.142,1.145,1.253,1.131
1995-02-06,1.145,1.219,1.205,1.101,1.062,1.139,1.126,1.248,1.124
1995-02-13,1.141,1.218,1.201,1.097,1.058,1.133,1.152,1.245,1.121
1995-02-20,1.138,1.216,1.198,1.094,1.049,1.129,1.133,1.243,1.115
1995-02-27,1.137,1.216,1.193,1.095,1.068,1.132,1.117,1.24,1.121
1995-03-06,1.137,1.212,1.191,1.096,1.068,1.133,1.156,1.237,1.123
1995-03-13,1.133,1.207,1.188,1.092,1.057,1.129,1.136,1.23,1.116
1995-03-20,1.129,1.203,1.183,1.088,1.064,1.12,1.12,1.229,1.114
1995-03-27,1.128,1.198,1.18,1.088,1.08,1.121,1.166,1.223,1.121
1995-04-03,1.132,1.2,1.181,1.095,1.104,1.132,1.152,1.226,1.133
1995-04-10,1.143,1.202,1.185,1.11,1.122,1.149,1.186,1.241,1.149
1995-04-17,1.16,1.209,1.196,1.132,1.137,1.168,1.179,1.245,1.163
1995-04-24,1.187,1.228,1.216,1.164,1.16,1.192,1.161,1.258,1.184
1995-05-01,1.2,1.243,1.233,1.175,1.158,1.208,1.203,1.269,1.194
1995-05-08,1.224,1.261,1.256,1.2,1.191,1.221,1.183,1.28,1.216
1995-05-15,1.234,1.276,1.27,1.208,1.197,1.231,1.227,1.287,1.226
1995-05-22,1.252,1.292,1.286,1.227,1.224,1.247,1.214,1.292,1.244
1995-05-29,1.262,1.311,1.3,1.233,1.217,1.254,1.218,1.295,1.246
1995-06-05,1.264,1.314,1.302,1.236,1.217,1.253,1.208,1.295,1.246
1995-06-12,1.263,1.315,1.302,1.233,1.21,1.249,1.226,1.292,1.243
1995-06-19,1.26,1.315,1.301,1.23,1.197,1.246,1.213,1.291,1.236
1995-06-26,1.256,1.313,1.3,1.224,1.185,1.243,1.207,1.286,1.229
1995-07-03,1.249,1.313,1.296,1.213,1.174,1.235,1.219,1.285,1.222
1995-07-10,1.244,1.31,1.291,1.208,1.157,1.227,1.198,1.281,1.212
1995-07-17,1.238,1.308,1.285,1.2,1.142,1.214,1.186,1.273,1.2
1995-07-24,1.229,1.302,1.278,1.189,1.129,1.202,1.207,1.268,1.191
1995-07-31,1.218,1.296,1.271,1.175,1.114,1.19,1.19,1.259,1.179
1995-08-07,1.213,1.291,1.264,1.171,1.116,1.179,1.171,1.253,1.174
1995-08-14,1.205,1.285,1.258,1.163,1.117,1.174,1.2,1.248,1.172
1995-08-21,1.201,1.281,1.25,1.16,1.122,1.168,1.191,1.245,1.171
1995-08-28,1.197,1.278,1.248,1.154,1.11,1.162,1.174,1.244,1.163
1995-09-04,1.188,1.275,1.243,1.144,1.112,1.154,1.168,1.243,1.16
1995-09-11,1.185,1.274,1.239,1.142,1.109,1.149,1.205,1.236,1.158
1995-09-18,1.18,1.271,1.234,1.136,1.112,1.145,1.201,1.235,1.157
1995-09-25,1.178,1.267,1.234,1.133,1.114,1.143,1.192,1.233,1.156
1995-10-02,1.172,1.266,1.227,1.127,1.106,1.132,1.218,1.241,1.151
1995-10-09,1.167,1.261,1.221,1.123,1.092,1.131,1.197,1.242,1.144
1995-10-16,1.159,1.256,1.213,1.114,1.076,1.124,1.169,1.243,1.133
1995-10-23,1.149,1.247,1.203,1.105,1.066,1.117,1.155,1.242,1.125
1995-10-30,1.14,1.236,1.192,1.096,1.049,1.108,1.193,1.237,1.115
1995-11-06,1.131,1.226,1.184,1.087,1.056,1.099,1.173,1.232,1.112
1995-11-13,1.125,1.217,1.178,1.082,1.059,1.096,1.156,1.23,1.109
1995-11-20,1.118,1.209,1.173,1.074,1.056,1.092,1.2,1.224,1.106
1995-11-27,1.117,1.204,1.172,1.072,1.061,1.092,1.186,1.22,1.107
1995-12-04,1.118,1.21,1.177,1.07,1.068,1.093,1.165,1.217,1.108
1995-12-11,1.118,1.213,1.181,1.069,1.066,1.099,1.184,1.217,1.11
1995-12-18,1.122,1.22,1.186,1.071,1.103,1.1,1.165,1.219,1.124
1995-12-25,1.126,1.222,1.194,1.075,1.103,1.109,1.164,1.223,1.128
1996-01-01,1.132,1.234,1.198,1.079,1.104,1.11,1.15,1.222,1.129
1996-01-08,1.135,1.235,1.199,1.084,1.124,1.116,1.169,1.222,1.139
1996-01-15,1.146,1.239,1.202,1.1,1.122,1.134,1.159,1.227,1.145
1996-01-22,1.145,1.236,1.202,1.099,1.107,1.132,1.132,1.229,1.138
1996-01-29,1.141,1.234,1.2,1.095,1.094,1.129,1.169,1.224,1.133
1996-02-05,1.139,1.229,1.196,1.093,1.094,1.122,1.153,1.221,1.13
1996-02-12,1.135,1.225,1.192,1.089,1.092,1.12,1.123,1.224,1.126
1996-02-19,1.134,1.223,1.19,1.09,1.103,1.12,1.181,1.229,1.133
1996-02-26,1.144,1.224,1.194,1.105,1.144,1.132,1.159,1.237,1.153
1996-03-04,1.158,1.23,1.203,1.123,1.16,1.155,1.203,1.246,1.17
1996-03-11,1.163,1.23,1.206,1.129,1.151,1.162,1.185,1.267,1.171
1996-03-18,1.169,1.231,1.208,1.138,1.167,1.173,1.162,1.282,1.181
1996-03-25,1.192,1.246,1.224,1.165,1.202,1.198,1.22,1.297,1.21
1996-04-01,1.211,1.262,1.243,1.186,1.209,1.214,1.214,1.319,1.223
1996-04-08,1.232,1.281,1.258,1.21,1.232,1.241,1.268,1.351,1.248
1996-04-15,1.276,1.324,1.298,1.257,1.268,1.282,1.274,1.394,1.287
1996-04-22,1.292,1.337,1.316,1.271,1.258,1.302,1.279,1.476,1.301
1996-04-29,1.302,1.359,1.332,1.277,1.27,1.306,1.354,1.525,1.318
1996-05-06,1.312,1.378,1.349,1.282,1.26,1.308,1.359,1.541,1.321
1996-05-13,1.315,1.383,1.354,1.283,1.266,1.308,1.341,1.544,1.323
1996-05-20,1.316,1.386,1.356,1.283,1.284,1.306,1.376,1.54,1.33
1996-05-27,1.313,1.382,1.352,1.28,1.267,1.297,1.362,1.535,1.321
1996-06-03,1.311,1.381,1.353,1.277,1.256,1.296,1.333,1.53,1.315
1996-06-10,1.304,1.375,1.345,1.27,1.251,1.291,1.309,1.521,1.307
1996-06-17,1.294,1.364,1.337,1.26,1.247,1.284,1.347,1.51,1.302
1996-06-24,1.287,1.358,1.332,1.251,1.233,1.267,1.319,1.5,1.289
1996-07-01,1.278,1.348,1.324,1.242,1.218,1.258,1.323,1.488,1.279
1996-07-08,1.273,1.345,1.318,1.236,1.222,1.253,1.309,1.481,1.276
1996-07-15,1.269,1.338,1.312,1.235,1.225,1.247,1.28,1.473,1.273
1996-07-22,1.265,1.336,1.308,1.231,1.228,1.243,1.315,1.463,1.272
1996-07-29,1.261,1.329,1.301,1.228,1.213,1.242,1.295,1.451,1.263
1996-08-05,1.254,1.321,1.293,1.223,1.198,1.235,1.284,1.437,1.253
1996-08-12,1.249,1.317,1.288,1.217,1.192,1.229,1.323,1.424,1.248
1996-08-19,1.245,1.313,1.283,1.213,1.208,1.225,1.298,1.409,1.249
1996-08-26,1.242,1.315,1.278,1.21,1.218,1.22,1.324,1.414,1.253
1996-09-02,1.238,1.312,1.276,1.205,1.204,1.217,1.309,1.383,1.242
1996-09-09,1.24,1.312,1.274,1.21,1.221,1.22,1.293,1.372,1.247
1996-09-16,1.241,1.313,1.277,1.21,1.224,1.224,1.328,1.372,1.25
1996-09-23,1.24,1.316,1.277,1.208,1.226,1.228,1.308,1.369,1.251
1996-09-30,1.239,1.314,1.277,1.206,1.218,1.226,1.293,1.359,1.245
1996-10-07,1.236,1.315,1.275,1.203,1.205,1.22,1.321,1.35,1.239
1996-10-14,1.243,1.317,1.278,1.212,1.228,1.224,1.304,1.34,1.248
1996-10-21,1.25,1.32,1.281,1.221,1.227,1.233,1.293,1.329,1.249
1996-10-28,1.257,1.326,1.288,1.23,1.252,1.231,1.321,1.313,1.26
1996-11-04,1.27,1.338,1.303,1.241,1.264,1.244,1.31,1.3,1.268
1996-11-11,1.273,1.339,1.307,1.244,1.274,1.252,1.305,1.281,1.272
1996-11-18,1.287,1.351,1.322,1.258,1.284,1.262,1.338,1.274,1.282
1996-11-25,1.294,1.36,1.335,1.262,1.296,1.27,1.32,1.268,1.289
1996-12-02,1.299,1.37,1.343,1.263,1.292,1.268,1.305,1.265,1.287
1996-12-09,1.304,1.384,1.351,1.266,1.288,1.27,1.287,1.261,1.287
1996-12-16,1.305,1.389,1.357,1.264,1.271,1.268,1.324,1.262,1.283
1996-12-23,1.305,1.392,1.357,1.262,1.26,1.267,1.305,1.265,1.278
1996-12-30,1.303,1.393,1.357,1.259,1.253,1.265,1.286,1.27,1.274
1997-01-06,1.303,1.394,1.355,1.26,1.245,1.264,1.277,1.282,1.272
1997-01-13,1.308,1.392,1.36,1.265,1.275,1.263,1.304,1.302,1.287
1997-01-20,1.307,1.39,1.356,1.266,1.273,1.264,1.292,1.316,1.287
1997-01-27,1.303,1.387,1.354,1.262,1.265,1.259,1.304,1.321,1.284
1997-02-03,1.302,1.386,1.349,1.262,1.26,1.26,1.284,1.333,1.282
1997-02-10,1.3,1.385,1.345,1.261,1.246,1.264,1.304,1.345,1.28
1997-02-17,1.295,1.379,1.341,1.256,1.232,1.266,1.291,1.347,1.273
1997-02-24,1.289,1.369,1.332,1.252,1.232,1.256,1.283,1.353,1.27
1997-03-03,1.282,1.359,1.322,1.247,1.216,1.248,1.304,1.352,1.261
1997-03-10,1.276,1.349,1.313,1.243,1.202,1.242,1.286,1.362,1.253
1997-03-17,1.267,1.34,1.304,1.236,1.188,1.236,1.302,1.367,1.246
1997-03-24,1.263,1.338,1.295,1.234,1.203,1.236,1.276,1.373,1.25
1997-03-31,1.261,1.334,1.29,1.232,1.193,1.235,1.258,1.391,1.246
1997-04-07,1.258,1.33,1.286,1.23,1.19,1.234,1.309,1.407,1.248
1997-04-14,1.253,1.324,1.279,1.227,1.185,1.228,1.299,1.413,1.244
1997-04-21,1.245,1.316,1.27,1.221,1.194,1.223,1.318,1.412,1.245
1997-04-28,1.239,1.309,1.265,1.214,1.194,1.218,1.29,1.407,1.24
1997-05-05,1.238,1.301,1.275,1.208,1.195,1.215,1.266,1.4,1.238
1997-05-12,1.234,1.298,1.271,1.203,1.199,1.208,1.317,1.396,1.238
1997-05-19,1.237,1.298,1.275,1.207,1.228,1.208,1.298,1.386,1.247
1997-05-26,1.239,1.306,1.278,1.206,1.247,1.221,1.276,1.378,1.255
1997-06-02,1.241,1.31,1.282,1.208,1.25,1.22,1.324,1.372,1.258
1997-06-09,1.238,1.309,1.283,1.202,1.24,1.219,1.299,1.362,1.251
1997-06-16,1.234,1.305,1.28,1.197,1.225,1.215,1.273,1.355,1.242
1997-06-23,1.229,1.298,1.275,1.193,1.211,1.204,1.251,1.344,1.232
1997-06-30,1.222,1.292,1.269,1.185,1.198,1.201,1.307,1.328,1.226
1997-07-07,1.218,1.284,1.265,1.181,1.198,1.198,1.295,1.321,1.222
1997-07-14,1.215,1.277,1.26,1.18,1.192,1.191,1.319,1.315,1.219
1997-07-21,1.213,1.277,1.259,1.178,1.209,1.192,1.296,1.307,1.222
1997-07-28,1.213,1.279,1.258,1.178,1.196,1.193,1.273,1.298,1.216
1997-08-04,1.231,1.306,1.276,1.193,1.228,1.202,1.297,1.313,1.237
1997-08-11,1.26,1.332,1.302,1.225,1.273,1.232,1.3,1.35,1.272
1997-08-18,1.268,1.349,1.314,1.229,1.26,1.233,1.327,1.377,1.274
1997-08-25,1.286,1.381,1.342,1.239,1.271,1.241,1.326,1.407,1.288
1997-09-01,1.289,1.387,1.349,1.242,1.262,1.241,1.31,1.426,1.287
1997-09-08,1.291,1.387,1.35,1.242,1.252,1.238,1.35,1.444,1.288
1997-09-15,1.286,1.381,1.345,1.237,1.236,1.237,1.327,1.458,1.281
1997-09-22,1.278,1.369,1.339,1.23,1.215,1.233,1.304,1.458,1.269
1997-09-29,1.267,1.36,1.328,1.219,1.193,1.223,1.29,1.454,1.255
1997-10-06,1.259,1.354,1.32,1.21,1.201,1.218,1.287,1.453,1.254
1997-10-13,1.254,1.351,1.314,1.206,1.186,1.213,1.335,1.443,1.248
1997-10-20,1.247,1.343,1.304,1.2,1.173,1.209,1.317,1.438,1.238
1997-10-27,1.239,1.334,1.294,1.193,1.161,1.197,1.303,1.431,1.228
1997-11-03,1.231,1.326,1.283,1.186,1.157,1.189,1.286,1.421,1.221
1997-11-10,1.225,1.318,1.276,1.182,1.167,1.184,1.331,1.411,1.222
1997-11-17,1.217,1.31,1.268,1.174,1.155,1.181,1.316,1.401,1.213
1997-11-24,1.209,1.305,1.259,1.167,1.156,1.174,1.285,1.39,1.207
1997-12-01,1.203,1.295,1.252,1.163,1.14,1.172,1.265,1.381,1.197
1997-12-08,1.194,1.285,1.243,1.153,1.121,1.164,1.309,1.367,1.187
1997-12-15,1.184,1.274,1.233,1.143,1.108,1.155,1.312,1.357,1.176
1997-12-22,1.175,1.262,1.225,1.134,1.099,1.143,1.29,1.347,1.167
1997-12-29,1.168,1.258,1.219,1.125,1.086,1.14,1.267,1.34,1.158
1998-01-05,1.163,1.253,1.213,1.12,1.072,1.135,1.245,1.333,1.148
1998-01-12,1.153,1.24,1.201,1.112,1.071,1.128,1.223,1.318,1.14
1998-01-19,1.141,1.227,1.187,1.101,1.057,1.118,1.248,1.296,1.129
1998-01-26,1.129,1.219,1.173,1.089,1.033,1.112,1.222,1.28,1.112
1998-02-02,1.119,1.211,1.159,1.08,1.048,1.094,1.191,1.26,1.108
1998-02-09,1.112,1.2,1.15,1.076,1.048,1.092,1.143,1.236,1.101
1998-02-16,1.1,1.186,1.138,1.064,1.035,1.08,1.096,1.214,1.085
1998-02-23,1.093,1.178,1.127,1.059,1.062,1.069,1.14,1.19,1.09
1998-03-02,1.085,1.165,1.114,1.055,1.044,1.064,1.096,1.157,1.075
1998-03-09,1.076,1.148,1.102,1.05,1.036,1.061,1.075,1.131,1.065
1998-03-16,1.062,1.131,1.088,1.036,1.03,1.049,1.058,1.126,1.055
1998-03-23,1.052,1.114,1.08,1.025,1.026,1.038,1.034,1.12,1.047
1998-03-30,1.072,1.127,1.103,1.046,1.069,1.056,1.087,1.141,1.077
1998-04-06,1.075,1.134,1.102,1.05,1.057,1.061,1.077,1.146,1.074
1998-04-13,1.074,1.13,1.101,1.049,1.045,1.058,1.098,1.165,1.072
1998-04-20,1.071,1.126,1.1,1.046,1.058,1.052,1.105,1.164,1.075
1998-04-27,1.076,1.123,1.104,1.053,1.078,1.058,1.101,1.179,1.086
1998-05-04,1.077,1.126,1.106,1.054,1.085,1.057,1.111,1.228,1.095
1998-05-11,1.086,1.134,1.114,1.063,1.103,1.065,1.147,1.244,1.109
1998-05-18,1.074,1.119,1.117,1.043,1.11,1.045,1.172,1.248,1.109
1998-05-25,1.076,1.125,1.12,1.044,1.105,1.042,1.167,1.251,1.108
1998-06-01,1.075,1.123,1.12,1.043,1.096,1.043,1.16,1.244,1.104
1998-06-08,1.076,1.125,1.122,1.043,1.119,1.042,1.213,1.235,1.113
1998-06-15,1.071,1.125,1.119,1.036,1.099,1.046,1.2,1.233,1.104
1998-06-22,1.069,1.122,1.117,1.034,1.085,1.041,1.194,1.227,1.096
1998-06-29,1.068,1.122,1.116,1.033,1.09,1.036,1.172,1.223,1.096
1998-07-06,1.064,1.112,1.111,1.03,1.1,1.035,1.163,1.219,1.097
1998-07-13,1.066,1.104,1.112,1.035,1.087,1.033,1.164,1.216,1.092
1998-07-20,1.063,1.104,1.11,1.031,1.102,1.036,1.166,1.214,1.097
1998-07-27,1.058,1.101,1.106,1.024,1.086,1.03,1.163,1.211,1.088
1998-08-03,1.052,1.094,1.102,1.017,1.068,1.022,1.152,1.203,1.077
1998-08-10,1.048,1.092,1.1,1.012,1.06,1.017,1.146,1.199,1.072
1998-08-17,1.042,1.09,1.094,1.006,1.048,1.012,1.166,1.196,1.065
1998-08-24,1.038,1.084,1.088,1.003,1.035,1.01,1.161,1.192,1.058
1998-08-31,1.034,1.079,1.083,0.999,1.032,0.999,1.151,1.184,1.053
1998-09-07,1.028,1.072,1.08,0.994,1.027,0.989,1.136,1.179,1.046
1998-09-14,1.024,1.072,1.077,0.988,1.02,0.989,1.152,1.171,1.042
1998-09-21,1.023,1.067,1.075,0.987,1.047,0.989,1.149,1.189,1.053
1998-09-28,1.029,1.076,1.079,0.994,1.041,0.995,1.135,1.187,1.053
1998-10-05,1.034,1.081,1.084,1.0,1.05,1.003,1.13,1.182,1.059
1998-10-12,1.046,1.088,1.091,1.014,1.045,1.015,1.148,1.178,1.063
1998-10-19,1.044,1.086,1.088,1.013,1.038,1.014,1.138,1.174,1.058
1998-10-26,1.041,1.084,1.088,1.009,1.032,1.007,1.136,1.175,1.055
1998-11-02,1.04,1.08,1.083,1.01,1.025,1.002,1.128,1.172,1.05
1998-11-09,1.038,1.079,1.082,1.006,1.026,0.998,1.12,1.169,1.048
1998-11-16,1.031,1.075,1.079,0.998,1.0,0.991,1.141,1.169,1.037
1998-11-23,1.022,1.071,1.067,0.989,0.991,0.981,1.125,1.179,1.03
1998-11-30,1.013,1.067,1.059,0.979,0.965,0.971,1.107,1.175,1.015
1998-12-07,0.998,1.059,1.046,0.962,0.935,0.96,1.079,1.166,0.996
1998-12-14,0.987,1.054,1.035,0.95,0.932,0.948,1.042,1.159,0.987
1998-12-21,0.982,1.049,1.03,0.945,0.939,0.944,1.012,1.157,0.986
1998-12-28,0.976,1.043,1.025,0.938,0.93,0.94,0.999,1.154,0.979
1999-01-04,0.974,1.042,1.02,0.938,0.927,0.939,0.994,1.151,0.977
1999-01-11,0.971,1.037,1.018,0.934,0.946,0.94,0.993,1.146,0.982
1999-01-18,0.972,1.037,1.019,0.935,0.952,0.945,1.004,1.141,0.985
1999-01-25,0.968,1.029,1.013,0.932,0.941,0.939,0.998,1.136,0.977
1999-02-01,0.96,1.019,1.005,0.925,0.933,0.934,1.002,1.127,0.971
1999-02-08,0.956,1.016,0.997,0.923,0.933,0.935,0.995,1.12,0.968
1999-02-15,0.948,1.01,0.99,0.915,0.919,0.932,0.999,1.116,0.96
1999-02-22,0.943,0.999,0.981,0.913,0.892,0.926,1.001,1.12,0.949
1999-03-01,0.938,0.993,0.977,0.907,0.914,0.921,1.001,1.124,0.955
1999-03-08,0.939,0.993,0.977,0.909,0.923,0.92,1.006,1.162,0.963
1999-03-15,0.978,1.018,1.004,0.956,1.009,0.956,1.049,1.193,1.017
1999-03-22,1.012,1.046,1.033,0.994,1.057,0.992,1.077,1.231,1.056
1999-03-29,1.047,1.076,1.069,1.03,1.109,1.039,1.159,1.411,1.121
1999-04-05,1.078,1.113,1.1,1.06,1.122,1.068,1.206,1.531,1.158
1999-04-12,1.1,1.138,1.126,1.079,1.139,1.081,1.23,1.575,1.179
1999-04-19,1.105,1.146,1.14,1.079,1.124,1.087,1.237,1.557,1.175
1999-04-26,1.11,1.156,1.146,1.082,1.115,1.094,1.237,1.537,1.171
1999-05-03,1.118,1.16,1.153,1.092,1.128,1.094,1.242,1.515,1.176
1999-05-10,1.128,1.168,1.167,1.1,1.136,1.098,1.264,1.491,1.18
1999-05-17,1.127,1.171,1.168,1.098,1.145,1.1,1.261,1.469,1.18
1999-05-24,1.125,1.168,1.167,1.094,1.122,1.101,1.258,1.426,1.166
1999-05-31,1.119,1.167,1.163,1.087,1.102,1.102,1.246,1.387,1.151
1999-06-07,1.115,1.166,1.16,1.083,1.118,1.098,1.239,1.365,1.152
1999-06-14,1.113,1.166,1.16,1.078,1.114,1.096,1.235,1.359,1.148
1999-06-21,1.117,1.166,1.161,1.086,1.145,1.097,1.238,1.373,1.163
1999-06-28,1.117,1.164,1.163,1.085,1.119,1.09,1.246,1.372,1.153
1999-07-05,1.129,1.175,1.167,1.101,1.139,1.101,1.248,1.366,1.165
1999-07-12,1.148,1.198,1.19,1.117,1.149,1.118,1.246,1.402,1.182
1999-07-19,1.168,1.213,1.21,1.137,1.171,1.14,1.274,1.461,1.208
1999-07-26,1.182,1.232,1.224,1.151,1.207,1.156,1.313,1.48,1.232
1999-08-02,1.192,1.25,1.237,1.157,1.196,1.162,1.324,1.495,1.234
1999-08-09,1.208,1.266,1.257,1.172,1.192,1.177,1.354,1.52,1.246
1999-08-16,1.225,1.288,1.275,1.188,1.25,1.194,1.377,1.522,1.275
1999-08-23,1.234,1.296,1.283,1.197,1.234,1.202,1.399,1.514,1.273
1999-08-30,1.238,1.298,1.289,1.2,1.229,1.21,1.401,1.502,1.273
1999-09-06,1.242,1.309,1.295,1.202,1.259,1.212,1.404,1.478,1.282
1999-09-13,1.26,1.316,1.306,1.225,1.264,1.224,1.406,1.467,1.29
1999-09-20,1.276,1.33,1.324,1.241,1.3,1.241,1.407,1.447,1.307
1999-09-27,1.281,1.336,1.334,1.243,1.284,1.252,1.402,1.424,1.302
1999-10-04,1.287,1.356,1.346,1.244,1.265,1.253,1.398,1.415,1.296
1999-10-11,1.289,1.36,1.347,1.246,1.246,1.25,1.392,1.421,1.29
1999-10-18,1.283,1.36,1.344,1.237,1.218,1.247,1.391,1.415,1.277
1999-10-25,1.279,1.357,1.339,1.233,1.232,1.24,1.38,1.402,1.277
1999-11-01,1.276,1.355,1.334,1.23,1.227,1.235,1.369,1.387,1.271
1999-11-08,1.271,1.351,1.33,1.226,1.244,1.231,1.36,1.378,1.274
1999-11-15,1.279,1.353,1.332,1.238,1.282,1.241,1.359,1.386,1.292
1999-11-22,1.299,1.36,1.342,1.264,1.302,1.254,1.351,1.4,1.309
1999-11-29,1.317,1.372,1.362,1.283,1.291,1.274,1.349,1.407,1.315
1999-12-06,1.317,1.375,1.363,1.281,1.281,1.276,1.361,1.418,1.313
1999-12-13,1.316,1.376,1.363,1.28,1.29,1.273,1.363,1.413,1.315
1999-12-20,1.315,1.378,1.363,1.279,1.28,1.271,1.354,1.404,1.31
1999-12-27,1.315,1.381,1.365,1.276,1.295,1.271,1.347,1.401,1.314
2000-01-03,1.314,1.384,1.366,1.274,1.291,1.271,1.343,1.399,1.312
2000-01-10,1.315,1.384,1.358,1.279,1.274,1.265,1.332,1.395,1.304
2000-01-17,1.316,1.38,1.358,1.281,1.314,1.265,1.324,1.389,1.318
2000-01-24,1.342,1.403,1.381,1.311,1.379,1.296,1.324,1.393,1.354
2000-01-31,1.348,1.404,1.386,1.318,1.358,1.305,1.358,1.421,1.355
2000-02-07,1.359,1.408,1.392,1.333,1.366,1.318,1.358,1.424,1.364
2000-02-14,1.382,1.42,1.403,1.365,1.412,1.348,1.374,1.435,1.394
2000-02-21,1.417,1.447,1.433,1.402,1.487,1.383,1.402,1.472,1.443
2000-02-28,1.432,1.457,1.444,1.421,1.482,1.4,1.425,1.537,1.458
2000-03-06,1.512,1.538,1.532,1.497,1.555,1.49,1.495,1.629,1.539
2000-03-13,1.556,1.585,1.58,1.537,1.544,1.514,1.549,1.715,1.566
2000-03-20,1.559,1.596,1.585,1.539,1.517,1.523,1.584,1.776,1.569
2000-03-27,1.544,1.588,1.578,1.518,1.477,1.511,1.589,1.779,1.549
2000-04-03,1.531,1.569,1.569,1.504,1.482,1.499,1.586,1.769,1.543
2000-04-10,1.511,1.556,1.554,1.479,1.439,1.479,1.576,1.752,1.516
2000-04-17,1.486,1.537,1.531,1.453,1.396,1.454,1.558,1.731,1.486
2000-04-24,1.466,1.527,1.52,1.427,1.413,1.434,1.54,1.706,1.478
2000-05-01,1.454,1.518,1.509,1.413,1.389,1.425,1.519,1.685,1.461
2000-05-08,1.473,1.519,1.513,1.443,1.471,1.443,1.506,1.67,1.495
2000-05-15,1.502,1.539,1.528,1.482,1.533,1.485,1.526,1.65,1.531
2000-05-22,1.539,1.578,1.562,1.512,1.585,1.5,1.545,1.652,1.566
2000-05-29,1.544,1.597,1.573,1.507,1.631,1.493,1.548,1.645,1.579
2000-06-05,1.55,1.622,1.597,1.512,1.676,1.509,1.561,1.631,1.599
2000-06-12,1.581,1.653,1.626,1.544,1.826,1.519,1.584,1.631,1.664
2000-06-19,1.621,1.677,1.662,1.589,1.902,1.561,1.625,1.632,1.711
2000-06-26,1.629,1.691,1.675,1.593,1.822,1.569,1.644,1.653,1.691
2000-07-03,1.632,1.699,1.687,1.591,1.708,1.577,1.642,1.707,1.661
2000-07-10,1.625,1.682,1.684,1.583,1.62,1.575,1.661,1.726,1.63
2000-07-17,1.609,1.675,1.677,1.561,1.518,1.556,1.65,1.722,1.586
2000-07-24,1.593,1.665,1.664,1.543,1.476,1.537,1.631,1.716,1.562
2000-07-31,1.56,1.65,1.64,1.502,1.392,1.507,1.617,1.696,1.514
2000-08-07,1.539,1.64,1.625,1.477,1.404,1.474,1.601,1.685,1.504
2000-08-14,1.522,1.633,1.608,1.457,1.382,1.463,1.587,1.687,1.489
2000-08-21,1.521,1.624,1.601,1.461,1.439,1.462,1.582,1.689,1.508
2000-08-28,1.523,1.623,1.599,1.465,1.46,1.465,1.591,1.718,1.521
2000-09-04,1.535,1.623,1.603,1.483,1.557,1.474,1.592,1.781,1.568
2000-09-11,1.562,1.642,1.627,1.514,1.583,1.503,1.626,1.825,1.598
2000-09-18,1.566,1.645,1.625,1.521,1.58,1.508,1.658,1.818,1.599
2000-09-25,1.564,1.645,1.625,1.517,1.543,1.51,1.66,1.818,1.586
2000-10-02,1.551,1.636,1.61,1.505,1.498,1.489,1.65,1.82,1.563
2000-10-09,1.532,1.628,1.596,1.481,1.466,1.465,1.639,1.816,1.541
2000-10-16,1.545,1.618,1.606,1.5,1.553,1.487,1.64,1.805,1.578
2000-10-23,1.544,1.62,1.603,1.498,1.59,1.481,1.653,1.796,1.588
2000-10-30,1.544,1.617,1.609,1.497,1.573,1.482,1.671,1.795,1.584
2000-11-06,1.537,1.623,1.607,1.485,1.535,1.471,1.659,1.789,1.565
2000-11-13,1.534,1.619,1.6,1.483,1.539,1.466,1.643,1.776,1.562
2000-11-20,1.527,1.616,1.595,1.474,1.523,1.457,1.629,1.758,1.55
2000-11-27,1.526,1.617,1.593,1.474,1.526,1.458,1.611,1.749,1.549
2000-12-04,1.513,1.607,1.584,1.457,1.487,1.443,1.593,1.732,1.526
2000-12-11,1.492,1.59,1.57,1.433,1.429,1.417,1.553,1.706,1.49
2000-12-18,1.469,1.576,1.552,1.406,1.403,1.38,1.517,1.679,1.462
2000-12-25,1.442,1.566,1.531,1.372,1.414,1.371,1.493,1.664,1.453
2001-01-01,1.438,1.557,1.524,1.371,1.41,1.363,1.473,1.644,1.446
2001-01-08,1.44,1.545,1.514,1.382,1.461,1.376,1.47,1.635,1.465
2001-01-15,1.486,1.548,1.523,1.456,1.537,1.438,1.464,1.613,1.513
2001-01-22,1.497,1.544,1.525,1.473,1.52,1.457,1.462,1.597,1.511
2001-01-29,1.493,1.54,1.52,1.471,1.5,1.451,1.462,1.582,1.5
2001-02-05,1.48,1.532,1.516,1.452,1.463,1.436,1.48,1.598,1.483
2001-02-12,1.492,1.534,1.521,1.469,1.524,1.448,1.48,1.632,1.515
2001-02-19,1.482,1.532,1.515,1.455,1.456,1.442,1.474,1.651,1.489
2001-02-26,1.472,1.525,1.506,1.444,1.423,1.418,1.469,1.654,1.471
2001-03-05,1.455,1.515,1.489,1.425,1.399,1.405,1.461,1.675,1.457
2001-03-12,1.438,1.51,1.482,1.402,1.406,1.388,1.476,1.678,1.453
2001-03-19,1.424,1.487,1.473,1.386,1.401,1.381,1.468,1.675,1.444
2001-03-26,1.421,1.477,1.46,1.391,1.411,1.372,1.474,1.666,1.445
2001-04-02,1.435,1.478,1.471,1.409,1.481,1.4,1.497,1.685,1.482
2001-04-09,1.495,1.511,1.51,1.484,1.553,1.459,1.525,1.709,1.54
2001-04-16,1.571,1.566,1.574,1.571,1.623,1.57,1.546,1.737,1.61
2001-04-23,1.609,1.621,1.632,1.595,1.704,1.589,1.589,1.756,1.658
2001-04-30,1.623,1.668,1.677,1.586,1.693,1.592,1.633,1.784,1.665
2001-05-07,1.659,1.712,1.713,1.621,1.834,1.623,1.684,1.831,1.739
2001-05-14,1.67,1.756,1.74,1.617,1.84,1.629,1.697,1.846,1.748
2001-05-21,1.663,1.761,1.738,1.605,1.782,1.616,1.701,1.849,1.724
2001-05-28,1.671,1.791,1.758,1.602,1.815,1.62,1.714,1.855,1.739
2001-06-04,1.658,1.79,1.749,1.585,1.767,1.601,1.716,1.846,1.715
2001-06-11,1.655,1.781,1.74,1.558,1.677,1.566,1.707,1.876,1.688
2001-06-18,1.629,1.757,1.718,1.529,1.578,1.541,1.692,1.862,1.644
2001-06-25,1.596,1.731,1.688,1.491,1.453,1.495,1.657,1.84,1.583
2001-07-02,1.546,1.692,1.651,1.43,1.352,1.434,1.621,1.806,1.52
2001-07-09,1.511,1.659,1.627,1.385,1.325,1.368,1.584,1.776,1.484
2001-07-16,1.475,1.62,1.596,1.345,1.329,1.335,1.543,1.736,1.459
2001-07-23,1.447,1.579,1.566,1.323,1.338,1.315,1.504,1.692,1.44
2001-07-30,1.424,1.54,1.538,1.308,1.358,1.308,1.47,1.649,1.428
2001-08-06,1.413,1.517,1.513,1.31,1.37,1.308,1.44,1.608,1.419
2001-08-13,1.42,1.503,1.506,1.333,1.427,1.321,1.437,1.572,1.434
2001-08-20,1.43,1.498,1.501,1.358,1.523,1.352,1.472,1.548,1.467
2001-08-27,1.429,1.489,1.497,1.361,1.689,1.371,1.533,1.565,1.523
2001-09-03,1.457,1.492,1.5,1.416,1.753,1.421,1.607,1.665,1.579
2001-09-10,1.455,1.489,1.5,1.412,1.676,1.425,1.615,1.699,1.562
2001-09-17,1.465,1.493,1.497,1.434,1.659,1.438,1.615,1.706,1.564
2001-09-24,1.449,1.489,1.482,1.413,1.557,1.413,1.598,1.693,1.522
2001-10-01,1.407,1.464,1.449,1.36,1.428,1.361,1.568,1.658,1.455
2001-10-08,1.362,1.435,1.413,1.304,1.319,1.314,1.538,1.622,1.393
2001-10-15,1.325,1.416,1.377,1.262,1.259,1.28,1.508,1.588,1.351
2001-10-22,1.287,1.38,1.348,1.217,1.212,1.223,1.461,1.549,1.307
2001-10-29,1.255,1.345,1.314,1.187,1.188,1.195,1.415,1.516,1.277
2001-11-05,1.224,1.308,1.285,1.155,1.175,1.161,1.366,1.476,1.249
2001-11-12,1.198,1.282,1.257,1.132,1.165,1.132,1.317,1.435,1.224
2001-11-19,1.173,1.253,1.226,1.113,1.178,1.121,1.277,1.391,1.208
2001-11-26,1.144,1.224,1.204,1.078,1.122,1.088,1.238,1.349,1.168
2001-12-03,1.122,1.189,1.178,1.063,1.124,1.073,1.198,1.3,1.149
2001-12-10,1.113,1.171,1.16,1.063,1.127,1.062,1.168,1.255,1.136
2001-12-17,1.1,1.158,1.146,1.051,1.062,1.05,1.14,1.207,1.101
2001-12-24,1.104,1.154,1.149,1.058,1.116,1.047,1.129,1.18,1.113
2001-12-31,1.12,1.157,1.148,1.089,1.166,1.079,1.129,1.174,1.137
2002-01-07,1.14,1.175,1.164,1.112,1.172,1.098,1.135,1.194,1.152
2002-01-14,1.158,1.197,1.187,1.127,1.124,1.103,1.162,1.228,1.152
2002-01-21,1.146,1.198,1.183,1.104,1.116,1.091,1.168,1.242,1.146
2002-01-28,1.14,1.196,1.177,1.097,1.104,1.088,1.159,1.255,1.142
2002-02-04,1.139,1.193,1.173,1.1,1.147,1.087,1.15,1.271,1.157
2002-02-11,1.143,1.192,1.178,1.103,1.113,1.088,1.145,1.272,1.148
2002-02-18,1.144,1.197,1.178,1.104,1.125,1.1,1.142,1.29,1.157
2002-02-25,1.145,1.199,1.183,1.102,1.117,1.101,1.157,1.301,1.157
2002-03-04,1.151,1.203,1.185,1.111,1.184,1.113,1.159,1.323,1.185
2002-03-11,1.215,1.248,1.233,1.192,1.261,1.208,1.211,1.417,1.262
2002-03-18,1.288,1.315,1.302,1.27,1.336,1.262,1.287,1.465,1.328
2002-03-25,1.346,1.372,1.358,1.331,1.376,1.318,1.356,1.523,1.382
2002-04-01,1.381,1.403,1.397,1.364,1.403,1.338,1.407,1.558,1.412
2002-04-08,1.422,1.431,1.433,1.412,1.455,1.382,1.423,1.587,1.454
2002-04-15,1.433,1.45,1.452,1.415,1.408,1.389,1.432,1.59,1.446
2002-04-22,1.434,1.46,1.459,1.407,1.41,1.386,1.429,1.588,1.446
2002-04-29,1.429,1.461,1.46,1.397,1.384,1.378,1.438,1.584,1.435
2002-05-06,1.429,1.464,1.461,1.395,1.399,1.374,1.432,1.574,1.437
2002-05-13,1.422,1.459,1.46,1.384,1.396,1.367,1.423,1.562,1.431
2002-05-20,1.418,1.459,1.455,1.379,1.437,1.367,1.42,1.552,1.439
2002-05-27,1.414,1.458,1.453,1.373,1.409,1.363,1.431,1.552,1.429
2002-06-03,1.408,1.451,1.448,1.367,1.428,1.359,1.426,1.559,1.433
2002-06-10,1.402,1.448,1.446,1.357,1.386,1.349,1.418,1.558,1.417
2002-06-17,1.392,1.443,1.438,1.343,1.394,1.34,1.409,1.59,1.419
2002-06-24,1.394,1.435,1.439,1.349,1.401,1.335,1.431,1.607,1.425
2002-07-01,1.391,1.428,1.435,1.348,1.431,1.337,1.444,1.606,1.433
2002-07-08,1.39,1.426,1.434,1.347,1.402,1.333,1.446,1.603,1.423
2002-07-15,1.392,1.437,1.435,1.348,1.437,1.343,1.442,1.596,1.435
2002-07-22,1.42,1.459,1.465,1.375,1.448,1.36,1.499,1.588,1.451
2002-07-29,1.42,1.469,1.465,1.373,1.444,1.354,1.507,1.579,1.447
2002-08-05,1.423,1.48,1.474,1.369,1.398,1.356,1.506,1.589,1.437
2002-08-12,1.422,1.48,1.474,1.369,1.399,1.347,1.499,1.584,1.435
2002-08-19,1.417,1.482,1.472,1.358,1.405,1.353,1.492,1.578,1.434
2002-08-26,1.42,1.488,1.477,1.359,1.432,1.354,1.494,1.584,1.444
2002-09-02,1.419,1.486,1.477,1.358,1.403,1.354,1.488,1.587,1.436
2002-09-09,1.417,1.484,1.476,1.355,1.414,1.353,1.486,1.579,1.437
2002-09-16,1.422,1.482,1.479,1.364,1.427,1.362,1.481,1.572,1.442
2002-09-23,1.426,1.484,1.48,1.369,1.406,1.367,1.477,1.562,1.436
2002-09-30,1.445,1.489,1.488,1.4,1.44,1.389,1.482,1.554,1.455
2002-10-07,1.464,1.494,1.495,1.434,1.495,1.411,1.501,1.542,1.48
2002-10-14,1.463,1.495,1.495,1.431,1.503,1.42,1.508,1.53,1.481
2002-10-21,1.481,1.5,1.503,1.459,1.532,1.447,1.507,1.522,1.499
2002-10-28,1.478,1.509,1.503,1.45,1.495,1.443,1.507,1.518,1.485
2002-11-04,1.475,1.51,1.507,1.442,1.499,1.432,1.503,1.547,1.489
2002-11-11,1.477,1.532,1.522,1.429,1.461,1.42,1.496,1.569,1.48
2002-11-18,1.461,1.534,1.508,1.407,1.394,1.397,1.483,1.565,1.451
2002-11-25,1.446,1.525,1.502,1.384,1.338,1.376,1.464,1.551,1.423
2002-12-02,1.438,1.525,1.499,1.368,1.307,1.367,1.451,1.545,1.408
2002-12-09,1.428,1.52,1.496,1.353,1.322,1.357,1.432,1.528,1.404
2002-12-16,1.424,1.516,1.49,1.35,1.352,1.348,1.413,1.513,1.407
2002-12-23,1.458,1.518,1.516,1.398,1.422,1.384,1.421,1.508,1.443
2002-12-30,1.496,1.544,1.545,1.447,1.481,1.432,1.429,1.519,1.484
2003-01-06,1.509,1.556,1.557,1.46,1.449,1.445,1.451,1.55,1.487
2003-01-13,1.509,1.559,1.556,1.461,1.472,1.443,1.453,1.567,1.496
2003-01-20,1.51,1.559,1.555,1.463,1.469,1.45,1.454,1.598,1.502
2003-01-27,1.514,1.561,1.561,1.466,1.489,1.457,1.482,1.618,1.515
2003-02-03,1.564,1.597,1.599,1.53,1.555,1.514,1.526,1.658,1.569
2003-02-10,1.645,1.677,1.672,1.617,1.638,1.6,1.6,1.728,1.649
2003-02-17,1.678,1.721,1.702,1.648,1.695,1.624,1.661,1.833,1.701
2003-02-24,1.675,1.718,1.707,1.641,1.653,1.625,1.668,1.894,1.699
2003-03-03,1.677,1.717,1.71,1.641,1.695,1.622,1.688,1.979,1.726
2003-03-10,1.691,1.721,1.721,1.659,1.722,1.635,1.709,2.04,1.752
2003-03-17,1.709,1.741,1.735,1.68,1.713,1.655,1.721,2.089,1.768
2003-03-24,1.687,1.725,1.724,1.649,1.627,1.632,1.713,2.087,1.732
2003-03-31,1.658,1.705,1.705,1.611,1.553,1.604,1.689,2.071,1.692
2003-04-07,1.635,1.691,1.685,1.583,1.544,1.572,1.67,2.053,1.673
2003-04-14,1.61,1.672,1.667,1.552,1.503,1.533,1.638,2.018,1.639
2003-04-21,1.585,1.649,1.647,1.521,1.512,1.504,1.614,1.962,1.618
2003-04-28,1.567,1.634,1.631,1.502,1.504,1.481,1.596,1.931,1.6
2003-05-05,1.539,1.612,1.608,1.469,1.434,1.448,1.574,1.887,1.556
2003-05-12,1.509,1.582,1.579,1.438,1.443,1.418,1.553,1.834,1.534
2003-05-19,1.5,1.569,1.565,1.432,1.503,1.414,1.549,1.785,1.539
2003-05-26,1.492,1.553,1.555,1.428,1.499,1.414,1.537,1.747,1.528
2003-06-02,1.487,1.548,1.543,1.429,1.476,1.407,1.524,1.725,1.514
2003-06-09,1.492,1.543,1.54,1.443,1.533,1.42,1.52,1.703,1.53
2003-06-16,1.514,1.555,1.545,1.479,1.545,1.445,1.556,1.784,1.558
2003-06-23,1.505,1.551,1.536,1.47,1.478,1.438,1.561,1.797,1.537
2003-06-30,1.495,1.544,1.527,1.458,1.47,1.425,1.56,1.791,1.528
2003-07-07,1.498,1.546,1.526,1.464,1.477,1.43,1.562,1.782,1.53
2003-07-14,1.542,1.564,1.556,1.524,1.522,1.476,1.564,1.759,1.563
2003-07-21,1.552,1.578,1.573,1.529,1.525,1.489,1.585,1.733,1.566
2003-07-28,1.549,1.578,1.57,1.525,1.51,1.483,1.615,1.717,1.558
2003-08-04,1.552,1.588,1.57,1.529,1.567,1.488,1.625,1.717,1.576
2003-08-11,1.587,1.615,1.596,1.573,1.594,1.527,1.666,1.758,1.611
2003-08-18,1.625,1.644,1.637,1.611,1.624,1.561,1.693,1.93,1.668
2003-08-25,1.738,1.802,1.776,1.692,1.751,1.642,1.754,2.096,1.787
2003-09-01,1.759,1.851,1.824,1.684,1.725,1.634,1.792,2.092,1.786
2003-09-08,1.739,1.835,1.815,1.655,1.676,1.611,1.784,2.074,1.758
2003-09-15,1.715,1.818,1.792,1.63,1.685,1.58,1.764,2.025,1.739
2003-09-22,1.685,1.794,1.764,1.596,1.598,1.541,1.723,1.965,1.686
2003-09-29,1.657,1.77,1.745,1.561,1.518,1.496,1.678,1.907,1.635
2003-10-06,1.635,1.746,1.73,1.535,1.532,1.468,1.645,1.855,1.617
2003-10-13,1.621,1.73,1.712,1.524,1.555,1.47,1.618,1.811,1.611
2003-10-20,1.614,1.716,1.702,1.519,1.59,1.47,1.615,1.777,1.612
2003-10-27,1.595,1.689,1.681,1.505,1.539,1.455,1.631,1.748,1.584
2003-11-03,1.581,1.66,1.665,1.496,1.548,1.447,1.618,1.729,1.577
2003-11-10,1.56,1.632,1.643,1.478,1.491,1.431,1.599,1.709,1.547
2003-11-17,1.552,1.607,1.628,1.479,1.479,1.432,1.586,1.707,1.54
2003-11-24,1.556,1.607,1.62,1.495,1.515,1.445,1.577,1.714,1.554
2003-12-01,1.548,1.6,1.613,1.485,1.463,1.439,1.558,1.702,1.533
2003-12-08,1.535,1.584,1.602,1.471,1.453,1.428,1.54,1.676,1.519
2003-12-15,1.53,1.578,1.594,1.468,1.442,1.424,1.526,1.651,1.509
2003-12-22,1.542,1.586,1.594,1.491,1.486,1.446,1.55,1.64,1.528
2003-12-29,1.543,1.584,1.592,1.495,1.469,1.449,1.542,1.626,1.521
2004-01-05,1.562,1.594,1.601,1.523,1.529,1.477,1.536,1.645,1.552
2004-01-12,1.621,1.64,1.637,1.603,1.573,1.53,1.567,1.691,1.603
2004-01-19,1.655,1.672,1.678,1.633,1.609,1.571,1.584,1.718,1.637
2004-01-26,1.678,1.704,1.703,1.652,1.647,1.584,1.612,1.749,1.664
2004-02-02,1.683,1.712,1.715,1.651,1.609,1.588,1.61,1.771,1.66
2004-02-09,1.684,1.709,1.714,1.654,1.649,1.591,1.616,1.823,1.681
2004-02-16,1.688,1.71,1.717,1.661,1.652,1.594,1.632,1.859,1.69
2004-02-23,1.705,1.731,1.737,1.675,1.68,1.611,1.647,1.996,1.73
2004-03-01,1.725,1.749,1.761,1.691,1.702,1.623,1.684,2.07,1.758
2004-03-08,1.754,1.771,1.786,1.725,1.713,1.654,1.752,2.076,1.78
2004-03-15,1.752,1.772,1.783,1.724,1.675,1.651,1.77,2.064,1.767
2004-03-22,1.769,1.782,1.798,1.744,1.712,1.67,1.79,2.053,1.785
2004-03-29,1.779,1.787,1.806,1.756,1.744,1.682,1.82,2.051,1.8
2004-04-05,1.792,1.788,1.811,1.779,1.758,1.712,1.832,2.097,1.822
2004-04-12,1.79,1.778,1.809,1.779,1.765,1.705,1.848,2.127,1.827
2004-04-19,1.806,1.8,1.821,1.797,1.806,1.742,1.901,2.134,1.853
2004-04-26,1.813,1.811,1.833,1.798,1.802,1.736,1.916,2.124,1.853
2004-05-03,1.846,1.843,1.872,1.827,1.848,1.769,1.935,2.129,1.884
2004-05-10,1.939,1.963,1.975,1.906,1.938,1.858,2.009,2.245,1.979
2004-05-17,2.027,2.068,2.065,1.987,2.03,1.924,2.03,2.288,2.055
2004-05-24,2.081,2.121,2.132,2.032,2.077,1.972,2.059,2.334,2.104
2004-05-31,2.088,2.149,2.147,2.027,2.027,1.965,2.057,2.336,2.092
2004-06-07,2.074,2.151,2.13,2.012,2.003,1.95,2.048,2.322,2.075
2004-06-14,2.048,2.13,2.11,1.979,1.911,1.923,2.023,2.289,2.029
2004-06-21,2.012,2.095,2.077,1.941,1.842,1.878,1.988,2.247,1.981
2004-06-28,1.989,2.057,2.051,1.924,1.846,1.85,1.966,2.221,1.965
2004-07-05,1.958,2.024,2.024,1.89,1.832,1.825,1.944,2.183,1.939
2004-07-12,1.961,2.005,2.016,1.909,1.895,1.845,1.947,2.172,1.959
2004-07-19,1.971,2.0,2.022,1.926,1.92,1.858,1.967,2.162,1.971
2004-07-26,1.96,1.984,2.009,1.916,1.875,1.846,1.96,2.139,1.948
2004-08-02,1.934,1.978,1.995,1.877,1.873,1.831,1.948,2.109,1.93
2004-08-09,1.92,1.967,1.98,1.863,1.875,1.823,1.941,2.083,1.92
2004-08-16,1.914,1.965,1.972,1.858,1.889,1.824,1.93,2.056,1.917
2004-08-23,1.922,1.975,1.979,1.863,1.892,1.843,1.94,2.066,1.926
2004-08-30,1.909,1.961,1.963,1.854,1.838,1.821,1.937,2.106,1.909
2004-09-06,1.9,1.941,1.945,1.855,1.822,1.795,1.927,2.086,1.893
2004-09-13,1.891,1.926,1.935,1.849,1.832,1.786,1.917,2.07,1.889
2004-09-20,1.9,1.92,1.94,1.864,1.877,1.798,1.917,2.079,1.908
2004-09-27,1.948,1.965,1.977,1.922,1.936,1.864,1.934,2.111,1.959
2004-10-04,1.972,1.993,2.004,1.941,1.923,1.879,1.96,2.192,1.98
2004-10-11,2.015,2.031,2.049,1.986,1.978,1.925,1.99,2.288,2.035
2004-10-18,2.057,2.084,2.096,2.021,2.019,1.954,2.034,2.344,2.077
2004-10-25,2.066,2.093,2.101,2.032,1.997,1.957,2.048,2.34,2.074
2004-11-01,2.066,2.091,2.101,2.032,2.014,1.959,2.046,2.323,2.076
2004-11-08,2.047,2.074,2.08,2.014,1.954,1.94,2.035,2.297,2.045
2004-11-15,2.025,2.058,2.064,1.986,1.906,1.912,2.011,2.27,2.014
2004-11-22,2.001,2.031,2.042,1.961,1.901,1.886,1.99,2.231,1.992
2004-11-29,1.994,2.02,2.034,1.957,1.914,1.882,1.98,2.205,1.989
2004-12-06,1.976,1.997,2.014,1.941,1.862,1.853,1.96,2.169,1.956
2004-12-13,1.933,1.952,1.979,1.893,1.759,1.803,1.92,2.114,1.893
2004-12-20,1.899,1.921,1.949,1.855,1.758,1.76,1.893,2.041,1.861
2004-12-27,1.88,1.9,1.934,1.834,1.734,1.743,1.863,2.004,1.838
2005-01-03,1.858,1.873,1.916,1.811,1.749,1.713,1.843,1.978,1.824
2005-01-10,1.86,1.858,1.903,1.829,1.802,1.741,1.819,1.938,1.837
2005-01-17,1.886,1.871,1.918,1.865,1.833,1.788,1.819,1.94,1.863
2005-01-24,1.912,1.903,1.936,1.896,1.877,1.83,1.833,1.966,1.896
2005-01-31,1.963,1.972,1.985,1.943,1.942,1.883,1.867,2.033,1.953
2005-02-07,1.964,1.981,1.987,1.941,1.926,1.875,1.891,2.053,1.952
2005-02-14,1.949,1.969,1.979,1.922,1.896,1.854,1.894,2.087,1.941
2005-02-21,1.939,1.957,1.966,1.914,1.902,1.848,1.926,2.143,1.948
2005-02-28,1.941,1.951,1.96,1.924,1.948,1.865,1.949,2.169,1.969
2005-03-07,2.003,2.015,2.011,1.994,2.039,1.942,2.022,2.22,2.04
2005-03-14,2.067,2.051,2.067,2.072,2.084,2.009,2.082,2.274,2.098
2005-03-21,2.12,2.093,2.115,2.132,2.147,2.064,2.114,2.304,2.149
2005-03-28,2.171,2.14,2.157,2.19,2.167,2.121,2.173,2.364,2.194
2005-04-04,2.236,2.201,2.22,2.257,2.226,2.182,2.203,2.444,2.258
2005-04-11,2.285,2.256,2.274,2.3,2.276,2.226,2.3,2.574,2.321
2005-04-18,2.257,2.235,2.25,2.268,2.178,2.202,2.3,2.576,2.28
2005-04-25,2.255,2.256,2.262,2.249,2.194,2.183,2.296,2.564,2.279
2005-05-02,2.262,2.269,2.276,2.25,2.185,2.175,2.308,2.558,2.277
2005-05-09,2.233,2.247,2.25,2.215,2.105,2.136,2.29,2.522,2.231
2005-05-16,2.202,2.225,2.222,2.18,2.1,2.105,2.269,2.482,2.206
2005-05-23,2.17,2.198,2.202,2.138,2.058,2.064,2.242,2.444,2.169
2005-05-30,2.146,2.165,2.181,2.116,2.03,2.038,2.208,2.402,2.141
2005-06-06,2.16,2.175,2.195,2.129,2.078,2.069,2.198,2.372,2.159
2005-06-13,2.177,2.198,2.206,2.15,2.11,2.086,2.201,2.35,2.173
2005-06-20,2.207,2.243,2.241,2.172,2.152,2.12,2.2,2.365,2.204
2005-06-27,2.25,2.279,2.281,2.22,2.229,2.156,2.226,2.419,2.257
2005-07-04,2.265,2.315,2.296,2.228,2.223,2.158,2.256,2.456,2.268
2005-07-11,2.363,2.43,2.397,2.319,2.344,2.276,2.317,2.524,2.369
2005-07-18,2.369,2.434,2.417,2.315,2.296,2.267,2.338,2.54,2.36
2005-07-25,2.358,2.42,2.416,2.297,2.227,2.248,2.328,2.542,2.333
2005-08-01,2.352,2.416,2.406,2.294,2.248,2.224,2.322,2.555,2.335
2005-08-08,2.402,2.442,2.448,2.356,2.357,2.323,2.359,2.611,2.41
2005-08-15,2.599,2.602,2.611,2.589,2.56,2.529,2.481,2.713,2.592
2005-08-22,2.654,2.649,2.673,2.641,2.635,2.595,2.585,2.754,2.654
2005-08-29,2.646,2.65,2.669,2.628,2.633,2.571,2.622,2.784,2.653
2005-09-05,3.252,3.277,3.353,3.17,3.067,2.957,3.016,3.067,3.117
2005-09-12,3.111,3.164,3.234,3.004,2.922,2.851,2.988,3.04,3.002
2005-09-19,2.914,2.961,3.011,2.829,2.708,2.699,2.915,2.99,2.835
2005-09-26,2.906,2.909,2.95,2.872,2.75,2.766,2.897,2.97,2.851
2005-10-03,3.016,2.927,2.969,3.076,2.932,2.952,2.93,2.989,2.975
2005-10-10,2.94,2.845,2.904,2.993,2.793,2.896,2.886,2.978,2.896
2005-10-17,2.823,2.738,2.808,2.857,2.627,2.771,2.826,2.917,2.775
2005-10-24,2.693,2.622,2.682,2.72,2.483,2.643,2.746,2.841,2.652
2005-10-31,2.562,2.497,2.558,2.582,2.357,2.5,2.629,2.756,2.528
2005-11-07,2.453,2.393,2.457,2.465,2.262,2.378,2.506,2.667,2.424
2005-11-14,2.351,2.29,2.377,2.347,2.21,2.292,2.387,2.59,2.342
2005-11-21,2.261,2.201,2.307,2.244,2.116,2.199,2.291,2.477,2.247
2005-11-28,2.207,2.154,2.257,2.184,2.083,2.143,2.221,2.432,2.2
2005-12-05,2.18,2.157,2.232,2.148,2.149,2.121,2.153,2.362,2.191
2005-12-12,2.235,2.217,2.275,2.211,2.208,2.188,2.144,2.301,2.228
2005-12-19,2.279,2.275,2.317,2.252,2.247,2.209,2.158,2.276,2.255
2005-12-26,2.275,2.27,2.325,2.239,2.224,2.189,2.153,2.261,2.241
2006-01-02,2.318,2.318,2.37,2.279,2.292,2.231,2.163,2.249,2.281
2006-01-09,2.424,2.423,2.463,2.394,2.362,2.315,2.24,2.349,2.371
2006-01-16,2.434,2.443,2.479,2.399,2.293,2.31,2.24,2.418,2.366
2006-01-23,2.449,2.46,2.508,2.401,2.313,2.324,2.261,2.432,2.382
2006-01-30,2.447,2.452,2.501,2.406,2.344,2.319,2.279,2.503,2.402
2006-02-06,2.429,2.428,2.477,2.395,2.31,2.307,2.287,2.526,2.388
2006-02-13,2.376,2.368,2.43,2.337,2.219,2.255,2.278,2.504,2.331
2006-02-20,2.31,2.299,2.361,2.274,2.196,2.211,2.261,2.458,2.286
2006-02-27,2.29,2.263,2.345,2.256,2.288,2.196,2.278,2.43,2.298
2006-03-06,2.341,2.311,2.365,2.332,2.41,2.288,2.317,2.468,2.373
2006-03-13,2.387,2.342,2.393,2.395,2.415,2.335,2.344,2.524,2.408
2006-03-20,2.55,2.496,2.54,2.573,2.532,2.519,2.435,2.618,2.548
2006-03-27,2.549,2.507,2.552,2.558,2.501,2.5,2.435,2.656,2.542
2006-04-03,2.634,2.613,2.644,2.632,2.606,2.614,2.46,2.719,2.631
2006-04-10,2.743,2.702,2.726,2.766,2.684,2.737,2.522,2.797,2.727
2006-04-17,2.854,2.8,2.857,2.865,2.787,2.826,2.602,2.887,2.828
2006-04-24,2.997,2.976,3.028,2.98,2.899,2.923,2.749,3.055,2.96
2006-05-01,2.995,2.981,3.043,2.963,2.856,2.9,2.834,3.178,2.966
2006-05-08,2.964,2.974,3.027,2.913,2.814,2.857,2.867,3.29,2.955
2006-05-15,2.987,3.052,3.058,2.915,2.896,2.874,2.883,3.299,2.992
2006-05-22,2.946,3.017,3.037,2.858,2.786,2.825,2.878,3.297,2.938
2006-05-29,2.913,2.986,3.008,2.821,2.79,2.78,2.875,3.253,2.913
2006-06-05,2.928,3.017,3.004,2.847,2.846,2.807,2.87,3.249,2.937
2006-06-12,2.954,3.036,3.015,2.886,2.86,2.848,2.894,3.21,2.951
2006-06-19,2.927,3.019,2.99,2.855,2.807,2.819,2.888,3.179,2.917
2006-06-26,2.91,3.002,2.975,2.836,2.851,2.802,2.875,3.143,2.914
2006-07-03,2.978,3.021,3.043,2.917,2.943,2.868,2.92,3.156,2.979
2006-07-10,3.016,3.072,3.078,2.953,2.998,2.893,2.929,3.184,3.017
2006-07-17,3.034,3.086,3.092,2.977,3.015,2.905,2.934,3.198,3.033
2006-07-24,3.06,3.101,3.111,3.011,3.023,2.937,2.948,3.186,3.048
2006-07-31,3.071,3.125,3.117,3.021,3.016,2.948,2.98,3.169,3.05
2006-08-07,3.091,3.139,3.134,3.047,3.083,2.982,3.038,3.167,3.083
2006-08-14,3.068,3.12,3.12,3.014,3.0,2.929,3.063,3.186,3.047
2006-08-21,2.993,3.057,3.051,2.932,2.889,2.865,3.053,3.145,2.971
2006-08-28,2.92,2.978,2.977,2.862,2.791,2.781,3.031,3.087,2.893
2006-09-04,2.815,2.861,2.877,2.755,2.628,2.669,2.987,3.012,2.777
2006-09-11,2.716,2.771,2.779,2.653,2.48,2.553,2.928,2.952,2.67
2006-09-18,2.59,2.643,2.672,2.515,2.351,2.431,2.839,2.852,2.549
2006-09-25,2.445,2.517,2.528,2.363,2.24,2.315,2.74,2.764,2.429
2006-10-02,2.365,2.417,2.439,2.295,2.201,2.231,2.633,2.689,2.36
2006-10-09,2.303,2.339,2.374,2.24,2.184,2.187,2.538,2.612,2.31
2006-10-16,2.268,2.293,2.328,2.217,2.161,2.157,2.461,2.554,2.274
2006-10-23,2.239,2.262,2.291,2.193,2.179,2.135,2.398,2.504,2.255
2006-10-30,2.246,2.258,2.29,2.209,2.226,2.147,2.354,2.459,2.264
2006-11-06,2.23,2.239,2.271,2.198,2.219,2.125,2.318,2.427,2.246
2006-11-13,2.259,2.257,2.289,2.236,2.249,2.153,2.298,2.484,2.278
2006-11-20,2.268,2.273,2.305,2.239,2.24,2.158,2.284,2.519,2.285
2006-11-27,2.287,2.298,2.33,2.251,2.237,2.165,2.278,2.52,2.292
2006-12-04,2.351,2.364,2.388,2.319,2.291,2.227,2.29,2.529,2.342
2006-12-11,2.36,2.368,2.406,2.324,2.254,2.243,2.29,2.541,2.34
2006-12-18,2.375,2.405,2.431,2.326,2.303,2.241,2.285,2.586,2.366
2006-12-25,2.408,2.448,2.466,2.353,2.304,2.258,2.291,2.623,2.387
2007-01-01,2.403,2.443,2.465,2.345,2.295,2.245,2.289,2.627,2.382
2007-01-08,2.377,2.418,2.443,2.317,2.242,2.217,2.277,2.64,2.354
2007-01-15,2.321,2.366,2.392,2.255,2.11,2.158,2.243,2.6,2.28
2007-01-22,2.262,2.298,2.341,2.193,2.025,2.099,2.203,2.556,2.216
2007-01-29,2.224,2.266,2.298,2.157,2.115,2.062,2.166,2.506,2.213
2007-02-05,2.224,2.248,2.276,2.179,2.174,2.09,2.167,2.524,2.237
2007-02-12,2.248,2.265,2.295,2.208,2.256,2.135,2.184,2.586,2.287
2007-02-19,2.301,2.308,2.341,2.268,2.316,2.175,2.229,2.646,2.341
2007-02-26,2.394,2.407,2.427,2.366,2.4,2.279,2.289,2.715,2.428
2007-03-05,2.546,2.563,2.584,2.512,2.496,2.412,2.396,2.814,2.551
2007-03-12,2.588,2.614,2.636,2.544,2.517,2.447,2.457,2.971,2.605
2007-03-19,2.603,2.631,2.66,2.553,2.516,2.453,2.533,3.028,2.623
2007-03-26,2.629,2.658,2.693,2.573,2.548,2.487,2.58,3.067,2.655
2007-04-02,2.727,2.752,2.789,2.673,2.643,2.612,2.66,3.147,2.753
2007-04-09,2.812,2.797,2.839,2.796,2.776,2.721,2.761,3.188,2.848
2007-04-16,2.896,2.863,2.902,2.901,2.838,2.809,2.845,3.244,2.922
2007-04-23,2.893,2.873,2.908,2.887,2.808,2.803,2.889,3.267,2.917
2007-04-30,2.974,2.977,2.979,2.97,2.957,2.901,3.003,3.327,3.017
2007-05-07,3.016,3.045,3.036,2.992,3.106,2.917,3.138,3.422,3.097
2007-05-14,3.04,3.076,3.071,3.007,3.2,2.961,3.239,3.426,3.143
2007-05-21,3.155,3.14,3.143,3.169,3.353,3.141,3.312,3.42,3.258
2007-05-28,3.157,3.162,3.169,3.147,3.35,3.116,3.324,3.396,3.25
2007-06-04,3.127,3.148,3.157,3.099,3.256,3.068,3.308,3.366,3.2
2007-06-11,3.082,3.121,3.115,3.047,3.105,3.01,3.273,3.314,3.122
2007-06-18,3.037,3.072,3.081,2.994,3.015,2.95,3.229,3.237,3.057
2007-06-25,3.007,3.052,3.053,2.961,3.0,2.927,3.186,3.194,3.029
2007-07-02,2.987,3.042,3.032,2.937,2.984,2.899,3.144,3.155,3.005
2007-07-09,2.985,3.04,3.024,2.942,3.072,2.905,3.111,3.128,3.026
2007-07-16,3.036,3.057,3.05,3.019,3.197,2.969,3.137,3.138,3.092
2007-07-23,2.988,3.022,3.013,2.96,3.011,2.914,3.082,3.1,3.005
2007-07-30,2.936,2.986,2.969,2.896,2.877,2.841,3.028,3.046,2.926
2007-08-06,2.888,2.944,2.926,2.845,2.857,2.797,2.989,3.005,2.888
2007-08-13,2.818,2.882,2.87,2.762,2.799,2.731,2.924,2.926,2.821
2007-08-20,2.798,2.84,2.84,2.754,2.901,2.73,2.885,2.871,2.832
2007-08-27,2.764,2.788,2.801,2.73,2.869,2.702,2.85,2.816,2.796
2007-09-03,2.776,2.785,2.797,2.757,3.002,2.707,2.865,2.82,2.84
2007-09-10,2.796,2.779,2.799,2.799,3.007,2.743,2.88,2.865,2.862
2007-09-17,2.8,2.777,2.802,2.804,2.889,2.729,2.87,2.908,2.835
2007-09-24,2.834,2.795,2.829,2.849,2.892,2.755,2.86,2.957,2.86
2007-10-01,2.833,2.796,2.832,2.843,2.814,2.752,2.854,2.97,2.838
2007-10-08,2.813,2.788,2.819,2.816,2.788,2.719,2.845,2.983,2.821
2007-10-15,2.798,2.782,2.816,2.789,2.769,2.695,2.84,3.028,2.813
2007-10-22,2.853,2.829,2.867,2.848,2.821,2.753,2.891,3.114,2.873
2007-10-29,2.897,2.885,2.912,2.888,2.898,2.785,2.92,3.139,2.921
2007-11-05,3.036,3.02,3.038,3.039,3.069,2.944,3.018,3.212,3.06
2007-11-12,3.14,3.117,3.146,3.141,3.158,3.032,3.108,3.328,3.158
2007-11-19,3.147,3.129,3.17,3.136,3.101,3.021,3.113,3.353,3.148
2007-11-26,3.153,3.156,3.184,3.13,3.09,3.018,3.108,3.355,3.147
2007-12-03,3.136,3.154,3.178,3.099,3.028,2.987,3.1,3.325,3.113
2007-12-10,3.094,3.141,3.15,3.04,2.929,2.927,3.056,3.292,3.053
2007-12-17,3.08,3.129,3.131,3.029,2.977,2.901,3.015,3.255,3.05
2007-12-24,3.071,3.127,3.131,3.011,2.95,2.889,2.976,3.232,3.032
2007-12-31,3.128,3.145,3.165,3.096,3.064,2.971,2.97,3.268,3.104
2008-01-07,3.185,3.185,3.215,3.163,3.133,3.029,2.999,3.297,3.159
2008-01-14,3.17,3.174,3.208,3.14,3.043,3.009,2.997,3.264,3.119
2008-01-21,3.126,3.141,3.174,3.087,2.991,2.957,2.976,3.205,3.07
2008-01-28,3.09,3.115,3.137,3.047,2.955,2.928,2.964,3.136,3.03
2008-02-04,3.07,3.09,3.114,3.031,2.995,2.924,2.989,3.106,3.03
2008-02-11,3.041,3.062,3.084,3.004,2.974,2.904,2.983,3.11,3.011
2008-02-18,3.11,3.092,3.127,3.101,3.078,2.993,3.005,3.185,3.092
2008-02-25,3.209,3.183,3.213,3.214,3.111,3.108,3.096,3.314,3.18
2008-03-03,3.229,3.196,3.227,3.239,3.111,3.139,3.133,3.434,3.212
2008-03-10,3.255,3.22,3.25,3.269,3.224,3.181,3.154,3.506,3.273
2008-03-17,3.315,3.258,3.311,3.333,3.284,3.228,3.225,3.572,3.332
2008-03-24,3.305,3.249,3.309,3.317,3.225,3.218,3.245,3.567,3.31
2008-03-31,3.32,3.261,3.324,3.332,3.28,3.258,3.278,3.573,3.339
2008-04-07,3.348,3.28,3.34,3.372,3.33,3.304,3.312,3.628,3.381
2008-04-14,3.399,3.338,3.394,3.419,3.391,3.336,3.369,3.713,3.438
2008-04-21,3.547,3.538,3.546,3.549,3.502,3.462,3.461,3.784,3.557
2008-04-28,3.663,3.649,3.678,3.656,3.6,3.558,3.523,3.836,3.653
2008-05-05,3.673,3.675,3.702,3.651,3.611,3.56,3.54,3.85,3.663
2008-05-12,3.775,3.797,3.793,3.756,3.769,3.669,3.655,3.883,3.771
2008-05-19,3.857,3.887,3.886,3.826,3.832,3.742,3.733,3.932,3.84
2008-05-26,4.0,4.023,4.01,3.986,3.983,3.881,3.899,4.076,3.986
2008-06-02,4.033,4.076,4.065,3.997,3.984,3.9,3.939,4.215,4.026
2008-06-09,4.081,4.137,4.121,4.036,4.015,3.963,3.988,4.375,4.09
2008-06-16,4.115,4.179,4.167,4.06,4.03,3.99,4.043,4.504,4.134
2008-06-23,4.111,4.171,4.167,4.052,4.03,3.973,4.051,4.512,4.131
2008-06-30,4.121,4.169,4.171,4.071,4.064,3.983,4.082,4.507,4.146
2008-07-07,4.143,4.193,4.181,4.1,4.092,4.013,4.114,4.492,4.165
2008-07-14,4.136,4.186,4.176,4.092,4.099,4.025,4.147,4.466,4.164
2008-07-21,4.111,4.161,4.149,4.068,4.014,3.996,4.155,4.416,4.118
2008-07-28,4.031,4.053,4.079,3.988,3.86,3.912,4.111,4.296,4.01
2008-08-04,3.958,3.984,4.008,3.913,3.806,3.819,4.059,4.191,3.935
2008-08-11,3.87,3.893,3.923,3.824,3.765,3.739,4.005,4.107,3.864
2008-08-18,3.775,3.784,3.816,3.742,3.74,3.653,3.939,4.03,3.794
2008-08-25,3.707,3.713,3.751,3.673,3.719,3.575,3.884,3.957,3.738
2008-09-01,3.706,3.695,3.722,3.696,3.705,3.631,3.861,3.91,3.733
2008-09-08,3.682,3.665,3.681,3.687,3.669,3.605,3.815,3.863,3.701
2008-09-15,3.88,3.715,3.751,4.023,3.984,3.812,3.802,3.82,3.887
2008-09-22,3.793,3.66,3.715,3.888,3.792,3.733,3.699,3.743,3.772
2008-09-29,3.734,3.589,3.646,3.839,3.647,3.654,3.647,3.693,3.687
2008-10-06,3.616,3.446,3.523,3.733,3.431,3.491,3.545,3.618,3.543
2008-10-13,3.298,3.161,3.277,3.352,3.028,3.047,3.32,3.472,3.213
2008-10-20,3.012,2.927,3.06,2.999,2.807,2.791,3.091,3.329,2.974
2008-10-27,2.761,2.704,2.861,2.702,2.534,2.515,2.813,3.105,2.718
2008-11-03,2.528,2.51,2.657,2.437,2.272,2.284,2.532,2.793,2.462
2008-11-10,2.349,2.354,2.478,2.25,2.095,2.153,2.305,2.584,2.284
2008-11-17,2.189,2.183,2.293,2.113,1.967,2.014,2.08,2.408,2.132
2008-11-24,2.029,2.015,2.14,1.95,1.785,1.86,1.893,2.167,1.952
2008-12-01,1.936,1.936,2.039,1.86,1.753,1.788,1.784,2.02,1.87
2008-12-08,1.833,1.83,1.935,1.759,1.636,1.697,1.668,1.877,1.758
2008-12-15,1.758,1.766,1.842,1.694,1.678,1.615,1.603,1.8,1.716
2008-12-22,1.747,1.748,1.81,1.7,1.657,1.607,1.568,1.839,1.71
2008-12-29,1.705,1.709,1.764,1.661,1.601,1.555,1.55,1.839,1.67
2009-01-05,1.715,1.726,1.751,1.685,1.767,1.604,1.54,1.895,1.737
2009-01-12,1.819,1.802,1.834,1.813,1.857,1.701,1.61,2.002,1.835
2009-01-19,1.879,1.854,1.888,1.879,1.908,1.784,1.653,2.076,1.898
2009-01-26,1.884,1.87,1.903,1.874,1.853,1.783,1.689,2.103,1.89
2009-02-02,1.944,1.926,1.964,1.935,1.904,1.858,1.756,2.128,1.944
2009-02-09,1.98,1.965,2.007,1.964,1.897,1.893,1.822,2.222,1.978
2009-02-16,2.018,1.993,2.042,2.006,1.939,1.894,1.862,2.29,2.016
2009-02-23,1.98,1.967,2.024,1.951,1.843,1.842,1.843,2.268,1.963
2009-03-02,1.99,1.976,2.012,1.977,1.921,1.886,1.834,2.222,1.988
2009-03-09,1.987,1.968,2.011,1.973,1.952,1.875,1.856,2.215,1.993
2009-03-16,1.977,1.966,2.004,1.959,1.885,1.865,1.861,2.182,1.964
2009-03-23,2.007,1.99,2.031,1.993,1.982,1.932,1.908,2.178,2.014
2009-03-30,2.093,2.062,2.104,2.093,2.064,2.024,1.979,2.255,2.097
2009-04-06,2.09,2.06,2.103,2.089,2.02,2.01,2.008,2.298,2.09
2009-04-13,2.095,2.064,2.108,2.094,2.04,2.018,2.052,2.321,2.104
2009-04-20,2.108,2.104,2.126,2.096,2.042,2.024,2.094,2.325,2.112
2009-04-27,2.103,2.107,2.129,2.082,2.023,2.003,2.118,2.325,2.102
2009-05-04,2.115,2.137,2.152,2.082,2.085,2.012,2.14,2.341,2.129
2009-05-11,2.28,2.298,2.304,2.257,2.292,2.189,2.226,2.416,2.29
2009-05-18,2.361,2.358,2.385,2.343,2.333,2.269,2.285,2.506,2.36
2009-05-25,2.461,2.464,2.491,2.437,2.504,2.374,2.408,2.624,2.485
2009-06-01,2.528,2.554,2.556,2.5,2.619,2.44,2.466,2.73,2.572
2009-06-08,2.61,2.62,2.635,2.589,2.738,2.529,2.561,2.853,2.673
2009-06-15,2.687,2.697,2.713,2.664,2.721,2.587,2.619,2.946,2.722
2009-06-22,2.729,2.736,2.757,2.706,2.699,2.616,2.65,2.983,2.743
2009-06-29,2.701,2.719,2.738,2.668,2.607,2.572,2.649,2.959,2.695
2009-07-06,2.673,2.703,2.718,2.631,2.583,2.517,2.639,2.936,2.666
2009-07-13,2.602,2.626,2.655,2.557,2.469,2.441,2.613,2.87,2.584
2009-07-20,2.536,2.57,2.599,2.48,2.392,2.378,2.572,2.819,2.519
2009-07-27,2.545,2.581,2.6,2.493,2.493,2.423,2.549,2.819,2.557
2009-08-03,2.592,2.628,2.649,2.54,2.547,2.488,2.554,2.879,2.61
2009-08-10,2.675,2.708,2.721,2.63,2.628,2.58,2.622,3.004,2.7
2009-08-17,2.684,2.72,2.741,2.633,2.581,2.57,2.66,3.012,2.691
2009-08-24,2.676,2.714,2.736,2.62,2.58,2.545,2.665,3.0,2.682
2009-08-31,2.664,2.726,2.728,2.599,2.555,2.517,2.663,3.008,2.667
2009-09-07,2.644,2.718,2.715,2.571,2.497,2.462,2.645,3.054,2.642
2009-09-14,2.607,2.7,2.689,2.52,2.498,2.437,2.636,3.094,2.632
2009-09-21,2.571,2.66,2.653,2.485,2.48,2.413,2.62,3.082,2.607
2009-09-28,2.523,2.605,2.596,2.445,2.41,2.366,2.598,3.036,2.554
2009-10-05,2.484,2.569,2.551,2.41,2.393,2.344,2.553,2.997,2.523
2009-10-12,2.486,2.536,2.537,2.434,2.474,2.373,2.532,2.947,2.543
2009-10-19,2.592,2.595,2.63,2.564,2.574,2.494,2.565,2.924,2.626
2009-10-26,2.719,2.715,2.741,2.704,2.69,2.603,2.626,2.94,2.727
2009-11-02,2.743,2.75,2.777,2.717,2.705,2.619,2.653,2.96,2.746
2009-11-09,2.731,2.742,2.772,2.697,2.648,2.586,2.651,2.957,2.72
2009-11-16,2.705,2.73,2.755,2.661,2.579,2.557,2.649,2.944,2.684
2009-11-23,2.704,2.725,2.748,2.666,2.616,2.566,2.632,2.932,2.694
2009-11-30,2.701,2.719,2.743,2.665,2.604,2.555,2.619,2.916,2.684
2009-12-07,2.713,2.728,2.753,2.68,2.601,2.575,2.606,2.911,2.689
2009-12-14,2.684,2.703,2.727,2.647,2.55,2.532,2.586,2.9,2.655
2009-12-21,2.664,2.682,2.706,2.628,2.56,2.502,2.553,2.898,2.645
2009-12-28,2.67,2.691,2.712,2.633,2.593,2.523,2.547,2.911,2.662
2010-01-04,2.72,2.737,2.754,2.69,2.671,2.582,2.556,2.952,2.718
2010-01-11,2.811,2.818,2.841,2.787,2.761,2.673,2.623,3.017,2.804
2010-01-18,2.818,2.828,2.843,2.797,2.716,2.674,2.664,3.004,2.793
2010-01-25,2.791,2.806,2.817,2.767,2.659,2.646,2.671,2.991,2.76
2010-02-01,2.752,2.788,2.784,2.718,2.598,2.598,2.666,2.962,2.717
2010-02-08,2.734,2.771,2.773,2.694,2.61,2.573,2.671,2.946,2.707
2010-02-15,2.702,2.747,2.745,2.658,2.538,2.54,2.654,2.915,2.664
2010-02-22,2.723,2.753,2.754,2.691,2.641,2.59,2.667,2.917,2.709
2010-03-01,2.764,2.766,2.777,2.753,2.676,2.654,2.681,2.987,2.756
2010-03-08,2.806,2.805,2.818,2.796,2.73,2.704,2.733,3.034,2.804
2010-03-15,2.842,2.834,2.844,2.843,2.774,2.743,2.782,3.054,2.841
2010-03-22,2.853,2.831,2.854,2.857,2.839,2.752,2.819,3.083,2.87
2010-03-29,2.84,2.826,2.85,2.835,2.789,2.74,2.842,3.086,2.851
2010-04-05,2.854,2.849,2.869,2.845,2.839,2.773,2.877,3.09,2.877
2010-04-12,2.89,2.885,2.899,2.885,2.869,2.81,2.915,3.109,2.909
2010-04-19,2.889,2.895,2.902,2.877,2.881,2.805,2.936,3.107,2.911
2010-04-26,2.899,2.935,2.921,2.873,2.843,2.787,2.941,3.105,2.901
2010-05-03,2.942,2.981,2.966,2.913,2.918,2.836,2.948,3.127,2.95
2010-05-10,2.96,2.983,2.982,2.937,2.906,2.845,2.962,3.145,2.958
2010-05-17,2.927,2.961,2.958,2.895,2.838,2.82,2.95,3.12,2.918
2010-05-24,2.861,2.906,2.899,2.821,2.731,2.756,2.908,3.058,2.842
2010-05-31,2.794,2.857,2.847,2.738,2.665,2.701,2.871,3.026,2.784
2010-06-07,2.758,2.83,2.809,2.701,2.7,2.668,2.841,3.057,2.78
2010-06-14,2.73,2.805,2.78,2.672,2.68,2.635,2.819,3.043,2.756
2010-06-21,2.758,2.81,2.808,2.706,2.749,2.654,2.82,3.084,2.795
2010-06-28,2.768,2.815,2.815,2.72,2.766,2.668,2.814,3.105,2.809
2010-07-05,2.744,2.806,2.793,2.69,2.71,2.637,2.802,3.1,2.779
2010-07-12,2.728,2.796,2.783,2.668,2.716,2.621,2.791,3.094,2.771
2010-07-19,2.719,2.784,2.771,2.662,2.736,2.612,2.797,3.112,2.775
2010-07-26,2.738,2.792,2.781,2.691,2.774,2.65,2.797,3.123,2.801
2010-08-02,2.744,2.792,2.784,2.7,2.73,2.64,2.802,3.123,2.788
2010-08-09,2.781,2.81,2.805,2.755,2.791,2.698,2.837,3.159,2.835
2010-08-16,2.751,2.796,2.779,2.718,2.717,2.671,2.85,3.151,2.798
2010-08-23,2.716,2.77,2.755,2.671,2.662,2.621,2.854,3.129,2.759
2010-08-30,2.68,2.735,2.715,2.639,2.672,2.584,2.868,3.087,2.736
2010-09-06,2.67,2.717,2.699,2.636,2.709,2.574,2.87,3.044,2.735
2010-09-13,2.69,2.716,2.706,2.671,2.813,2.594,2.875,3.028,2.772
2010-09-20,2.713,2.718,2.713,2.711,2.778,2.642,2.872,3.013,2.775
2010-09-27,2.704,2.717,2.707,2.698,2.712,2.619,2.853,3.001,2.747
2010-10-04,2.743,2.776,2.764,2.718,2.771,2.645,2.841,3.013,2.784
2010-10-11,2.84,2.878,2.868,2.809,2.867,2.732,2.845,3.08,2.871
2010-10-18,2.878,2.919,2.917,2.838,2.842,2.736,2.849,3.131,2.887
2010-10-25,2.873,2.938,2.921,2.818,2.801,2.718,2.841,3.13,2.87
2010-11-01,2.861,2.938,2.917,2.798,2.795,2.699,2.831,3.129,2.861
2010-11-08,2.893,2.961,2.931,2.846,2.928,2.741,2.831,3.13,2.917
2010-11-15,2.948,3.03,3.0,2.885,2.913,2.78,2.842,3.161,2.944
2010-11-22,2.965,3.07,3.039,2.881,2.861,2.752,2.83,3.162,2.931
2010-11-29,2.961,3.065,3.046,2.87,2.823,2.727,2.812,3.145,2.912
2010-12-06,3.048,3.132,3.109,2.98,2.962,2.86,2.817,3.203,3.013
2010-12-13,3.076,3.139,3.14,3.01,2.967,2.884,2.842,3.236,3.035
2010-12-20,3.077,3.15,3.141,3.01,2.972,2.887,2.846,3.236,3.037
2010-12-27,3.133,3.177,3.179,3.086,3.085,2.955,2.868,3.268,3.106
2011-01-03,3.149,3.193,3.193,3.104,3.1,2.98,2.891,3.287,3.124
2011-01-10,3.166,3.215,3.205,3.123,3.12,2.992,2.903,3.312,3.142
2011-01-17,3.181,3.232,3.229,3.132,3.125,3.017,2.934,3.336,3.158
2011-01-24,3.192,3.243,3.237,3.143,3.122,3.022,2.96,3.342,3.163
2011-01-31,3.176,3.24,3.231,3.117,3.122,2.996,2.974,3.348,3.155
2011-02-07,3.193,3.255,3.239,3.142,3.159,3.033,3.034,3.381,3.185
2011-02-14,3.207,3.263,3.245,3.164,3.125,3.058,3.062,3.43,3.193
2011-02-21,3.241,3.281,3.274,3.206,3.175,3.087,3.12,3.53,3.243
2011-02-28,3.425,3.437,3.433,3.416,3.403,3.305,3.23,3.674,3.435
2011-03-07,3.568,3.6,3.582,3.548,3.521,3.461,3.346,3.818,3.572
2011-03-14,3.616,3.634,3.631,3.6,3.561,3.495,3.407,3.892,3.621
2011-03-21,3.607,3.624,3.625,3.588,3.554,3.48,3.435,3.909,3.617
2011-03-28,3.623,3.638,3.638,3.608,3.587,3.521,3.487,3.968,3.65
2011-04-04,3.702,3.72,3.72,3.684,3.718,3.605,3.547,4.003,3.737
2011-04-11,3.805,3.823,3.821,3.788,3.841,3.724,3.616,4.089,3.843
2011-04-18,3.868,3.919,3.892,3.836,3.883,3.781,3.655,4.134,3.896
2011-04-25,3.913,3.988,3.962,3.855,3.938,3.781,3.683,4.151,3.932
2011-05-02,3.994,4.078,4.046,3.932,4.047,3.866,3.744,4.193,4.014
2011-05-09,4.018,4.095,4.066,3.961,4.018,3.872,3.77,4.202,4.018
2011-05-16,4.021,4.101,4.062,3.968,4.01,3.881,3.802,4.169,4.014
2011-05-23,3.929,4.034,3.985,3.859,3.852,3.771,3.778,4.087,3.904
2011-05-30,3.852,3.973,3.922,3.767,3.836,3.683,3.752,4.031,3.848
2011-06-06,3.808,3.924,3.881,3.721,3.894,3.64,3.732,3.981,3.833
2011-06-13,3.765,3.873,3.842,3.678,3.76,3.618,3.704,3.935,3.767
2011-06-20,3.727,3.851,3.804,3.636,3.651,3.57,3.668,3.898,3.708
2011-06-27,3.67,3.815,3.748,3.573,3.529,3.504,3.613,3.842,3.631
2011-07-04,3.64,3.784,3.711,3.547,3.631,3.469,3.563,3.793,3.634
2011-07-11,3.718,3.827,3.76,3.657,3.704,3.563,3.553,3.779,3.695
2011-07-18,3.776,3.882,3.811,3.721,3.729,3.627,3.563,3.794,3.736
2011-07-25,3.805,3.898,3.829,3.762,3.73,3.659,3.574,3.805,3.754
2011-08-01,3.818,3.903,3.842,3.777,3.753,3.662,3.595,3.803,3.766
2011-08-08,3.781,3.88,3.812,3.73,3.701,3.617,3.606,3.794,3.73
2011-08-15,3.712,3.82,3.747,3.655,3.619,3.55,3.578,3.743,3.662
2011-08-22,3.671,3.796,3.704,3.611,3.605,3.523,3.57,3.74,3.638
2011-08-29,3.678,3.784,3.703,3.631,3.709,3.533,3.58,3.798,3.682
2011-09-05,3.711,3.809,3.738,3.664,3.745,3.554,3.619,3.913,3.727
2011-09-12,3.705,3.809,3.742,3.648,3.717,3.532,3.641,3.918,3.715
2011-09-19,3.66,3.758,3.711,3.595,3.609,3.473,3.648,3.906,3.657
2011-09-26,3.583,3.684,3.645,3.509,3.467,3.371,3.623,3.877,3.568
2011-10-03,3.518,3.633,3.583,3.437,3.358,3.299,3.592,3.827,3.492
2011-10-10,3.479,3.583,3.541,3.404,3.373,3.283,3.567,3.805,3.476
2011-10-17,3.524,3.618,3.57,3.465,3.45,3.361,3.579,3.842,3.533
2011-10-24,3.532,3.604,3.569,3.485,3.396,3.362,3.567,3.843,3.52
2011-10-31,3.513,3.586,3.551,3.464,3.422,3.322,3.538,3.828,3.511
2011-11-07,3.489,3.57,3.53,3.436,3.375,3.286,3.513,3.824,3.482
2011-11-14,3.499,3.571,3.53,3.455,3.414,3.294,3.489,3.813,3.495
2011-11-21,3.453,3.536,3.492,3.402,3.308,3.225,3.445,3.76,3.427
2011-11-28,3.405,3.501,3.452,3.345,3.227,3.176,3.389,3.701,3.368
2011-12-05,3.378,3.47,3.415,3.324,3.251,3.153,3.341,3.644,3.35
2011-12-12,3.38,3.445,3.413,3.338,3.266,3.149,3.282,3.6,3.346
2011-12-19,3.346,3.413,3.389,3.295,3.186,3.103,3.186,3.541,3.29
2011-12-26,3.344,3.402,3.389,3.295,3.27,3.119,3.119,3.556,3.317
2012-01-02,3.395,3.439,3.422,3.363,3.308,3.158,3.08,3.599,3.358
2012-01-09,3.487,3.523,3.513,3.458,3.395,3.263,3.056,3.657,3.441
2012-01-16,3.503,3.542,3.533,3.471,3.403,3.273,3.047,3.66,3.451
2012-01-23,3.529,3.568,3.567,3.489,3.346,3.29,3.058,3.675,3.45
2012-01-30,3.592,3.633,3.617,3.562,3.39,3.354,3.077,3.702,3.5
2012-02-06,3.625,3.655,3.64,3.606,3.45,3.411,3.116,3.722,3.542
2012-02-13,3.682,3.703,3.695,3.667,3.444,3.493,3.119,3.781,3.584
2012-02-20,3.725,3.751,3.739,3.707,3.504,3.541,3.145,3.95,3.652
2012-02-27,3.805,3.827,3.816,3.792,3.662,3.619,3.242,4.178,3.78
2012-03-05,3.838,3.876,3.848,3.82,3.781,3.667,3.38,4.25,3.849
2012-03-12,3.843,3.867,3.862,3.822,3.847,3.707,3.529,4.273,3.884
2012-03-19,3.883,3.889,3.9,3.87,3.877,3.759,3.671,4.288,3.923
2012-03-26,3.942,3.921,3.953,3.94,3.937,3.82,3.734,4.294,3.973
2012-04-02,3.983,3.957,3.996,3.981,3.941,3.864,3.793,4.282,3.996
2012-04-09,4.02,4.025,4.044,4.002,3.897,3.881,3.833,4.254,3.997
2012-04-16,4.0,4.046,4.027,3.966,3.891,3.864,3.845,4.222,3.98
2012-04-23,3.958,4.023,4.004,3.905,3.811,3.81,3.842,4.193,3.929
2012-04-30,3.904,3.991,3.951,3.846,3.788,3.747,3.831,4.171,3.889
2012-05-07,3.838,3.947,3.889,3.77,3.761,3.685,3.809,4.186,3.849
2012-05-14,3.778,3.899,3.848,3.693,3.679,3.62,3.808,4.308,3.814
2012-05-21,3.713,3.85,3.798,3.613,3.665,3.551,3.801,4.293,3.773
2012-05-28,3.652,3.798,3.742,3.545,3.631,3.483,3.788,4.277,3.728
2012-06-04,3.595,3.746,3.689,3.482,3.558,3.433,3.776,4.236,3.671
2012-06-11,3.533,3.683,3.62,3.427,3.578,3.372,3.756,4.144,3.629
2012-06-18,3.484,3.629,3.564,3.385,3.598,3.329,3.737,4.014,3.589
2012-06-25,3.427,3.577,3.506,3.328,3.466,3.257,3.681,3.875,3.494
2012-07-02,3.377,3.538,3.475,3.259,3.357,3.187,3.63,3.765,3.415
2012-07-09,3.437,3.561,3.523,3.339,3.48,3.224,3.595,3.723,3.469
2012-07-16,3.483,3.61,3.567,3.386,3.458,3.263,3.556,3.726,3.485
2012-07-23,3.568,3.701,3.647,3.472,3.52,3.356,3.537,3.769,3.554
2012-07-30,3.577,3.698,3.654,3.486,3.553,3.374,3.512,3.76,3.568
2012-08-06,3.678,3.772,3.722,3.619,3.813,3.476,3.509,3.811,3.702
2012-08-13,3.758,3.84,3.807,3.698,3.826,3.552,3.545,4.002,3.779
2012-08-20,3.792,3.874,3.834,3.738,3.801,3.61,3.582,4.055,3.803
2012-08-27,3.833,3.884,3.867,3.793,3.818,3.646,3.624,4.093,3.837
2012-09-03,3.894,3.921,3.911,3.873,3.914,3.709,3.689,4.124,3.903
2012-09-10,3.911,3.988,3.948,3.861,3.897,3.706,3.749,4.133,3.907
2012-09-17,3.962,4.056,4.038,3.879,3.932,3.721,3.821,4.125,3.939
2012-09-24,3.914,4.018,3.997,3.824,3.853,3.666,3.821,4.116,3.889
2012-10-01,3.887,4.027,3.985,3.775,3.823,3.62,3.815,4.132,3.866
2012-10-08,3.884,4.029,4.0,3.757,3.812,3.603,3.797,4.468,3.914
2012-10-15,3.88,4.0,3.969,3.78,3.726,3.61,3.781,4.449,3.886
2012-10-22,3.789,3.917,3.882,3.684,3.528,3.514,3.755,4.301,3.756
2012-10-29,3.679,3.817,3.787,3.561,3.435,3.404,3.702,4.099,3.638
2012-11-05,3.625,3.792,3.771,3.47,3.367,3.337,3.663,3.951,3.563
2012-11-12,3.581,3.754,3.75,3.407,3.377,3.271,3.612,3.834,3.518
2012-11-19,3.569,3.727,3.748,3.392,3.387,3.233,3.562,3.759,3.497
2012-11-26,3.574,3.713,3.729,3.421,3.432,3.24,3.524,3.719,3.505
2012-12-03,3.547,3.679,3.688,3.405,3.364,3.227,3.456,3.668,3.463
2012-12-10,3.507,3.639,3.637,3.373,3.328,3.193,3.379,3.597,3.419
2012-12-17,3.439,3.574,3.577,3.299,3.187,3.112,3.263,3.51,3.324
2012-12-24,3.445,3.56,3.563,3.325,3.217,3.125,3.147,3.48,3.328
2012-12-31,3.492,3.577,3.592,3.393,3.266,3.177,3.066,3.51,3.369
2013-01-07,3.529,3.595,3.611,3.449,3.19,3.235,2.982,3.542,3.373
2013-01-14,3.537,3.593,3.605,3.47,3.204,3.232,2.914,3.545,3.377
2013-01-21,3.509,3.579,3.583,3.435,3.269,3.22,2.927,3.558,3.386
2013-01-28,3.537,3.608,3.615,3.459,3.333,3.232,3.029,3.6,3.427
2013-02-04,3.677,3.755,3.753,3.599,3.556,3.401,3.192,3.795,3.604
2013-02-11,3.733,3.807,3.814,3.652,3.624,3.451,3.323,3.924,3.677
2013-02-18,3.836,3.866,3.859,3.811,3.806,3.602,3.459,4.031,3.812
2013-02-25,3.885,3.885,3.89,3.882,3.778,3.694,3.521,4.109,3.851
2013-03-04,3.851,3.868,3.86,3.839,3.752,3.647,3.526,4.125,3.826
2013-03-11,3.816,3.843,3.834,3.796,3.661,3.611,3.518,4.104,3.779
2013-03-18,3.781,3.819,3.8,3.757,3.689,3.593,3.518,4.062,3.764
2013-03-25,3.753,3.796,3.784,3.718,3.699,3.575,3.518,4.016,3.746
2013-04-01,3.724,3.772,3.763,3.681,3.641,3.552,3.547,3.998,3.714
2013-04-08,3.68,3.723,3.724,3.636,3.596,3.504,3.576,3.981,3.676
2013-04-15,3.628,3.678,3.676,3.578,3.497,3.436,3.559,3.941,3.611
2013-04-22,3.575,3.626,3.615,3.531,3.591,3.397,3.541,3.889,3.603
2013-04-29,3.555,3.601,3.592,3.514,3.596,3.369,3.535,3.853,3.587
2013-05-06,3.549,3.603,3.583,3.508,3.651,3.371,3.543,3.863,3.602
2013-05-13,3.579,3.63,3.614,3.538,3.715,3.437,3.609,3.989,3.665
2013-05-20,3.583,3.654,3.627,3.531,3.903,3.462,3.72,4.004,3.729
2013-05-27,3.594,3.668,3.646,3.535,3.818,3.438,3.773,3.984,3.704
2013-06-03,3.579,3.66,3.633,3.516,3.877,3.413,3.779,3.942,3.705
2013-06-10,3.587,3.667,3.632,3.532,3.91,3.415,3.771,3.93,3.715
2013-06-17,3.599,3.673,3.626,3.559,3.78,3.453,3.74,3.941,3.689
2013-06-24,3.599,3.673,3.639,3.549,3.59,3.452,3.726,4.003,3.645
2013-07-01,3.56,3.643,3.614,3.498,3.439,3.385,3.696,3.947,3.567
2013-07-08,3.553,3.645,3.614,3.481,3.456,3.368,3.666,3.929,3.563
2013-07-15,3.681,3.803,3.737,3.606,3.686,3.518,3.665,3.98,3.706
2013-07-22,3.746,3.879,3.804,3.667,3.708,3.58,3.669,4.007,3.751
2013-07-29,3.738,3.875,3.822,3.639,3.623,3.552,3.695,3.983,3.716
2013-08-05,3.719,3.859,3.795,3.625,3.637,3.52,3.692,3.939,3.701
2013-08-12,3.664,3.831,3.742,3.561,3.525,3.464,3.699,3.892,3.633
2013-08-19,3.651,3.809,3.723,3.554,3.548,3.449,3.693,3.829,3.622
2013-08-26,3.649,3.801,3.714,3.559,3.572,3.459,3.675,3.797,3.623
2013-09-02,3.7,3.826,3.759,3.623,3.679,3.484,3.678,3.803,3.678
2013-09-09,3.682,3.823,3.753,3.59,3.619,3.454,3.684,3.851,3.658
2013-09-16,3.629,3.79,3.717,3.518,3.535,3.379,3.664,3.955,3.619
2013-09-23,3.556,3.745,3.642,3.439,3.506,3.308,3.639,3.921,3.567
2013-09-30,3.509,3.693,3.582,3.404,3.399,3.254,3.602,3.858,3.499
2013-10-07,3.461,3.652,3.53,3.358,3.324,3.206,3.56,3.791,3.441
2013-10-14,3.448,3.606,3.502,3.365,3.349,3.188,3.512,3.739,3.43
2013-10-21,3.455,3.575,3.487,3.397,3.367,3.208,3.48,3.709,3.435
2013-10-28,3.42,3.544,3.467,3.351,3.255,3.151,3.422,3.663,3.372
2013-11-04,3.391,3.516,3.441,3.32,3.243,3.112,3.361,3.617,3.343
2013-11-11,3.345,3.479,3.4,3.267,3.133,3.057,3.282,3.561,3.274
2013-11-18,3.381,3.478,3.439,3.312,3.185,3.084,3.238,3.52,3.298
2013-11-25,3.484,3.532,3.518,3.445,3.249,3.216,3.202,3.511,3.372
2013-12-02,3.488,3.553,3.537,3.432,3.179,3.203,3.17,3.529,3.353
2013-12-09,3.482,3.571,3.548,3.407,3.19,3.18,3.133,3.531,3.35
2013-12-16,3.472,3.585,3.555,3.379,3.135,3.124,3.111,3.526,3.321
2013-12-23,3.48,3.598,3.564,3.385,3.216,3.139,3.112,3.538,3.351
2013-12-30,3.511,3.624,3.607,3.409,3.319,3.197,3.155,3.581,3.409
2014-01-06,3.538,3.633,3.626,3.445,3.278,3.2,3.175,3.602,3.411
2014-01-13,3.512,3.61,3.597,3.421,3.309,3.185,3.203,3.581,3.406
2014-01-20,3.491,3.575,3.56,3.416,3.255,3.181,3.2,3.547,3.376
2014-01-27,3.48,3.551,3.551,3.406,3.272,3.171,3.189,3.541,3.375
2014-02-03,3.463,3.534,3.537,3.387,3.289,3.162,3.179,3.548,3.372
2014-02-10,3.453,3.538,3.531,3.371,3.339,3.163,3.192,3.573,3.388
2014-02-17,3.512,3.572,3.601,3.428,3.413,3.257,3.294,3.629,3.457
2014-02-24,3.564,3.624,3.642,3.488,3.493,3.287,3.378,3.709,3.52
2014-03-03,3.573,3.644,3.664,3.485,3.55,3.303,3.445,3.766,3.553
2014-03-10,3.59,3.666,3.686,3.499,3.589,3.328,3.491,3.811,3.584
2014-03-17,3.619,3.678,3.683,3.554,3.627,3.358,3.51,3.868,3.619
2014-03-24,3.625,3.673,3.679,3.571,3.604,3.395,3.512,3.88,3.622
2014-03-31,3.653,3.677,3.676,3.63,3.641,3.418,3.505,3.909,3.651
2014-04-07,3.678,3.676,3.687,3.672,3.632,3.469,3.5,3.938,3.67
2014-04-14,3.707,3.708,3.703,3.71,3.687,3.548,3.49,4.037,3.725
2014-04-21,3.76,3.754,3.762,3.76,3.695,3.568,3.499,4.086,3.758
2014-04-28,3.803,3.822,3.836,3.772,3.717,3.568,3.538,4.131,3.788
2014-05-05,3.798,3.819,3.833,3.765,3.65,3.543,3.559,4.112,3.761
2014-05-12,3.779,3.809,3.822,3.74,3.653,3.515,3.57,4.079,3.746
2014-05-19,3.763,3.798,3.803,3.723,3.667,3.517,3.566,4.072,3.743
2014-05-26,3.759,3.796,3.807,3.712,3.708,3.512,3.563,4.061,3.75
2014-06-02,3.747,3.793,3.8,3.695,3.771,3.517,3.563,4.062,3.765
2014-06-09,3.736,3.792,3.798,3.674,3.747,3.495,3.568,4.05,3.749
2014-06-16,3.741,3.811,3.802,3.676,3.769,3.505,3.59,4.054,3.76
2014-06-23,3.768,3.831,3.831,3.704,3.748,3.571,3.665,4.066,3.778
2014-06-30,3.778,3.84,3.844,3.711,3.724,3.56,3.689,4.09,3.778
2014-07-07,3.761,3.846,3.834,3.682,3.669,3.539,3.702,4.091,3.753
2014-07-14,3.731,3.828,3.801,3.653,3.593,3.517,3.704,4.054,3.712
2014-07-21,3.69,3.794,3.763,3.608,3.552,3.47,3.699,4.01,3.671
2014-07-28,3.646,3.77,3.713,3.562,3.464,3.429,3.704,3.976,3.617
2014-08-04,3.609,3.727,3.672,3.528,3.473,3.385,3.701,3.945,3.595
2014-08-11,3.572,3.687,3.635,3.494,3.508,3.351,3.711,3.922,3.582
2014-08-18,3.54,3.661,3.592,3.468,3.451,3.343,3.716,3.897,3.549
2014-08-25,3.508,3.628,3.557,3.439,3.456,3.319,3.708,3.877,3.532
2014-09-01,3.514,3.627,3.552,3.456,3.493,3.296,3.696,3.848,3.536
2014-09-08,3.512,3.626,3.557,3.448,3.499,3.302,3.682,3.825,3.534
2014-09-15,3.482,3.608,3.533,3.41,3.416,3.253,3.65,3.792,3.485
2014-09-22,3.45,3.568,3.494,3.385,3.334,3.209,3.6,3.735,3.432
2014-09-29,3.444,3.547,3.482,3.388,3.359,3.238,3.552,3.697,3.434
2014-10-06,3.421,3.498,3.45,3.378,3.257,3.193,3.491,3.663,3.382
2014-10-13,3.345,3.443,3.394,3.281,3.144,3.093,3.403,3.59,3.292
2014-10-20,3.248,3.347,3.318,3.169,3.089,2.999,3.314,3.478,3.205
2014-10-27,3.163,3.286,3.244,3.069,3.075,2.917,3.26,3.379,3.139
2014-11-03,3.106,3.214,3.194,3.01,3.02,2.857,3.205,3.291,3.077
2014-11-10,3.06,3.153,3.134,2.979,2.966,2.811,3.138,3.222,3.025
2014-11-17,3.022,3.107,3.102,2.938,2.918,2.761,3.073,3.167,2.978
2014-11-24,2.968,3.058,3.065,2.871,2.825,2.683,2.996,3.101,2.907
2014-12-01,2.935,3.038,3.038,2.83,2.778,2.621,2.922,3.07,2.864
2014-12-08,2.853,2.95,2.957,2.748,2.65,2.529,2.804,2.993,2.767
2014-12-15,2.753,2.845,2.849,2.656,2.479,2.418,2.652,2.887,2.643
2014-12-22,2.641,2.732,2.753,2.531,2.288,2.265,2.453,2.753,2.496
2014-12-29,2.556,2.649,2.676,2.441,2.151,2.163,2.296,2.671,2.392
2015-01-05,2.474,2.55,2.594,2.364,2.038,2.082,2.182,2.638,2.308
2015-01-12,2.369,2.446,2.477,2.268,2.018,2.0,2.051,2.547,2.232
2015-01-19,2.274,2.32,2.378,2.184,1.984,1.933,1.972,2.438,2.157
2015-01-26,2.22,2.264,2.304,2.146,2.001,1.939,1.934,2.387,2.133
2015-02-02,2.203,2.242,2.289,2.127,2.093,1.949,1.929,2.386,2.154
2015-02-09,2.304,2.29,2.381,2.25,2.231,2.07,2.008,2.533,2.276
2015-02-16,2.366,2.34,2.424,2.329,2.302,2.16,2.055,2.681,2.358
2015-02-23,2.414,2.385,2.476,2.375,2.336,2.195,2.101,2.819,2.415
2015-03-02,2.496,2.48,2.557,2.455,2.44,2.301,2.184,3.194,2.556
2015-03-09,2.529,2.545,2.61,2.464,2.4,2.313,2.296,3.245,2.57
2015-03-16,2.51,2.524,2.59,2.446,2.344,2.306,2.355,3.181,2.537
2015-03-23,2.473,2.474,2.549,2.416,2.451,2.275,2.372,3.108,2.538
2015-03-30,2.484,2.45,2.529,2.46,2.44,2.273,2.383,3.061,2.531
2015-04-06,2.466,2.443,2.522,2.43,2.375,2.271,2.389,3.017,2.499
2015-04-13,2.47,2.435,2.528,2.436,2.367,2.275,2.421,2.983,2.494
2015-04-20,2.553,2.566,2.633,2.489,2.463,2.328,2.498,3.028,2.57
2015-04-27,2.627,2.644,2.706,2.563,2.506,2.391,2.55,3.244,2.656
2015-05-04,2.686,2.717,2.774,2.612,2.565,2.468,2.639,3.483,2.749
2015-05-11,2.717,2.741,2.812,2.64,2.573,2.522,2.71,3.508,2.776
2015-05-18,2.736,2.756,2.815,2.671,2.664,2.552,2.764,3.578,2.827
2015-05-25,2.773,2.798,2.839,2.716,2.721,2.572,2.805,3.553,2.857
2015-06-01,2.779,2.8,2.846,2.723,2.762,2.567,2.814,3.506,2.863
2015-06-08,2.798,2.82,2.857,2.748,2.745,2.623,2.832,3.441,2.863
2015-06-15,2.849,2.864,2.908,2.802,2.862,2.678,2.86,3.396,2.918
2015-06-22,2.837,2.883,2.892,2.784,2.811,2.662,2.864,3.389,2.895
2015-06-29,2.836,2.876,2.909,2.77,2.806,2.631,2.867,3.368,2.885
2015-07-06,2.827,2.862,2.906,2.758,2.805,2.61,2.882,3.357,2.877
2015-07-13,2.816,2.856,2.895,2.747,2.791,2.617,2.889,3.66,2.92
2015-07-20,2.779,2.825,2.854,2.711,2.738,2.577,2.911,3.674,2.888
2015-07-27,2.741,2.798,2.812,2.671,2.649,2.53,2.925,3.615,2.833
2015-08-03,2.696,2.747,2.785,2.615,2.584,2.485,2.897,3.549,2.779
2015-08-10,2.647,2.701,2.735,2.567,2.544,2.43,2.867,3.426,2.72
2015-08-17,2.618,2.661,2.702,2.543,2.866,2.429,2.905,3.429,2.803
2015-08-24,2.559,2.597,2.636,2.492,2.746,2.379,2.892,3.349,2.726
2015-08-31,2.473,2.511,2.55,2.406,2.545,2.291,2.843,3.229,2.602
2015-09-07,2.438,2.487,2.528,2.357,2.419,2.231,2.809,3.156,2.532
2015-09-14,2.389,2.448,2.477,2.307,2.359,2.186,2.762,3.056,2.471
2015-09-21,2.337,2.403,2.431,2.248,2.354,2.12,2.688,2.975,2.425
2015-09-28,2.321,2.37,2.391,2.256,2.407,2.109,2.621,2.899,2.418
2015-10-05,2.309,2.343,2.361,2.261,2.435,2.132,2.56,2.85,2.415
2015-10-12,2.33,2.329,2.373,2.297,2.486,2.148,2.509,2.812,2.432
2015-10-19,2.299,2.296,2.36,2.255,2.382,2.1,2.441,2.763,2.374
2015-10-26,2.264,2.279,2.332,2.209,2.308,2.046,2.385,2.742,2.326
2015-11-02,2.25,2.27,2.311,2.198,2.351,2.018,2.322,2.714,2.322
2015-11-09,2.299,2.291,2.365,2.252,2.299,2.07,2.264,2.732,2.335
2015-11-16,2.291,2.282,2.354,2.245,2.168,2.027,2.216,2.7,2.281
2015-11-23,2.243,2.262,2.32,2.18,2.015,1.956,2.172,2.642,2.198
2015-11-30,2.223,2.264,2.312,2.145,1.959,1.929,2.132,2.614,2.165
2015-12-07,2.21,2.251,2.307,2.125,1.974,1.921,2.093,2.599,2.159
2015-12-14,2.182,2.211,2.273,2.105,1.986,1.892,2.074,2.577,2.144
2015-12-21,2.173,2.196,2.249,2.109,1.929,1.887,2.075,2.635,2.133
2015-12-28,2.154,2.172,2.231,2.092,1.959,1.865,2.052,2.698,2.141
2016-01-04,2.138,2.155,2.211,2.079,1.945,1.854,2.045,2.731,2.135
2016-01-11,2.11,2.123,2.189,2.046,1.906,1.831,2.028,2.698,2.104
2016-01-18,2.045,2.07,2.114,1.987,1.796,1.778,1.988,2.591,2.022
2016-01-25,2.006,2.04,2.086,1.937,1.714,1.734,1.943,2.526,1.965
2016-02-01,1.977,2.011,2.05,1.913,1.708,1.697,1.886,2.443,1.932
2016-02-08,1.936,1.967,2.016,1.868,1.602,1.667,1.835,2.379,1.87
2016-02-15,1.898,1.927,1.959,1.843,1.606,1.632,1.773,2.283,1.834
2016-02-22,1.876,1.906,1.943,1.818,1.693,1.631,1.754,2.206,1.837
2016-02-29,1.88,1.899,1.938,1.831,1.803,1.662,1.78,2.277,1.887
2016-03-07,1.918,1.903,1.954,1.896,1.896,1.706,1.863,2.313,1.943
2016-03-14,2.02,1.999,2.052,2.002,2.012,1.85,1.946,2.463,2.062
2016-03-21,2.075,2.034,2.09,2.075,2.021,1.91,1.982,2.547,2.109
2016-03-28,2.155,2.134,2.182,2.14,2.038,1.969,2.029,2.639,2.169
2016-04-04,2.165,2.158,2.201,2.139,2.07,1.973,2.049,2.647,2.185
2016-04-11,2.168,2.171,2.222,2.127,2.048,1.94,2.086,2.63,2.173
2016-04-18,2.23,2.253,2.303,2.17,2.139,2.013,2.165,2.658,2.24
2016-04-25,2.258,2.284,2.331,2.195,2.181,2.019,2.204,2.663,2.265
2016-05-02,2.346,2.345,2.399,2.307,2.269,2.099,2.257,2.702,2.342
2016-05-09,2.35,2.366,2.408,2.302,2.202,2.094,2.302,2.701,2.325
2016-05-16,2.35,2.359,2.413,2.301,2.263,2.093,2.33,2.71,2.345
2016-05-23,2.384,2.407,2.447,2.331,2.365,2.171,2.39,2.724,2.403
2016-05-30,2.42,2.443,2.478,2.371,2.425,2.198,2.403,2.738,2.44
2016-06-06,2.447,2.448,2.476,2.426,2.495,2.25,2.401,2.763,2.482
2016-06-13,2.441,2.455,2.479,2.408,2.554,2.243,2.408,2.786,2.499
2016-06-20,2.412,2.436,2.465,2.366,2.458,2.203,2.415,2.785,2.455
2016-06-27,2.392,2.435,2.455,2.332,2.378,2.204,2.403,2.832,2.432
2016-07-04,2.369,2.42,2.436,2.305,2.297,2.18,2.389,2.826,2.396
2016-07-11,2.336,2.38,2.405,2.272,2.243,2.152,2.372,2.797,2.359
2016-07-18,2.296,2.352,2.364,2.23,2.242,2.115,2.361,2.787,2.336
2016-07-25,2.263,2.319,2.338,2.192,2.165,2.088,2.349,2.734,2.289
2016-08-01,2.244,2.279,2.31,2.184,2.164,2.054,2.34,2.677,2.267
2016-08-08,2.21,2.237,2.283,2.149,2.204,2.038,2.314,2.635,2.256
2016-08-15,2.221,2.219,2.283,2.175,2.208,2.052,2.301,2.596,2.256
2016-08-22,2.27,2.27,2.326,2.227,2.259,2.076,2.314,2.637,2.299
2016-08-29,2.314,2.305,2.357,2.284,2.313,2.118,2.347,2.656,2.341
2016-09-05,2.314,2.309,2.361,2.281,2.269,2.113,2.352,2.66,2.329
2016-09-12,2.291,2.287,2.342,2.253,2.222,2.085,2.361,2.699,2.31
2016-09-19,2.334,2.296,2.356,2.328,2.244,2.079,2.353,2.717,2.333
2016-09-26,2.345,2.298,2.368,2.34,2.236,2.076,2.333,2.716,2.334
2016-10-03,2.347,2.324,2.372,2.336,2.266,2.12,2.328,2.743,2.354
2016-10-10,2.372,2.349,2.395,2.36,2.313,2.152,2.328,2.74,2.381
2016-10-17,2.38,2.349,2.402,2.371,2.247,2.153,2.356,2.744,2.367
2016-10-24,2.374,2.353,2.413,2.35,2.198,2.165,2.374,2.745,2.353
2016-10-31,2.361,2.353,2.41,2.327,2.166,2.153,2.383,2.763,2.341
2016-11-07,2.384,2.361,2.473,2.324,2.174,2.127,2.358,2.753,2.345
2016-11-14,2.362,2.336,2.458,2.298,2.087,2.087,2.324,2.712,2.298
2016-11-21,2.318,2.31,2.432,2.235,2.108,2.032,2.276,2.657,2.269
2016-11-28,2.312,2.302,2.426,2.23,2.131,2.021,2.237,2.638,2.268
2016-12-05,2.376,2.343,2.479,2.308,2.201,2.092,2.211,2.637,2.321
2016-12-12,2.403,2.362,2.501,2.34,2.254,2.118,2.21,2.623,2.347
2016-12-19,2.433,2.386,2.516,2.383,2.284,2.164,2.223,2.629,2.375
2016-12-26,2.456,2.413,2.553,2.396,2.372,2.191,2.26,2.659,2.419
2017-01-02,2.528,2.472,2.632,2.465,2.435,2.258,2.32,2.72,2.485
2017-01-09,2.537,2.48,2.649,2.469,2.433,2.277,2.345,2.748,2.496
2017-01-16,2.516,2.462,2.638,2.44,2.37,2.251,2.351,2.748,2.467
2017-01-23,2.491,2.443,2.619,2.408,2.306,2.233,2.344,2.743,2.436
2017-01-30,2.466,2.42,2.594,2.382,2.255,2.2,2.345,2.746,2.408
2017-02-06,2.447,2.401,2.571,2.366,2.269,2.183,2.323,2.766,2.405
2017-02-13,2.439,2.402,2.563,2.356,2.302,2.19,2.32,2.801,2.418
2017-02-20,2.439,2.395,2.558,2.362,2.279,2.181,2.342,2.819,2.414
2017-02-27,2.433,2.382,2.538,2.369,2.301,2.181,2.365,2.867,2.427
2017-03-06,2.433,2.368,2.53,2.377,2.358,2.205,2.378,2.903,2.452
2017-03-13,2.421,2.368,2.528,2.354,2.306,2.188,2.399,2.92,2.434
2017-03-20,2.414,2.37,2.522,2.345,2.313,2.186,2.399,2.918,2.433
2017-03-27,2.423,2.37,2.515,2.369,2.276,2.199,2.397,2.917,2.428
2017-04-03,2.45,2.394,2.541,2.396,2.372,2.236,2.389,2.921,2.471
2017-04-10,2.519,2.429,2.604,2.479,2.454,2.303,2.423,2.941,2.534
2017-04-17,2.541,2.474,2.645,2.482,2.431,2.352,2.464,2.951,2.546
2017-04-24,2.559,2.503,2.654,2.504,2.451,2.337,2.503,2.959,2.559
2017-05-01,2.531,2.501,2.634,2.461,2.382,2.309,2.493,2.948,2.522
2017-05-08,2.493,2.484,2.599,2.416,2.323,2.28,2.482,2.932,2.484
2017-05-15,2.467,2.47,2.58,2.382,2.363,2.242,2.474,2.94,2.481
2017-05-22,2.474,2.493,2.584,2.386,2.409,2.261,2.471,3.002,2.51
2017-05-29,2.486,2.509,2.605,2.39,2.393,2.268,2.512,3.027,2.516
2017-06-05,2.493,2.5,2.596,2.413,2.414,2.285,2.523,3.011,2.525
2017-06-12,2.458,2.457,2.573,2.373,2.341,2.255,2.513,2.96,2.479
2017-06-19,2.417,2.428,2.54,2.321,2.277,2.208,2.508,2.929,2.433
2017-06-26,2.379,2.416,2.508,2.273,2.269,2.169,2.482,2.893,2.404
2017-07-03,2.354,2.411,2.49,2.238,2.235,2.124,2.442,2.884,2.376
2017-07-10,2.372,2.397,2.499,2.27,2.323,2.149,2.437,2.885,2.411
2017-07-17,2.365,2.386,2.494,2.262,2.277,2.147,2.425,2.872,2.392
2017-07-24,2.411,2.426,2.53,2.318,2.312,2.186,2.436,2.873,2.426
2017-07-31,2.453,2.46,2.556,2.373,2.377,2.203,2.437,2.901,2.467
2017-08-07,2.481,2.484,2.607,2.386,2.38,2.273,2.482,2.911,2.492
2017-08-14,2.474,2.481,2.593,2.383,2.396,2.266,2.518,2.933,2.497
2017-08-21,2.451,2.469,2.574,2.354,2.345,2.238,2.546,2.953,2.474
2017-08-28,2.485,2.491,2.575,2.415,2.406,2.274,2.561,2.969,2.513
2017-09-04,2.864,2.84,2.936,2.817,2.639,2.621,2.694,3.084,2.794
2017-09-11,2.871,2.861,2.94,2.822,2.64,2.616,2.704,3.106,2.8
2017-09-18,2.833,2.838,2.898,2.782,2.544,2.582,2.691,3.09,2.75
2017-09-25,2.785,2.804,2.834,2.742,2.466,2.541,2.673,3.071,2.701
2017-10-02,2.737,2.769,2.787,2.691,2.503,2.501,2.659,3.042,2.682
2017-10-09,2.669,2.718,2.737,2.604,2.432,2.435,2.635,3.014,2.622
2017-10-16,2.619,2.689,2.698,2.54,2.474,2.382,2.618,3.005,2.605
2017-10-23,2.596,2.671,2.679,2.513,2.49,2.345,2.62,2.993,2.594
2017-10-30,2.595,2.662,2.692,2.504,2.524,2.338,2.605,2.997,2.602
2017-11-06,2.623,2.674,2.747,2.517,2.645,2.372,2.627,3.12,2.673
2017-11-13,2.692,2.708,2.791,2.613,2.622,2.422,2.631,3.156,2.706
2017-11-20,2.672,2.703,2.781,2.582,2.595,2.406,2.632,3.123,2.683
2017-11-27,2.655,2.696,2.767,2.56,2.52,2.381,2.629,3.105,2.648
2017-12-04,2.638,2.685,2.752,2.539,2.455,2.37,2.627,3.075,2.617
2017-12-11,2.614,2.66,2.727,2.517,2.47,2.338,2.608,3.043,2.601
2017-12-18,2.588,2.642,2.709,2.483,2.422,2.289,2.567,3.029,2.568
2017-12-25,2.576,2.629,2.696,2.472,2.508,2.294,2.542,3.037,2.589
2018-01-01,2.641,2.646,2.752,2.557,2.553,2.36,2.529,3.046,2.637
2018-01-08,2.65,2.668,2.776,2.55,2.527,2.364,2.534,3.083,2.639
2018-01-15,2.666,2.666,2.79,2.572,2.605,2.398,2.549,3.084,2.673
2018-01-22,2.705,2.686,2.817,2.627,2.567,2.431,2.568,3.096,2.684
2018-01-29,2.735,2.718,2.859,2.647,2.608,2.468,2.577,3.161,2.723
2018-02-05,2.761,2.746,2.879,2.676,2.633,2.49,2.589,3.218,2.753
2018-02-12,2.754,2.749,2.861,2.675,2.56,2.453,2.605,3.214,2.724
2018-02-19,2.709,2.715,2.83,2.616,2.487,2.4,2.582,3.204,2.676
2018-02-26,2.68,2.696,2.802,2.583,2.502,2.374,2.549,3.21,2.666
2018-03-05,2.685,2.681,2.786,2.611,2.526,2.402,2.531,3.215,2.679
2018-03-12,2.661,2.676,2.768,2.576,2.537,2.397,2.516,3.244,2.677
2018-03-19,2.687,2.676,2.767,2.63,2.594,2.427,2.536,3.29,2.716
2018-03-26,2.74,2.703,2.834,2.68,2.612,2.504,2.625,3.347,2.764
2018-04-02,2.795,2.75,2.881,2.743,2.661,2.551,2.698,3.4,2.817
2018-04-09,2.786,2.754,2.881,2.724,2.651,2.545,2.741,3.401,2.811
2018-04-16,2.833,2.799,2.932,2.769,2.701,2.616,2.835,3.438,2.863
2018-04-23,2.897,2.865,2.998,2.829,2.757,2.666,2.875,3.462,2.914
2018-04-30,2.935,2.916,3.043,2.858,2.823,2.705,2.909,3.503,2.961
2018-05-07,2.938,2.942,3.051,2.851,2.796,2.705,2.926,3.534,2.96
2018-05-14,2.885,2.936,3.002,2.797,2.835,2.675,3.002,3.486,2.949
2018-05-21,2.927,3.004,3.058,2.822,2.904,2.739,3.052,3.514,2.999
2018-05-28,2.976,3.042,3.088,2.887,2.935,2.783,3.078,3.542,3.039
2018-06-04,2.947,3.036,3.062,2.85,2.902,2.789,3.084,3.539,3.018
2018-06-11,2.908,2.99,3.043,2.801,2.871,2.76,3.079,3.53,2.989
2018-06-18,2.868,2.965,3.003,2.757,2.844,2.719,3.066,3.512,2.958
2018-06-25,2.83,2.942,2.968,2.713,2.773,2.68,3.049,3.487,2.913
2018-07-02,2.838,2.948,2.972,2.724,2.818,2.67,3.054,3.474,2.924
2018-07-09,2.849,2.954,2.989,2.733,2.838,2.684,3.059,3.475,2.937
2018-07-16,2.87,2.954,2.994,2.769,2.851,2.666,3.049,3.459,2.943
2018-07-23,2.845,2.942,2.97,2.74,2.793,2.638,3.027,3.438,2.911
2018-07-30,2.86,2.949,2.988,2.754,2.821,2.657,3.005,3.429,2.924
2018-08-06,2.871,2.955,2.994,2.77,2.828,2.654,3.015,3.422,2.93
2018-08-13,2.872,2.95,2.99,2.776,2.803,2.65,3.031,3.409,2.921
2018-08-20,2.846,2.931,2.974,2.742,2.785,2.632,3.052,3.388,2.9
2018-08-27,2.834,2.921,2.967,2.726,2.814,2.635,3.084,3.391,2.906
2018-09-03,2.845,2.926,2.973,2.741,2.784,2.616,3.098,3.41,2.903
2018-09-10,2.856,2.932,2.992,2.748,2.794,2.639,3.097,3.417,2.912
2018-09-17,2.857,2.937,2.993,2.748,2.815,2.628,3.101,3.426,2.921
2018-09-24,2.843,2.923,2.971,2.737,2.843,2.626,3.101,3.432,2.923
2018-10-01,2.865,2.924,2.97,2.781,2.843,2.66,3.089,3.498,2.947
2018-10-08,2.898,2.938,3.002,2.819,2.876,2.692,3.089,3.561,2.984
2018-10-15,2.88,2.922,2.98,2.803,2.811,2.692,3.072,3.58,2.961
2018-10-22,2.849,2.905,2.956,2.764,2.742,2.648,3.053,3.584,2.925
2018-10-29,2.807,2.884,2.921,2.712,2.735,2.591,3.048,3.565,2.896
2018-11-05,2.754,2.849,2.875,2.651,2.659,2.524,3.023,3.533,2.84
2018-11-12,2.696,2.795,2.809,2.597,2.567,2.455,2.98,3.483,2.773
2018-11-19,2.629,2.746,2.75,2.519,2.472,2.377,2.918,3.43,2.7
2018-11-26,2.573,2.719,2.714,2.441,2.372,2.286,2.886,3.392,2.63
2018-12-03,2.498,2.657,2.655,2.353,2.256,2.193,2.809,3.322,2.544
2018-12-10,2.459,2.623,2.621,2.309,2.268,2.145,2.745,3.252,2.511
2018-12-17,2.428,2.591,2.583,2.283,2.192,2.103,2.667,3.196,2.46
2018-12-24,2.373,2.54,2.53,2.227,2.139,2.051,2.575,3.169,2.413
2018-12-31,2.328,2.5,2.491,2.177,2.06,1.998,2.521,3.137,2.358
2019-01-07,2.293,2.455,2.467,2.136,2.059,1.958,2.466,3.097,2.329
2019-01-14,2.295,2.433,2.461,2.149,2.102,1.981,2.398,3.065,2.338
2019-01-21,2.318,2.426,2.463,2.195,2.094,1.986,2.364,3.043,2.34
2019-01-28,2.324,2.423,2.457,2.215,2.104,2.031,2.323,3.014,2.343
2019-02-04,2.319,2.389,2.442,2.222,2.132,2.003,2.268,3.001,2.341
2019-02-11,2.311,2.371,2.44,2.212,2.203,2.031,2.258,3.013,2.361
2019-02-18,2.34,2.383,2.474,2.241,2.259,2.118,2.274,3.014,2.4
2019-02-25,2.422,2.446,2.543,2.339,2.357,2.181,2.284,3.024,2.471
2019-03-04,2.457,2.461,2.556,2.393,2.38,2.248,2.302,3.035,2.502
2019-03-11,2.501,2.494,2.611,2.432,2.45,2.284,2.343,3.066,2.549
2019-03-18,2.588,2.551,2.688,2.534,2.527,2.368,2.411,3.114,2.625
2019-03-25,2.637,2.606,2.74,2.579,2.614,2.445,2.487,3.232,2.701
2019-04-01,2.688,2.634,2.753,2.66,2.679,2.513,2.558,3.353,2.77
2019-04-08,2.722,2.657,2.805,2.687,2.724,2.518,2.628,3.508,2.826
2019-04-15,2.788,2.717,2.878,2.747,2.788,2.601,2.729,3.672,2.912
2019-04-22,2.803,2.804,2.921,2.729,2.775,2.601,2.847,3.72,2.926
2019-04-29,2.85,2.888,2.996,2.749,2.817,2.649,2.93,3.764,2.972
2019-05-06,2.863,2.925,2.994,2.765,2.821,2.623,3.007,3.796,2.983
2019-05-13,2.826,2.905,2.977,2.711,2.791,2.584,3.052,3.778,2.954
2019-05-20,2.796,2.896,2.959,2.668,2.796,2.585,3.07,3.754,2.939
2019-05-27,2.77,2.877,2.934,2.641,2.766,2.54,3.068,3.717,2.909
2019-06-03,2.737,2.846,2.903,2.607,2.801,2.492,3.07,3.678,2.893
2019-06-10,2.695,2.792,2.846,2.577,2.676,2.429,3.037,3.605,2.821
2019-06-17,2.633,2.742,2.807,2.496,2.597,2.405,2.999,3.537,2.759
2019-06-24,2.617,2.732,2.799,2.472,2.619,2.367,2.957,3.475,2.741
2019-07-01,2.699,2.76,2.865,2.578,2.684,2.437,2.913,3.474,2.798
2019-07-08,2.733,2.767,2.866,2.64,2.724,2.486,2.886,3.467,2.827
2019-07-15,2.752,2.799,2.886,2.656,2.82,2.523,2.86,3.445,2.86
2019-07-22,2.745,2.785,2.874,2.653,2.745,2.532,2.823,3.416,2.833
2019-07-29,2.703,2.771,2.853,2.59,2.716,2.491,2.796,3.395,2.798
2019-08-05,2.673,2.759,2.837,2.547,2.69,2.455,2.787,3.383,2.772
2019-08-12,2.629,2.729,2.796,2.497,2.579,2.394,2.776,3.347,2.71
2019-08-19,2.594,2.707,2.759,2.461,2.574,2.338,2.758,3.329,2.684
2019-08-26,2.561,2.683,2.735,2.418,2.552,2.332,2.738,3.314,2.661
2019-09-02,2.557,2.659,2.697,2.443,2.521,2.296,2.717,3.341,2.651
2019-09-09,2.539,2.622,2.678,2.428,2.494,2.307,2.721,3.344,2.638
2019-09-16,2.53,2.618,2.667,2.42,2.513,2.304,2.743,3.343,2.64
2019-09-23,2.615,2.632,2.733,2.535,2.641,2.425,2.788,3.429,2.741
2019-09-30,2.584,2.628,2.71,2.491,2.545,2.396,2.8,3.651,2.737
2019-10-07,2.564,2.6,2.684,2.477,2.556,2.353,2.803,3.748,2.742
2019-10-14,2.54,2.595,2.671,2.441,2.536,2.328,2.798,3.768,2.727
2019-10-21,2.559,2.601,2.677,2.471,2.532,2.35,2.819,3.748,2.735
2019-10-28,2.531,2.599,2.672,2.423,2.466,2.315,2.828,3.696,2.692
2019-11-04,2.553,2.605,2.692,2.451,2.471,2.3,2.883,3.703,2.702
2019-11-11,2.552,2.612,2.701,2.44,2.493,2.334,2.912,3.688,2.711
2019-11-18,2.53,2.605,2.679,2.415,2.493,2.291,2.926,3.632,2.688
2019-11-25,2.538,2.608,2.681,2.43,2.461,2.31,2.917,3.561,2.672
2019-12-02,2.554,2.61,2.678,2.461,2.48,2.297,2.908,3.499,2.667
2019-12-09,2.554,2.6,2.665,2.472,2.482,2.274,2.885,3.429,2.652
2019-12-16,2.535,2.601,2.662,2.438,2.448,2.3,2.826,3.366,2.627
2019-12-23,2.54,2.599,2.677,2.437,2.46,2.287,2.787,3.32,2.621
2019-12-30,2.576,2.628,2.694,2.488,2.507,2.352,2.759,3.31,2.658
2020-01-06,2.613,2.645,2.733,2.53,2.49,2.347,2.737,3.297,2.665
2020-01-13,2.595,2.637,2.736,2.493,2.498,2.345,2.704,3.289,2.657
2020-01-20,2.572,2.621,2.703,2.476,2.447,2.301,2.67,3.275,2.625
2020-01-27,2.527,2.597,2.66,2.424,2.43,2.267,2.647,3.26,2.595
2020-02-03,2.472,2.561,2.62,2.353,2.372,2.207,2.624,3.248,2.546
2020-02-10,2.448,2.538,2.584,2.338,2.319,2.162,2.605,3.237,2.511
2020-02-17,2.443,2.523,2.58,2.334,2.363,2.158,2.57,3.228,2.518
2020-02-24,2.478,2.537,2.611,2.377,2.412,2.223,2.538,3.235,2.555
2020-03-02,2.43,2.518,2.575,2.314,2.36,2.185,2.516,3.226,2.514
2020-03-09,2.382,2.486,2.532,2.259,2.294,2.133,2.477,3.201,2.468
2020-03-16,2.274,2.362,2.433,2.15,2.098,2.042,2.418,3.113,2.343
2020-03-23,2.166,2.231,2.332,2.043,1.935,1.936,2.334,2.969,2.217
2020-03-30,2.064,2.106,2.249,1.932,1.799,1.838,2.204,2.852,2.103
2020-04-06,2.006,2.035,2.197,1.875,1.691,1.73,2.108,2.774,2.022
2020-04-13,1.962,1.987,2.157,1.83,1.613,1.649,2.021,2.672,1.951
2020-04-20,1.929,1.957,2.123,1.797,1.572,1.618,1.967,2.611,1.91
2020-04-27,1.894,1.929,2.075,1.769,1.539,1.582,1.91,2.549,1.87
2020-05-04,1.878,1.92,2.061,1.75,1.633,1.562,1.873,2.536,1.883
2020-05-11,1.898,1.954,2.085,1.763,1.808,1.574,1.861,2.548,1.941
2020-05-18,1.917,1.969,2.113,1.776,1.841,1.616,1.918,2.575,1.969
2020-05-25,1.987,2.025,2.156,1.869,1.943,1.669,2.09,2.647,2.049
2020-06-01,1.995,2.028,2.17,1.873,1.951,1.691,2.192,2.674,2.064
2020-06-08,2.029,2.086,2.198,1.906,2.043,1.751,2.273,2.725,2.123
2020-06-15,2.101,2.12,2.228,2.014,2.081,1.848,2.33,2.773,2.185
2020-06-22,2.129,2.137,2.263,2.04,2.112,1.888,2.368,2.813,2.216
2020-06-29,2.164,2.177,2.308,2.07,2.166,1.943,2.409,2.845,2.26
2020-07-06,2.179,2.178,2.31,2.096,2.158,1.931,2.423,2.86,2.265
2020-07-13,2.19,2.194,2.323,2.105,2.182,1.942,2.427,2.89,2.283
2020-07-20,2.184,2.201,2.324,2.09,2.148,1.947,2.419,2.906,2.275
2020-07-27,2.172,2.2,2.318,2.073,2.134,1.927,2.426,2.917,2.265
2020-08-03,2.183,2.199,2.307,2.099,2.113,1.919,2.472,2.923,2.266
2020-08-10,2.171,2.195,2.308,2.078,2.117,1.885,2.471,2.917,2.256
2020-08-17,2.165,2.197,2.303,2.069,2.108,1.923,2.446,2.926,2.256
2020-08-24,2.174,2.203,2.307,2.083,2.13,1.94,2.449,2.948,2.272
2020-08-31,2.233,2.243,2.391,2.132,2.179,1.962,2.447,2.952,2.311
2020-09-07,2.244,2.228,2.379,2.164,2.124,1.963,2.447,2.953,2.302
2020-09-14,2.216,2.212,2.356,2.13,2.085,1.931,2.43,2.95,2.274
2020-09-21,2.192,2.205,2.333,2.1,2.091,1.911,2.416,2.931,2.259
2020-09-28,2.186,2.196,2.328,2.096,2.116,1.91,2.398,2.914,2.259
2020-10-05,2.208,2.185,2.34,2.132,2.106,1.901,2.376,2.903,2.262
2020-10-12,2.209,2.194,2.356,2.12,2.089,1.914,2.367,2.895,2.257
2020-10-19,2.196,2.186,2.353,2.099,2.057,1.905,2.359,2.887,2.24
2020-10-26,2.173,2.178,2.335,2.069,2.069,1.908,2.34,2.882,2.234
2020-11-02,2.149,2.168,2.314,2.04,2.026,1.862,2.32,2.869,2.204
2020-11-09,2.127,2.168,2.294,2.011,2.025,1.823,2.304,2.863,2.188
2020-11-16,2.152,2.17,2.327,2.038,2.021,1.858,2.3,2.864,2.202
2020-11-23,2.152,2.161,2.322,2.044,1.999,1.847,2.28,2.864,2.194
2020-11-30,2.185,2.181,2.376,2.063,2.005,1.863,2.282,2.868,2.211
2020-12-07,2.216,2.202,2.381,2.113,2.063,1.911,2.275,2.871,2.246
2020-12-14,2.219,2.228,2.389,2.108,2.065,1.916,2.271,2.866,2.247
2020-12-21,2.269,2.27,2.43,2.166,2.174,2.006,2.292,2.878,2.311
2020-12-28,2.276,2.29,2.427,2.176,2.227,2.001,2.295,2.893,2.33
2021-01-04,2.296,2.316,2.457,2.19,2.207,1.999,2.292,2.907,2.336
2021-01-11,2.372,2.361,2.518,2.28,2.272,2.09,2.315,2.951,2.403
2021-01-18,2.425,2.435,2.589,2.317,2.335,2.184,2.345,3.009,2.464
2021-01-25,2.45,2.453,2.605,2.349,2.335,2.175,2.367,3.033,2.478
2021-02-01,2.455,2.473,2.613,2.352,2.37,2.18,2.387,3.058,2.495
2021-02-08,2.515,2.52,2.662,2.421,2.418,2.236,2.434,3.102,2.548
2021-02-15,2.548,2.549,2.702,2.449,2.455,2.286,2.497,3.141,2.588
2021-02-22,2.68,2.637,2.815,2.605,2.618,2.414,2.544,3.249,2.717
2021-03-01,2.729,2.715,2.884,2.635,2.718,2.481,2.672,3.373,2.796
2021-03-08,2.78,2.768,2.927,2.689,2.763,2.564,2.812,3.44,2.857
2021-03-15,2.864,2.834,2.971,2.802,2.822,2.675,2.945,3.53,2.94
2021-03-22,2.883,2.852,2.973,2.832,2.801,2.693,3.046,3.567,2.954
2021-03-29,2.855,2.838,2.95,2.798,2.804,2.674,3.056,3.572,2.941
2021-04-05,2.842,2.834,2.942,2.78,2.84,2.658,3.057,3.587,2.945
2021-04-12,2.831,2.819,2.922,2.775,2.812,2.649,3.059,3.608,2.939
2021-04-19,2.828,2.827,2.921,2.768,2.83,2.635,3.079,3.628,2.945
2021-04-26,2.837,2.856,2.96,2.753,2.853,2.656,3.099,3.653,2.962
2021-05-03,2.855,2.876,2.987,2.766,2.864,2.651,3.124,3.699,2.981
2021-05-10,2.941,2.942,3.066,2.861,2.922,2.735,3.166,3.748,3.051
2021-05-17,3.016,3.001,3.116,2.953,2.973,2.847,3.234,3.775,3.118
2021-05-24,3.013,3.008,3.12,2.945,2.955,2.819,3.25,3.799,3.112
2021-05-31,3.007,3.009,3.119,2.935,2.989,2.787,3.261,3.826,3.119
2021-06-07,3.01,3.021,3.135,2.928,3.01,2.775,3.297,3.849,3.128
2021-06-14,3.043,3.035,3.155,2.974,3.046,2.824,3.321,3.859,3.161
2021-06-21,3.04,3.054,3.162,2.961,3.024,2.797,3.375,3.867,3.153
2021-06-28,3.057,3.084,3.188,2.969,3.049,2.847,3.462,3.917,3.185
2021-07-05,3.087,3.111,3.208,3.005,3.086,2.867,3.54,3.946,3.216
2021-07-12,3.091,3.12,3.219,3.005,3.082,2.897,3.594,3.97,3.227
2021-07-19,3.103,3.125,3.24,3.012,3.12,2.904,3.666,3.984,3.247
2021-07-26,3.09,3.117,3.234,2.992,3.089,2.877,3.708,3.987,3.232
2021-08-02,3.107,3.125,3.266,3.004,3.109,2.906,3.747,4.02,3.256
2021-08-09,3.121,3.129,3.258,3.033,3.124,2.901,3.784,4.041,3.269
2021-08-16,3.12,3.131,3.261,3.029,3.113,2.918,3.786,4.062,3.272
2021-08-23,3.105,3.134,3.25,3.007,3.059,2.875,3.776,4.047,3.243
2021-08-30,3.101,3.138,3.257,2.995,3.064,2.846,3.762,4.039,3.237
2021-09-06,3.146,3.164,3.298,3.046,3.106,2.898,3.758,4.038,3.273
2021-09-13,3.136,3.174,3.295,3.027,3.088,2.885,3.738,4.039,3.262
2021-09-20,3.167,3.175,3.318,3.07,3.124,2.879,3.71,4.032,3.28
2021-09-27,3.158,3.17,3.316,3.057,3.095,2.912,3.69,4.025,3.271
2021-10-04,3.163,3.176,3.316,3.063,3.13,2.907,3.682,4.044,3.285
2021-10-11,3.262,3.271,3.407,3.169,3.201,3.006,3.674,4.071,3.36
2021-10-18,3.322,3.382,3.475,3.212,3.261,3.055,3.676,4.118,3.416
2021-10-25,3.418,3.451,3.556,3.325,3.275,3.133,3.67,4.174,3.476
2021-11-01,3.424,3.468,3.557,3.33,3.271,3.137,3.669,4.209,3.484
2021-11-08,3.421,3.497,3.559,3.316,3.316,3.173,3.661,4.232,3.505
2021-11-15,3.417,3.497,3.575,3.297,3.277,3.143,3.653,4.274,3.495
2021-11-22,3.429,3.498,3.574,3.321,3.256,3.103,3.636,4.297,3.493
2021-11-29,3.421,3.501,3.57,3.306,3.229,3.072,3.612,4.302,3.478
2021-12-06,3.38,3.484,3.531,3.258,3.167,3.061,3.579,4.285,3.44
2021-12-13,3.359,3.467,3.526,3.226,3.144,3.012,3.543,4.265,3.414
2021-12-20,3.34,3.458,3.519,3.198,3.111,3.011,3.52,4.251,3.395
2021-12-27,3.328,3.448,3.507,3.183,3.092,2.978,3.499,4.235,3.375
2022-01-03,3.321,3.444,3.496,3.177,3.093,3.015,3.476,4.249,3.381
2022-01-10,3.308,3.434,3.482,3.167,3.168,2.993,3.457,4.262,3.394
2022-01-17,3.321,3.423,3.479,3.197,3.166,3.028,3.443,4.266,3.404
2022-01-24,3.332,3.419,3.495,3.21,3.183,3.081,3.44,4.26,3.421
2022-01-31,3.395,3.449,3.538,3.292,3.246,3.1,3.438,4.26,3.464
2022-02-07,3.472,3.502,3.606,3.38,3.346,3.194,3.441,4.285,3.538
2022-02-14,3.534,3.551,3.697,3.427,3.379,3.255,3.437,4.299,3.581
2022-02-21,3.583,3.615,3.743,3.474,3.411,3.307,3.452,4.34,3.624
2022-02-28,3.643,3.672,3.788,3.545,3.526,3.377,3.479,4.419,3.701
2022-03-07,4.178,4.258,4.328,4.063,3.975,3.889,3.933,4.893,4.196
2022-03-14,4.349,4.375,4.429,4.292,4.152,4.099,4.251,5.267,4.414
2022-03-21,4.211,4.312,4.294,4.132,4.097,4.011,4.221,5.339,4.343
2022-03-28,4.176,4.275,4.288,4.078,4.114,3.956,4.277,5.383,4.334
2022-04-04,4.13,4.173,4.233,4.052,4.034,3.887,4.248,5.333,4.274
2022-04-11,4.051,4.114,4.165,3.961,3.955,3.805,4.255,5.256,4.196
2022-04-18,4.012,4.075,4.142,3.912,3.938,3.807,4.259,5.211,4.17
2022-04-25,4.067,4.144,4.207,3.957,3.982,3.865,4.298,5.198,4.211
2022-05-02,4.175,4.254,4.349,4.044,4.051,3.933,4.299,5.219,4.285
2022-05-09,4.321,4.44,4.556,4.14,4.214,4.082,4.339,5.336,4.428
2022-05-16,4.517,4.667,4.734,4.339,4.363,4.227,4.392,5.48,4.591
2022-05-23,4.616,4.776,4.871,4.413,4.464,4.329,4.44,5.604,4.694
2022-05-30,4.636,4.801,4.862,4.448,4.523,4.292,4.555,5.673,4.727
2022-06-06,4.808,5.032,4.963,4.652,4.88,4.627,4.821,5.867,4.977
2022-06-13,4.938,5.109,5.083,4.801,5.039,4.707,5.031,5.979,5.107
2022-06-20,4.879,5.062,5.042,4.726,4.979,4.688,5.103,5.962,5.066
2022-06-27,4.784,4.988,4.972,4.61,4.894,4.579,5.095,5.893,4.979
2022-07-04,4.688,4.91,4.895,4.497,4.8,4.43,5.115,5.806,4.879
2022-07-11,4.569,4.801,4.777,4.375,4.67,4.269,5.062,5.677,4.754
2022-07-18,4.442,4.699,4.663,4.232,4.499,4.08,4.965,5.498,4.599
2022-07-25,4.303,4.581,4.544,4.075,4.299,3.913,4.771,5.371,4.44
2022-08-01,4.192,4.538,4.457,3.931,4.108,3.775,4.624,5.265,4.304
2022-08-08,4.066,4.427,4.368,3.78,3.923,3.617,4.465,5.107,4.151
2022-08-15,3.954,4.281,4.268,3.668,3.826,3.511,4.322,5.026,4.051
2022-08-22,3.866,4.191,4.179,3.579,3.801,3.486,4.262,4.961,3.993
2022-08-29,3.818,4.073,4.082,3.585,3.747,3.439,4.131,4.894,3.938
2022-09-05,3.71,3.928,3.94,3.507,3.71,3.313,4.052,4.858,3.859
2022-09-12,3.623,3.802,3.842,3.437,3.642,3.209,4.001,4.945,3.805
2022-09-19,3.554,3.692,3.76,3.388,3.588,3.24,3.99,4.968,3.771
2022-09-26,3.505,3.59,3.683,3.368,3.699,3.201,4.031,5.3,3.832
2022-10-03,3.433,3.523,3.638,3.274,3.789,3.164,3.985,5.817,3.909
2022-10-10,3.573,3.65,3.765,3.426,3.95,3.374,4.058,5.795,4.034
2022-10-17,3.619,3.675,3.843,3.459,3.859,3.401,4.028,5.558,3.99
2022-10-24,3.576,3.652,3.807,3.407,3.76,3.3,3.957,5.297,3.887
2022-10-31,3.618,3.849,3.939,3.35,3.713,3.261,3.9,5.143,3.857
2022-11-07,3.687,3.932,4.025,3.41,3.848,3.269,3.872,5.061,3.909
2022-11-14,3.708,3.953,3.997,3.462,3.751,3.221,3.823,5.039,3.876
2022-11-21,3.637,3.907,3.926,3.385,3.593,3.105,3.748,4.893,3.763
2022-11-28,3.569,3.824,3.861,3.319,3.448,3.0,3.654,4.699,3.649
2022-12-05,3.455,3.726,3.743,3.206,3.286,2.893,3.519,4.475,3.504
2022-12-12,3.326,3.588,3.603,3.085,3.109,2.815,3.344,4.257,3.353
2022-12-19,3.22,3.469,3.508,2.975,2.985,2.727,3.205,4.094,3.234
2022-12-26,3.173,3.413,3.434,2.949,2.972,2.769,3.122,4.03,3.203
2023-01-02,3.31,3.417,3.507,3.157,3.12,2.972,3.157,4.06,3.331
2023-01-09,3.318,3.393,3.525,3.168,3.214,2.971,3.236,4.078,3.366
2023-01-16,3.36,3.395,3.518,3.251,3.275,3.053,3.413,4.082,3.416
2023-01-23,3.483,3.489,3.621,3.393,3.374,3.172,3.556,4.123,3.519
2023-01-30,3.563,3.542,3.681,3.493,3.454,3.214,3.662,4.201,3.594
2023-02-06,3.505,3.533,3.634,3.416,3.369,3.174,3.812,4.224,3.552
2023-02-13,3.44,3.48,3.586,3.336,3.308,3.099,3.885,4.229,3.502
2023-02-20,3.392,3.45,3.542,3.281,3.292,3.089,3.947,4.313,3.494
2023-02-27,3.344,3.394,3.478,3.246,3.241,2.995,3.904,4.37,3.457
2023-03-06,3.343,3.397,3.502,3.227,3.335,3.062,3.863,4.463,3.505
2023-03-13,3.413,3.416,3.542,3.328,3.38,3.169,3.852,4.517,3.568
2023-03-20,3.405,3.389,3.502,3.346,3.333,3.104,3.752,4.482,3.534
2023-03-27,3.396,3.364,3.481,3.348,3.313,3.164,3.655,4.487,3.533
2023-04-03,3.455,3.379,3.549,3.413,3.46,3.231,3.583,4.504,3.606
2023-04-10,3.558,3.465,3.629,3.536,3.588,3.335,3.555,4.564,3.703
2023-04-17,3.609,3.517,3.708,3.569,3.662,3.424,3.644,4.631,3.769
2023-04-24,3.642,3.614,3.742,3.585,3.625,3.34,3.664,4.654,3.765
2023-05-01,3.592,3.603,3.715,3.51,3.558,3.231,3.649,4.65,3.711
2023-05-08,3.528,3.552,3.668,3.431,3.468,3.128,3.656,4.628,3.644
2023-05-15,3.499,3.533,3.651,3.392,3.513,3.163,3.637,4.616,3.647
2023-05-22,3.483,3.545,3.648,3.362,3.544,3.123,3.699,4.613,3.645
2023-05-29,3.529,3.643,3.706,3.386,3.557,3.205,3.743,4.641,3.684
2023-06-05,3.512,3.639,3.683,3.371,3.505,3.148,3.773,4.63,3.655
2023-06-12,3.531,3.647,3.674,3.41,3.588,3.229,3.824,4.692,3.707
2023-06-19,3.518,3.65,3.672,3.385,3.566,3.193,3.839,4.676,3.69
2023-06-26,3.506,3.652,3.68,3.357,3.53,3.274,3.855,4.66,3.685
2023-07-03,3.475,3.649,3.681,3.298,3.465,3.193,3.913,4.64,3.643
2023-07-10,3.531,3.644,3.693,3.397,3.438,3.239,3.872,4.648,3.663
2023-07-17,3.525,3.64,3.679,3.396,3.488,3.223,3.887,4.663,3.676
2023-07-24,3.59,3.676,3.731,3.477,3.48,3.328,3.875,4.651,3.711
2023-07-31,3.746,3.793,3.886,3.644,3.685,3.499,3.994,4.733,3.869
2023-08-07,3.836,3.86,3.953,3.754,3.75,3.537,4.061,4.801,3.94
2023-08-14,3.812,3.863,3.946,3.711,3.842,3.5,4.072,4.875,3.962
2023-08-21,3.829,3.897,3.952,3.73,3.795,3.544,4.157,4.981,3.984
2023-08-28,3.779,3.877,3.917,3.664,3.713,3.464,4.092,4.996,3.931
2023-09-04,3.758,3.864,3.882,3.65,3.705,3.449,4.117,5.025,3.925
2023-09-11,3.736,3.857,3.89,3.606,3.756,3.453,4.13,5.086,3.941
2023-09-18,3.757,3.897,3.943,3.602,3.783,3.515,4.191,5.29,4.001
2023-09-25,3.702,3.875,3.905,3.528,3.712,3.437,4.112,5.386,3.963
2023-10-02,3.644,3.846,3.861,3.452,3.613,3.409,4.037,5.524,3.93
2023-10-09,3.583,3.789,3.792,3.397,3.495,3.272,3.941,5.292,3.814
2023-10-16,3.505,3.725,3.731,3.304,3.401,3.128,3.823,5.124,3.706
2023-10-23,3.457,3.682,3.711,3.237,3.39,3.129,3.808,4.985,3.66
2023-10-30,3.436,3.638,3.678,3.228,3.328,3.054,3.697,4.851,3.6
2023-11-06,3.36,3.584,3.624,3.134,3.284,2.961,3.573,4.725,3.52
2023-11-13,3.319,3.542,3.563,3.106,3.261,2.9,3.453,4.648,3.473
2023-11-20,3.276,3.498,3.555,3.045,3.201,2.878,3.314,4.547,3.414
2023-11-27,3.267,3.473,3.545,3.039,3.108,2.803,3.223,4.487,3.363
2023-12-04,3.316,3.435,3.517,3.159,3.068,2.83,3.13,4.382,3.355
2023-12-11,3.234,3.379,3.466,3.05,2.978,2.713,3.014,4.269,3.259
2023-12-18,3.162,3.309,3.392,2.982,2.874,2.638,2.923,4.181,3.176
2023-12-25,3.227,3.281,3.395,3.107,2.934,2.776,2.976,4.183,3.238
2024-01-01,3.197,3.265,3.364,3.074,2.87,2.743,2.903,4.248,3.213
2024-01-08,3.186,3.25,3.334,3.076,2.844,2.767,2.881,4.205,3.197
2024-01-15,3.149,3.217,3.295,3.04,2.898,2.761,2.85,4.107,3.179
2024-01-22,3.133,3.206,3.296,3.011,2.966,2.774,2.786,4.057,3.181
2024-01-29,3.192,3.223,3.327,3.099,2.948,2.844,2.848,4.07,3.214
2024-02-05,3.226,3.251,3.344,3.145,2.985,2.91,2.864,4.115,3.254
2024-02-12,3.26,3.265,3.38,3.181,3.119,2.897,2.907,4.146,3.309
2024-02-19,3.336,3.29,3.447,3.276,3.198,2.991,3.048,4.19,3.385
2024-02-26,3.311,3.287,3.425,3.243,3.172,2.935,3.099,4.211,3.365
2024-03-04,3.346,3.294,3.454,3.289,3.346,3.038,3.13,4.363,3.466
2024-03-11,3.37,3.308,3.443,3.338,3.363,3.034,3.192,4.425,3.492
2024-03-18,3.452,3.372,3.501,3.439,3.384,3.188,3.28,4.507,3.569
2024-03-25,3.492,3.44,3.569,3.454,3.482,3.266,3.405,4.586,3.639
2024-04-01,3.485,3.425,3.547,3.46,3.442,3.205,3.466,4.683,3.636
2024-04-08,3.495,3.461,3.589,3.443,3.536,3.305,3.494,4.878,3.712
2024-04-15,3.555,3.521,3.642,3.508,3.543,3.268,3.545,4.981,3.751
2024-04-22,3.644,3.708,3.814,3.521,3.54,3.324,3.571,4.959,3.791
2024-04-29,3.646,3.74,3.802,3.524,3.533,3.284,3.54,4.923,3.777
